{	"targetClasses" : [		"JQAjax"	],	"testMethodsIgnored" : [ ],	"methodsNotProfiled" : [		"JQAjax>>#callback:passengers:",		"JQAjax>>#callbackSortable:",		"JQAjax>>#callbackTabs:",		"JQAjax>>#smalltalkForEvent:value:",		"JQAjax>>#json:",		"JQAjax>>#callbackDroppable:",		"JQAjax>>#callback:json:",		"JQAjax>>#callbackAccordion:",		"JQAjax>>#callbackResizable:",		"JQAjax>>#callbackSlider:",		"JQAjax>>#callbackDraggable:"	],	"numberOfOriginalTestMethods" : 50,	"timeDetail" : [		"init: % 1.52 (23 seconds 514 milliseconds)",		"assertionAmplification: % 89.92 (23 minutes 10 seconds 393 milliseconds)",		"selection: % 1.49 (23 seconds 9 milliseconds)",		"inputAmplification: % 5.46 (1 minute 24 seconds 440 milliseconds)",		"finalize: % 1.61 (24 seconds 948 milliseconds)"	],	"notCoveredInAmplified" : [		{			"operatorDescription" : "Replace #ifTrue:ifFalse: receiver with true",			"class" : "JQAjax",			"operatorClass" : "ReplaceIfTrueIfFalseReceiverWithTrueOperator",			"mutationStart" : 259,			"method" : "javascriptUrl",			"mutationEnd" : 322		},		{			"operatorDescription" : "Replace #ifFalse: receiver with false",			"class" : "JQAjax",			"operatorClass" : "ReplaceIfFalseReceiverWithFalseOperator",			"mutationStart" : 18,			"method" : "processCallback",			"mutationEnd" : 61		},		{			"operatorDescription" : "Replace #ifFalse: receiver with true",			"class" : "JQAjax",			"operatorClass" : "ReplaceIfFalseReceiverWithTrueOperator",			"mutationStart" : 18,			"method" : "processCallback",			"mutationEnd" : 61		},		{			"operatorDescription" : "Replace #ifFalse: with #ifTrue:",			"class" : "JQAjax",			"operatorClass" : "ReplaceIfFalseWithIfTrueMutantOperator",			"mutationStart" : 18,			"method" : "processCallback",			"mutationEnd" : 61		},		{			"operatorDescription" : "Replace #reject: with #select:",			"class" : "JQAjax",			"operatorClass" : "ReplaceRejectWithSelectMutantOperator",			"mutationStart" : 189,			"method" : "callback:passengers:",			"mutationEnd" : 347		},		{			"operatorDescription" : "Replace Reject block with [:each | false]",			"class" : "JQAjax",			"operatorClass" : "ReplaceRejectBlockWithAlwaysFalseBlockOperator",			"mutationStart" : 189,			"method" : "callback:passengers:",			"mutationEnd" : 347		},		{			"operatorDescription" : "Replace Reject block with [:each | true]",			"class" : "JQAjax",			"operatorClass" : "ReplaceRejectBlockWithAlwaysTrueBlockOperator",			"mutationStart" : 189,			"method" : "callback:passengers:",			"mutationEnd" : 347		},		{			"operatorDescription" : "Remove ^",			"class" : "JQAjax",			"operatorClass" : "RemoveCaretOperator",			"mutationStart" : 808,			"method" : "smalltalkForEvent:value:",			"mutationEnd" : 815		},		{			"operatorDescription" : "Replace #= with #'~='",			"class" : "JQAjax",			"operatorClass" : "ReplaceEqualWithNotEqualOperator",			"mutationStart" : 161,			"method" : "smalltalkForEvent:value:",			"mutationEnd" : 182		},		{			"operatorDescription" : "Replace #= with #'~='",			"class" : "JQAjax",			"operatorClass" : "ReplaceEqualWithNotEqualOperator",			"mutationStart" : 260,			"method" : "smalltalkForEvent:value:",			"mutationEnd" : 281		},		{			"operatorDescription" : "Replace #= with #'~='",			"class" : "JQAjax",			"operatorClass" : "ReplaceEqualWithNotEqualOperator",			"mutationStart" : 346,			"method" : "smalltalkForEvent:value:",			"mutationEnd" : 370		},		{			"operatorDescription" : "Replace #= with #'~='",			"class" : "JQAjax",			"operatorClass" : "ReplaceEqualWithNotEqualOperator",			"mutationStart" : 478,			"method" : "smalltalkForEvent:value:",			"mutationEnd" : 501		},		{			"operatorDescription" : "Replace #= with #'~='",			"class" : "JQAjax",			"operatorClass" : "ReplaceEqualWithNotEqualOperator",			"mutationStart" : 676,			"method" : "smalltalkForEvent:value:",			"mutationEnd" : 695		},		{			"operatorDescription" : "Replace #ifTrue: receiver with false",			"class" : "JQAjax",			"operatorClass" : "ReplaceIfTrueReceiverWithFalseOperator",			"mutationStart" : 161,			"method" : "smalltalkForEvent:value:",			"mutationEnd" : 255		},		{			"operatorDescription" : "Replace #ifTrue: receiver with false",			"class" : "JQAjax",			"operatorClass" : "ReplaceIfTrueReceiverWithFalseOperator",			"mutationStart" : 260,			"method" : "smalltalkForEvent:value:",			"mutationEnd" : 341		},		{			"operatorDescription" : "Replace #ifTrue: receiver with false",			"class" : "JQAjax",			"operatorClass" : "ReplaceIfTrueReceiverWithFalseOperator",			"mutationStart" : 346,			"method" : "smalltalkForEvent:value:",			"mutationEnd" : 473		},		{			"operatorDescription" : "Replace #ifTrue: receiver with false",			"class" : "JQAjax",			"operatorClass" : "ReplaceIfTrueReceiverWithFalseOperator",			"mutationStart" : 478,			"method" : "smalltalkForEvent:value:",			"mutationEnd" : 671		},		{			"operatorDescription" : "Replace #ifTrue: receiver with false",			"class" : "JQAjax",			"operatorClass" : "ReplaceIfTrueReceiverWithFalseOperator",			"mutationStart" : 676,			"method" : "smalltalkForEvent:value:",			"mutationEnd" : 802		},		{			"operatorDescription" : "Replace #ifTrue: receiver with true",			"class" : "JQAjax",			"operatorClass" : "ReplaceIfTrueReceiverWithTrueOperator",			"mutationStart" : 161,			"method" : "smalltalkForEvent:value:",			"mutationEnd" : 255		},		{			"operatorDescription" : "Replace #ifTrue: receiver with true",			"class" : "JQAjax",			"operatorClass" : "ReplaceIfTrueReceiverWithTrueOperator",			"mutationStart" : 260,			"method" : "smalltalkForEvent:value:",			"mutationEnd" : 341		},		{			"operatorDescription" : "Replace #ifTrue: receiver with true",			"class" : "JQAjax",			"operatorClass" : "ReplaceIfTrueReceiverWithTrueOperator",			"mutationStart" : 346,			"method" : "smalltalkForEvent:value:",			"mutationEnd" : 473		},		{			"operatorDescription" : "Replace #ifTrue: receiver with true",			"class" : "JQAjax",			"operatorClass" : "ReplaceIfTrueReceiverWithTrueOperator",			"mutationStart" : 478,			"method" : "smalltalkForEvent:value:",			"mutationEnd" : 671		},		{			"operatorDescription" : "Replace #ifTrue: receiver with true",			"class" : "JQAjax",			"operatorClass" : "ReplaceIfTrueReceiverWithTrueOperator",			"mutationStart" : 676,			"method" : "smalltalkForEvent:value:",			"mutationEnd" : 802		},		{			"operatorDescription" : "Replace #ifTrue: with #ifFalse:",			"class" : "JQAjax",			"operatorClass" : "ReplaceIfTrueWithIfFalseMutantOperator",			"mutationStart" : 161,			"method" : "smalltalkForEvent:value:",			"mutationEnd" : 255		},		{			"operatorDescription" : "Replace #ifTrue: with #ifFalse:",			"class" : "JQAjax",			"operatorClass" : "ReplaceIfTrueWithIfFalseMutantOperator",			"mutationStart" : 260,			"method" : "smalltalkForEvent:value:",			"mutationEnd" : 341		},		{			"operatorDescription" : "Replace #ifTrue: with #ifFalse:",			"class" : "JQAjax",			"operatorClass" : "ReplaceIfTrueWithIfFalseMutantOperator",			"mutationStart" : 346,			"method" : "smalltalkForEvent:value:",			"mutationEnd" : 473		},		{			"operatorDescription" : "Replace #ifTrue: with #ifFalse:",			"class" : "JQAjax",			"operatorClass" : "ReplaceIfTrueWithIfFalseMutantOperator",			"mutationStart" : 478,			"method" : "smalltalkForEvent:value:",			"mutationEnd" : 671		},		{			"operatorDescription" : "Replace #ifTrue: with #ifFalse:",			"class" : "JQAjax",			"operatorClass" : "ReplaceIfTrueWithIfFalseMutantOperator",			"mutationStart" : 676,			"method" : "smalltalkForEvent:value:",			"mutationEnd" : 802		},		{			"operatorDescription" : "Replace do block with [:each |]",			"class" : "JQAjax",			"operatorClass" : "ReplaceDoBlockWithEmptyBlockOperator",			"mutationStart" : 133,			"method" : "smalltalkForEvent:value:",			"mutationEnd" : 804		},		{			"operatorDescription" : "Replace #and: with #bEqv:",			"class" : "JQAjax",			"operatorClass" : "ReplaceAndWithEqvMutantOperator",			"mutationStart" : 301,			"method" : "fullUrl",			"mutationEnd" : 367		},		{			"operatorDescription" : "Remove ^",			"class" : "JQAjax",			"operatorClass" : "RemoveCaretOperator",			"mutationStart" : 29,			"method" : "optionAt:put:",			"mutationEnd" : 310		},		{			"operatorDescription" : "Replace #ifTrue:ifFalse: receiver with true",			"class" : "JQAjax",			"operatorClass" : "ReplaceIfTrueIfFalseReceiverWithTrueOperator",			"mutationStart" : 31,			"method" : "optionAt:put:",			"mutationEnd" : 310		}	],	"mutationScoreAfter" : 60,	"mutationScoreBefore" : 60,	"testAmpLoc" : 0,	"amplifiedMethods" : [ ],	"testLoc" : "280",	"amplifiedClass" : "JQAjaxTest635",	"numberOfAllMutationsInOriginal" : 80,	"targetLoc" : 240,	"newCovered" : [ ],	"timeBudgetFinished" : false,	"notCoveredInOriginal" : [		{			"operatorDescription" : "Replace #ifTrue:ifFalse: receiver with true",			"class" : "JQAjax",			"operatorClass" : "ReplaceIfTrueIfFalseReceiverWithTrueOperator",			"mutationStart" : 259,			"method" : "javascriptUrl",			"mutationEnd" : 322		},		{			"operatorDescription" : "Replace #ifFalse: receiver with false",			"class" : "JQAjax",			"operatorClass" : "ReplaceIfFalseReceiverWithFalseOperator",			"mutationStart" : 18,			"method" : "processCallback",			"mutationEnd" : 61		},		{			"operatorDescription" : "Replace #ifFalse: receiver with true",			"class" : "JQAjax",			"operatorClass" : "ReplaceIfFalseReceiverWithTrueOperator",			"mutationStart" : 18,			"method" : "processCallback",			"mutationEnd" : 61		},		{			"operatorDescription" : "Replace #ifFalse: with #ifTrue:",			"class" : "JQAjax",			"operatorClass" : "ReplaceIfFalseWithIfTrueMutantOperator",			"mutationStart" : 18,			"method" : "processCallback",			"mutationEnd" : 61		},		{			"operatorDescription" : "Replace #reject: with #select:",			"class" : "JQAjax",			"operatorClass" : "ReplaceRejectWithSelectMutantOperator",			"mutationStart" : 189,			"method" : "callback:passengers:",			"mutationEnd" : 347		},		{			"operatorDescription" : "Replace Reject block with [:each | false]",			"class" : "JQAjax",			"operatorClass" : "ReplaceRejectBlockWithAlwaysFalseBlockOperator",			"mutationStart" : 189,			"method" : "callback:passengers:",			"mutationEnd" : 347		},		{			"operatorDescription" : "Replace Reject block with [:each | true]",			"class" : "JQAjax",			"operatorClass" : "ReplaceRejectBlockWithAlwaysTrueBlockOperator",			"mutationStart" : 189,			"method" : "callback:passengers:",			"mutationEnd" : 347		},		{			"operatorDescription" : "Remove ^",			"class" : "JQAjax",			"operatorClass" : "RemoveCaretOperator",			"mutationStart" : 808,			"method" : "smalltalkForEvent:value:",			"mutationEnd" : 815		},		{			"operatorDescription" : "Replace #= with #'~='",			"class" : "JQAjax",			"operatorClass" : "ReplaceEqualWithNotEqualOperator",			"mutationStart" : 161,			"method" : "smalltalkForEvent:value:",			"mutationEnd" : 182		},		{			"operatorDescription" : "Replace #= with #'~='",			"class" : "JQAjax",			"operatorClass" : "ReplaceEqualWithNotEqualOperator",			"mutationStart" : 260,			"method" : "smalltalkForEvent:value:",			"mutationEnd" : 281		},		{			"operatorDescription" : "Replace #= with #'~='",			"class" : "JQAjax",			"operatorClass" : "ReplaceEqualWithNotEqualOperator",			"mutationStart" : 346,			"method" : "smalltalkForEvent:value:",			"mutationEnd" : 370		},		{			"operatorDescription" : "Replace #= with #'~='",			"class" : "JQAjax",			"operatorClass" : "ReplaceEqualWithNotEqualOperator",			"mutationStart" : 478,			"method" : "smalltalkForEvent:value:",			"mutationEnd" : 501		},		{			"operatorDescription" : "Replace #= with #'~='",			"class" : "JQAjax",			"operatorClass" : "ReplaceEqualWithNotEqualOperator",			"mutationStart" : 676,			"method" : "smalltalkForEvent:value:",			"mutationEnd" : 695		},		{			"operatorDescription" : "Replace #ifTrue: receiver with false",			"class" : "JQAjax",			"operatorClass" : "ReplaceIfTrueReceiverWithFalseOperator",			"mutationStart" : 161,			"method" : "smalltalkForEvent:value:",			"mutationEnd" : 255		},		{			"operatorDescription" : "Replace #ifTrue: receiver with false",			"class" : "JQAjax",			"operatorClass" : "ReplaceIfTrueReceiverWithFalseOperator",			"mutationStart" : 260,			"method" : "smalltalkForEvent:value:",			"mutationEnd" : 341		},		{			"operatorDescription" : "Replace #ifTrue: receiver with false",			"class" : "JQAjax",			"operatorClass" : "ReplaceIfTrueReceiverWithFalseOperator",			"mutationStart" : 346,			"method" : "smalltalkForEvent:value:",			"mutationEnd" : 473		},		{			"operatorDescription" : "Replace #ifTrue: receiver with false",			"class" : "JQAjax",			"operatorClass" : "ReplaceIfTrueReceiverWithFalseOperator",			"mutationStart" : 478,			"method" : "smalltalkForEvent:value:",			"mutationEnd" : 671		},		{			"operatorDescription" : "Replace #ifTrue: receiver with false",			"class" : "JQAjax",			"operatorClass" : "ReplaceIfTrueReceiverWithFalseOperator",			"mutationStart" : 676,			"method" : "smalltalkForEvent:value:",			"mutationEnd" : 802		},		{			"operatorDescription" : "Replace #ifTrue: receiver with true",			"class" : "JQAjax",			"operatorClass" : "ReplaceIfTrueReceiverWithTrueOperator",			"mutationStart" : 161,			"method" : "smalltalkForEvent:value:",			"mutationEnd" : 255		},		{			"operatorDescription" : "Replace #ifTrue: receiver with true",			"class" : "JQAjax",			"operatorClass" : "ReplaceIfTrueReceiverWithTrueOperator",			"mutationStart" : 260,			"method" : "smalltalkForEvent:value:",			"mutationEnd" : 341		},		{			"operatorDescription" : "Replace #ifTrue: receiver with true",			"class" : "JQAjax",			"operatorClass" : "ReplaceIfTrueReceiverWithTrueOperator",			"mutationStart" : 346,			"method" : "smalltalkForEvent:value:",			"mutationEnd" : 473		},		{			"operatorDescription" : "Replace #ifTrue: receiver with true",			"class" : "JQAjax",			"operatorClass" : "ReplaceIfTrueReceiverWithTrueOperator",			"mutationStart" : 478,			"method" : "smalltalkForEvent:value:",			"mutationEnd" : 671		},		{			"operatorDescription" : "Replace #ifTrue: receiver with true",			"class" : "JQAjax",			"operatorClass" : "ReplaceIfTrueReceiverWithTrueOperator",			"mutationStart" : 676,			"method" : "smalltalkForEvent:value:",			"mutationEnd" : 802		},		{			"operatorDescription" : "Replace #ifTrue: with #ifFalse:",			"class" : "JQAjax",			"operatorClass" : "ReplaceIfTrueWithIfFalseMutantOperator",			"mutationStart" : 161,			"method" : "smalltalkForEvent:value:",			"mutationEnd" : 255		},		{			"operatorDescription" : "Replace #ifTrue: with #ifFalse:",			"class" : "JQAjax",			"operatorClass" : "ReplaceIfTrueWithIfFalseMutantOperator",			"mutationStart" : 260,			"method" : "smalltalkForEvent:value:",			"mutationEnd" : 341		},		{			"operatorDescription" : "Replace #ifTrue: with #ifFalse:",			"class" : "JQAjax",			"operatorClass" : "ReplaceIfTrueWithIfFalseMutantOperator",			"mutationStart" : 346,			"method" : "smalltalkForEvent:value:",			"mutationEnd" : 473		},		{			"operatorDescription" : "Replace #ifTrue: with #ifFalse:",			"class" : "JQAjax",			"operatorClass" : "ReplaceIfTrueWithIfFalseMutantOperator",			"mutationStart" : 478,			"method" : "smalltalkForEvent:value:",			"mutationEnd" : 671		},		{			"operatorDescription" : "Replace #ifTrue: with #ifFalse:",			"class" : "JQAjax",			"operatorClass" : "ReplaceIfTrueWithIfFalseMutantOperator",			"mutationStart" : 676,			"method" : "smalltalkForEvent:value:",			"mutationEnd" : 802		},		{			"operatorDescription" : "Replace do block with [:each |]",			"class" : "JQAjax",			"operatorClass" : "ReplaceDoBlockWithEmptyBlockOperator",			"mutationStart" : 133,			"method" : "smalltalkForEvent:value:",			"mutationEnd" : 804		},		{			"operatorDescription" : "Replace #and: with #bEqv:",			"class" : "JQAjax",			"operatorClass" : "ReplaceAndWithEqvMutantOperator",			"mutationStart" : 301,			"method" : "fullUrl",			"mutationEnd" : 367		},		{			"operatorDescription" : "Remove ^",			"class" : "JQAjax",			"operatorClass" : "RemoveCaretOperator",			"mutationStart" : 29,			"method" : "optionAt:put:",			"mutationEnd" : 310		},		{			"operatorDescription" : "Replace #ifTrue:ifFalse: receiver with true",			"class" : "JQAjax",			"operatorClass" : "ReplaceIfTrueIfFalseReceiverWithTrueOperator",			"mutationStart" : 31,			"method" : "optionAt:put:",			"mutationEnd" : 310		}	],	"testCase" : "JQAjaxTest",	"unixtime" : 1605177328,	"timeTotal" : 1546}