{	"targetClasses" : [		"JQEffect"	],	"testMethodsIgnored" : [ ],	"methodsNotProfiled" : [		"JQEffect>>#times:",		"JQEffect>>#easing:",		"JQEffect>>#to:",		"JQEffect>>#toHeight:",		"JQEffect>>#fromHeight:",		"JQEffect>>#origin:",		"JQEffect>>#pieces:",		"JQEffect>>#className:",		"JQEffect>>#distance:",		"JQEffect>>#fromWidth:",		"JQEffect>>#direction:",		"JQEffect>>#color:",		"JQEffect>>#from:",		"JQEffect>>#toWidth:",		"JQEffect>>#scale:",		"JQEffect>>#percent:",		"JQEffect>>#size:"	],	"numberOfOriginalTestMethods" : 6,	"timeDetail" : [		"init: % 0.06 (533 milliseconds)",		"assertionAmplification: % 79.64 (12 minutes 47 seconds 751 milliseconds)",		"selection: % 0.00 (0 seconds)",		"inputAmplification: % 20.25 (3 minutes 15 seconds 176 milliseconds)",		"finalize: % 0.06 (532 milliseconds)"	],	"notCoveredInAmplified" : [		{			"operatorDescription" : "Replace #and: receiver with true",			"class" : "JQEffect",			"operatorClass" : "ReplaceAndReceiverWithTrueOperator",			"mutationStart" : 67,			"method" : "arguments",			"mutationEnd" : 128		},		{			"operatorDescription" : "Replace #and: with #bEqv:",			"class" : "JQEffect",			"operatorClass" : "ReplaceAndWithEqvMutantOperator",			"mutationStart" : 67,			"method" : "arguments",			"mutationEnd" : 128		},		{			"operatorDescription" : "Remove ^",			"class" : "JQEffect",			"operatorClass" : "RemoveCaretOperator",			"mutationStart" : 7,			"method" : "from",			"mutationEnd" : 76		},		{			"operatorDescription" : "Remove ^",			"class" : "JQEffect",			"operatorClass" : "RemoveCaretOperator",			"mutationStart" : 5,			"method" : "to",			"mutationEnd" : 72		}	],	"mutationScoreAfter" : 87,	"mutationScoreBefore" : 87,	"testAmpLoc" : 0,	"amplifiedMethods" : [ ],	"testLoc" : "128",	"amplifiedClass" : "JQEffectTest82",	"numberOfAllMutationsInOriginal" : 32,	"targetLoc" : 156,	"newCovered" : [ ],	"timeBudgetFinished" : false,	"notCoveredInOriginal" : [		{			"operatorDescription" : "Replace #and: receiver with true",			"class" : "JQEffect",			"operatorClass" : "ReplaceAndReceiverWithTrueOperator",			"mutationStart" : 67,			"method" : "arguments",			"mutationEnd" : 128		},		{			"operatorDescription" : "Replace #and: with #bEqv:",			"class" : "JQEffect",			"operatorClass" : "ReplaceAndWithEqvMutantOperator",			"mutationStart" : 67,			"method" : "arguments",			"mutationEnd" : 128		},		{			"operatorDescription" : "Remove ^",			"class" : "JQEffect",			"operatorClass" : "RemoveCaretOperator",			"mutationStart" : 7,			"method" : "from",			"mutationEnd" : 76		},		{			"operatorDescription" : "Remove ^",			"class" : "JQEffect",			"operatorClass" : "RemoveCaretOperator",			"mutationStart" : 5,			"method" : "to",			"mutationEnd" : 72		}	],	"testCase" : "JQEffectTest",	"unixtime" : 1605174503,	"timeTotal" : 963}