{	"targetClasses" : [		"JQueryClass"	],	"testMethodsIgnored" : [ ],	"methodsNotProfiled" : [		"JQueryClass>>#unique:",		"JQueryClass>>#event:"	],	"numberOfOriginalTestMethods" : 30,	"timeDetail" : [		"init: % 0.24 (526 milliseconds)",		"assertionAmplification: % 77.81 (2 minutes 49 seconds 383 milliseconds)",		"selection: % 1.32 (2 seconds 878 milliseconds)",		"inputAmplification: % 20.34 (44 seconds 286 milliseconds)",		"finalize: % 0.28 (614 milliseconds)"	],	"notCoveredInAmplified" : [		{			"operatorDescription" : "Remove ^",			"class" : "JQueryClass",			"operatorClass" : "RemoveCaretOperator",			"mutationStart" : 61,			"method" : "ajaxSetup",			"mutationEnd" : 86		},		{			"operatorDescription" : "Remove ^",			"class" : "JQueryClass",			"operatorClass" : "RemoveCaretOperator",			"mutationStart" : 59,			"method" : "post",			"mutationEnd" : 79		},		{			"operatorDescription" : "Remove ^",			"class" : "JQueryClass",			"operatorClass" : "RemoveCaretOperator",			"mutationStart" : 57,			"method" : "getJson",			"mutationEnd" : 80		},		{			"operatorDescription" : "Remove ^",			"class" : "JQueryClass",			"operatorClass" : "RemoveCaretOperator",			"mutationStart" : 70,			"method" : "event",			"mutationEnd" : 106		},		{			"operatorDescription" : "Remove ^",			"class" : "JQueryClass",			"operatorClass" : "RemoveCaretOperator",			"mutationStart" : 80,			"method" : "event:",			"mutationEnd" : 146		},		{			"operatorDescription" : "Remove ^",			"class" : "JQueryClass",			"operatorClass" : "RemoveCaretOperator",			"mutationStart" : 57,			"method" : "get",			"mutationEnd" : 76		},		{			"operatorDescription" : "Remove ^",			"class" : "JQueryClass",			"operatorClass" : "RemoveCaretOperator",			"mutationStart" : 89,			"method" : "getScript",			"mutationEnd" : 114		},		{			"operatorDescription" : "Remove ^",			"class" : "JQueryClass",			"operatorClass" : "RemoveCaretOperator",			"mutationStart" : 57,			"method" : "ajax",			"mutationEnd" : 77		}	],	"mutationScoreAfter" : 78,	"mutationScoreBefore" : 78,	"testAmpLoc" : 0,	"amplifiedMethods" : [ ],	"testLoc" : "134",	"amplifiedClass" : "JQueryClassTest418",	"numberOfAllMutationsInOriginal" : 37,	"targetLoc" : 113,	"newCovered" : [ ],	"timeBudgetFinished" : false,	"notCoveredInOriginal" : [		{			"operatorDescription" : "Remove ^",			"class" : "JQueryClass",			"operatorClass" : "RemoveCaretOperator",			"mutationStart" : 61,			"method" : "ajaxSetup",			"mutationEnd" : 86		},		{			"operatorDescription" : "Remove ^",			"class" : "JQueryClass",			"operatorClass" : "RemoveCaretOperator",			"mutationStart" : 59,			"method" : "post",			"mutationEnd" : 79		},		{			"operatorDescription" : "Remove ^",			"class" : "JQueryClass",			"operatorClass" : "RemoveCaretOperator",			"mutationStart" : 57,			"method" : "getJson",			"mutationEnd" : 80		},		{			"operatorDescription" : "Remove ^",			"class" : "JQueryClass",			"operatorClass" : "RemoveCaretOperator",			"mutationStart" : 70,			"method" : "event",			"mutationEnd" : 106		},		{			"operatorDescription" : "Remove ^",			"class" : "JQueryClass",			"operatorClass" : "RemoveCaretOperator",			"mutationStart" : 80,			"method" : "event:",			"mutationEnd" : 146		},		{			"operatorDescription" : "Remove ^",			"class" : "JQueryClass",			"operatorClass" : "RemoveCaretOperator",			"mutationStart" : 57,			"method" : "get",			"mutationEnd" : 76		},		{			"operatorDescription" : "Remove ^",			"class" : "JQueryClass",			"operatorClass" : "RemoveCaretOperator",			"mutationStart" : 89,			"method" : "getScript",			"mutationEnd" : 114		},		{			"operatorDescription" : "Remove ^",			"class" : "JQueryClass",			"operatorClass" : "RemoveCaretOperator",			"mutationStart" : 57,			"method" : "ajax",			"mutationEnd" : 77		}	],	"testCase" : "JQueryClassTest",	"unixtime" : 1605174722,	"timeTotal" : 217}