{	"targetClasses" : [		"JSScript"	],	"testMethodsIgnored" : [ ],	"methodsNotProfiled" : [		"JSScript>>#jQuery:"	],	"numberOfOriginalTestMethods" : 15,	"timeDetail" : [		"init: % 0.37 (375 milliseconds)",		"assertionAmplification: % 87.18 (1 minute 29 seconds 535 milliseconds)",		"selection: % 0.44 (449 milliseconds)",		"inputAmplification: % 11.88 (12 seconds 203 milliseconds)",		"finalize: % 0.14 (139 milliseconds)"	],	"notCoveredInAmplified" : [		{			"operatorDescription" : "Remove ^",			"class" : "JSScript",			"operatorClass" : "RemoveCaretOperator",			"mutationStart" : 9,			"method" : "jQuery",			"mutationEnd" : 99		},		{			"operatorDescription" : "Remove ^",			"class" : "JSScript",			"operatorClass" : "RemoveCaretOperator",			"mutationStart" : 9,			"method" : "logger",			"mutationEnd" : 108		},		{			"operatorDescription" : "Remove ^",			"class" : "JSScript",			"operatorClass" : "RemoveCaretOperator",			"mutationStart" : 19,			"method" : "jQuery:",			"mutationEnd" : 46		},		{			"operatorDescription" : "Remove ^",			"class" : "JSScript",			"operatorClass" : "RemoveCaretOperator",			"mutationStart" : 13,			"method" : "javascript",			"mutationEnd" : 100		}	],	"mutationScoreAfter" : 42,	"mutationScoreBefore" : 85,	"testAmpLoc" : 0,	"amplifiedMethods" : [ ],	"testLoc" : "94",	"amplifiedClass" : "JSScriptTest198",	"numberOfAllMutationsInOriginal" : 7,	"targetLoc" : 41,	"newCovered" : [ ],	"timeBudgetFinished" : false,	"notCoveredInOriginal" : [		{			"operatorDescription" : "Remove ^",			"class" : "JSScript",			"operatorClass" : "RemoveCaretOperator",			"mutationStart" : 9,			"method" : "jQuery",			"mutationEnd" : 99		}	],	"testCase" : "JSScriptTest",	"unixtime" : 1605127370,	"timeTotal" : 102}