{	"targetClasses" : [		"WAAnchorTag"	],	"testMethodsIgnored" : [ ],	"methodsNotProfiled" : [		"WAAnchorTag>>#on:of:",		"WAAnchorTag>>#document:mimeType:fileName:",		"WAAnchorTag>>#document:",		"WAAnchorTag>>#fragment:",		"WAAnchorTag>>#document:mimeType:",		"WAAnchorTag>>#media:",		"WAAnchorTag>>#resourceUrl:"	],	"numberOfOriginalTestMethods" : 8,	"timeDetail" : [		"init: % 1.15 (259 milliseconds)",		"assertionAmplification: % 32.09 (7 seconds 231 milliseconds)",		"selection: % 10.61 (2 seconds 391 milliseconds)",		"inputAmplification: % 55.17 (12 seconds 433 milliseconds)",		"finalize: % 0.99 (222 milliseconds)"	],	"notCoveredInAmplified" : [		{			"operatorDescription" : "Replace #ifFalse: receiver with false",			"class" : "WAAnchorTag",			"operatorClass" : "ReplaceIfFalseReceiverWithFalseOperator",			"mutationStart" : 153,			"method" : "document:mimeType:fileName:",			"mutationEnd" : 201		},		{			"operatorDescription" : "Replace #ifFalse: receiver with true",			"class" : "WAAnchorTag",			"operatorClass" : "ReplaceIfFalseReceiverWithTrueOperator",			"mutationStart" : 153,			"method" : "document:mimeType:fileName:",			"mutationEnd" : 201		},		{			"operatorDescription" : "Replace #ifFalse: with #ifTrue:",			"class" : "WAAnchorTag",			"operatorClass" : "ReplaceIfFalseWithIfTrueMutantOperator",			"mutationStart" : 153,			"method" : "document:mimeType:fileName:",			"mutationEnd" : 201		},		{			"operatorDescription" : "Replace #ifFalse: receiver with false",			"class" : "WAAnchorTag",			"operatorClass" : "ReplaceIfFalseReceiverWithFalseOperator",			"mutationStart" : 15,			"method" : "with:",			"mutationEnd" : 74		}	],	"mutationScoreAfter" : 66,	"mutationScoreBefore" : 66,	"testAmpLoc" : 0,	"amplifiedMethods" : [ ],	"testLoc" : "107",	"amplifiedClass" : "WAAnchorTagTest134",	"numberOfAllMutationsInOriginal" : 12,	"targetLoc" : 78,	"newCovered" : [ ],	"timeBudgetFinished" : false,	"notCoveredInOriginal" : [		{			"operatorDescription" : "Replace #ifFalse: receiver with false",			"class" : "WAAnchorTag",			"operatorClass" : "ReplaceIfFalseReceiverWithFalseOperator",			"mutationStart" : 153,			"method" : "document:mimeType:fileName:",			"mutationEnd" : 201		},		{			"operatorDescription" : "Replace #ifFalse: receiver with true",			"class" : "WAAnchorTag",			"operatorClass" : "ReplaceIfFalseReceiverWithTrueOperator",			"mutationStart" : 153,			"method" : "document:mimeType:fileName:",			"mutationEnd" : 201		},		{			"operatorDescription" : "Replace #ifFalse: with #ifTrue:",			"class" : "WAAnchorTag",			"operatorClass" : "ReplaceIfFalseWithIfTrueMutantOperator",			"mutationStart" : 153,			"method" : "document:mimeType:fileName:",			"mutationEnd" : 201		},		{			"operatorDescription" : "Replace #ifFalse: receiver with false",			"class" : "WAAnchorTag",			"operatorClass" : "ReplaceIfFalseReceiverWithFalseOperator",			"mutationStart" : 15,			"method" : "with:",			"mutationEnd" : 74		}	],	"testCase" : "WAAnchorTagTest",	"unixtime" : 1605135736,	"timeTotal" : 22}