{	"targetClasses" : [		"WAApplication"	],	"testMethodsIgnored" : [ ],	"methodsNotProfiled" : [		"WAApplication>>#rootClass:",		"WAApplication>>#keyFor:ifAbsent:",		"WAApplication>>#handleDefault:withKey:",		"WAApplication>>#sessionClass:",		"WAApplication>>#removeLibrary:",		"WAApplication>>#register:at:",		"WAApplication>>#addLibrary:",		"WAApplication>>#sessionsDo:"	],	"numberOfOriginalTestMethods" : 16,	"timeDetail" : [		"init: % 8.15 (11 seconds 527 milliseconds)",		"assertionAmplification: % 60.77 (1 minute 25 seconds 946 milliseconds)",		"selection: % 11.21 (15 seconds 860 milliseconds)",		"inputAmplification: % 17.97 (25 seconds 410 milliseconds)",		"finalize: % 1.90 (2 seconds 692 milliseconds)"	],	"notCoveredInAmplified" : [		{			"operatorDescription" : "Remove ^",			"class" : "WAApplication",			"operatorClass" : "RemoveCaretOperator",			"mutationStart" : 26,			"method" : "sessionAllowTermination",			"mutationEnd" : 70		},		{			"operatorDescription" : "Remove ^",			"class" : "WAApplication",			"operatorClass" : "RemoveCaretOperator",			"mutationStart" : 51,			"method" : "keyFor:ifAbsent:",			"mutationEnd" : 71		},		{			"operatorDescription" : "Remove ^",			"class" : "WAApplication",			"operatorClass" : "RemoveCaretOperator",			"mutationStart" : 23,			"method" : "sessionClass:",			"mutationEnd" : 100		},		{			"operatorDescription" : "Replace #= with #'~='",			"class" : "WAApplication",			"operatorClass" : "ReplaceEqualWithNotEqualOperator",			"mutationStart" : 121,			"method" : "removeLibrary:",			"mutationEnd" : 146		},		{			"operatorDescription" : "Replace #reject: with #select:",			"class" : "WAApplication",			"operatorClass" : "ReplaceRejectWithSelectMutantOperator",			"mutationStart" : 70,			"method" : "removeLibrary:",			"mutationEnd" : 149		},		{			"operatorDescription" : "Replace Reject block with [:each | false]",			"class" : "WAApplication",			"operatorClass" : "ReplaceRejectBlockWithAlwaysFalseBlockOperator",			"mutationStart" : 70,			"method" : "removeLibrary:",			"mutationEnd" : 149		},		{			"operatorDescription" : "Replace Reject block with [:each | true]",			"class" : "WAApplication",			"operatorClass" : "ReplaceRejectBlockWithAlwaysTrueBlockOperator",			"mutationStart" : 70,			"method" : "removeLibrary:",			"mutationEnd" : 149		},		{			"operatorDescription" : "Remove ^",			"class" : "WAApplication",			"operatorClass" : "RemoveCaretOperator",			"mutationStart" : 87,			"method" : "register:at:",			"mutationEnd" : 92		},		{			"operatorDescription" : "Remove ^",			"class" : "WAApplication class",			"operatorClass" : "RemoveCaretOperator",			"mutationStart" : 14,			"method" : "description",			"mutationEnd" : 28		}	],	"mutationScoreAfter" : 66,	"mutationScoreBefore" : 37,	"testAmpLoc" : 222,	"amplifiedMethods" : [		"WAApplicationTest269>>#testAddFilter_amp_A5",		"WAApplicationTest269>>#testAddFilter_amp_A9",		"WAApplicationTest269>>#testAddFilterFirst_amp_A13",		"WAApplicationTest269>>#testAddFilterFirst_amp_A4",		"WAApplicationTest269>>#testCopyConfiguration_amp_A2_A52_A54"	],	"testLoc" : "68",	"amplifiedClass" : "WAApplicationTest269",	"numberOfAllMutationsInOriginal" : 27,	"targetLoc" : 108,	"newCovered" : [		{			"operatorDescription" : "Remove ^",			"class" : "WAApplication",			"operatorClass" : "RemoveCaretOperator",			"mutationStart" : 15,			"method" : "cloneHandler",			"mutationEnd" : 54		},		{			"operatorDescription" : "Remove ^",			"class" : "WAApplication",			"operatorClass" : "RemoveCaretOperator",			"mutationStart" : 84,			"method" : "register:",			"mutationEnd" : 88		},		{			"operatorDescription" : "Remove ^",			"class" : "WAApplication",			"operatorClass" : "RemoveCaretOperator",			"mutationStart" : 12,			"method" : "libraries",			"mutationEnd" : 76		},		{			"operatorDescription" : "Remove ^",			"class" : "WAApplication",			"operatorClass" : "RemoveCaretOperator",			"mutationStart" : 11,			"method" : "mimeType",			"mutationEnd" : 40		},		{			"operatorDescription" : "Remove ^",			"class" : "WAApplication",			"operatorClass" : "RemoveCaretOperator",			"mutationStart" : 123,			"method" : "sessions",			"mutationEnd" : 134		},		{			"operatorDescription" : "Remove ^",			"class" : "WAApplication",			"operatorClass" : "RemoveCaretOperator",			"mutationStart" : 18,			"method" : "resourceBaseUrl",			"mutationEnd" : 54		},		{			"operatorDescription" : "Remove ^",			"class" : "WAApplication",			"operatorClass" : "RemoveCaretOperator",			"mutationStart" : 16,			"method" : "isApplication",			"mutationEnd" : 21		},		{			"operatorDescription" : "Remove ^",			"class" : "WAApplication",			"operatorClass" : "RemoveCaretOperator",			"mutationStart" : 14,			"method" : "contentType",			"mutationEnd" : 95		}	],	"timeBudgetFinished" : false,	"notCoveredInOriginal" : [		{			"operatorDescription" : "Remove ^",			"class" : "WAApplication",			"operatorClass" : "RemoveCaretOperator",			"mutationStart" : 26,			"method" : "sessionAllowTermination",			"mutationEnd" : 70		},		{			"operatorDescription" : "Remove ^",			"class" : "WAApplication",			"operatorClass" : "RemoveCaretOperator",			"mutationStart" : 15,			"method" : "cloneHandler",			"mutationEnd" : 54		},		{			"operatorDescription" : "Remove ^",			"class" : "WAApplication",			"operatorClass" : "RemoveCaretOperator",			"mutationStart" : 84,			"method" : "register:",			"mutationEnd" : 88		},		{			"operatorDescription" : "Remove ^",			"class" : "WAApplication",			"operatorClass" : "RemoveCaretOperator",			"mutationStart" : 51,			"method" : "keyFor:ifAbsent:",			"mutationEnd" : 71		},		{			"operatorDescription" : "Remove ^",			"class" : "WAApplication",			"operatorClass" : "RemoveCaretOperator",			"mutationStart" : 23,			"method" : "sessionClass:",			"mutationEnd" : 100		},		{			"operatorDescription" : "Remove ^",			"class" : "WAApplication",			"operatorClass" : "RemoveCaretOperator",			"mutationStart" : 12,			"method" : "libraries",			"mutationEnd" : 76		},		{			"operatorDescription" : "Remove ^",			"class" : "WAApplication",			"operatorClass" : "RemoveCaretOperator",			"mutationStart" : 11,			"method" : "mimeType",			"mutationEnd" : 40		},		{			"operatorDescription" : "Remove ^",			"class" : "WAApplication",			"operatorClass" : "RemoveCaretOperator",			"mutationStart" : 123,			"method" : "sessions",			"mutationEnd" : 134		},		{			"operatorDescription" : "Replace #= with #'~='",			"class" : "WAApplication",			"operatorClass" : "ReplaceEqualWithNotEqualOperator",			"mutationStart" : 121,			"method" : "removeLibrary:",			"mutationEnd" : 146		},		{			"operatorDescription" : "Replace #reject: with #select:",			"class" : "WAApplication",			"operatorClass" : "ReplaceRejectWithSelectMutantOperator",			"mutationStart" : 70,			"method" : "removeLibrary:",			"mutationEnd" : 149		},		{			"operatorDescription" : "Replace Reject block with [:each | false]",			"class" : "WAApplication",			"operatorClass" : "ReplaceRejectBlockWithAlwaysFalseBlockOperator",			"mutationStart" : 70,			"method" : "removeLibrary:",			"mutationEnd" : 149		},		{			"operatorDescription" : "Replace Reject block with [:each | true]",			"class" : "WAApplication",			"operatorClass" : "ReplaceRejectBlockWithAlwaysTrueBlockOperator",			"mutationStart" : 70,			"method" : "removeLibrary:",			"mutationEnd" : 149		},		{			"operatorDescription" : "Remove ^",			"class" : "WAApplication",			"operatorClass" : "RemoveCaretOperator",			"mutationStart" : 87,			"method" : "register:at:",			"mutationEnd" : 92		},		{			"operatorDescription" : "Remove ^",			"class" : "WAApplication",			"operatorClass" : "RemoveCaretOperator",			"mutationStart" : 18,			"method" : "resourceBaseUrl",			"mutationEnd" : 54		},		{			"operatorDescription" : "Remove ^",			"class" : "WAApplication",			"operatorClass" : "RemoveCaretOperator",			"mutationStart" : 16,			"method" : "isApplication",			"mutationEnd" : 21		},		{			"operatorDescription" : "Remove ^",			"class" : "WAApplication",			"operatorClass" : "RemoveCaretOperator",			"mutationStart" : 14,			"method" : "contentType",			"mutationEnd" : 95		},		{			"operatorDescription" : "Remove ^",			"class" : "WAApplication class",			"operatorClass" : "RemoveCaretOperator",			"mutationStart" : 14,			"method" : "description",			"mutationEnd" : 28		}	],	"testCase" : "WAApplicationTest",	"unixtime" : 1605265422,	"timeTotal" : 141}