{	"targetClasses" : [		"WABidirectionalCache"	],	"testMethodsIgnored" : [ ],	"methodsNotProfiled" : [		"WABidirectionalCache>>#removeKey:ifAbsent:",		"WABidirectionalCache>>#do:",		"WABidirectionalCache>>#includes:"	],	"numberOfOriginalTestMethods" : 9,	"timeDetail" : [		"init: % 1.04 (391 milliseconds)",		"assertionAmplification: % 36.75 (13 seconds 876 milliseconds)",		"selection: % 12.54 (4 seconds 736 milliseconds)",		"inputAmplification: % 48.74 (18 seconds 403 milliseconds)",		"finalize: % 0.92 (349 milliseconds)"	],	"notCoveredInAmplified" : [		{			"operatorDescription" : "Remove ^",			"class" : "WABidirectionalCache",			"operatorClass" : "RemoveCaretOperator",			"mutationStart" : 11,			"method" : "at:",			"mutationEnd" : 26		},		{			"operatorDescription" : "Replace #ifFalse: receiver with false",			"class" : "WABidirectionalCache",			"operatorClass" : "ReplaceIfFalseReceiverWithFalseOperator",			"mutationStart" : 68,			"method" : "at:put:",			"mutationEnd" : 117		},		{			"operatorDescription" : "Remove ^",			"class" : "WABidirectionalCache",			"operatorClass" : "RemoveCaretOperator",			"mutationStart" : 82,			"method" : "removeKey:ifAbsent:",			"mutationEnd" : 95		},		{			"operatorDescription" : "Remove ^",			"class" : "WABidirectionalCache",			"operatorClass" : "RemoveCaretOperator",			"mutationStart" : 152,			"method" : "removeKey:ifAbsent:",			"mutationEnd" : 158		},		{			"operatorDescription" : "Remove at:ifAbsent:",			"class" : "WABidirectionalCache",			"operatorClass" : "RemoveAtIfAbsentOperator",			"mutationStart" : 55,			"method" : "removeKey:ifAbsent:",			"mutationEnd" : 97		},		{			"operatorDescription" : "Replace do block with [:each |]",			"class" : "WABidirectionalCache",			"operatorClass" : "ReplaceDoBlockWithEmptyBlockOperator",			"mutationStart" : 13,			"method" : "do:",			"mutationEnd" : 28		},		{			"operatorDescription" : "Remove ^",			"class" : "WABidirectionalCache",			"operatorClass" : "RemoveCaretOperator",			"mutationStart" : 21,			"method" : "includes:",			"mutationEnd" : 51		}	],	"mutationScoreAfter" : 65,	"mutationScoreBefore" : 60,	"testAmpLoc" : 11,	"amplifiedMethods" : [		"WABidirectionalCacheTest148>>#testAtPut_amp_L1_A3"	],	"testLoc" : "73",	"amplifiedClass" : "WABidirectionalCacheTest148",	"numberOfAllMutationsInOriginal" : 20,	"targetLoc" : 63,	"newCovered" : [		{			"operatorDescription" : "Remove ^",			"class" : "WABidirectionalCache",			"operatorClass" : "RemoveCaretOperator",			"mutationStart" : 7,			"method" : "keys",			"mutationEnd" : 18		}	],	"timeBudgetFinished" : false,	"notCoveredInOriginal" : [		{			"operatorDescription" : "Remove ^",			"class" : "WABidirectionalCache",			"operatorClass" : "RemoveCaretOperator",			"mutationStart" : 11,			"method" : "at:",			"mutationEnd" : 26		},		{			"operatorDescription" : "Replace #ifFalse: receiver with false",			"class" : "WABidirectionalCache",			"operatorClass" : "ReplaceIfFalseReceiverWithFalseOperator",			"mutationStart" : 68,			"method" : "at:put:",			"mutationEnd" : 117		},		{			"operatorDescription" : "Remove ^",			"class" : "WABidirectionalCache",			"operatorClass" : "RemoveCaretOperator",			"mutationStart" : 82,			"method" : "removeKey:ifAbsent:",			"mutationEnd" : 95		},		{			"operatorDescription" : "Remove ^",			"class" : "WABidirectionalCache",			"operatorClass" : "RemoveCaretOperator",			"mutationStart" : 152,			"method" : "removeKey:ifAbsent:",			"mutationEnd" : 158		},		{			"operatorDescription" : "Remove at:ifAbsent:",			"class" : "WABidirectionalCache",			"operatorClass" : "RemoveAtIfAbsentOperator",			"mutationStart" : 55,			"method" : "removeKey:ifAbsent:",			"mutationEnd" : 97		},		{			"operatorDescription" : "Replace do block with [:each |]",			"class" : "WABidirectionalCache",			"operatorClass" : "ReplaceDoBlockWithEmptyBlockOperator",			"mutationStart" : 13,			"method" : "do:",			"mutationEnd" : 28		},		{			"operatorDescription" : "Remove ^",			"class" : "WABidirectionalCache",			"operatorClass" : "RemoveCaretOperator",			"mutationStart" : 21,			"method" : "includes:",			"mutationEnd" : 51		},		{			"operatorDescription" : "Remove ^",			"class" : "WABidirectionalCache",			"operatorClass" : "RemoveCaretOperator",			"mutationStart" : 7,			"method" : "keys",			"mutationEnd" : 18		}	],	"testCase" : "WABidirectionalCacheTest",	"unixtime" : 1605096334,	"timeTotal" : 37}