{	"targetClasses" : [		"WABlockMimeDocument"	],	"testMethodsIgnored" : [ ],	"methodsNotProfiled" : [		"WABlockMimeDocument>>#contents:"	],	"numberOfOriginalTestMethods" : 6,	"timeDetail" : [		"init: % 0.04 (141 milliseconds)",		"assertionAmplification: % 97.06 (5 minutes 32 seconds 984 milliseconds)",		"selection: % 1.60 (5 seconds 477 milliseconds)",		"inputAmplification: % 1.28 (4 seconds 383 milliseconds)",		"finalize: % 0.03 (102 milliseconds)"	],	"notCoveredInAmplified" : [ ],	"mutationScoreAfter" : 100,	"mutationScoreBefore" : 75,	"testAmpLoc" : 0,	"amplifiedMethods" : [ ],	"testLoc" : "42",	"amplifiedClass" : "WABlockMimeDocumentTest102",	"numberOfAllMutationsInOriginal" : 8,	"targetLoc" : 19,	"newCovered" : [ ],	"timeBudgetFinished" : false,	"notCoveredInOriginal" : [		{			"operatorDescription" : "Remove ^",			"class" : "WABlockMimeDocument",			"operatorClass" : "RemoveCaretOperator",			"mutationStart" : 75,			"method" : "seasideMimeDocumentType:",			"mutationEnd" : 80		},		{			"operatorDescription" : "Replace #ifTrue: receiver with false",			"class" : "WABlockMimeDocument",			"operatorClass" : "ReplaceIfTrueReceiverWithFalseOperator",			"mutationStart" : 37,			"method" : "seasideMimeDocumentType:",			"mutationEnd" : 82		}	],	"testCase" : "WABlockMimeDocumentTest",	"unixtime" : 1605095133,	"timeTotal" : 343}