{	"targetClasses" : [		"WABulkReapingCache"	],	"testMethodsIgnored" : [ ],	"methodsNotProfiled" : [ ],	"numberOfOriginalTestMethods" : 10,	"timeDetail" : [		"init: % 4.86 (6 minutes 39 seconds 905 milliseconds)",		"assertionAmplification: % 34.20 (46 minutes 52 seconds 135 milliseconds)",		"selection: % 43.81 (1 hour 2 seconds 566 milliseconds)",		"inputAmplification: % 13.63 (18 minutes 40 seconds 634 milliseconds)",		"finalize: % 3.50 (4 minutes 48 seconds 101 milliseconds)"	],	"notCoveredInAmplified" : [		{			"operatorDescription" : "Remove ^",			"class" : "WABulkReapingCache",			"operatorClass" : "RemoveCaretOperator",			"mutationStart" : 200,			"method" : "at:put:",			"mutationEnd" : 209		},		{			"operatorDescription" : "Replace #ifTrue: receiver with false",			"class" : "WABulkReapingCache",			"operatorClass" : "ReplaceIfTrueReceiverWithFalseOperator",			"mutationStart" : 180,			"method" : "at:put:",			"mutationEnd" : 211		},		{			"operatorDescription" : "Replace do block with [:each |]",			"class" : "WABulkReapingCache",			"operatorClass" : "ReplaceDoBlockWithEmptyBlockOperator",			"mutationStart" : 8,			"method" : "clear",			"mutationEnd" : 72		},		{			"operatorDescription" : "Replace #ifFalse: receiver with false",			"class" : "WABulkReapingCache",			"operatorClass" : "ReplaceIfFalseReceiverWithFalseOperator",			"mutationStart" : 1071,			"method" : "reap",			"mutationEnd" : 1135		},		{			"operatorDescription" : "Replace #ifFalse: receiver with true",			"class" : "WABulkReapingCache",			"operatorClass" : "ReplaceIfFalseReceiverWithTrueOperator",			"mutationStart" : 1071,			"method" : "reap",			"mutationEnd" : 1135		},		{			"operatorDescription" : "Replace #ifFalse: with #ifTrue:",			"class" : "WABulkReapingCache",			"operatorClass" : "ReplaceIfFalseWithIfTrueMutantOperator",			"mutationStart" : 1071,			"method" : "reap",			"mutationEnd" : 1135		},		{			"operatorDescription" : "Replace #ifTrue: receiver with false",			"class" : "WABulkReapingCache",			"operatorClass" : "ReplaceIfTrueReceiverWithFalseOperator",			"mutationStart" : 1001,			"method" : "reap",			"mutationEnd" : 1065		},		{			"operatorDescription" : "Replace #ifTrue: receiver with true",			"class" : "WABulkReapingCache",			"operatorClass" : "ReplaceIfTrueReceiverWithTrueOperator",			"mutationStart" : 1001,			"method" : "reap",			"mutationEnd" : 1065		},		{			"operatorDescription" : "Replace #ifTrue: with #ifFalse:",			"class" : "WABulkReapingCache",			"operatorClass" : "ReplaceIfTrueWithIfFalseMutantOperator",			"mutationStart" : 1001,			"method" : "reap",			"mutationEnd" : 1065		},		{			"operatorDescription" : "Remove ^",			"class" : "WABulkReapingCache",			"operatorClass" : "RemoveCaretOperator",			"mutationStart" : 25,			"method" : "isExpired:",			"mutationEnd" : 76		}	],	"mutationScoreAfter" : 82,	"mutationScoreBefore" : 76,	"testAmpLoc" : 82,	"amplifiedMethods" : [		"WABulkReapingCacheTest164>>#testStore_amp_A3_A15_L19",		"WABulkReapingCacheTest164>>#testStore_amp_A3_A15_L18",		"WABulkReapingCacheTest164>>#testStore_amp_A3_A15_L0",		"WABulkReapingCacheTest164>>#testStore_amp_A3_A13_O3",		"WABulkReapingCacheTest164>>#testAtPut_amp_A1_A17",		"WABulkReapingCacheTest164>>#testCopy_amp_L14_A76",		"WABulkReapingCacheTest164>>#testStore_amp_A3_A15_L15",		"WABulkReapingCacheTest164>>#testStore_amp_A3_A15_L14"	],	"testLoc" : "105",	"amplifiedClass" : "WABulkReapingCacheTest164",	"numberOfAllMutationsInOriginal" : 56,	"targetLoc" : 89,	"newCovered" : [		{			"operatorDescription" : "Replace #and: with #bEqv:",			"class" : "WABulkReapingCache",			"operatorClass" : "ReplaceAndWithEqvMutantOperator",			"mutationStart" : 45,			"method" : "isExpired:now:",			"mutationEnd" : 141		},		{			"operatorDescription" : "Replace #and: with #bEqv:",			"class" : "WABulkReapingCache",			"operatorClass" : "ReplaceAndWithEqvMutantOperator",			"mutationStart" : 168,			"method" : "isExpired:now:",			"mutationEnd" : 263		},		{			"operatorDescription" : "Remove ^",			"class" : "WABulkReapingCache",			"operatorClass" : "RemoveCaretOperator",			"mutationStart" : 14,			"method" : "editorClass",			"mutationEnd" : 48		}	],	"timeBudgetFinished" : false,	"notCoveredInOriginal" : [		{			"operatorDescription" : "Remove ^",			"class" : "WABulkReapingCache",			"operatorClass" : "RemoveCaretOperator",			"mutationStart" : 200,			"method" : "at:put:",			"mutationEnd" : 209		},		{			"operatorDescription" : "Replace #ifTrue: receiver with false",			"class" : "WABulkReapingCache",			"operatorClass" : "ReplaceIfTrueReceiverWithFalseOperator",			"mutationStart" : 180,			"method" : "at:put:",			"mutationEnd" : 211		},		{			"operatorDescription" : "Replace do block with [:each |]",			"class" : "WABulkReapingCache",			"operatorClass" : "ReplaceDoBlockWithEmptyBlockOperator",			"mutationStart" : 8,			"method" : "clear",			"mutationEnd" : 72		},		{			"operatorDescription" : "Replace #and: with #bEqv:",			"class" : "WABulkReapingCache",			"operatorClass" : "ReplaceAndWithEqvMutantOperator",			"mutationStart" : 45,			"method" : "isExpired:now:",			"mutationEnd" : 141		},		{			"operatorDescription" : "Replace #and: with #bEqv:",			"class" : "WABulkReapingCache",			"operatorClass" : "ReplaceAndWithEqvMutantOperator",			"mutationStart" : 168,			"method" : "isExpired:now:",			"mutationEnd" : 263		},		{			"operatorDescription" : "Replace #ifFalse: receiver with false",			"class" : "WABulkReapingCache",			"operatorClass" : "ReplaceIfFalseReceiverWithFalseOperator",			"mutationStart" : 1071,			"method" : "reap",			"mutationEnd" : 1135		},		{			"operatorDescription" : "Replace #ifFalse: receiver with true",			"class" : "WABulkReapingCache",			"operatorClass" : "ReplaceIfFalseReceiverWithTrueOperator",			"mutationStart" : 1071,			"method" : "reap",			"mutationEnd" : 1135		},		{			"operatorDescription" : "Replace #ifFalse: with #ifTrue:",			"class" : "WABulkReapingCache",			"operatorClass" : "ReplaceIfFalseWithIfTrueMutantOperator",			"mutationStart" : 1071,			"method" : "reap",			"mutationEnd" : 1135		},		{			"operatorDescription" : "Replace #ifTrue: receiver with false",			"class" : "WABulkReapingCache",			"operatorClass" : "ReplaceIfTrueReceiverWithFalseOperator",			"mutationStart" : 1001,			"method" : "reap",			"mutationEnd" : 1065		},		{			"operatorDescription" : "Replace #ifTrue: receiver with true",			"class" : "WABulkReapingCache",			"operatorClass" : "ReplaceIfTrueReceiverWithTrueOperator",			"mutationStart" : 1001,			"method" : "reap",			"mutationEnd" : 1065		},		{			"operatorDescription" : "Replace #ifTrue: with #ifFalse:",			"class" : "WABulkReapingCache",			"operatorClass" : "ReplaceIfTrueWithIfFalseMutantOperator",			"mutationStart" : 1001,			"method" : "reap",			"mutationEnd" : 1065		},		{			"operatorDescription" : "Remove ^",			"class" : "WABulkReapingCache",			"operatorClass" : "RemoveCaretOperator",			"mutationStart" : 14,			"method" : "editorClass",			"mutationEnd" : 48		},		{			"operatorDescription" : "Remove ^",			"class" : "WABulkReapingCache",			"operatorClass" : "RemoveCaretOperator",			"mutationStart" : 25,			"method" : "isExpired:",			"mutationEnd" : 76		}	],	"testCase" : "WABulkReapingCacheTest",	"unixtime" : 1605135713,	"timeTotal" : 8223}