{	"targetClasses" : [		"WACookie"	],	"testMethodsIgnored" : [ ],	"methodsNotProfiled" : [		"WACookie>>#writeDiscardOn:",		"WACookie>>#writeVersionOn:",		"WACookie>>#writePortsOn:",		"WACookie>>#writeOn:",		"WACookie>>#writeCommentOn:",		"WACookie>>#expireInSeconds:",		"WACookie>>#write:asQuotedStringOn:",		"WACookie>>#writeCommentUrlOn:",		"WACookie>>#expireIn:"	],	"numberOfOriginalTestMethods" : 16,	"timeDetail" : [		"init: % 0.92 (1 second 126 milliseconds)",		"assertionAmplification: % 44.61 (54 seconds 311 milliseconds)",		"selection: % 12.18 (14 seconds 830 milliseconds)",		"inputAmplification: % 41.54 (50 seconds 576 milliseconds)",		"finalize: % 0.74 (903 milliseconds)"	],	"notCoveredInAmplified" : [		{			"operatorDescription" : "Replace #and: argument with [true]",			"class" : "WACookie",			"operatorClass" : "ReplaceAndArgumentWithTrueOperator",			"mutationStart" : 26,			"method" : "writeDiscardOn:",			"mutationEnd" : 68		},		{			"operatorDescription" : "Replace #and: receiver with true",			"class" : "WACookie",			"operatorClass" : "ReplaceAndReceiverWithTrueOperator",			"mutationStart" : 26,			"method" : "writeDiscardOn:",			"mutationEnd" : 68		},		{			"operatorDescription" : "Replace #and: with #bEqv:",			"class" : "WACookie",			"operatorClass" : "ReplaceAndWithEqvMutantOperator",			"mutationStart" : 26,			"method" : "writeDiscardOn:",			"mutationEnd" : 68		},		{			"operatorDescription" : "Replace #and: with #nand:",			"class" : "WACookie",			"operatorClass" : "ReplaceAndWithNandMutantOperator",			"mutationStart" : 26,			"method" : "writeDiscardOn:",			"mutationEnd" : 68		},		{			"operatorDescription" : "Replace #and: with #or:",			"class" : "WACookie",			"operatorClass" : "ReplaceAndWithOrMutantOperator",			"mutationStart" : 26,			"method" : "writeDiscardOn:",			"mutationEnd" : 68		},		{			"operatorDescription" : "Replace #and: with false",			"class" : "WACookie",			"operatorClass" : "ReplaceAndWithFalseOperator",			"mutationStart" : 26,			"method" : "writeDiscardOn:",			"mutationEnd" : 68		},		{			"operatorDescription" : "Replace #ifTrue: receiver with false",			"class" : "WACookie",			"operatorClass" : "ReplaceIfTrueReceiverWithFalseOperator",			"mutationStart" : 26,			"method" : "writeDiscardOn:",			"mutationEnd" : 114		},		{			"operatorDescription" : "Replace #ifTrue: receiver with true",			"class" : "WACookie",			"operatorClass" : "ReplaceIfTrueReceiverWithTrueOperator",			"mutationStart" : 26,			"method" : "writeDiscardOn:",			"mutationEnd" : 114		},		{			"operatorDescription" : "Replace #ifTrue: with #ifFalse:",			"class" : "WACookie",			"operatorClass" : "ReplaceIfTrueWithIfFalseMutantOperator",			"mutationStart" : 26,			"method" : "writeDiscardOn:",			"mutationEnd" : 114		},		{			"operatorDescription" : "Remove ^",			"class" : "WACookie",			"operatorClass" : "RemoveCaretOperator",			"mutationStart" : 55,			"method" : "writePortsOn:",			"mutationEnd" : 60		},		{			"operatorDescription" : "Replace #ifTrue: receiver with false",			"class" : "WACookie",			"operatorClass" : "ReplaceIfTrueReceiverWithFalseOperator",			"mutationStart" : 24,			"method" : "writePortsOn:",			"mutationEnd" : 62		},		{			"operatorDescription" : "Replace #ifTrue: receiver with true",			"class" : "WACookie",			"operatorClass" : "ReplaceIfTrueReceiverWithTrueOperator",			"mutationStart" : 24,			"method" : "writePortsOn:",			"mutationEnd" : 62		},		{			"operatorDescription" : "Replace #ifTrue: with #ifFalse:",			"class" : "WACookie",			"operatorClass" : "ReplaceIfTrueWithIfFalseMutantOperator",			"mutationStart" : 24,			"method" : "writePortsOn:",			"mutationEnd" : 62		},		{			"operatorDescription" : "Remove ^",			"class" : "WACookie",			"operatorClass" : "RemoveCaretOperator",			"mutationStart" : 57,			"method" : "writeCommentOn:",			"mutationEnd" : 62		},		{			"operatorDescription" : "Replace #ifTrue: receiver with false",			"class" : "WACookie",			"operatorClass" : "ReplaceIfTrueReceiverWithFalseOperator",			"mutationStart" : 26,			"method" : "writeCommentOn:",			"mutationEnd" : 64		},		{			"operatorDescription" : "Replace #ifTrue: receiver with true",			"class" : "WACookie",			"operatorClass" : "ReplaceIfTrueReceiverWithTrueOperator",			"mutationStart" : 26,			"method" : "writeCommentOn:",			"mutationEnd" : 64		},		{			"operatorDescription" : "Replace #ifTrue: with #ifFalse:",			"class" : "WACookie",			"operatorClass" : "ReplaceIfTrueWithIfFalseMutantOperator",			"mutationStart" : 26,			"method" : "writeCommentOn:",			"mutationEnd" : 64		},		{			"operatorDescription" : "Replace #ifTrue:ifFalse: receiver with false",			"class" : "WACookie",			"operatorClass" : "ReplaceIfTrueIfFalseReceiverWithFalseOperator",			"mutationStart" : 46,			"method" : "write:quoted:on:",			"mutationEnd" : 167		},		{			"operatorDescription" : "Replace #= with #'~='",			"class" : "WACookie",			"operatorClass" : "ReplaceEqualWithNotEqualOperator",			"mutationStart" : 90,			"method" : "write:asQuotedStringOn:",			"mutationEnd" : 98		},		{			"operatorDescription" : "Replace #ifTrue:ifFalse: receiver with false",			"class" : "WACookie",			"operatorClass" : "ReplaceIfTrueIfFalseReceiverWithFalseOperator",			"mutationStart" : 90,			"method" : "write:asQuotedStringOn:",			"mutationEnd" : 177		},		{			"operatorDescription" : "Replace #ifTrue:ifFalse: receiver with true",			"class" : "WACookie",			"operatorClass" : "ReplaceIfTrueIfFalseReceiverWithTrueOperator",			"mutationStart" : 90,			"method" : "write:asQuotedStringOn:",			"mutationEnd" : 177		},		{			"operatorDescription" : "Replace do block with [:each |]",			"class" : "WACookie",			"operatorClass" : "ReplaceDoBlockWithEmptyBlockOperator",			"mutationStart" : 66,			"method" : "write:asQuotedStringOn:",			"mutationEnd" : 179		},		{			"operatorDescription" : "Remove ^",			"class" : "WACookie",			"operatorClass" : "RemoveCaretOperator",			"mutationStart" : 62,			"method" : "writeCommentUrlOn:",			"mutationEnd" : 67		},		{			"operatorDescription" : "Replace #ifTrue: receiver with false",			"class" : "WACookie",			"operatorClass" : "ReplaceIfTrueReceiverWithFalseOperator",			"mutationStart" : 30,			"method" : "writeCommentUrlOn:",			"mutationEnd" : 69		},		{			"operatorDescription" : "Replace #ifTrue: receiver with true",			"class" : "WACookie",			"operatorClass" : "ReplaceIfTrueReceiverWithTrueOperator",			"mutationStart" : 30,			"method" : "writeCommentUrlOn:",			"mutationEnd" : 69		},		{			"operatorDescription" : "Replace #ifTrue: with #ifFalse:",			"class" : "WACookie",			"operatorClass" : "ReplaceIfTrueWithIfFalseMutantOperator",			"mutationStart" : 30,			"method" : "writeCommentUrlOn:",			"mutationEnd" : 69		},		{			"operatorDescription" : "Replace #+ with #-",			"class" : "WACookie",			"operatorClass" : "ReplacePlusWithMinusMutantOperator",			"mutationStart" : 95,			"method" : "expireIn:",			"mutationEnd" : 121		},		{			"operatorDescription" : "Remove ^",			"class" : "WACookie",			"operatorClass" : "RemoveCaretOperator",			"mutationStart" : 70,			"method" : "writePathQuoted:on:",			"mutationEnd" : 75		},		{			"operatorDescription" : "Replace #ifTrue: receiver with false",			"class" : "WACookie",			"operatorClass" : "ReplaceIfTrueReceiverWithFalseOperator",			"mutationStart" : 40,			"method" : "writePathQuoted:on:",			"mutationEnd" : 77		}	],	"mutationScoreAfter" : 56,	"mutationScoreBefore" : 51,	"testAmpLoc" : 450,	"amplifiedMethods" : [		"WACookieTest269>>#testExpireInPast_amp_A43_A52_A60",		"WACookieTest269>>#testExpireInPast_amp_A43_A52",		"WACookieTest269>>#testExpireInPast_amp_A43_A52_A82",		"WACookieTest269>>#testExpireInPast_amp_A43_A52_A115",		"WACookieTest269>>#testCombine_amp"	],	"testLoc" : "215",	"amplifiedClass" : "WACookieTest269",	"numberOfAllMutationsInOriginal" : 66,	"targetLoc" : 168,	"newCovered" : [		{			"operatorDescription" : "Remove ^",			"class" : "WACookie",			"operatorClass" : "RemoveCaretOperator",			"mutationStart" : 13,			"method" : "commentUrl",			"mutationEnd" : 24		},		{			"operatorDescription" : "Remove ^",			"class" : "WACookie",			"operatorClass" : "RemoveCaretOperator",			"mutationStart" : 11,			"method" : "sameSite",			"mutationEnd" : 20		},		{			"operatorDescription" : "Remove ^",			"class" : "WACookie",			"operatorClass" : "RemoveCaretOperator",			"mutationStart" : 10,			"method" : "comment",			"mutationEnd" : 18		},		{			"operatorDescription" : "Remove ^",			"class" : "WACookie",			"operatorClass" : "RemoveCaretOperator",			"mutationStart" : 10,			"method" : "discard",			"mutationEnd" : 18		},		{			"operatorDescription" : "Replace #ifTrue: receiver with true",			"class" : "WACookie",			"operatorClass" : "ReplaceIfTrueReceiverWithTrueOperator",			"mutationStart" : 40,			"method" : "writePathQuoted:on:",			"mutationEnd" : 77		},		{			"operatorDescription" : "Replace #ifTrue: with #ifFalse:",			"class" : "WACookie",			"operatorClass" : "ReplaceIfTrueWithIfFalseMutantOperator",			"mutationStart" : 40,			"method" : "writePathQuoted:on:",			"mutationEnd" : 77		},		{			"operatorDescription" : "Remove ^",			"class" : "WACookie class",			"operatorClass" : "RemoveCaretOperator",			"mutationStart" : 278,			"method" : "combine:using:",			"mutationEnd" : 456		}	],	"timeBudgetFinished" : false,	"notCoveredInOriginal" : [		{			"operatorDescription" : "Replace #and: argument with [true]",			"class" : "WACookie",			"operatorClass" : "ReplaceAndArgumentWithTrueOperator",			"mutationStart" : 26,			"method" : "writeDiscardOn:",			"mutationEnd" : 68		},		{			"operatorDescription" : "Replace #and: receiver with true",			"class" : "WACookie",			"operatorClass" : "ReplaceAndReceiverWithTrueOperator",			"mutationStart" : 26,			"method" : "writeDiscardOn:",			"mutationEnd" : 68		},		{			"operatorDescription" : "Replace #and: with #bEqv:",			"class" : "WACookie",			"operatorClass" : "ReplaceAndWithEqvMutantOperator",			"mutationStart" : 26,			"method" : "writeDiscardOn:",			"mutationEnd" : 68		},		{			"operatorDescription" : "Replace #and: with #nand:",			"class" : "WACookie",			"operatorClass" : "ReplaceAndWithNandMutantOperator",			"mutationStart" : 26,			"method" : "writeDiscardOn:",			"mutationEnd" : 68		},		{			"operatorDescription" : "Replace #and: with #or:",			"class" : "WACookie",			"operatorClass" : "ReplaceAndWithOrMutantOperator",			"mutationStart" : 26,			"method" : "writeDiscardOn:",			"mutationEnd" : 68		},		{			"operatorDescription" : "Replace #and: with false",			"class" : "WACookie",			"operatorClass" : "ReplaceAndWithFalseOperator",			"mutationStart" : 26,			"method" : "writeDiscardOn:",			"mutationEnd" : 68		},		{			"operatorDescription" : "Replace #ifTrue: receiver with false",			"class" : "WACookie",			"operatorClass" : "ReplaceIfTrueReceiverWithFalseOperator",			"mutationStart" : 26,			"method" : "writeDiscardOn:",			"mutationEnd" : 114		},		{			"operatorDescription" : "Replace #ifTrue: receiver with true",			"class" : "WACookie",			"operatorClass" : "ReplaceIfTrueReceiverWithTrueOperator",			"mutationStart" : 26,			"method" : "writeDiscardOn:",			"mutationEnd" : 114		},		{			"operatorDescription" : "Replace #ifTrue: with #ifFalse:",			"class" : "WACookie",			"operatorClass" : "ReplaceIfTrueWithIfFalseMutantOperator",			"mutationStart" : 26,			"method" : "writeDiscardOn:",			"mutationEnd" : 114		},		{			"operatorDescription" : "Remove ^",			"class" : "WACookie",			"operatorClass" : "RemoveCaretOperator",			"mutationStart" : 13,			"method" : "commentUrl",			"mutationEnd" : 24		},		{			"operatorDescription" : "Remove ^",			"class" : "WACookie",			"operatorClass" : "RemoveCaretOperator",			"mutationStart" : 11,			"method" : "sameSite",			"mutationEnd" : 20		},		{			"operatorDescription" : "Remove ^",			"class" : "WACookie",			"operatorClass" : "RemoveCaretOperator",			"mutationStart" : 55,			"method" : "writePortsOn:",			"mutationEnd" : 60		},		{			"operatorDescription" : "Replace #ifTrue: receiver with false",			"class" : "WACookie",			"operatorClass" : "ReplaceIfTrueReceiverWithFalseOperator",			"mutationStart" : 24,			"method" : "writePortsOn:",			"mutationEnd" : 62		},		{			"operatorDescription" : "Replace #ifTrue: receiver with true",			"class" : "WACookie",			"operatorClass" : "ReplaceIfTrueReceiverWithTrueOperator",			"mutationStart" : 24,			"method" : "writePortsOn:",			"mutationEnd" : 62		},		{			"operatorDescription" : "Replace #ifTrue: with #ifFalse:",			"class" : "WACookie",			"operatorClass" : "ReplaceIfTrueWithIfFalseMutantOperator",			"mutationStart" : 24,			"method" : "writePortsOn:",			"mutationEnd" : 62		},		{			"operatorDescription" : "Remove ^",			"class" : "WACookie",			"operatorClass" : "RemoveCaretOperator",			"mutationStart" : 57,			"method" : "writeCommentOn:",			"mutationEnd" : 62		},		{			"operatorDescription" : "Replace #ifTrue: receiver with false",			"class" : "WACookie",			"operatorClass" : "ReplaceIfTrueReceiverWithFalseOperator",			"mutationStart" : 26,			"method" : "writeCommentOn:",			"mutationEnd" : 64		},		{			"operatorDescription" : "Replace #ifTrue: receiver with true",			"class" : "WACookie",			"operatorClass" : "ReplaceIfTrueReceiverWithTrueOperator",			"mutationStart" : 26,			"method" : "writeCommentOn:",			"mutationEnd" : 64		},		{			"operatorDescription" : "Replace #ifTrue: with #ifFalse:",			"class" : "WACookie",			"operatorClass" : "ReplaceIfTrueWithIfFalseMutantOperator",			"mutationStart" : 26,			"method" : "writeCommentOn:",			"mutationEnd" : 64		},		{			"operatorDescription" : "Remove ^",			"class" : "WACookie",			"operatorClass" : "RemoveCaretOperator",			"mutationStart" : 10,			"method" : "comment",			"mutationEnd" : 18		},		{			"operatorDescription" : "Remove ^",			"class" : "WACookie",			"operatorClass" : "RemoveCaretOperator",			"mutationStart" : 10,			"method" : "discard",			"mutationEnd" : 18		},		{			"operatorDescription" : "Replace #ifTrue:ifFalse: receiver with false",			"class" : "WACookie",			"operatorClass" : "ReplaceIfTrueIfFalseReceiverWithFalseOperator",			"mutationStart" : 46,			"method" : "write:quoted:on:",			"mutationEnd" : 167		},		{			"operatorDescription" : "Replace #= with #'~='",			"class" : "WACookie",			"operatorClass" : "ReplaceEqualWithNotEqualOperator",			"mutationStart" : 90,			"method" : "write:asQuotedStringOn:",			"mutationEnd" : 98		},		{			"operatorDescription" : "Replace #ifTrue:ifFalse: receiver with false",			"class" : "WACookie",			"operatorClass" : "ReplaceIfTrueIfFalseReceiverWithFalseOperator",			"mutationStart" : 90,			"method" : "write:asQuotedStringOn:",			"mutationEnd" : 177		},		{			"operatorDescription" : "Replace #ifTrue:ifFalse: receiver with true",			"class" : "WACookie",			"operatorClass" : "ReplaceIfTrueIfFalseReceiverWithTrueOperator",			"mutationStart" : 90,			"method" : "write:asQuotedStringOn:",			"mutationEnd" : 177		},		{			"operatorDescription" : "Replace do block with [:each |]",			"class" : "WACookie",			"operatorClass" : "ReplaceDoBlockWithEmptyBlockOperator",			"mutationStart" : 66,			"method" : "write:asQuotedStringOn:",			"mutationEnd" : 179		},		{			"operatorDescription" : "Remove ^",			"class" : "WACookie",			"operatorClass" : "RemoveCaretOperator",			"mutationStart" : 62,			"method" : "writeCommentUrlOn:",			"mutationEnd" : 67		},		{			"operatorDescription" : "Replace #ifTrue: receiver with false",			"class" : "WACookie",			"operatorClass" : "ReplaceIfTrueReceiverWithFalseOperator",			"mutationStart" : 30,			"method" : "writeCommentUrlOn:",			"mutationEnd" : 69		},		{			"operatorDescription" : "Replace #ifTrue: receiver with true",			"class" : "WACookie",			"operatorClass" : "ReplaceIfTrueReceiverWithTrueOperator",			"mutationStart" : 30,			"method" : "writeCommentUrlOn:",			"mutationEnd" : 69		},		{			"operatorDescription" : "Replace #ifTrue: with #ifFalse:",			"class" : "WACookie",			"operatorClass" : "ReplaceIfTrueWithIfFalseMutantOperator",			"mutationStart" : 30,			"method" : "writeCommentUrlOn:",			"mutationEnd" : 69		},		{			"operatorDescription" : "Replace #+ with #-",			"class" : "WACookie",			"operatorClass" : "ReplacePlusWithMinusMutantOperator",			"mutationStart" : 95,			"method" : "expireIn:",			"mutationEnd" : 121		},		{			"operatorDescription" : "Remove ^",			"class" : "WACookie",			"operatorClass" : "RemoveCaretOperator",			"mutationStart" : 70,			"method" : "writePathQuoted:on:",			"mutationEnd" : 75		}	],	"testCase" : "WACookieTest",	"unixtime" : 1605175781,	"timeTotal" : 121}