{	"targetClasses" : [		"WACookieForBrowserIPForCrawlerTrackingStrategy"	],	"testMethodsIgnored" : [ ],	"methodsNotProfiled" : [		"WACookieForBrowserIPForCrawlerTrackingStrategy>>#keyFromContext:",		"WACookieForBrowserIPForCrawlerTrackingStrategy>>#noHandlerFoundForKey:in:context:",		"WACookieForBrowserIPForCrawlerTrackingStrategy>>#strategyFor:",		"WACookieForBrowserIPForCrawlerTrackingStrategy>>#addKey:toContext:",		"WACookieForBrowserIPForCrawlerTrackingStrategy>>#addKey:toUrl:"	],	"numberOfOriginalTestMethods" : 2,	"timeDetail" : [		"init: % 4.83 (205 milliseconds)",		"assertionAmplification: % 46.93 (1 second 990 milliseconds)",		"selection: % 22.64 (960 milliseconds)",		"inputAmplification: % 20.97 (889 milliseconds)",		"finalize: % 4.62 (196 milliseconds)"	],	"notCoveredInAmplified" : [		{			"operatorDescription" : "Replace #and: receiver with true",			"class" : "WACookieForBrowserIPForCrawlerTrackingStrategy",			"operatorClass" : "ReplaceAndReceiverWithTrueOperator",			"mutationStart" : 99,			"method" : "isFromCrawler:",			"mutationEnd" : 216		},		{			"operatorDescription" : "Replace #and: with #bEqv:",			"class" : "WACookieForBrowserIPForCrawlerTrackingStrategy",			"operatorClass" : "ReplaceAndWithEqvMutantOperator",			"mutationStart" : 99,			"method" : "isFromCrawler:",			"mutationEnd" : 216		},		{			"operatorDescription" : "Remove ^",			"class" : "WACookieForBrowserIPForCrawlerTrackingStrategy",			"operatorClass" : "RemoveCaretOperator",			"mutationStart" : 34,			"method" : "keyFromContext:",			"mutationEnd" : 104		},		{			"operatorDescription" : "Remove ^",			"class" : "WACookieForBrowserIPForCrawlerTrackingStrategy",			"operatorClass" : "RemoveCaretOperator",			"mutationStart" : 75,			"method" : "noHandlerFoundForKey:in:context:",			"mutationEnd" : 186		},		{			"operatorDescription" : "Remove ^",			"class" : "WACookieForBrowserIPForCrawlerTrackingStrategy",			"operatorClass" : "RemoveCaretOperator",			"mutationStart" : 31,			"method" : "strategyFor:",			"mutationEnd" : 124		},		{			"operatorDescription" : "Replace #ifTrue:ifFalse: receiver with false",			"class" : "WACookieForBrowserIPForCrawlerTrackingStrategy",			"operatorClass" : "ReplaceIfTrueIfFalseReceiverWithFalseOperator",			"mutationStart" : 33,			"method" : "strategyFor:",			"mutationEnd" : 124		},		{			"operatorDescription" : "Replace #ifTrue:ifFalse: receiver with true",			"class" : "WACookieForBrowserIPForCrawlerTrackingStrategy",			"operatorClass" : "ReplaceIfTrueIfFalseReceiverWithTrueOperator",			"mutationStart" : 33,			"method" : "strategyFor:",			"mutationEnd" : 124		},		{			"operatorDescription" : "Remove ^",			"class" : "WACookieForBrowserIPForCrawlerTrackingStrategy",			"operatorClass" : "RemoveCaretOperator",			"mutationStart" : 45,			"method" : "addKey:toContext:",			"mutationEnd" : 126		},		{			"operatorDescription" : "Remove ^",			"class" : "WACookieForBrowserIPForCrawlerTrackingStrategy",			"operatorClass" : "RemoveCaretOperator",			"mutationStart" : 30,			"method" : "addKey:toUrl:",			"mutationEnd" : 100		}	],	"mutationScoreAfter" : 43,	"mutationScoreBefore" : 43,	"testAmpLoc" : 0,	"amplifiedMethods" : [ ],	"testLoc" : "33",	"amplifiedClass" : "WACookieForBrowserIPForCrawlerTrackingStrategyTest35",	"numberOfAllMutationsInOriginal" : 16,	"targetLoc" : 32,	"newCovered" : [ ],	"timeBudgetFinished" : false,	"notCoveredInOriginal" : [		{			"operatorDescription" : "Replace #and: receiver with true",			"class" : "WACookieForBrowserIPForCrawlerTrackingStrategy",			"operatorClass" : "ReplaceAndReceiverWithTrueOperator",			"mutationStart" : 99,			"method" : "isFromCrawler:",			"mutationEnd" : 216		},		{			"operatorDescription" : "Replace #and: with #bEqv:",			"class" : "WACookieForBrowserIPForCrawlerTrackingStrategy",			"operatorClass" : "ReplaceAndWithEqvMutantOperator",			"mutationStart" : 99,			"method" : "isFromCrawler:",			"mutationEnd" : 216		},		{			"operatorDescription" : "Remove ^",			"class" : "WACookieForBrowserIPForCrawlerTrackingStrategy",			"operatorClass" : "RemoveCaretOperator",			"mutationStart" : 34,			"method" : "keyFromContext:",			"mutationEnd" : 104		},		{			"operatorDescription" : "Remove ^",			"class" : "WACookieForBrowserIPForCrawlerTrackingStrategy",			"operatorClass" : "RemoveCaretOperator",			"mutationStart" : 75,			"method" : "noHandlerFoundForKey:in:context:",			"mutationEnd" : 186		},		{			"operatorDescription" : "Remove ^",			"class" : "WACookieForBrowserIPForCrawlerTrackingStrategy",			"operatorClass" : "RemoveCaretOperator",			"mutationStart" : 31,			"method" : "strategyFor:",			"mutationEnd" : 124		},		{			"operatorDescription" : "Replace #ifTrue:ifFalse: receiver with false",			"class" : "WACookieForBrowserIPForCrawlerTrackingStrategy",			"operatorClass" : "ReplaceIfTrueIfFalseReceiverWithFalseOperator",			"mutationStart" : 33,			"method" : "strategyFor:",			"mutationEnd" : 124		},		{			"operatorDescription" : "Replace #ifTrue:ifFalse: receiver with true",			"class" : "WACookieForBrowserIPForCrawlerTrackingStrategy",			"operatorClass" : "ReplaceIfTrueIfFalseReceiverWithTrueOperator",			"mutationStart" : 33,			"method" : "strategyFor:",			"mutationEnd" : 124		},		{			"operatorDescription" : "Remove ^",			"class" : "WACookieForBrowserIPForCrawlerTrackingStrategy",			"operatorClass" : "RemoveCaretOperator",			"mutationStart" : 45,			"method" : "addKey:toContext:",			"mutationEnd" : 126		},		{			"operatorDescription" : "Remove ^",			"class" : "WACookieForBrowserIPForCrawlerTrackingStrategy",			"operatorClass" : "RemoveCaretOperator",			"mutationStart" : 30,			"method" : "addKey:toUrl:",			"mutationEnd" : 100		}	],	"testCase" : "WACookieForBrowserIPForCrawlerTrackingStrategyTest",	"unixtime" : 1605094604,	"timeTotal" : 4}