{	"targetClasses" : [		"WACookieOnlySessionTrackingStrategy"	],	"testMethodsIgnored" : [ ],	"methodsNotProfiled" : [ ],	"numberOfOriginalTestMethods" : 13,	"timeDetail" : [		"init: % 0.28 (126 milliseconds)",		"assertionAmplification: % 51.66 (23 seconds 477 milliseconds)",		"selection: % 12.59 (5 seconds 723 milliseconds)",		"inputAmplification: % 35.22 (16 seconds 5 milliseconds)",		"finalize: % 0.25 (113 milliseconds)"	],	"notCoveredInAmplified" : [		{			"operatorDescription" : "Replace #= with #'~='",			"class" : "WACookieOnlySessionTrackingStrategy",			"operatorClass" : "ReplaceEqualWithNotEqualOperator",			"mutationStart" : 154,			"method" : "noHandlerFoundForKey:in:context:",			"mutationEnd" : 173		},		{			"operatorDescription" : "Replace #ifFalse: receiver with false",			"class" : "WACookieOnlySessionTrackingStrategy",			"operatorClass" : "ReplaceIfFalseReceiverWithFalseOperator",			"mutationStart" : 154,			"method" : "noHandlerFoundForKey:in:context:",			"mutationEnd" : 400		},		{			"operatorDescription" : "Replace #ifFalse: receiver with true",			"class" : "WACookieOnlySessionTrackingStrategy",			"operatorClass" : "ReplaceIfFalseReceiverWithTrueOperator",			"mutationStart" : 154,			"method" : "noHandlerFoundForKey:in:context:",			"mutationEnd" : 400		},		{			"operatorDescription" : "Replace #ifFalse: with #ifTrue:",			"class" : "WACookieOnlySessionTrackingStrategy",			"operatorClass" : "ReplaceIfFalseWithIfTrueMutantOperator",			"mutationStart" : 154,			"method" : "noHandlerFoundForKey:in:context:",			"mutationEnd" : 400		},		{			"operatorDescription" : "Remove ^",			"class" : "WACookieOnlySessionTrackingStrategy class",			"operatorClass" : "RemoveCaretOperator",			"mutationStart" : 13,			"method" : "isAbstract",			"mutationEnd" : 58		},		{			"operatorDescription" : "Replace #= with #'~='",			"class" : "WACookieOnlySessionTrackingStrategy class",			"operatorClass" : "ReplaceEqualWithNotEqualOperator",			"mutationStart" : 15,			"method" : "isAbstract",			"mutationEnd" : 58		}	],	"mutationScoreAfter" : 0,	"mutationScoreBefore" : 0,	"testAmpLoc" : 0,	"amplifiedMethods" : [ ],	"testLoc" : "8",	"amplifiedClass" : "WACookieOnlySessionTrackingStrategyTest219",	"numberOfAllMutationsInOriginal" : 6,	"targetLoc" : 14,	"newCovered" : [ ],	"timeBudgetFinished" : false,	"notCoveredInOriginal" : [		{			"operatorDescription" : "Replace #= with #'~='",			"class" : "WACookieOnlySessionTrackingStrategy",			"operatorClass" : "ReplaceEqualWithNotEqualOperator",			"mutationStart" : 154,			"method" : "noHandlerFoundForKey:in:context:",			"mutationEnd" : 173		},		{			"operatorDescription" : "Replace #ifFalse: receiver with false",			"class" : "WACookieOnlySessionTrackingStrategy",			"operatorClass" : "ReplaceIfFalseReceiverWithFalseOperator",			"mutationStart" : 154,			"method" : "noHandlerFoundForKey:in:context:",			"mutationEnd" : 400		},		{			"operatorDescription" : "Replace #ifFalse: receiver with true",			"class" : "WACookieOnlySessionTrackingStrategy",			"operatorClass" : "ReplaceIfFalseReceiverWithTrueOperator",			"mutationStart" : 154,			"method" : "noHandlerFoundForKey:in:context:",			"mutationEnd" : 400		},		{			"operatorDescription" : "Replace #ifFalse: with #ifTrue:",			"class" : "WACookieOnlySessionTrackingStrategy",			"operatorClass" : "ReplaceIfFalseWithIfTrueMutantOperator",			"mutationStart" : 154,			"method" : "noHandlerFoundForKey:in:context:",			"mutationEnd" : 400		},		{			"operatorDescription" : "Remove ^",			"class" : "WACookieOnlySessionTrackingStrategy class",			"operatorClass" : "RemoveCaretOperator",			"mutationStart" : 13,			"method" : "isAbstract",			"mutationEnd" : 58		},		{			"operatorDescription" : "Replace #= with #'~='",			"class" : "WACookieOnlySessionTrackingStrategy class",			"operatorClass" : "ReplaceEqualWithNotEqualOperator",			"mutationStart" : 15,			"method" : "isAbstract",			"mutationEnd" : 58		}	],	"testCase" : "WACookieOnlySessionTrackingStrategyTest",	"unixtime" : 1605094312,	"timeTotal" : 45}