{	"targetClasses" : [		"WADispatcher"	],	"testMethodsIgnored" : [ ],	"methodsNotProfiled" : [		"WADispatcher>>#handleDefault:",		"WADispatcher>>#defaultName:",		"WADispatcher>>#handlerAtAll:",		"WADispatcher>>#childrenDo:",		"WADispatcher>>#urlFor:"	],	"numberOfOriginalTestMethods" : 14,	"timeDetail" : [		"init: % 0.13 (395 milliseconds)",		"assertionAmplification: % 84.80 (4 minutes 10 seconds 870 milliseconds)",		"selection: % 10.30 (30 seconds 469 milliseconds)",		"inputAmplification: % 4.58 (13 seconds 558 milliseconds)",		"finalize: % 0.19 (551 milliseconds)"	],	"notCoveredInAmplified" : [		{			"operatorDescription" : "Replace #ifTrue:ifFalse: receiver with false",			"class" : "WADispatcher",			"operatorClass" : "ReplaceIfTrueIfFalseReceiverWithFalseOperator",			"mutationStart" : 33,			"method" : "handleDefault:",			"mutationEnd" : 197		},		{			"operatorDescription" : "Replace #ifTrue:ifFalse: receiver with true",			"class" : "WADispatcher",			"operatorClass" : "ReplaceIfTrueIfFalseReceiverWithTrueOperator",			"mutationStart" : 33,			"method" : "handleDefault:",			"mutationEnd" : 197		},		{			"operatorDescription" : "Remove ^",			"class" : "WADispatcher",			"operatorClass" : "RemoveCaretOperator",			"mutationStart" : 64,			"method" : "handlerAt:ifAbsent:",			"mutationEnd" : 77		},		{			"operatorDescription" : "Replace #ifTrue: receiver with false",			"class" : "WADispatcher",			"operatorClass" : "ReplaceIfTrueReceiverWithFalseOperator",			"mutationStart" : 38,			"method" : "handlerAt:ifAbsent:",			"mutationEnd" : 79		},		{			"operatorDescription" : "Remove ^",			"class" : "WADispatcher",			"operatorClass" : "RemoveCaretOperator",			"mutationStart" : 98,			"method" : "unregister:",			"mutationEnd" : 127		},		{			"operatorDescription" : "Remove ^",			"class" : "WADispatcher",			"operatorClass" : "RemoveCaretOperator",			"mutationStart" : 50,			"method" : "defaultHandler",			"mutationEnd" : 54		},		{			"operatorDescription" : "Remove ^",			"class" : "WADispatcher",			"operatorClass" : "RemoveCaretOperator",			"mutationStart" : 60,			"method" : "defaultHandler",			"mutationEnd" : 111		},		{			"operatorDescription" : "Replace #ifTrue: receiver with false",			"class" : "WADispatcher",			"operatorClass" : "ReplaceIfTrueReceiverWithFalseOperator",			"mutationStart" : 17,			"method" : "defaultHandler",			"mutationEnd" : 56		},		{			"operatorDescription" : "Replace #ifTrue: receiver with true",			"class" : "WADispatcher",			"operatorClass" : "ReplaceIfTrueReceiverWithTrueOperator",			"mutationStart" : 17,			"method" : "defaultHandler",			"mutationEnd" : 56		},		{			"operatorDescription" : "Replace #ifTrue: with #ifFalse:",			"class" : "WADispatcher",			"operatorClass" : "ReplaceIfTrueWithIfFalseMutantOperator",			"mutationStart" : 17,			"method" : "defaultHandler",			"mutationEnd" : 56		},		{			"operatorDescription" : "Replace #ifTrue:ifFalse: receiver with false",			"class" : "WADispatcher",			"operatorClass" : "ReplaceIfTrueIfFalseReceiverWithFalseOperator",			"mutationStart" : 87,			"method" : "handleFiltered:",			"mutationEnd" : 223		},		{			"operatorDescription" : "Remove ^",			"class" : "WADispatcher",			"operatorClass" : "RemoveCaretOperator",			"mutationStart" : 37,			"method" : "handlerAtAll:",			"mutationEnd" : 130		},		{			"operatorDescription" : "Replace inject:aValue into:aBlock with aValue",			"class" : "WADispatcher",			"operatorClass" : "RemoveInjectIntoOperator",			"mutationStart" : 39,			"method" : "handlerAtAll:",			"mutationEnd" : 130		},		{			"operatorDescription" : "Replace do block with [:each |]",			"class" : "WADispatcher",			"operatorClass" : "ReplaceDoBlockWithEmptyBlockOperator",			"mutationStart" : 21,			"method" : "childrenDo:",			"mutationEnd" : 39		},		{			"operatorDescription" : "Remove ^",			"class" : "WADispatcher class",			"operatorClass" : "RemoveCaretOperator",			"mutationStart" : 14,			"method" : "description",			"mutationEnd" : 27		},		{			"operatorDescription" : "Remove ^",			"class" : "WADispatcher class",			"operatorClass" : "RemoveCaretOperator",			"mutationStart" : 10,			"method" : "default",			"mutationEnd" : 49		}	],	"mutationScoreAfter" : 46,	"mutationScoreBefore" : 36,	"testAmpLoc" : 225,	"amplifiedMethods" : [		"WADispatcherTest235>>#testAddFilter_amp_A8",		"WADispatcherTest235>>#testAddFilterFirst_amp_A17"	],	"testLoc" : "44",	"amplifiedClass" : "WADispatcherTest235",	"numberOfAllMutationsInOriginal" : 30,	"targetLoc" : 81,	"newCovered" : [		{			"operatorDescription" : "Remove ^",			"class" : "WADispatcher",			"operatorClass" : "RemoveCaretOperator",			"mutationStart" : 25,			"method" : "configurationComponent",			"mutationEnd" : 53		},		{			"operatorDescription" : "Remove ^",			"class" : "WADispatcher",			"operatorClass" : "RemoveCaretOperator",			"mutationStart" : 88,			"method" : "unregister:",			"mutationEnd" : 92		},		{			"operatorDescription" : "Remove ^",			"class" : "WADispatcher",			"operatorClass" : "RemoveCaretOperator",			"mutationStart" : 26,			"method" : "urlFor:",			"mutationEnd" : 98		}	],	"timeBudgetFinished" : false,	"notCoveredInOriginal" : [		{			"operatorDescription" : "Replace #ifTrue:ifFalse: receiver with false",			"class" : "WADispatcher",			"operatorClass" : "ReplaceIfTrueIfFalseReceiverWithFalseOperator",			"mutationStart" : 33,			"method" : "handleDefault:",			"mutationEnd" : 197		},		{			"operatorDescription" : "Replace #ifTrue:ifFalse: receiver with true",			"class" : "WADispatcher",			"operatorClass" : "ReplaceIfTrueIfFalseReceiverWithTrueOperator",			"mutationStart" : 33,			"method" : "handleDefault:",			"mutationEnd" : 197		},		{			"operatorDescription" : "Remove ^",			"class" : "WADispatcher",			"operatorClass" : "RemoveCaretOperator",			"mutationStart" : 25,			"method" : "configurationComponent",			"mutationEnd" : 53		},		{			"operatorDescription" : "Remove ^",			"class" : "WADispatcher",			"operatorClass" : "RemoveCaretOperator",			"mutationStart" : 64,			"method" : "handlerAt:ifAbsent:",			"mutationEnd" : 77		},		{			"operatorDescription" : "Replace #ifTrue: receiver with false",			"class" : "WADispatcher",			"operatorClass" : "ReplaceIfTrueReceiverWithFalseOperator",			"mutationStart" : 38,			"method" : "handlerAt:ifAbsent:",			"mutationEnd" : 79		},		{			"operatorDescription" : "Remove ^",			"class" : "WADispatcher",			"operatorClass" : "RemoveCaretOperator",			"mutationStart" : 88,			"method" : "unregister:",			"mutationEnd" : 92		},		{			"operatorDescription" : "Remove ^",			"class" : "WADispatcher",			"operatorClass" : "RemoveCaretOperator",			"mutationStart" : 98,			"method" : "unregister:",			"mutationEnd" : 127		},		{			"operatorDescription" : "Remove ^",			"class" : "WADispatcher",			"operatorClass" : "RemoveCaretOperator",			"mutationStart" : 50,			"method" : "defaultHandler",			"mutationEnd" : 54		},		{			"operatorDescription" : "Remove ^",			"class" : "WADispatcher",			"operatorClass" : "RemoveCaretOperator",			"mutationStart" : 60,			"method" : "defaultHandler",			"mutationEnd" : 111		},		{			"operatorDescription" : "Replace #ifTrue: receiver with false",			"class" : "WADispatcher",			"operatorClass" : "ReplaceIfTrueReceiverWithFalseOperator",			"mutationStart" : 17,			"method" : "defaultHandler",			"mutationEnd" : 56		},		{			"operatorDescription" : "Replace #ifTrue: receiver with true",			"class" : "WADispatcher",			"operatorClass" : "ReplaceIfTrueReceiverWithTrueOperator",			"mutationStart" : 17,			"method" : "defaultHandler",			"mutationEnd" : 56		},		{			"operatorDescription" : "Replace #ifTrue: with #ifFalse:",			"class" : "WADispatcher",			"operatorClass" : "ReplaceIfTrueWithIfFalseMutantOperator",			"mutationStart" : 17,			"method" : "defaultHandler",			"mutationEnd" : 56		},		{			"operatorDescription" : "Replace #ifTrue:ifFalse: receiver with false",			"class" : "WADispatcher",			"operatorClass" : "ReplaceIfTrueIfFalseReceiverWithFalseOperator",			"mutationStart" : 87,			"method" : "handleFiltered:",			"mutationEnd" : 223		},		{			"operatorDescription" : "Remove ^",			"class" : "WADispatcher",			"operatorClass" : "RemoveCaretOperator",			"mutationStart" : 37,			"method" : "handlerAtAll:",			"mutationEnd" : 130		},		{			"operatorDescription" : "Replace inject:aValue into:aBlock with aValue",			"class" : "WADispatcher",			"operatorClass" : "RemoveInjectIntoOperator",			"mutationStart" : 39,			"method" : "handlerAtAll:",			"mutationEnd" : 130		},		{			"operatorDescription" : "Replace do block with [:each |]",			"class" : "WADispatcher",			"operatorClass" : "ReplaceDoBlockWithEmptyBlockOperator",			"mutationStart" : 21,			"method" : "childrenDo:",			"mutationEnd" : 39		},		{			"operatorDescription" : "Remove ^",			"class" : "WADispatcher",			"operatorClass" : "RemoveCaretOperator",			"mutationStart" : 26,			"method" : "urlFor:",			"mutationEnd" : 98		},		{			"operatorDescription" : "Remove ^",			"class" : "WADispatcher class",			"operatorClass" : "RemoveCaretOperator",			"mutationStart" : 14,			"method" : "description",			"mutationEnd" : 27		},		{			"operatorDescription" : "Remove ^",			"class" : "WADispatcher class",			"operatorClass" : "RemoveCaretOperator",			"mutationStart" : 10,			"method" : "default",			"mutationEnd" : 49		}	],	"testCase" : "WADispatcherTest",	"unixtime" : 1605095429,	"timeTotal" : 295}