{	"targetClasses" : [		"WAErrorHandler"	],	"testMethodsIgnored" : [ ],	"methodsNotProfiled" : [ ],	"numberOfOriginalTestMethods" : 11,	"timeDetail" : [		"init: % 16.19 (11 seconds 942 milliseconds)",		"assertionAmplification: % 52.73 (38 seconds 888 milliseconds)",		"selection: % 7.84 (5 seconds 783 milliseconds)",		"inputAmplification: % 7.50 (5 seconds 531 milliseconds)",		"finalize: % 15.74 (11 seconds 612 milliseconds)"	],	"notCoveredInAmplified" : [		{			"operatorDescription" : "Remove ^",			"class" : "WAErrorHandler",			"operatorClass" : "RemoveCaretOperator",			"mutationStart" : 144,			"method" : "handleDefault:",			"mutationEnd" : 176		},		{			"operatorDescription" : "Remove ^",			"class" : "WAErrorHandler",			"operatorClass" : "RemoveCaretOperator",			"mutationStart" : 23,			"method" : "handleError:",			"mutationEnd" : 51		},		{			"operatorDescription" : "Remove ^",			"class" : "WAErrorHandler",			"operatorClass" : "RemoveCaretOperator",			"mutationStart" : 72,			"method" : "handleException:",			"mutationEnd" : 102		},		{			"operatorDescription" : "Remove ^",			"class" : "WAErrorHandler",			"operatorClass" : "RemoveCaretOperator",			"mutationStart" : 151,			"method" : "handleException:",			"mutationEnd" : 183		},		{			"operatorDescription" : "Remove ^",			"class" : "WAErrorHandler",			"operatorClass" : "RemoveCaretOperator",			"mutationStart" : 190,			"method" : "handleException:",			"mutationEnd" : 225		},		{			"operatorDescription" : "Replace #ifTrue: receiver with true",			"class" : "WAErrorHandler",			"operatorClass" : "ReplaceIfTrueReceiverWithTrueOperator",			"mutationStart" : 31,			"method" : "handleException:",			"mutationEnd" : 104		},		{			"operatorDescription" : "Replace #ifTrue: receiver with true",			"class" : "WAErrorHandler",			"operatorClass" : "ReplaceIfTrueReceiverWithTrueOperator",			"mutationStart" : 108,			"method" : "handleException:",			"mutationEnd" : 185		},		{			"operatorDescription" : "Remove ^",			"class" : "WAErrorHandler",			"operatorClass" : "RemoveCaretOperator",			"mutationStart" : 26,			"method" : "handleWarning:",			"mutationEnd" : 55		}	],	"mutationScoreAfter" : 38,	"mutationScoreBefore" : 38,	"testAmpLoc" : 0,	"amplifiedMethods" : [ ],	"testLoc" : "30",	"amplifiedClass" : "WAErrorHandlerTest176",	"numberOfAllMutationsInOriginal" : 13,	"targetLoc" : 18,	"newCovered" : [ ],	"timeBudgetFinished" : false,	"notCoveredInOriginal" : [		{			"operatorDescription" : "Remove ^",			"class" : "WAErrorHandler",			"operatorClass" : "RemoveCaretOperator",			"mutationStart" : 144,			"method" : "handleDefault:",			"mutationEnd" : 176		},		{			"operatorDescription" : "Remove ^",			"class" : "WAErrorHandler",			"operatorClass" : "RemoveCaretOperator",			"mutationStart" : 23,			"method" : "handleError:",			"mutationEnd" : 51		},		{			"operatorDescription" : "Remove ^",			"class" : "WAErrorHandler",			"operatorClass" : "RemoveCaretOperator",			"mutationStart" : 72,			"method" : "handleException:",			"mutationEnd" : 102		},		{			"operatorDescription" : "Remove ^",			"class" : "WAErrorHandler",			"operatorClass" : "RemoveCaretOperator",			"mutationStart" : 151,			"method" : "handleException:",			"mutationEnd" : 183		},		{			"operatorDescription" : "Remove ^",			"class" : "WAErrorHandler",			"operatorClass" : "RemoveCaretOperator",			"mutationStart" : 190,			"method" : "handleException:",			"mutationEnd" : 225		},		{			"operatorDescription" : "Replace #ifTrue: receiver with true",			"class" : "WAErrorHandler",			"operatorClass" : "ReplaceIfTrueReceiverWithTrueOperator",			"mutationStart" : 31,			"method" : "handleException:",			"mutationEnd" : 104		},		{			"operatorDescription" : "Replace #ifTrue: receiver with true",			"class" : "WAErrorHandler",			"operatorClass" : "ReplaceIfTrueReceiverWithTrueOperator",			"mutationStart" : 108,			"method" : "handleException:",			"mutationEnd" : 185		},		{			"operatorDescription" : "Remove ^",			"class" : "WAErrorHandler",			"operatorClass" : "RemoveCaretOperator",			"mutationStart" : 26,			"method" : "handleWarning:",			"mutationEnd" : 55		}	],	"testCase" : "WAErrorHandlerTest",	"unixtime" : 1605094579,	"timeTotal" : 73}