{	"targetClasses" : [		"WAFile"	],	"testMethodsIgnored" : [ ],	"methodsNotProfiled" : [ ],	"numberOfOriginalTestMethods" : 6,	"timeDetail" : [		"init: % 1.32 (393 milliseconds)",		"assertionAmplification: % 71.81 (21 seconds 423 milliseconds)",		"selection: % 8.60 (2 seconds 565 milliseconds)",		"inputAmplification: % 16.51 (4 seconds 925 milliseconds)",		"finalize: % 1.77 (528 milliseconds)"	],	"notCoveredInAmplified" : [		{			"operatorDescription" : "Replace #and: receiver with true",			"class" : "WAFile",			"operatorClass" : "ReplaceAndReceiverWithTrueOperator",			"mutationStart" : 89,			"method" : "isWindowsPath",			"mutationEnd" : 217		},		{			"operatorDescription" : "Replace #and: receiver with true",			"class" : "WAFile",			"operatorClass" : "ReplaceAndReceiverWithTrueOperator",			"mutationStart" : 116,			"method" : "isWindowsPath",			"mutationEnd" : 215		},		{			"operatorDescription" : "Replace #and: with #bEqv:",			"class" : "WAFile",			"operatorClass" : "ReplaceAndWithEqvMutantOperator",			"mutationStart" : 89,			"method" : "isWindowsPath",			"mutationEnd" : 217		}	],	"mutationScoreAfter" : 92,	"mutationScoreBefore" : 89,	"testAmpLoc" : 44,	"amplifiedMethods" : [		"WAFileTest91>>#testContentType_amp_A19"	],	"testLoc" : "47",	"amplifiedClass" : "WAFileTest91",	"numberOfAllMutationsInOriginal" : 38,	"targetLoc" : 38,	"newCovered" : [		{			"operatorDescription" : "Remove ^",			"class" : "WAFile",			"operatorClass" : "RemoveCaretOperator",			"mutationStart" : 34,			"method" : "size",			"mutationEnd" : 56		}	],	"timeBudgetFinished" : false,	"notCoveredInOriginal" : [		{			"operatorDescription" : "Remove ^",			"class" : "WAFile",			"operatorClass" : "RemoveCaretOperator",			"mutationStart" : 34,			"method" : "size",			"mutationEnd" : 56		},		{			"operatorDescription" : "Replace #and: receiver with true",			"class" : "WAFile",			"operatorClass" : "ReplaceAndReceiverWithTrueOperator",			"mutationStart" : 89,			"method" : "isWindowsPath",			"mutationEnd" : 217		},		{			"operatorDescription" : "Replace #and: receiver with true",			"class" : "WAFile",			"operatorClass" : "ReplaceAndReceiverWithTrueOperator",			"mutationStart" : 116,			"method" : "isWindowsPath",			"mutationEnd" : 215		},		{			"operatorDescription" : "Replace #and: with #bEqv:",			"class" : "WAFile",			"operatorClass" : "ReplaceAndWithEqvMutantOperator",			"mutationStart" : 89,			"method" : "isWindowsPath",			"mutationEnd" : 217		}	],	"testCase" : "WAFileTest",	"unixtime" : 1605095469,	"timeTotal" : 29}