{	"targetClasses" : [		"WAFileHandler"	],	"testMethodsIgnored" : [ ],	"methodsNotProfiled" : [		"WAFileHandler class>>#default:"	],	"numberOfOriginalTestMethods" : 16,	"timeDetail" : [		"init: % 3.60 (11 seconds 607 milliseconds)",		"assertionAmplification: % 82.48 (4 minutes 25 seconds 676 milliseconds)",		"selection: % 9.26 (29 seconds 841 milliseconds)",		"inputAmplification: % 4.47 (14 seconds 383 milliseconds)",		"finalize: % 0.19 (605 milliseconds)"	],	"notCoveredInAmplified" : [		{			"operatorDescription" : "Remove ^",			"class" : "WAFileHandler",			"operatorClass" : "RemoveCaretOperator",			"mutationStart" : 131,			"method" : "responseForContext:",			"mutationEnd" : 217		},		{			"operatorDescription" : "Remove ^",			"class" : "WAFileHandler",			"operatorClass" : "RemoveCaretOperator",			"mutationStart" : 295,			"method" : "responseForContext:",			"mutationEnd" : 347		},		{			"operatorDescription" : "Remove ^",			"class" : "WAFileHandler class",			"operatorClass" : "RemoveCaretOperator",			"mutationStart" : 14,			"method" : "description",			"mutationEnd" : 29		},		{			"operatorDescription" : "Remove ^",			"class" : "WAFileHandler class",			"operatorClass" : "RemoveCaretOperator",			"mutationStart" : 59,			"method" : "default",			"mutationEnd" : 67		},		{			"operatorDescription" : "Replace #ifTrue: receiver with false",			"class" : "WAFileHandler class",			"operatorClass" : "ReplaceIfTrueReceiverWithFalseOperator",			"mutationStart" : 11,			"method" : "default",			"mutationEnd" : 55		},		{			"operatorDescription" : "Replace #ifTrue: receiver with true",			"class" : "WAFileHandler class",			"operatorClass" : "ReplaceIfTrueReceiverWithTrueOperator",			"mutationStart" : 11,			"method" : "default",			"mutationEnd" : 55		},		{			"operatorDescription" : "Replace #ifTrue: with #ifFalse:",			"class" : "WAFileHandler class",			"operatorClass" : "ReplaceIfTrueWithIfFalseMutantOperator",			"mutationStart" : 11,			"method" : "default",			"mutationEnd" : 55		}	],	"mutationScoreAfter" : 73,	"mutationScoreBefore" : 65,	"testAmpLoc" : 521,	"amplifiedMethods" : [		"WAFileHandlerTest265>>#testAddFilter_amp_A1_A6",		"WAFileHandlerTest265>>#testAddFilter_amp_A4_A15_A42"	],	"testLoc" : "58",	"amplifiedClass" : "WAFileHandlerTest265",	"numberOfAllMutationsInOriginal" : 26,	"targetLoc" : 62,	"newCovered" : [		{			"operatorDescription" : "Remove ^",			"class" : "WAFileHandler",			"operatorClass" : "RemoveCaretOperator",			"mutationStart" : 25,			"method" : "configurationComponent",			"mutationEnd" : 54		},		{			"operatorDescription" : "Remove ^",			"class" : "WAFileHandler",			"operatorClass" : "RemoveCaretOperator",			"mutationStart" : 25,			"method" : "xSendfileBaseDirectory",			"mutationEnd" : 68		}	],	"timeBudgetFinished" : false,	"notCoveredInOriginal" : [		{			"operatorDescription" : "Remove ^",			"class" : "WAFileHandler",			"operatorClass" : "RemoveCaretOperator",			"mutationStart" : 25,			"method" : "configurationComponent",			"mutationEnd" : 54		},		{			"operatorDescription" : "Remove ^",			"class" : "WAFileHandler",			"operatorClass" : "RemoveCaretOperator",			"mutationStart" : 25,			"method" : "xSendfileBaseDirectory",			"mutationEnd" : 68		},		{			"operatorDescription" : "Remove ^",			"class" : "WAFileHandler",			"operatorClass" : "RemoveCaretOperator",			"mutationStart" : 131,			"method" : "responseForContext:",			"mutationEnd" : 217		},		{			"operatorDescription" : "Remove ^",			"class" : "WAFileHandler",			"operatorClass" : "RemoveCaretOperator",			"mutationStart" : 295,			"method" : "responseForContext:",			"mutationEnd" : 347		},		{			"operatorDescription" : "Remove ^",			"class" : "WAFileHandler class",			"operatorClass" : "RemoveCaretOperator",			"mutationStart" : 14,			"method" : "description",			"mutationEnd" : 29		},		{			"operatorDescription" : "Remove ^",			"class" : "WAFileHandler class",			"operatorClass" : "RemoveCaretOperator",			"mutationStart" : 59,			"method" : "default",			"mutationEnd" : 67		},		{			"operatorDescription" : "Replace #ifTrue: receiver with false",			"class" : "WAFileHandler class",			"operatorClass" : "ReplaceIfTrueReceiverWithFalseOperator",			"mutationStart" : 11,			"method" : "default",			"mutationEnd" : 55		},		{			"operatorDescription" : "Replace #ifTrue: receiver with true",			"class" : "WAFileHandler class",			"operatorClass" : "ReplaceIfTrueReceiverWithTrueOperator",			"mutationStart" : 11,			"method" : "default",			"mutationEnd" : 55		},		{			"operatorDescription" : "Replace #ifTrue: with #ifFalse:",			"class" : "WAFileHandler class",			"operatorClass" : "ReplaceIfTrueWithIfFalseMutantOperator",			"mutationStart" : 11,			"method" : "default",			"mutationEnd" : 55		}	],	"testCase" : "WAFileHandlerTest",	"unixtime" : 1605095967,	"timeTotal" : 322}