{	"targetClasses" : [		"WAFileMetadataLibrary"	],	"testMethodsIgnored" : [ ],	"methodsNotProfiled" : [		"WAFileMetadataLibrary>>#handle:",		"WAFileMetadataLibrary>>#asFilename:",		"WAFileMetadataLibrary>>#mimetypeOf:",		"WAFileMetadataLibrary>>#asFileAndFoldername:",		"WAFileMetadataLibrary>>#isFileSelector:",		"WAFileMetadataLibrary>>#fileResourceOf:",		"WAFileMetadataLibrary>>#fileSizeOf:",		"WAFileMetadataLibrary class>>#absolutePathFromRelative:",		"WAFileMetadataLibrary class>>#recursivelyAddAllFilesIn:relativeToRootDirectory:",		"WAFileMetadataLibrary class>>#recursivelyAddAllFilesIn:",		"WAFileMetadataLibrary class>>#addFileNamed:contents:",		"WAFileMetadataLibrary class>>#addFileAt:relativeToRootDirectory:"	],	"numberOfOriginalTestMethods" : 13,	"timeDetail" : [		"init: % 1.31 (2 seconds 585 milliseconds)",		"assertionAmplification: % 47.24 (1 minute 32 seconds 919 milliseconds)",		"selection: % 37.62 (1 minute 13 seconds 986 milliseconds)",		"inputAmplification: % 12.37 (24 seconds 326 milliseconds)",		"finalize: % 1.46 (2 seconds 874 milliseconds)"	],	"notCoveredInAmplified" : [		{			"operatorDescription" : "Remove ^",			"class" : "WAFileMetadataLibrary",			"operatorClass" : "RemoveCaretOperator",			"mutationStart" : 379,			"method" : "handle:",			"mutationEnd" : 384		},		{			"operatorDescription" : "Replace #ifFalse: receiver with true",			"class" : "WAFileMetadataLibrary",			"operatorClass" : "ReplaceIfFalseReceiverWithTrueOperator",			"mutationStart" : 325,			"method" : "handle:",			"mutationEnd" : 386		},		{			"operatorDescription" : "Replace #ifTrue:ifFalse: receiver with false",			"class" : "WAFileMetadataLibrary",			"operatorClass" : "ReplaceIfTrueIfFalseReceiverWithFalseOperator",			"mutationStart" : 481,			"method" : "handle:",			"mutationEnd" : 943		},		{			"operatorDescription" : "Replace #and: with #bEqv:",			"class" : "WAFileMetadataLibrary",			"operatorClass" : "ReplaceAndWithEqvMutantOperator",			"mutationStart" : 112,			"method" : "isFileSelector:",			"mutationEnd" : 171		},		{			"operatorDescription" : "Replace #ifTrue:ifFalse: receiver with true",			"class" : "WAFileMetadataLibrary",			"operatorClass" : "ReplaceIfTrueIfFalseReceiverWithTrueOperator",			"mutationStart" : 30,			"method" : "fileResourceOf:",			"mutationEnd" : 146		},		{			"operatorDescription" : "Replace do block with [:each |]",			"class" : "WAFileMetadataLibrary",			"operatorClass" : "ReplaceDoBlockWithEmptyBlockOperator",			"mutationStart" : 262,			"method" : "deployFiles",			"mutationEnd" : 560		},		{			"operatorDescription" : "Remove ^",			"class" : "WAFileMetadataLibrary",			"operatorClass" : "RemoveCaretOperator",			"mutationStart" : 24,			"method" : "fileSizeOf:",			"mutationEnd" : 77		},		{			"operatorDescription" : "Remove ^",			"class" : "WAFileMetadataLibrary class",			"operatorClass" : "RemoveCaretOperator",			"mutationStart" : 335,			"method" : "absolutePathFromRelative:",			"mutationEnd" : 374		},		{			"operatorDescription" : "Replace #ifTrue: receiver with false",			"class" : "WAFileMetadataLibrary class",			"operatorClass" : "ReplaceIfTrueReceiverWithFalseOperator",			"mutationStart" : 142,			"method" : "absolutePathFromRelative:",			"mutationEnd" : 235		},		{			"operatorDescription" : "Replace #ifTrue: receiver with true",			"class" : "WAFileMetadataLibrary class",			"operatorClass" : "ReplaceIfTrueReceiverWithTrueOperator",			"mutationStart" : 142,			"method" : "absolutePathFromRelative:",			"mutationEnd" : 235		},		{			"operatorDescription" : "Replace #ifTrue: with #ifFalse:",			"class" : "WAFileMetadataLibrary class",			"operatorClass" : "ReplaceIfTrueWithIfFalseMutantOperator",			"mutationStart" : 142,			"method" : "absolutePathFromRelative:",			"mutationEnd" : 235		},		{			"operatorDescription" : "Replace #isEmpty with #notEmpty",			"class" : "WAFileMetadataLibrary class",			"operatorClass" : "ReplaceIsEmptyWithNotEmptyMutantOperator",			"mutationStart" : 142,			"method" : "absolutePathFromRelative:",			"mutationEnd" : 157		},		{			"operatorDescription" : "Replace do block with [:each |]",			"class" : "WAFileMetadataLibrary class",			"operatorClass" : "ReplaceDoBlockWithEmptyBlockOperator",			"mutationStart" : 87,			"method" : "recursivelyAddAllFilesIn:relativeToRootDirectory:",			"mutationEnd" : 235		},		{			"operatorDescription" : "Replace do block with [:each |]",			"class" : "WAFileMetadataLibrary class",			"operatorClass" : "ReplaceDoBlockWithEmptyBlockOperator",			"mutationStart" : 239,			"method" : "recursivelyAddAllFilesIn:relativeToRootDirectory:",			"mutationEnd" : 366		},		{			"operatorDescription" : "Replace #= with #'~='",			"class" : "WAFileMetadataLibrary class",			"operatorClass" : "ReplaceEqualWithNotEqualOperator",			"mutationStart" : 216,			"method" : "recursivelyAddAllFilesIn:",			"mutationEnd" : 275		},		{			"operatorDescription" : "Replace #ifTrue:ifFalse: receiver with false",			"class" : "WAFileMetadataLibrary class",			"operatorClass" : "ReplaceIfTrueIfFalseReceiverWithFalseOperator",			"mutationStart" : 291,			"method" : "recursivelyAddAllFilesIn:",			"mutationEnd" : 389		},		{			"operatorDescription" : "Replace #ifTrue:ifFalse: receiver with true",			"class" : "WAFileMetadataLibrary class",			"operatorClass" : "ReplaceIfTrueIfFalseReceiverWithTrueOperator",			"mutationStart" : 291,			"method" : "recursivelyAddAllFilesIn:",			"mutationEnd" : 389		},		{			"operatorDescription" : "Replace #= with #'~='",			"class" : "WAFileMetadataLibrary class",			"operatorClass" : "ReplaceEqualWithNotEqualOperator",			"mutationStart" : 224,			"method" : "addFileAt:relativeToRootDirectory:",			"mutationEnd" : 269		},		{			"operatorDescription" : "Replace #ifTrue: receiver with false",			"class" : "WAFileMetadataLibrary class",			"operatorClass" : "ReplaceIfTrueReceiverWithFalseOperator",			"mutationStart" : 224,			"method" : "addFileAt:relativeToRootDirectory:",			"mutationEnd" : 333		},		{			"operatorDescription" : "Replace #ifTrue: receiver with true",			"class" : "WAFileMetadataLibrary class",			"operatorClass" : "ReplaceIfTrueReceiverWithTrueOperator",			"mutationStart" : 224,			"method" : "addFileAt:relativeToRootDirectory:",			"mutationEnd" : 333		},		{			"operatorDescription" : "Replace #ifTrue: with #ifFalse:",			"class" : "WAFileMetadataLibrary class",			"operatorClass" : "ReplaceIfTrueWithIfFalseMutantOperator",			"mutationStart" : 224,			"method" : "addFileAt:relativeToRootDirectory:",			"mutationEnd" : 333		}	],	"mutationScoreAfter" : 48,	"mutationScoreBefore" : 46,	"testAmpLoc" : 0,	"amplifiedMethods" : [ ],	"testLoc" : "145",	"amplifiedClass" : "WAFileMetadataLibraryTest225",	"numberOfAllMutationsInOriginal" : 41,	"targetLoc" : 180,	"newCovered" : [		{			"operatorDescription" : "Replace #and: argument with [true]",			"class" : "WAFileMetadataLibrary",			"operatorClass" : "ReplaceAndArgumentWithTrueOperator",			"mutationStart" : 112,			"method" : "isFileSelector:",			"mutationEnd" : 171		}	],	"timeBudgetFinished" : false,	"notCoveredInOriginal" : [		{			"operatorDescription" : "Remove ^",			"class" : "WAFileMetadataLibrary",			"operatorClass" : "RemoveCaretOperator",			"mutationStart" : 379,			"method" : "handle:",			"mutationEnd" : 384		},		{			"operatorDescription" : "Replace #ifFalse: receiver with true",			"class" : "WAFileMetadataLibrary",			"operatorClass" : "ReplaceIfFalseReceiverWithTrueOperator",			"mutationStart" : 325,			"method" : "handle:",			"mutationEnd" : 386		},		{			"operatorDescription" : "Replace #ifTrue:ifFalse: receiver with false",			"class" : "WAFileMetadataLibrary",			"operatorClass" : "ReplaceIfTrueIfFalseReceiverWithFalseOperator",			"mutationStart" : 481,			"method" : "handle:",			"mutationEnd" : 943		},		{			"operatorDescription" : "Replace #and: argument with [true]",			"class" : "WAFileMetadataLibrary",			"operatorClass" : "ReplaceAndArgumentWithTrueOperator",			"mutationStart" : 112,			"method" : "isFileSelector:",			"mutationEnd" : 171		},		{			"operatorDescription" : "Replace #and: with #bEqv:",			"class" : "WAFileMetadataLibrary",			"operatorClass" : "ReplaceAndWithEqvMutantOperator",			"mutationStart" : 112,			"method" : "isFileSelector:",			"mutationEnd" : 171		},		{			"operatorDescription" : "Replace #ifTrue:ifFalse: receiver with true",			"class" : "WAFileMetadataLibrary",			"operatorClass" : "ReplaceIfTrueIfFalseReceiverWithTrueOperator",			"mutationStart" : 30,			"method" : "fileResourceOf:",			"mutationEnd" : 146		},		{			"operatorDescription" : "Replace do block with [:each |]",			"class" : "WAFileMetadataLibrary",			"operatorClass" : "ReplaceDoBlockWithEmptyBlockOperator",			"mutationStart" : 262,			"method" : "deployFiles",			"mutationEnd" : 560		},		{			"operatorDescription" : "Remove ^",			"class" : "WAFileMetadataLibrary",			"operatorClass" : "RemoveCaretOperator",			"mutationStart" : 24,			"method" : "fileSizeOf:",			"mutationEnd" : 77		},		{			"operatorDescription" : "Remove ^",			"class" : "WAFileMetadataLibrary class",			"operatorClass" : "RemoveCaretOperator",			"mutationStart" : 335,			"method" : "absolutePathFromRelative:",			"mutationEnd" : 374		},		{			"operatorDescription" : "Replace #ifTrue: receiver with false",			"class" : "WAFileMetadataLibrary class",			"operatorClass" : "ReplaceIfTrueReceiverWithFalseOperator",			"mutationStart" : 142,			"method" : "absolutePathFromRelative:",			"mutationEnd" : 235		},		{			"operatorDescription" : "Replace #ifTrue: receiver with true",			"class" : "WAFileMetadataLibrary class",			"operatorClass" : "ReplaceIfTrueReceiverWithTrueOperator",			"mutationStart" : 142,			"method" : "absolutePathFromRelative:",			"mutationEnd" : 235		},		{			"operatorDescription" : "Replace #ifTrue: with #ifFalse:",			"class" : "WAFileMetadataLibrary class",			"operatorClass" : "ReplaceIfTrueWithIfFalseMutantOperator",			"mutationStart" : 142,			"method" : "absolutePathFromRelative:",			"mutationEnd" : 235		},		{			"operatorDescription" : "Replace #isEmpty with #notEmpty",			"class" : "WAFileMetadataLibrary class",			"operatorClass" : "ReplaceIsEmptyWithNotEmptyMutantOperator",			"mutationStart" : 142,			"method" : "absolutePathFromRelative:",			"mutationEnd" : 157		},		{			"operatorDescription" : "Replace do block with [:each |]",			"class" : "WAFileMetadataLibrary class",			"operatorClass" : "ReplaceDoBlockWithEmptyBlockOperator",			"mutationStart" : 87,			"method" : "recursivelyAddAllFilesIn:relativeToRootDirectory:",			"mutationEnd" : 235		},		{			"operatorDescription" : "Replace do block with [:each |]",			"class" : "WAFileMetadataLibrary class",			"operatorClass" : "ReplaceDoBlockWithEmptyBlockOperator",			"mutationStart" : 239,			"method" : "recursivelyAddAllFilesIn:relativeToRootDirectory:",			"mutationEnd" : 366		},		{			"operatorDescription" : "Replace #= with #'~='",			"class" : "WAFileMetadataLibrary class",			"operatorClass" : "ReplaceEqualWithNotEqualOperator",			"mutationStart" : 216,			"method" : "recursivelyAddAllFilesIn:",			"mutationEnd" : 275		},		{			"operatorDescription" : "Replace #ifTrue:ifFalse: receiver with false",			"class" : "WAFileMetadataLibrary class",			"operatorClass" : "ReplaceIfTrueIfFalseReceiverWithFalseOperator",			"mutationStart" : 291,			"method" : "recursivelyAddAllFilesIn:",			"mutationEnd" : 389		},		{			"operatorDescription" : "Replace #ifTrue:ifFalse: receiver with true",			"class" : "WAFileMetadataLibrary class",			"operatorClass" : "ReplaceIfTrueIfFalseReceiverWithTrueOperator",			"mutationStart" : 291,			"method" : "recursivelyAddAllFilesIn:",			"mutationEnd" : 389		},		{			"operatorDescription" : "Replace #= with #'~='",			"class" : "WAFileMetadataLibrary class",			"operatorClass" : "ReplaceEqualWithNotEqualOperator",			"mutationStart" : 224,			"method" : "addFileAt:relativeToRootDirectory:",			"mutationEnd" : 269		},		{			"operatorDescription" : "Replace #ifTrue: receiver with false",			"class" : "WAFileMetadataLibrary class",			"operatorClass" : "ReplaceIfTrueReceiverWithFalseOperator",			"mutationStart" : 224,			"method" : "addFileAt:relativeToRootDirectory:",			"mutationEnd" : 333		},		{			"operatorDescription" : "Replace #ifTrue: receiver with true",			"class" : "WAFileMetadataLibrary class",			"operatorClass" : "ReplaceIfTrueReceiverWithTrueOperator",			"mutationStart" : 224,			"method" : "addFileAt:relativeToRootDirectory:",			"mutationEnd" : 333		},		{			"operatorDescription" : "Replace #ifTrue: with #ifFalse:",			"class" : "WAFileMetadataLibrary class",			"operatorClass" : "ReplaceIfTrueWithIfFalseMutantOperator",			"mutationStart" : 224,			"method" : "addFileAt:relativeToRootDirectory:",			"mutationEnd" : 333		}	],	"testCase" : "WAFileMetadataLibraryTest",	"unixtime" : 1605175465,	"timeTotal" : 196}