{	"targetClasses" : [		"WAFileLibrary"	],	"testMethodsIgnored" : [ ],	"methodsNotProfiled" : [		"WAFileLibrary>>#documentOf:",		"WAFileLibrary>>#handle:",		"WAFileLibrary>>#asFilename:",		"WAFileLibrary>>#mimetypeForFile:",		"WAFileLibrary>>#mimetypeOf:",		"WAFileLibrary>>#fileSizeOf:",		"WAFileLibrary class>>#addFileNamed:contents:"	],	"numberOfOriginalTestMethods" : 17,	"timeDetail" : [		"init: % 0.66 (1 second 219 milliseconds)",		"assertionAmplification: % 69.45 (2 minutes 7 seconds 413 milliseconds)",		"selection: % 18.15 (33 seconds 296 milliseconds)",		"inputAmplification: % 11.34 (20 seconds 802 milliseconds)",		"finalize: % 0.39 (718 milliseconds)"	],	"notCoveredInAmplified" : [		{			"operatorDescription" : "Remove ^",			"class" : "WAFileLibrary",			"operatorClass" : "RemoveCaretOperator",			"mutationStart" : 199,			"method" : "handle:",			"mutationEnd" : 204		},		{			"operatorDescription" : "Replace #ifFalse: receiver with true",			"class" : "WAFileLibrary",			"operatorClass" : "ReplaceIfFalseReceiverWithTrueOperator",			"mutationStart" : 145,			"method" : "handle:",			"mutationEnd" : 206		},		{			"operatorDescription" : "Replace #ifTrue:ifFalse: receiver with false",			"class" : "WAFileLibrary",			"operatorClass" : "ReplaceIfTrueIfFalseReceiverWithFalseOperator",			"mutationStart" : 253,			"method" : "handle:",			"mutationEnd" : 711		},		{			"operatorDescription" : "Replace do block with [:each |]",			"class" : "WAFileLibrary",			"operatorClass" : "ReplaceDoBlockWithEmptyBlockOperator",			"mutationStart" : 260,			"method" : "deployFiles",			"mutationEnd" : 405		},		{			"operatorDescription" : "Remove ^",			"class" : "WAFileLibrary",			"operatorClass" : "RemoveCaretOperator",			"mutationStart" : 22,			"method" : "fileSizeOf:",			"mutationEnd" : 51		},		{			"operatorDescription" : "Replace #> with #<",			"class" : "WAFileLibrary class",			"operatorClass" : "ReplaceGreaterWithLessMutantOperator",			"mutationStart" : 225,			"method" : "adjustForVisualWorks",			"mutationEnd" : 283		},		{			"operatorDescription" : "Replace #ifTrue: receiver with false",			"class" : "WAFileLibrary class",			"operatorClass" : "ReplaceIfTrueReceiverWithFalseOperator",			"mutationStart" : 225,			"method" : "adjustForVisualWorks",			"mutationEnd" : 420		},		{			"operatorDescription" : "Replace #ifTrue: receiver with true",			"class" : "WAFileLibrary class",			"operatorClass" : "ReplaceIfTrueReceiverWithTrueOperator",			"mutationStart" : 225,			"method" : "adjustForVisualWorks",			"mutationEnd" : 420		},		{			"operatorDescription" : "Replace #ifTrue: with #ifFalse:",			"class" : "WAFileLibrary class",			"operatorClass" : "ReplaceIfTrueWithIfFalseMutantOperator",			"mutationStart" : 225,			"method" : "adjustForVisualWorks",			"mutationEnd" : 420		},		{			"operatorDescription" : "Replace do block with [:each |]",			"class" : "WAFileLibrary class",			"operatorClass" : "ReplaceDoBlockWithEmptyBlockOperator",			"mutationStart" : 146,			"method" : "adjustForVisualWorks",			"mutationEnd" : 422		},		{			"operatorDescription" : "Replace #ifTrue: receiver with false",			"class" : "WAFileLibrary class",			"operatorClass" : "ReplaceIfTrueReceiverWithFalseOperator",			"mutationStart" : 199,			"method" : "migrateToSeaside29",			"mutationEnd" : 389		},		{			"operatorDescription" : "Replace #ifTrue: receiver with true",			"class" : "WAFileLibrary class",			"operatorClass" : "ReplaceIfTrueReceiverWithTrueOperator",			"mutationStart" : 199,			"method" : "migrateToSeaside29",			"mutationEnd" : 389		},		{			"operatorDescription" : "Replace #ifTrue: with #ifFalse:",			"class" : "WAFileLibrary class",			"operatorClass" : "ReplaceIfTrueWithIfFalseMutantOperator",			"mutationStart" : 199,			"method" : "migrateToSeaside29",			"mutationEnd" : 389		},		{			"operatorDescription" : "Replace do block with [:each |]",			"class" : "WAFileLibrary class",			"operatorClass" : "ReplaceDoBlockWithEmptyBlockOperator",			"mutationStart" : 66,			"method" : "migrateToSeaside29",			"mutationEnd" : 391		}	],	"mutationScoreAfter" : 57,	"mutationScoreBefore" : 57,	"testAmpLoc" : 0,	"amplifiedMethods" : [ ],	"testLoc" : "199",	"amplifiedClass" : "WAFileLibraryTest281",	"numberOfAllMutationsInOriginal" : 33,	"targetLoc" : 123,	"newCovered" : [ ],	"timeBudgetFinished" : false,	"notCoveredInOriginal" : [		{			"operatorDescription" : "Remove ^",			"class" : "WAFileLibrary",			"operatorClass" : "RemoveCaretOperator",			"mutationStart" : 199,			"method" : "handle:",			"mutationEnd" : 204		},		{			"operatorDescription" : "Replace #ifFalse: receiver with true",			"class" : "WAFileLibrary",			"operatorClass" : "ReplaceIfFalseReceiverWithTrueOperator",			"mutationStart" : 145,			"method" : "handle:",			"mutationEnd" : 206		},		{			"operatorDescription" : "Replace #ifTrue:ifFalse: receiver with false",			"class" : "WAFileLibrary",			"operatorClass" : "ReplaceIfTrueIfFalseReceiverWithFalseOperator",			"mutationStart" : 253,			"method" : "handle:",			"mutationEnd" : 711		},		{			"operatorDescription" : "Replace do block with [:each |]",			"class" : "WAFileLibrary",			"operatorClass" : "ReplaceDoBlockWithEmptyBlockOperator",			"mutationStart" : 260,			"method" : "deployFiles",			"mutationEnd" : 405		},		{			"operatorDescription" : "Remove ^",			"class" : "WAFileLibrary",			"operatorClass" : "RemoveCaretOperator",			"mutationStart" : 22,			"method" : "fileSizeOf:",			"mutationEnd" : 51		},		{			"operatorDescription" : "Replace #> with #<",			"class" : "WAFileLibrary class",			"operatorClass" : "ReplaceGreaterWithLessMutantOperator",			"mutationStart" : 225,			"method" : "adjustForVisualWorks",			"mutationEnd" : 283		},		{			"operatorDescription" : "Replace #ifTrue: receiver with false",			"class" : "WAFileLibrary class",			"operatorClass" : "ReplaceIfTrueReceiverWithFalseOperator",			"mutationStart" : 225,			"method" : "adjustForVisualWorks",			"mutationEnd" : 420		},		{			"operatorDescription" : "Replace #ifTrue: receiver with true",			"class" : "WAFileLibrary class",			"operatorClass" : "ReplaceIfTrueReceiverWithTrueOperator",			"mutationStart" : 225,			"method" : "adjustForVisualWorks",			"mutationEnd" : 420		},		{			"operatorDescription" : "Replace #ifTrue: with #ifFalse:",			"class" : "WAFileLibrary class",			"operatorClass" : "ReplaceIfTrueWithIfFalseMutantOperator",			"mutationStart" : 225,			"method" : "adjustForVisualWorks",			"mutationEnd" : 420		},		{			"operatorDescription" : "Replace do block with [:each |]",			"class" : "WAFileLibrary class",			"operatorClass" : "ReplaceDoBlockWithEmptyBlockOperator",			"mutationStart" : 146,			"method" : "adjustForVisualWorks",			"mutationEnd" : 422		},		{			"operatorDescription" : "Replace #ifTrue: receiver with false",			"class" : "WAFileLibrary class",			"operatorClass" : "ReplaceIfTrueReceiverWithFalseOperator",			"mutationStart" : 199,			"method" : "migrateToSeaside29",			"mutationEnd" : 389		},		{			"operatorDescription" : "Replace #ifTrue: receiver with true",			"class" : "WAFileLibrary class",			"operatorClass" : "ReplaceIfTrueReceiverWithTrueOperator",			"mutationStart" : 199,			"method" : "migrateToSeaside29",			"mutationEnd" : 389		},		{			"operatorDescription" : "Replace #ifTrue: with #ifFalse:",			"class" : "WAFileLibrary class",			"operatorClass" : "ReplaceIfTrueWithIfFalseMutantOperator",			"mutationStart" : 199,			"method" : "migrateToSeaside29",			"mutationEnd" : 389		},		{			"operatorDescription" : "Replace do block with [:each |]",			"class" : "WAFileLibrary class",			"operatorClass" : "ReplaceDoBlockWithEmptyBlockOperator",			"mutationStart" : 66,			"method" : "migrateToSeaside29",			"mutationEnd" : 391		}	],	"testCase" : "WAFileLibraryTest",	"unixtime" : 1605175659,	"timeTotal" : 183}