{	"targetClasses" : [		"WAFormTag"	],	"testMethodsIgnored" : [ ],	"methodsNotProfiled" : [ ],	"numberOfOriginalTestMethods" : 5,	"timeDetail" : [		"init: % 2.29 (289 milliseconds)",		"assertionAmplification: % 39.61 (4 seconds 999 milliseconds)",		"selection: % 7.08 (893 milliseconds)",		"inputAmplification: % 48.59 (6 seconds 132 milliseconds)",		"finalize: % 2.42 (306 milliseconds)"	],	"notCoveredInAmplified" : [		{			"operatorDescription" : "Replace #and: receiver with true",			"class" : "WAFormTag",			"operatorClass" : "ReplaceAndReceiverWithTrueOperator",			"mutationStart" : 185,			"method" : "isInternetExplorer",			"mutationEnd" : 342		},		{			"operatorDescription" : "Replace #and: with #bEqv:",			"class" : "WAFormTag",			"operatorClass" : "ReplaceAndWithEqvMutantOperator",			"mutationStart" : 185,			"method" : "isInternetExplorer",			"mutationEnd" : 342		}	],	"mutationScoreAfter" : 91,	"mutationScoreBefore" : 91,	"testAmpLoc" : 0,	"amplifiedMethods" : [ ],	"testLoc" : "50",	"amplifiedClass" : "WAFormTagTest86",	"numberOfAllMutationsInOriginal" : 24,	"targetLoc" : 39,	"newCovered" : [ ],	"timeBudgetFinished" : false,	"notCoveredInOriginal" : [		{			"operatorDescription" : "Replace #and: receiver with true",			"class" : "WAFormTag",			"operatorClass" : "ReplaceAndReceiverWithTrueOperator",			"mutationStart" : 185,			"method" : "isInternetExplorer",			"mutationEnd" : 342		},		{			"operatorDescription" : "Replace #and: with #bEqv:",			"class" : "WAFormTag",			"operatorClass" : "ReplaceAndWithEqvMutantOperator",			"mutationStart" : 185,			"method" : "isInternetExplorer",			"mutationEnd" : 342		}	],	"testCase" : "WAFormTagTest",	"unixtime" : 1605095483,	"timeTotal" : 12}