{	"targetClasses" : [		"WAHttpVersion"	],	"testMethodsIgnored" : [ ],	"methodsNotProfiled" : [ ],	"numberOfOriginalTestMethods" : 14,	"timeDetail" : [		"init: % 3.74 (1 second 225 milliseconds)",		"assertionAmplification: % 42.13 (13 seconds 786 milliseconds)",		"selection: % 22.46 (7 seconds 351 milliseconds)",		"inputAmplification: % 28.32 (9 seconds 269 milliseconds)",		"finalize: % 3.34 (1 second 93 milliseconds)"	],	"notCoveredInAmplified" : [		{			"operatorDescription" : "Replace #or: with #bXor:",			"class" : "WAHttpVersion",			"operatorClass" : "ReplaceOrWithXorMutantOperator",			"mutationStart" : 19,			"method" : "<",			"mutationEnd" : 121		},		{			"operatorDescription" : "Replace #or: with #bXor:",			"class" : "WAHttpVersion",			"operatorClass" : "ReplaceOrWithXorMutantOperator",			"mutationStart" : 20,			"method" : "<=",			"mutationEnd" : 68		},		{			"operatorDescription" : "Replace #and: receiver with true",			"class" : "WAHttpVersion",			"operatorClass" : "ReplaceAndReceiverWithTrueOperator",			"mutationStart" : 19,			"method" : "=",			"mutationEnd" : 82		},		{			"operatorDescription" : "Replace #and: with #bEqv:",			"class" : "WAHttpVersion",			"operatorClass" : "ReplaceAndWithEqvMutantOperator",			"mutationStart" : 56,			"method" : ">",			"mutationEnd" : 119		},		{			"operatorDescription" : "Replace #or: with #bXor:",			"class" : "WAHttpVersion",			"operatorClass" : "ReplaceOrWithXorMutantOperator",			"mutationStart" : 19,			"method" : ">",			"mutationEnd" : 121		},		{			"operatorDescription" : "Replace #or: with #bXor:",			"class" : "WAHttpVersion",			"operatorClass" : "ReplaceOrWithXorMutantOperator",			"mutationStart" : 20,			"method" : ">=",			"mutationEnd" : 68		},		{			"operatorDescription" : "Replace #and: receiver with true",			"class" : "WAHttpVersion",			"operatorClass" : "ReplaceAndReceiverWithTrueOperator",			"mutationStart" : 13,			"method" : "isHttp10",			"mutationEnd" : 40		}	],	"mutationScoreAfter" : 91,	"mutationScoreBefore" : 88,	"testAmpLoc" : 160,	"amplifiedMethods" : [		"WAHttpVersionTest224>>#testComparison_amp_A53_A45",		"WAHttpVersionTest224>>#testComparison_amp",		"WAHttpVersionTest224>>#testComparison_amp_A53_A45_O2"	],	"testLoc" : "124",	"amplifiedClass" : "WAHttpVersionTest224",	"numberOfAllMutationsInOriginal" : 87,	"targetLoc" : 73,	"newCovered" : [		{			"operatorDescription" : "Replace #and: with #bEqv:",			"class" : "WAHttpVersion",			"operatorClass" : "ReplaceAndWithEqvMutantOperator",			"mutationStart" : 56,			"method" : "<",			"mutationEnd" : 119		},		{			"operatorDescription" : "Replace #and: receiver with true",			"class" : "WAHttpVersion",			"operatorClass" : "ReplaceAndReceiverWithTrueOperator",			"mutationStart" : 13,			"method" : "isHttp11",			"mutationEnd" : 40		},		{			"operatorDescription" : "Replace #and: with #bEqv:",			"class" : "WAHttpVersion",			"operatorClass" : "ReplaceAndWithEqvMutantOperator",			"mutationStart" : 13,			"method" : "isHttp11",			"mutationEnd" : 40		},		{			"operatorDescription" : "Remove ^",			"class" : "WAHttpVersion",			"operatorClass" : "RemoveCaretOperator",			"mutationStart" : 7,			"method" : "hash",			"mutationEnd" : 37		},		{			"operatorDescription" : "Replace #= with #'~='",			"class" : "WAHttpVersion",			"operatorClass" : "ReplaceEqualWithNotEqualOperator",			"mutationStart" : 30,			"method" : "isHttp10",			"mutationEnd" : 38		},		{			"operatorDescription" : "Replace #and: argument with [true]",			"class" : "WAHttpVersion",			"operatorClass" : "ReplaceAndArgumentWithTrueOperator",			"mutationStart" : 13,			"method" : "isHttp10",			"mutationEnd" : 40		},		{			"operatorDescription" : "Replace #and: with #bEqv:",			"class" : "WAHttpVersion",			"operatorClass" : "ReplaceAndWithEqvMutantOperator",			"mutationStart" : 13,			"method" : "isHttp10",			"mutationEnd" : 40		},		{			"operatorDescription" : "Replace #and: with #nand:",			"class" : "WAHttpVersion",			"operatorClass" : "ReplaceAndWithNandMutantOperator",			"mutationStart" : 13,			"method" : "isHttp10",			"mutationEnd" : 40		},		{			"operatorDescription" : "Replace #and: with #or:",			"class" : "WAHttpVersion",			"operatorClass" : "ReplaceAndWithOrMutantOperator",			"mutationStart" : 13,			"method" : "isHttp10",			"mutationEnd" : 40		},		{			"operatorDescription" : "Replace #and: with false",			"class" : "WAHttpVersion",			"operatorClass" : "ReplaceAndWithFalseOperator",			"mutationStart" : 13,			"method" : "isHttp10",			"mutationEnd" : 40		},		{			"operatorDescription" : "Remove ^",			"class" : "WAHttpVersion class",			"operatorClass" : "RemoveCaretOperator",			"mutationStart" : 22,			"method" : "fromString:",			"mutationEnd" : 56		},		{			"operatorDescription" : "Remove ^",			"class" : "WAHttpVersion class",			"operatorClass" : "RemoveCaretOperator",			"mutationStart" : 9,			"method" : "http10",			"mutationEnd" : 32		},		{			"operatorDescription" : "Remove ^",			"class" : "WAHttpVersion class",			"operatorClass" : "RemoveCaretOperator",			"mutationStart" : 244,			"method" : "readFrom:",			"mutationEnd" : 308		},		{			"operatorDescription" : "Replace #= with #'~='",			"class" : "WAHttpVersion class",			"operatorClass" : "ReplaceEqualWithNotEqualOperator",			"mutationStart" : 40,			"method" : "readFrom:",			"mutationEnd" : 69		},		{			"operatorDescription" : "Replace #= with #'~='",			"class" : "WAHttpVersion class",			"operatorClass" : "ReplaceEqualWithNotEqualOperator",			"mutationStart" : 103,			"method" : "readFrom:",			"mutationEnd" : 119		},		{			"operatorDescription" : "Replace #ifTrue: receiver with false",			"class" : "WAHttpVersion class",			"operatorClass" : "ReplaceIfTrueReceiverWithFalseOperator",			"mutationStart" : 103,			"method" : "readFrom:",			"mutationEnd" : 150		}	],	"timeBudgetFinished" : false,	"notCoveredInOriginal" : [		{			"operatorDescription" : "Replace #and: with #bEqv:",			"class" : "WAHttpVersion",			"operatorClass" : "ReplaceAndWithEqvMutantOperator",			"mutationStart" : 56,			"method" : "<",			"mutationEnd" : 119		},		{			"operatorDescription" : "Replace #or: with #bXor:",			"class" : "WAHttpVersion",			"operatorClass" : "ReplaceOrWithXorMutantOperator",			"mutationStart" : 19,			"method" : "<",			"mutationEnd" : 121		},		{			"operatorDescription" : "Replace #or: with #bXor:",			"class" : "WAHttpVersion",			"operatorClass" : "ReplaceOrWithXorMutantOperator",			"mutationStart" : 20,			"method" : "<=",			"mutationEnd" : 68		},		{			"operatorDescription" : "Replace #and: receiver with true",			"class" : "WAHttpVersion",			"operatorClass" : "ReplaceAndReceiverWithTrueOperator",			"mutationStart" : 19,			"method" : "=",			"mutationEnd" : 82		},		{			"operatorDescription" : "Replace #and: with #bEqv:",			"class" : "WAHttpVersion",			"operatorClass" : "ReplaceAndWithEqvMutantOperator",			"mutationStart" : 56,			"method" : ">",			"mutationEnd" : 119		},		{			"operatorDescription" : "Replace #or: with #bXor:",			"class" : "WAHttpVersion",			"operatorClass" : "ReplaceOrWithXorMutantOperator",			"mutationStart" : 19,			"method" : ">",			"mutationEnd" : 121		},		{			"operatorDescription" : "Replace #and: receiver with true",			"class" : "WAHttpVersion",			"operatorClass" : "ReplaceAndReceiverWithTrueOperator",			"mutationStart" : 13,			"method" : "isHttp11",			"mutationEnd" : 40		},		{			"operatorDescription" : "Replace #and: with #bEqv:",			"class" : "WAHttpVersion",			"operatorClass" : "ReplaceAndWithEqvMutantOperator",			"mutationStart" : 13,			"method" : "isHttp11",			"mutationEnd" : 40		},		{			"operatorDescription" : "Replace #or: with #bXor:",			"class" : "WAHttpVersion",			"operatorClass" : "ReplaceOrWithXorMutantOperator",			"mutationStart" : 20,			"method" : ">=",			"mutationEnd" : 68		},		{			"operatorDescription" : "Remove ^",			"class" : "WAHttpVersion",			"operatorClass" : "RemoveCaretOperator",			"mutationStart" : 7,			"method" : "hash",			"mutationEnd" : 37		}	],	"testCase" : "WAHttpVersionTest",	"unixtime" : 1605173539,	"timeTotal" : 32}