{	"targetClasses" : [		"WAIPSessionTrackingStrategy"	],	"testMethodsIgnored" : [ ],	"methodsNotProfiled" : [ ],	"numberOfOriginalTestMethods" : 6,	"timeDetail" : [		"init: % 0.52 (57 milliseconds)",		"assertionAmplification: % 58.82 (6 seconds 487 milliseconds)",		"selection: % 12.11 (1 second 336 milliseconds)",		"inputAmplification: % 28.08 (3 seconds 97 milliseconds)",		"finalize: % 0.46 (51 milliseconds)"	],	"notCoveredInAmplified" : [		{			"operatorDescription" : "Remove ^",			"class" : "WAIPSessionTrackingStrategy class",			"operatorClass" : "RemoveCaretOperator",			"mutationStart" : 13,			"method" : "isAbstract",			"mutationEnd" : 18		}	],	"mutationScoreAfter" : 50,	"mutationScoreBefore" : 50,	"testAmpLoc" : 0,	"amplifiedMethods" : [ ],	"testLoc" : "10",	"amplifiedClass" : "WAIPSessionTrackingStrategyTest91",	"numberOfAllMutationsInOriginal" : 2,	"targetLoc" : 6,	"newCovered" : [ ],	"timeBudgetFinished" : false,	"notCoveredInOriginal" : [		{			"operatorDescription" : "Remove ^",			"class" : "WAIPSessionTrackingStrategy class",			"operatorClass" : "RemoveCaretOperator",			"mutationStart" : 13,			"method" : "isAbstract",			"mutationEnd" : 18		}	],	"testCase" : "WAIPSessionTrackingStrategyTest",	"unixtime" : 1605094324,	"timeTotal" : 11}