{	"targetClasses" : [		"WAKeyGenerator"	],	"testMethodsIgnored" : [ ],	"methodsNotProfiled" : [		"WAKeyGenerator>>#space:",		"WAKeyGenerator>>#generator:",		"WAKeyGenerator class>>#use:during:",		"WAKeyGenerator class>>#current:"	],	"numberOfOriginalTestMethods" : 1,	"timeDetail" : [		"init: % 1.81 (194 milliseconds)",		"assertionAmplification: % 56.43 (6 seconds 43 milliseconds)",		"selection: % 16.71 (1 second 789 milliseconds)",		"inputAmplification: % 23.83 (2 seconds 552 milliseconds)",		"finalize: % 1.22 (131 milliseconds)"	],	"notCoveredInAmplified" : [		{			"operatorDescription" : "Remove ^",			"class" : "WAKeyGenerator class",			"operatorClass" : "RemoveCaretOperator",			"mutationStart" : 96,			"method" : "use:during:",			"mutationEnd" : 139		}	],	"mutationScoreAfter" : 66,	"mutationScoreBefore" : 66,	"testAmpLoc" : 0,	"amplifiedMethods" : [ ],	"testLoc" : "11",	"amplifiedClass" : "WAKeyGeneratorTest18",	"numberOfAllMutationsInOriginal" : 3,	"targetLoc" : 40,	"newCovered" : [ ],	"timeBudgetFinished" : false,	"notCoveredInOriginal" : [		{			"operatorDescription" : "Remove ^",			"class" : "WAKeyGenerator class",			"operatorClass" : "RemoveCaretOperator",			"mutationStart" : 96,			"method" : "use:during:",			"mutationEnd" : 139		}	],	"testCase" : "WAKeyGeneratorTest",	"unixtime" : 1605094339,	"timeTotal" : 10}