{	"targetClasses" : [		"WALegacyRedirectionHandler"	],	"testMethodsIgnored" : [ ],	"methodsNotProfiled" : [ ],	"numberOfOriginalTestMethods" : 1,	"timeDetail" : [		"init: % 2.88 (50 milliseconds)",		"assertionAmplification: % 49.13 (852 milliseconds)",		"selection: % 9.11 (158 milliseconds)",		"inputAmplification: % 36.62 (635 milliseconds)",		"finalize: % 2.25 (39 milliseconds)"	],	"notCoveredInAmplified" : [ ],	"mutationScoreAfter" : 100,	"mutationScoreBefore" : 0,	"testAmpLoc" : 0,	"amplifiedMethods" : [ ],	"testLoc" : "19",	"amplifiedClass" : "WALegacyRedirectionHandlerTest17",	"numberOfAllMutationsInOriginal" : 1,	"targetLoc" : 12,	"newCovered" : [ ],	"timeBudgetFinished" : false,	"notCoveredInOriginal" : [		{			"operatorDescription" : "Remove ^",			"class" : "WALegacyRedirectionHandler class",			"operatorClass" : "RemoveCaretOperator",			"mutationStart" : 14,			"method" : "description",			"mutationEnd" : 35		}	],	"testCase" : "WALegacyRedirectionHandlerTest",	"unixtime" : 1605094422,	"timeTotal" : 1}