{	"targetClasses" : [		"WALocale"	],	"testMethodsIgnored" : [ ],	"methodsNotProfiled" : [		"WALocale>>#printOn:"	],	"numberOfOriginalTestMethods" : 7,	"timeDetail" : [		"init: % 3.41 (566 milliseconds)",		"assertionAmplification: % 46.53 (7 seconds 720 milliseconds)",		"selection: % 24.99 (4 seconds 146 milliseconds)",		"inputAmplification: % 21.55 (3 seconds 575 milliseconds)",		"finalize: % 3.51 (583 milliseconds)"	],	"notCoveredInAmplified" : [		{			"operatorDescription" : "Remove ^",			"class" : "WALocale",			"operatorClass" : "RemoveCaretOperator",			"mutationStart" : 431,			"method" : "greaseString",			"mutationEnd" : 438		},		{			"operatorDescription" : "Replace do block with [:each |]",			"class" : "WALocale class",			"operatorClass" : "ReplaceDoBlockWithEmptyBlockOperator",			"mutationStart" : 92,			"method" : "initializeCountryList",			"mutationEnd" : 231		},		{			"operatorDescription" : "Remove ^",			"class" : "WALocale class",			"operatorClass" : "RemoveCaretOperator",			"mutationStart" : 14,			"method" : "countryList",			"mutationEnd" : 6485		},		{			"operatorDescription" : "Remove ^",			"class" : "WALocale class",			"operatorClass" : "RemoveCaretOperator",			"mutationStart" : 15,			"method" : "languageList",			"mutationEnd" : 11802		},		{			"operatorDescription" : "Replace #> with #<",			"class" : "WALocale class",			"operatorClass" : "ReplaceGreaterWithLessMutantOperator",			"mutationStart" : 129,			"method" : "initializeLangaugeList",			"mutationEnd" : 141		},		{			"operatorDescription" : "Replace #ifTrue:ifFalse: receiver with false",			"class" : "WALocale class",			"operatorClass" : "ReplaceIfTrueIfFalseReceiverWithFalseOperator",			"mutationStart" : 129,			"method" : "initializeLangaugeList",			"mutationEnd" : 322		},		{			"operatorDescription" : "Replace #ifTrue:ifFalse: receiver with true",			"class" : "WALocale class",			"operatorClass" : "ReplaceIfTrueIfFalseReceiverWithTrueOperator",			"mutationStart" : 129,			"method" : "initializeLangaugeList",			"mutationEnd" : 322		},		{			"operatorDescription" : "Replace do block with [:each |]",			"class" : "WALocale class",			"operatorClass" : "ReplaceDoBlockWithEmptyBlockOperator",			"mutationStart" : 95,			"method" : "initializeLangaugeList",			"mutationEnd" : 324		}	],	"mutationScoreAfter" : 78,	"mutationScoreBefore" : 78,	"testAmpLoc" : 0,	"amplifiedMethods" : [ ],	"testLoc" : "59",	"amplifiedClass" : "WALocaleTest112",	"numberOfAllMutationsInOriginal" : 37,	"targetLoc" : 153,	"newCovered" : [ ],	"timeBudgetFinished" : false,	"notCoveredInOriginal" : [		{			"operatorDescription" : "Remove ^",			"class" : "WALocale",			"operatorClass" : "RemoveCaretOperator",			"mutationStart" : 431,			"method" : "greaseString",			"mutationEnd" : 438		},		{			"operatorDescription" : "Replace do block with [:each |]",			"class" : "WALocale class",			"operatorClass" : "ReplaceDoBlockWithEmptyBlockOperator",			"mutationStart" : 92,			"method" : "initializeCountryList",			"mutationEnd" : 231		},		{			"operatorDescription" : "Remove ^",			"class" : "WALocale class",			"operatorClass" : "RemoveCaretOperator",			"mutationStart" : 14,			"method" : "countryList",			"mutationEnd" : 6485		},		{			"operatorDescription" : "Remove ^",			"class" : "WALocale class",			"operatorClass" : "RemoveCaretOperator",			"mutationStart" : 15,			"method" : "languageList",			"mutationEnd" : 11802		},		{			"operatorDescription" : "Replace #> with #<",			"class" : "WALocale class",			"operatorClass" : "ReplaceGreaterWithLessMutantOperator",			"mutationStart" : 129,			"method" : "initializeLangaugeList",			"mutationEnd" : 141		},		{			"operatorDescription" : "Replace #ifTrue:ifFalse: receiver with false",			"class" : "WALocale class",			"operatorClass" : "ReplaceIfTrueIfFalseReceiverWithFalseOperator",			"mutationStart" : 129,			"method" : "initializeLangaugeList",			"mutationEnd" : 322		},		{			"operatorDescription" : "Replace #ifTrue:ifFalse: receiver with true",			"class" : "WALocale class",			"operatorClass" : "ReplaceIfTrueIfFalseReceiverWithTrueOperator",			"mutationStart" : 129,			"method" : "initializeLangaugeList",			"mutationEnd" : 322		},		{			"operatorDescription" : "Replace do block with [:each |]",			"class" : "WALocale class",			"operatorClass" : "ReplaceDoBlockWithEmptyBlockOperator",			"mutationStart" : 95,			"method" : "initializeLangaugeList",			"mutationEnd" : 324		}	],	"testCase" : "WALocaleTest",	"unixtime" : 1605095984,	"timeTotal" : 16}