{	"targetClasses" : [		"WAMergedRequestFields"	],	"testMethodsIgnored" : [ ],	"methodsNotProfiled" : [ ],	"numberOfOriginalTestMethods" : 16,	"timeDetail" : [		"init: % 1.01 (404 milliseconds)",		"assertionAmplification: % 44.34 (17 seconds 825 milliseconds)",		"selection: % 8.97 (3 seconds 605 milliseconds)",		"inputAmplification: % 44.53 (17 seconds 899 milliseconds)",		"finalize: % 1.15 (464 milliseconds)"	],	"notCoveredInAmplified" : [ ],	"mutationScoreAfter" : 100,	"mutationScoreBefore" : 96,	"testAmpLoc" : 9,	"amplifiedMethods" : [		"WAMergedRequestFieldsTest264>>#testAt_amp_L3_A10"	],	"testLoc" : "143",	"amplifiedClass" : "WAMergedRequestFieldsTest264",	"numberOfAllMutationsInOriginal" : 31,	"targetLoc" : 56,	"newCovered" : [		{			"operatorDescription" : "Remove ^",			"class" : "WAMergedRequestFields",			"operatorClass" : "RemoveCaretOperator",			"mutationStart" : 125,			"method" : "at:ifPresent:",			"mutationEnd" : 129		}	],	"timeBudgetFinished" : false,	"notCoveredInOriginal" : [		{			"operatorDescription" : "Remove ^",			"class" : "WAMergedRequestFields",			"operatorClass" : "RemoveCaretOperator",			"mutationStart" : 125,			"method" : "at:ifPresent:",			"mutationEnd" : 129		}	],	"testCase" : "WAMergedRequestFieldsTest",	"unixtime" : 1605174762,	"timeTotal" : 40}