{	"targetClasses" : [		"WAMimeType"	],	"testMethodsIgnored" : [ ],	"methodsNotProfiled" : [		"WAMimeType>>#parameterAt:put:",		"WAMimeType>>#printOn:"	],	"numberOfOriginalTestMethods" : 12,	"timeDetail" : [		"init: % 3.72 (1 second 860 milliseconds)",		"assertionAmplification: % 39.78 (19 seconds 914 milliseconds)",		"selection: % 24.30 (12 seconds 163 milliseconds)",		"inputAmplification: % 28.55 (14 seconds 293 milliseconds)",		"finalize: % 3.66 (1 second 831 milliseconds)"	],	"notCoveredInAmplified" : [		{			"operatorDescription" : "Replace #or: with #bXor:",			"class" : "WAMimeType",			"operatorClass" : "ReplaceOrWithXorMutantOperator",			"mutationStart" : 104,			"method" : "isNonStandard",			"mutationEnd" : 296		},		{			"operatorDescription" : "Replace #or: with #bXor:",			"class" : "WAMimeType",			"operatorClass" : "ReplaceOrWithXorMutantOperator",			"mutationStart" : 154,			"method" : "isNonStandard",			"mutationEnd" : 294		},		{			"operatorDescription" : "Replace #or: with #bXor:",			"class" : "WAMimeType",			"operatorClass" : "ReplaceOrWithXorMutantOperator",			"mutationStart" : 204,			"method" : "isNonStandard",			"mutationEnd" : 292		},		{			"operatorDescription" : "Replace #and: with #bEqv:",			"class" : "WAMimeType",			"operatorClass" : "ReplaceAndWithEqvMutantOperator",			"mutationStart" : 131,			"method" : "matches:",			"mutationEnd" : 260		},		{			"operatorDescription" : "Replace #or: with #bXor:",			"class" : "WAMimeType",			"operatorClass" : "ReplaceOrWithXorMutantOperator",			"mutationStart" : 131,			"method" : "matches:",			"mutationEnd" : 189		},		{			"operatorDescription" : "Replace #or: with #bXor:",			"class" : "WAMimeType",			"operatorClass" : "ReplaceOrWithXorMutantOperator",			"mutationStart" : 203,			"method" : "matches:",			"mutationEnd" : 258		},		{			"operatorDescription" : "Replace #and: receiver with true",			"class" : "WAMimeType",			"operatorClass" : "ReplaceAndReceiverWithTrueOperator",			"mutationStart" : 12,			"method" : "=",			"mutationEnd" : 105		},		{			"operatorDescription" : "Replace #and: receiver with true",			"class" : "WAMimeType",			"operatorClass" : "ReplaceAndReceiverWithTrueOperator",			"mutationStart" : 50,			"method" : "=",			"mutationEnd" : 103		},		{			"operatorDescription" : "Replace #and: with #bEqv:",			"class" : "WAMimeType",			"operatorClass" : "ReplaceAndWithEqvMutantOperator",			"mutationStart" : 12,			"method" : "=",			"mutationEnd" : 105		},		{			"operatorDescription" : "Replace #and: with #bEqv:",			"class" : "WAMimeType",			"operatorClass" : "ReplaceAndWithEqvMutantOperator",			"mutationStart" : 50,			"method" : "=",			"mutationEnd" : 103		},		{			"operatorDescription" : "Replace #ifTrue: receiver with true",			"class" : "WAMimeType",			"operatorClass" : "ReplaceIfTrueReceiverWithTrueOperator",			"mutationStart" : 136,			"method" : "isBinary",			"mutationEnd" : 245		},		{			"operatorDescription" : "Replace #ifFalse: receiver with false",			"class" : "WAMimeType",			"operatorClass" : "ReplaceIfFalseReceiverWithFalseOperator",			"mutationStart" : 86,			"method" : "greaseString",			"mutationEnd" : 222		},		{			"operatorDescription" : "Replace #ifFalse: receiver with false",			"class" : "WAMimeType",			"operatorClass" : "ReplaceIfFalseReceiverWithFalseOperator",			"mutationStart" : 400,			"method" : "greaseString",			"mutationEnd" : 564		},		{			"operatorDescription" : "Remove ^",			"class" : "WAMimeType class",			"operatorClass" : "RemoveCaretOperator",			"mutationStart" : 687,			"method" : "fromString:",			"mutationEnd" : 719		},		{			"operatorDescription" : "Replace #ifTrue: receiver with false",			"class" : "WAMimeType class",			"operatorClass" : "ReplaceIfTrueReceiverWithFalseOperator",			"mutationStart" : 651,			"method" : "fromString:",			"mutationEnd" : 721		},		{			"operatorDescription" : "Remove ^",			"class" : "WAMimeType class",			"operatorClass" : "RemoveCaretOperator",			"mutationStart" : 11,			"method" : "textHtml",			"mutationEnd" : 41		},		{			"operatorDescription" : "Remove ^",			"class" : "WAMimeType class",			"operatorClass" : "RemoveCaretOperator",			"mutationStart" : 20,			"method" : "applicationRssXml",			"mutationEnd" : 60		},		{			"operatorDescription" : "Remove ^",			"class" : "WAMimeType class",			"operatorClass" : "RemoveCaretOperator",			"mutationStart" : 17,			"method" : "textJavascript",			"mutationEnd" : 53		},		{			"operatorDescription" : "Remove ^",			"class" : "WAMimeType class",			"operatorClass" : "RemoveCaretOperator",			"mutationStart" : 12,			"method" : "textPlain",			"mutationEnd" : 43		},		{			"operatorDescription" : "Remove ^",			"class" : "WAMimeType class",			"operatorClass" : "RemoveCaretOperator",			"mutationStart" : 18,			"method" : "applicationJson",			"mutationEnd" : 55		},		{			"operatorDescription" : "Remove ^",			"class" : "WAMimeType class",			"operatorClass" : "RemoveCaretOperator",			"mutationStart" : 10,			"method" : "textCss",			"mutationEnd" : 39		},		{			"operatorDescription" : "Remove ^",			"class" : "WAMimeType class",			"operatorClass" : "RemoveCaretOperator",			"mutationStart" : 21,			"method" : "applicationAtomXml",			"mutationEnd" : 62		},		{			"operatorDescription" : "Remove ^",			"class" : "WAMimeType class",			"operatorClass" : "RemoveCaretOperator",			"mutationStart" : 12,			"method" : "imageJpeg",			"mutationEnd" : 43		},		{			"operatorDescription" : "Remove ^",			"class" : "WAMimeType class",			"operatorClass" : "RemoveCaretOperator",			"mutationStart" : 25,			"method" : "applicationOctetStream",			"mutationEnd" : 70		},		{			"operatorDescription" : "Remove ^",			"class" : "WAMimeType class",			"operatorClass" : "RemoveCaretOperator",			"mutationStart" : 11,			"method" : "imagePng",			"mutationEnd" : 41		},		{			"operatorDescription" : "Remove ^",			"class" : "WAMimeType class",			"operatorClass" : "RemoveCaretOperator",			"mutationStart" : 11,			"method" : "imageGif",			"mutationEnd" : 41		},		{			"operatorDescription" : "Remove ^",			"class" : "WAMimeType class",			"operatorClass" : "RemoveCaretOperator",			"mutationStart" : 17,			"method" : "formUrlencoded",			"mutationEnd" : 71		}	],	"mutationScoreAfter" : 78,	"mutationScoreBefore" : 77,	"testAmpLoc" : 62,	"amplifiedMethods" : [		"WAMimeTypeTest200>>#testBasic_amp_A11",		"WAMimeTypeTest200>>#testCharSet_amp_A16_A24_A30"	],	"testLoc" : "112",	"amplifiedClass" : "WAMimeTypeTest200",	"numberOfAllMutationsInOriginal" : 127,	"targetLoc" : 223,	"newCovered" : [		{			"operatorDescription" : "Replace #and: with #nand:",			"class" : "WAMimeType",			"operatorClass" : "ReplaceAndWithNandMutantOperator",			"mutationStart" : 12,			"method" : "=",			"mutationEnd" : 105		},		{			"operatorDescription" : "Replace #and: with #nand:",			"class" : "WAMimeType",			"operatorClass" : "ReplaceAndWithNandMutantOperator",			"mutationStart" : 50,			"method" : "=",			"mutationEnd" : 103		},		{			"operatorDescription" : "Replace #and: with #or:",			"class" : "WAMimeType",			"operatorClass" : "ReplaceAndWithOrMutantOperator",			"mutationStart" : 12,			"method" : "=",			"mutationEnd" : 105		},		{			"operatorDescription" : "Replace #and: with #or:",			"class" : "WAMimeType",			"operatorClass" : "ReplaceAndWithOrMutantOperator",			"mutationStart" : 50,			"method" : "=",			"mutationEnd" : 103		},		{			"operatorDescription" : "Replace #and: with false",			"class" : "WAMimeType",			"operatorClass" : "ReplaceAndWithFalseOperator",			"mutationStart" : 12,			"method" : "=",			"mutationEnd" : 105		},		{			"operatorDescription" : "Replace #and: with false",			"class" : "WAMimeType",			"operatorClass" : "ReplaceAndWithFalseOperator",			"mutationStart" : 50,			"method" : "=",			"mutationEnd" : 103		},		{			"operatorDescription" : "Remove ^",			"class" : "WAMimeType",			"operatorClass" : "RemoveCaretOperator",			"mutationStart" : 7,			"method" : "main",			"mutationEnd" : 12		},		{			"operatorDescription" : "Remove ^",			"class" : "WAMimeType",			"operatorClass" : "RemoveCaretOperator",			"mutationStart" : 6,			"method" : "sub",			"mutationEnd" : 10		},		{			"operatorDescription" : "Remove ^",			"class" : "WAMimeType",			"operatorClass" : "RemoveCaretOperator",			"mutationStart" : 7,			"method" : "hash",			"mutationEnd" : 44		},		{			"operatorDescription" : "Remove at:ifAbsent:",			"class" : "WAMimeType",			"operatorClass" : "RemoveAtIfAbsentOperator",			"mutationStart" : 12,			"method" : "charSet",			"mutationEnd" : 58		}	],	"timeBudgetFinished" : false,	"notCoveredInOriginal" : [		{			"operatorDescription" : "Replace #or: with #bXor:",			"class" : "WAMimeType",			"operatorClass" : "ReplaceOrWithXorMutantOperator",			"mutationStart" : 104,			"method" : "isNonStandard",			"mutationEnd" : 296		},		{			"operatorDescription" : "Replace #or: with #bXor:",			"class" : "WAMimeType",			"operatorClass" : "ReplaceOrWithXorMutantOperator",			"mutationStart" : 154,			"method" : "isNonStandard",			"mutationEnd" : 294		},		{			"operatorDescription" : "Replace #or: with #bXor:",			"class" : "WAMimeType",			"operatorClass" : "ReplaceOrWithXorMutantOperator",			"mutationStart" : 204,			"method" : "isNonStandard",			"mutationEnd" : 292		},		{			"operatorDescription" : "Replace #and: with #bEqv:",			"class" : "WAMimeType",			"operatorClass" : "ReplaceAndWithEqvMutantOperator",			"mutationStart" : 131,			"method" : "matches:",			"mutationEnd" : 260		},		{			"operatorDescription" : "Replace #or: with #bXor:",			"class" : "WAMimeType",			"operatorClass" : "ReplaceOrWithXorMutantOperator",			"mutationStart" : 131,			"method" : "matches:",			"mutationEnd" : 189		},		{			"operatorDescription" : "Replace #or: with #bXor:",			"class" : "WAMimeType",			"operatorClass" : "ReplaceOrWithXorMutantOperator",			"mutationStart" : 203,			"method" : "matches:",			"mutationEnd" : 258		},		{			"operatorDescription" : "Replace #and: receiver with true",			"class" : "WAMimeType",			"operatorClass" : "ReplaceAndReceiverWithTrueOperator",			"mutationStart" : 12,			"method" : "=",			"mutationEnd" : 105		},		{			"operatorDescription" : "Replace #and: receiver with true",			"class" : "WAMimeType",			"operatorClass" : "ReplaceAndReceiverWithTrueOperator",			"mutationStart" : 50,			"method" : "=",			"mutationEnd" : 103		},		{			"operatorDescription" : "Replace #and: with #bEqv:",			"class" : "WAMimeType",			"operatorClass" : "ReplaceAndWithEqvMutantOperator",			"mutationStart" : 12,			"method" : "=",			"mutationEnd" : 105		},		{			"operatorDescription" : "Replace #ifTrue: receiver with true",			"class" : "WAMimeType",			"operatorClass" : "ReplaceIfTrueReceiverWithTrueOperator",			"mutationStart" : 136,			"method" : "isBinary",			"mutationEnd" : 245		},		{			"operatorDescription" : "Replace #ifFalse: receiver with false",			"class" : "WAMimeType",			"operatorClass" : "ReplaceIfFalseReceiverWithFalseOperator",			"mutationStart" : 86,			"method" : "greaseString",			"mutationEnd" : 222		},		{			"operatorDescription" : "Replace #ifFalse: receiver with false",			"class" : "WAMimeType",			"operatorClass" : "ReplaceIfFalseReceiverWithFalseOperator",			"mutationStart" : 400,			"method" : "greaseString",			"mutationEnd" : 564		},		{			"operatorDescription" : "Remove ^",			"class" : "WAMimeType",			"operatorClass" : "RemoveCaretOperator",			"mutationStart" : 7,			"method" : "hash",			"mutationEnd" : 44		},		{			"operatorDescription" : "Remove at:ifAbsent:",			"class" : "WAMimeType",			"operatorClass" : "RemoveAtIfAbsentOperator",			"mutationStart" : 12,			"method" : "charSet",			"mutationEnd" : 58		},		{			"operatorDescription" : "Remove ^",			"class" : "WAMimeType class",			"operatorClass" : "RemoveCaretOperator",			"mutationStart" : 687,			"method" : "fromString:",			"mutationEnd" : 719		},		{			"operatorDescription" : "Replace #ifTrue: receiver with false",			"class" : "WAMimeType class",			"operatorClass" : "ReplaceIfTrueReceiverWithFalseOperator",			"mutationStart" : 651,			"method" : "fromString:",			"mutationEnd" : 721		},		{			"operatorDescription" : "Remove ^",			"class" : "WAMimeType class",			"operatorClass" : "RemoveCaretOperator",			"mutationStart" : 11,			"method" : "textHtml",			"mutationEnd" : 41		},		{			"operatorDescription" : "Remove ^",			"class" : "WAMimeType class",			"operatorClass" : "RemoveCaretOperator",			"mutationStart" : 20,			"method" : "applicationRssXml",			"mutationEnd" : 60		},		{			"operatorDescription" : "Remove ^",			"class" : "WAMimeType class",			"operatorClass" : "RemoveCaretOperator",			"mutationStart" : 17,			"method" : "textJavascript",			"mutationEnd" : 53		},		{			"operatorDescription" : "Remove ^",			"class" : "WAMimeType class",			"operatorClass" : "RemoveCaretOperator",			"mutationStart" : 12,			"method" : "textPlain",			"mutationEnd" : 43		},		{			"operatorDescription" : "Remove ^",			"class" : "WAMimeType class",			"operatorClass" : "RemoveCaretOperator",			"mutationStart" : 18,			"method" : "applicationJson",			"mutationEnd" : 55		},		{			"operatorDescription" : "Remove ^",			"class" : "WAMimeType class",			"operatorClass" : "RemoveCaretOperator",			"mutationStart" : 10,			"method" : "textCss",			"mutationEnd" : 39		},		{			"operatorDescription" : "Remove ^",			"class" : "WAMimeType class",			"operatorClass" : "RemoveCaretOperator",			"mutationStart" : 21,			"method" : "applicationAtomXml",			"mutationEnd" : 62		},		{			"operatorDescription" : "Remove ^",			"class" : "WAMimeType class",			"operatorClass" : "RemoveCaretOperator",			"mutationStart" : 12,			"method" : "imageJpeg",			"mutationEnd" : 43		},		{			"operatorDescription" : "Remove ^",			"class" : "WAMimeType class",			"operatorClass" : "RemoveCaretOperator",			"mutationStart" : 25,			"method" : "applicationOctetStream",			"mutationEnd" : 70		},		{			"operatorDescription" : "Remove ^",			"class" : "WAMimeType class",			"operatorClass" : "RemoveCaretOperator",			"mutationStart" : 11,			"method" : "imagePng",			"mutationEnd" : 41		},		{			"operatorDescription" : "Remove ^",			"class" : "WAMimeType class",			"operatorClass" : "RemoveCaretOperator",			"mutationStart" : 11,			"method" : "imageGif",			"mutationEnd" : 41		},		{			"operatorDescription" : "Remove ^",			"class" : "WAMimeType class",			"operatorClass" : "RemoveCaretOperator",			"mutationStart" : 17,			"method" : "formUrlencoded",			"mutationEnd" : 71		}	],	"testCase" : "WAMimeTypeTest",	"unixtime" : 1605173493,	"timeTotal" : 50}