{	"targetClasses" : [		"WAObject"	],	"testMethodsIgnored" : [ ],	"methodsNotProfiled" : [ ],	"numberOfOriginalTestMethods" : 2,	"timeDetail" : [		"init: % 1.76 (77 milliseconds)",		"assertionAmplification: % 61.30 (2 seconds 679 milliseconds)",		"selection: % 9.27 (405 milliseconds)",		"inputAmplification: % 26.06 (1 second 139 milliseconds)",		"finalize: % 1.60 (70 milliseconds)"	],	"notCoveredInAmplified" : [ ],	"mutationScoreAfter" : 100,	"mutationScoreBefore" : 50,	"testAmpLoc" : 0,	"amplifiedMethods" : [ ],	"testLoc" : "11",	"amplifiedClass" : "WAObjectTest35",	"numberOfAllMutationsInOriginal" : 4,	"targetLoc" : 13,	"newCovered" : [ ],	"timeBudgetFinished" : false,	"notCoveredInOriginal" : [		{			"operatorDescription" : "Remove ^",			"class" : "WAObject",			"operatorClass" : "RemoveCaretOperator",			"mutationStart" : 88,			"method" : "session",			"mutationEnd" : 116		},		{			"operatorDescription" : "Remove ^",			"class" : "WAObject",			"operatorClass" : "RemoveCaretOperator",			"mutationStart" : 100,			"method" : "application",			"mutationEnd" : 132		}	],	"testCase" : "WAObjectTest",	"unixtime" : 1605094343,	"timeTotal" : 4}