{	"targetClasses" : [		"WAPharoEncoder"	],	"testMethodsIgnored" : [ ],	"methodsNotProfiled" : [		"WAPharoEncoder>>#basicNextPutAll:",		"WAPharoEncoder>>#nextPut:",		"WAPharoEncoder>>#includesUnsafeCharacter:",		"WAPharoEncoder>>#greaseNext:putAllFast:startingAt:",		"WAPharoEncoder>>#greaseNext:putAll:startingAt:",		"WAPharoEncoder>>#nextPutAllFast:",		"WAPharoEncoder>>#initializeOn:table:delegate:",		"WAPharoEncoder>>#nextPutAll:",		"WAPharoEncoder>>#basicNextPut:",		"WAPharoEncoder class>>#delegateOn:",		"WAPharoEncoder class>>#on:",		"WAPharoEncoder class>>#on:codec:"	],	"numberOfOriginalTestMethods" : 14,	"timeDetail" : [		"init: % 2.67 (1 second 402 milliseconds)",		"assertionAmplification: % 31.30 (16 seconds 430 milliseconds)",		"selection: % 21.45 (11 seconds 257 milliseconds)",		"inputAmplification: % 42.10 (22 seconds 96 milliseconds)",		"finalize: % 2.48 (1 second 304 milliseconds)"	],	"notCoveredInAmplified" : [		{			"operatorDescription" : "Replace #'>=' with #=",			"class" : "WAPharoEncoder",			"operatorClass" : "ReplaceGreaterOrEqualWithEqualMutantOperator",			"mutationStart" : 888,			"method" : "greaseNext:putAllFast:startingAt:",			"mutationEnd" : 924		},		{			"operatorDescription" : "Replace #'>=' with #=",			"class" : "WAPharoEncoder",			"operatorClass" : "ReplaceGreaterOrEqualWithEqualMutantOperator",			"mutationStart" : 944,			"method" : "greaseNext:putAllFast:startingAt:",			"mutationEnd" : 980		},		{			"operatorDescription" : "Replace #'>=' with #>",			"class" : "WAPharoEncoder",			"operatorClass" : "ReplaceGreaterOrEqualWithGreaterMutantOperator",			"mutationStart" : 370,			"method" : "greaseNext:putAllFast:startingAt:",			"mutationEnd" : 406		},		{			"operatorDescription" : "Replace #'>=' with #>",			"class" : "WAPharoEncoder",			"operatorClass" : "ReplaceGreaterOrEqualWithGreaterMutantOperator",			"mutationStart" : 944,			"method" : "greaseNext:putAllFast:startingAt:",			"mutationEnd" : 980		},		{			"operatorDescription" : "Replace #+ with #-",			"class" : "WAPharoEncoder",			"operatorClass" : "ReplacePlusWithMinusMutantOperator",			"mutationStart" : 442,			"method" : "greaseNext:putAllFast:startingAt:",			"mutationEnd" : 479		},		{			"operatorDescription" : "Replace #+ with #-",			"class" : "WAPharoEncoder",			"operatorClass" : "ReplacePlusWithMinusMutantOperator",			"mutationStart" : 442,			"method" : "greaseNext:putAllFast:startingAt:",			"mutationEnd" : 463		},		{			"operatorDescription" : "Replace #ifFalse: receiver with false",			"class" : "WAPharoEncoder",			"operatorClass" : "ReplaceIfFalseReceiverWithFalseOperator",			"mutationStart" : 944,			"method" : "greaseNext:putAllFast:startingAt:",			"mutationEnd" : 1091		},		{			"operatorDescription" : "Replace #or: with #bXor:",			"class" : "WAPharoEncoder",			"operatorClass" : "ReplaceOrWithXorMutantOperator",			"mutationStart" : 214,			"method" : "greaseNext:putAllFast:startingAt:",			"mutationEnd" : 273		},		{			"operatorDescription" : "Replace #or: with #bXor:",			"class" : "WAPharoEncoder",			"operatorClass" : "ReplaceOrWithXorMutantOperator",			"mutationStart" : 867,			"method" : "greaseNext:putAllFast:startingAt:",			"mutationEnd" : 927		},		{			"operatorDescription" : "Replace #ifTrue:ifFalse: receiver with true",			"class" : "WAPharoEncoder",			"operatorClass" : "ReplaceIfTrueIfFalseReceiverWithTrueOperator",			"mutationStart" : 67,			"method" : "greaseNext:putAll:startingAt:",			"mutationEnd" : 267		},		{			"operatorDescription" : "Replace #- with #+",			"class" : "WAPharoEncoder",			"operatorClass" : "ReplaceMinusWithPlusMutantOperator",			"mutationStart" : 614,			"method" : "nextPutAllFast:",			"mutationEnd" : 641		},		{			"operatorDescription" : "Replace #ifTrue: receiver with true",			"class" : "WAPharoEncoder",			"operatorClass" : "ReplaceIfTrueReceiverWithTrueOperator",			"mutationStart" : 227,			"method" : "nextPutAllFast:",			"mutationEnd" : 345		},		{			"operatorDescription" : "Replace #ifTrue:ifFalse: receiver with false",			"class" : "WAPharoEncoder",			"operatorClass" : "ReplaceIfTrueIfFalseReceiverWithFalseOperator",			"mutationStart" : 22,			"method" : "nextPutAll:",			"mutationEnd" : 167		}	],	"mutationScoreAfter" : 80,	"mutationScoreBefore" : 77,	"testAmpLoc" : 13,	"amplifiedMethods" : [		"WAPharoEncoderTest233>>#testGreaseNextPutAllStartingAt_amp_U1"	],	"testLoc" : "54",	"amplifiedClass" : "WAPharoEncoderTest233",	"numberOfAllMutationsInOriginal" : 67,	"targetLoc" : 74,	"newCovered" : [		{			"operatorDescription" : "Remove ^",			"class" : "WAPharoEncoder",			"operatorClass" : "RemoveCaretOperator",			"mutationStart" : 421,			"method" : "greaseNext:putAllFast:startingAt:",			"mutationEnd" : 521		},		{			"operatorDescription" : "Replace #'>=' with #=",			"class" : "WAPharoEncoder",			"operatorClass" : "ReplaceGreaterOrEqualWithEqualMutantOperator",			"mutationStart" : 370,			"method" : "greaseNext:putAllFast:startingAt:",			"mutationEnd" : 406		},		{			"operatorDescription" : "Replace #- with #+",			"class" : "WAPharoEncoder",			"operatorClass" : "ReplaceMinusWithPlusMutantOperator",			"mutationStart" : 442,			"method" : "greaseNext:putAllFast:startingAt:",			"mutationEnd" : 475		},		{			"operatorDescription" : "Replace #ifTrue: receiver with false",			"class" : "WAPharoEncoder",			"operatorClass" : "ReplaceIfTrueReceiverWithFalseOperator",			"mutationStart" : 370,			"method" : "greaseNext:putAllFast:startingAt:",			"mutationEnd" : 523		},		{			"operatorDescription" : "Replace #or: argument with [false]",			"class" : "WAPharoEncoder",			"operatorClass" : "ReplaceOrArgumentWithFalseOperator",			"mutationStart" : 214,			"method" : "greaseNext:putAllFast:startingAt:",			"mutationEnd" : 273		},		{			"operatorDescription" : "Replace #or: argument with [false]",			"class" : "WAPharoEncoder",			"operatorClass" : "ReplaceOrArgumentWithFalseOperator",			"mutationStart" : 867,			"method" : "greaseNext:putAllFast:startingAt:",			"mutationEnd" : 927		},		{			"operatorDescription" : "Replace #or: receiver with false",			"class" : "WAPharoEncoder",			"operatorClass" : "ReplaceOrReceiverWithFalseOperator",			"mutationStart" : 214,			"method" : "greaseNext:putAllFast:startingAt:",			"mutationEnd" : 273		},		{			"operatorDescription" : "Replace #or: receiver with false",			"class" : "WAPharoEncoder",			"operatorClass" : "ReplaceOrReceiverWithFalseOperator",			"mutationStart" : 867,			"method" : "greaseNext:putAllFast:startingAt:",			"mutationEnd" : 927		},		{			"operatorDescription" : "Replace #or: with #and:",			"class" : "WAPharoEncoder",			"operatorClass" : "ReplaceOrWithAndMutantOperator",			"mutationStart" : 214,			"method" : "greaseNext:putAllFast:startingAt:",			"mutationEnd" : 273		},		{			"operatorDescription" : "Replace #or: with #and:",			"class" : "WAPharoEncoder",			"operatorClass" : "ReplaceOrWithAndMutantOperator",			"mutationStart" : 867,			"method" : "greaseNext:putAllFast:startingAt:",			"mutationEnd" : 927		},		{			"operatorDescription" : "Replace #or: with true",			"class" : "WAPharoEncoder",			"operatorClass" : "ReplaceOrWithTrueOperator",			"mutationStart" : 867,			"method" : "greaseNext:putAllFast:startingAt:",			"mutationEnd" : 927		},		{			"operatorDescription" : "Replace #ifTrue:ifFalse: receiver with false",			"class" : "WAPharoEncoder",			"operatorClass" : "ReplaceIfTrueIfFalseReceiverWithFalseOperator",			"mutationStart" : 67,			"method" : "greaseNext:putAll:startingAt:",			"mutationEnd" : 267		},		{			"operatorDescription" : "Remove ^",			"class" : "WAPharoEncoder",			"operatorClass" : "RemoveCaretOperator",			"mutationStart" : 188,			"method" : "nextPutAllFast:",			"mutationEnd" : 219		}	],	"timeBudgetFinished" : false,	"notCoveredInOriginal" : [		{			"operatorDescription" : "Remove ^",			"class" : "WAPharoEncoder",			"operatorClass" : "RemoveCaretOperator",			"mutationStart" : 421,			"method" : "greaseNext:putAllFast:startingAt:",			"mutationEnd" : 521		},		{			"operatorDescription" : "Replace #'>=' with #=",			"class" : "WAPharoEncoder",			"operatorClass" : "ReplaceGreaterOrEqualWithEqualMutantOperator",			"mutationStart" : 370,			"method" : "greaseNext:putAllFast:startingAt:",			"mutationEnd" : 406		},		{			"operatorDescription" : "Replace #'>=' with #=",			"class" : "WAPharoEncoder",			"operatorClass" : "ReplaceGreaterOrEqualWithEqualMutantOperator",			"mutationStart" : 888,			"method" : "greaseNext:putAllFast:startingAt:",			"mutationEnd" : 924		},		{			"operatorDescription" : "Replace #'>=' with #=",			"class" : "WAPharoEncoder",			"operatorClass" : "ReplaceGreaterOrEqualWithEqualMutantOperator",			"mutationStart" : 944,			"method" : "greaseNext:putAllFast:startingAt:",			"mutationEnd" : 980		},		{			"operatorDescription" : "Replace #'>=' with #>",			"class" : "WAPharoEncoder",			"operatorClass" : "ReplaceGreaterOrEqualWithGreaterMutantOperator",			"mutationStart" : 370,			"method" : "greaseNext:putAllFast:startingAt:",			"mutationEnd" : 406		},		{			"operatorDescription" : "Replace #'>=' with #>",			"class" : "WAPharoEncoder",			"operatorClass" : "ReplaceGreaterOrEqualWithGreaterMutantOperator",			"mutationStart" : 944,			"method" : "greaseNext:putAllFast:startingAt:",			"mutationEnd" : 980		},		{			"operatorDescription" : "Replace #+ with #-",			"class" : "WAPharoEncoder",			"operatorClass" : "ReplacePlusWithMinusMutantOperator",			"mutationStart" : 442,			"method" : "greaseNext:putAllFast:startingAt:",			"mutationEnd" : 479		},		{			"operatorDescription" : "Replace #+ with #-",			"class" : "WAPharoEncoder",			"operatorClass" : "ReplacePlusWithMinusMutantOperator",			"mutationStart" : 442,			"method" : "greaseNext:putAllFast:startingAt:",			"mutationEnd" : 463		},		{			"operatorDescription" : "Replace #- with #+",			"class" : "WAPharoEncoder",			"operatorClass" : "ReplaceMinusWithPlusMutantOperator",			"mutationStart" : 442,			"method" : "greaseNext:putAllFast:startingAt:",			"mutationEnd" : 475		},		{			"operatorDescription" : "Replace #ifFalse: receiver with false",			"class" : "WAPharoEncoder",			"operatorClass" : "ReplaceIfFalseReceiverWithFalseOperator",			"mutationStart" : 944,			"method" : "greaseNext:putAllFast:startingAt:",			"mutationEnd" : 1091		},		{			"operatorDescription" : "Replace #ifTrue: receiver with false",			"class" : "WAPharoEncoder",			"operatorClass" : "ReplaceIfTrueReceiverWithFalseOperator",			"mutationStart" : 370,			"method" : "greaseNext:putAllFast:startingAt:",			"mutationEnd" : 523		},		{			"operatorDescription" : "Replace #ifTrue: receiver with true",			"class" : "WAPharoEncoder",			"operatorClass" : "ReplaceIfTrueReceiverWithTrueOperator",			"mutationStart" : 528,			"method" : "greaseNext:putAllFast:startingAt:",			"mutationEnd" : 646		},		{			"operatorDescription" : "Replace #- with #+",			"class" : "WAPharoEncoder",			"operatorClass" : "ReplaceMinusWithPlusMutantOperator",			"mutationStart" : 614,			"method" : "nextPutAllFast:",			"mutationEnd" : 641		},		{			"operatorDescription" : "Replace #ifTrue: receiver with true",			"class" : "WAPharoEncoder",			"operatorClass" : "ReplaceIfTrueReceiverWithTrueOperator",			"mutationStart" : 227,			"method" : "nextPutAllFast:",			"mutationEnd" : 345		},		{			"operatorDescription" : "Replace #ifTrue:ifFalse: receiver with false",			"class" : "WAPharoEncoder",			"operatorClass" : "ReplaceIfTrueIfFalseReceiverWithFalseOperator",			"mutationStart" : 22,			"method" : "nextPutAll:",			"mutationEnd" : 167		}	],	"testCase" : "WAPharoEncoderTest",	"unixtime" : 1605095644,	"timeTotal" : 52}