{	"targetClasses" : [		"WARequestContext"	],	"testMethodsIgnored" : [ ],	"methodsNotProfiled" : [		"WARequestContext>>#push:during:",		"WARequestContext>>#rootComponent:",		"WARequestContext>>#redirectTo:",		"WARequestContext>>#printOn:",		"WARequestContext>>#respond:",		"WARequestContext>>#rootComponentIfAbsent:"	],	"numberOfOriginalTestMethods" : 1,	"timeDetail" : [		"init: % 2.19 (1 second 165 milliseconds)",		"assertionAmplification: % 81.33 (43 seconds 227 milliseconds)",		"selection: % 13.08 (6 seconds 954 milliseconds)",		"inputAmplification: % 0.57 (304 milliseconds)",		"finalize: % 2.82 (1 second 497 milliseconds)"	],	"notCoveredInAmplified" : [		{			"operatorDescription" : "Remove ^",			"class" : "WARequestContext",			"operatorClass" : "RemoveCaretOperator",			"mutationStart" : 17,			"method" : "closeThisPopup",			"mutationEnd" : 270		},		{			"operatorDescription" : "Remove ^",			"class" : "WARequestContext",			"operatorClass" : "RemoveCaretOperator",			"mutationStart" : 32,			"method" : "closeThisPopupAndReloadOpener",			"mutationEnd" : 330		},		{			"operatorDescription" : "Replace detect: block with [:each | false] when #detect:ifNone: ",			"class" : "WARequestContext",			"operatorClass" : "ReplaceDetectIfNoneFirstBlockWithAlwaysFalseBlockOperator",			"mutationStart" : 53,			"method" : "registry",			"mutationEnd" : 117		},		{			"operatorDescription" : "Replace detect: block with [:each | true] when #detect:ifNone: ",			"class" : "WARequestContext",			"operatorClass" : "ReplaceDetectIfNoneFirstBlockWithAlwaysTrueBlockOperator",			"mutationStart" : 53,			"method" : "registry",			"mutationEnd" : 117		},		{			"operatorDescription" : "Replace ifNone: block with [] when #detect:ifNone:",			"class" : "WARequestContext",			"operatorClass" : "ReplaceDetectIfNoneSecondBlockWithEmptyBlockOperator",			"mutationStart" : 53,			"method" : "registry",			"mutationEnd" : 117		},		{			"operatorDescription" : "Replace detect: block with [:each | false] when #detect:ifNone: ",			"class" : "WARequestContext",			"operatorClass" : "ReplaceDetectIfNoneFirstBlockWithAlwaysFalseBlockOperator",			"mutationStart" : 51,			"method" : "session",			"mutationEnd" : 114		},		{			"operatorDescription" : "Replace detect: block with [:each | true] when #detect:ifNone: ",			"class" : "WARequestContext",			"operatorClass" : "ReplaceDetectIfNoneFirstBlockWithAlwaysTrueBlockOperator",			"mutationStart" : 51,			"method" : "session",			"mutationEnd" : 114		},		{			"operatorDescription" : "Replace ifNone: block with [] when #detect:ifNone:",			"class" : "WARequestContext",			"operatorClass" : "ReplaceDetectIfNoneSecondBlockWithEmptyBlockOperator",			"mutationStart" : 51,			"method" : "session",			"mutationEnd" : 114		},		{			"operatorDescription" : "Replace #ifTrue: receiver with false",			"class" : "WARequestContext",			"operatorClass" : "ReplaceIfTrueReceiverWithFalseOperator",			"mutationStart" : 236,			"method" : "destroy",			"mutationEnd" : 378		},		{			"operatorDescription" : "Replace #ifTrue: receiver with true",			"class" : "WARequestContext",			"operatorClass" : "ReplaceIfTrueReceiverWithTrueOperator",			"mutationStart" : 236,			"method" : "destroy",			"mutationEnd" : 378		},		{			"operatorDescription" : "Replace #ifTrue: with #ifFalse:",			"class" : "WARequestContext",			"operatorClass" : "ReplaceIfTrueWithIfFalseMutantOperator",			"mutationStart" : 236,			"method" : "destroy",			"mutationEnd" : 378		},		{			"operatorDescription" : "Replace detect: block with [:each | false] when #detect:ifNone: ",			"class" : "WARequestContext",			"operatorClass" : "ReplaceDetectIfNoneFirstBlockWithAlwaysFalseBlockOperator",			"mutationStart" : 59,			"method" : "application",			"mutationEnd" : 126		},		{			"operatorDescription" : "Replace detect: block with [:each | true] when #detect:ifNone: ",			"class" : "WARequestContext",			"operatorClass" : "ReplaceDetectIfNoneFirstBlockWithAlwaysTrueBlockOperator",			"mutationStart" : 59,			"method" : "application",			"mutationEnd" : 126		},		{			"operatorDescription" : "Replace ifNone: block with [] when #detect:ifNone:",			"class" : "WARequestContext",			"operatorClass" : "ReplaceDetectIfNoneSecondBlockWithEmptyBlockOperator",			"mutationStart" : 59,			"method" : "application",			"mutationEnd" : 126		},		{			"operatorDescription" : "Remove ^",			"class" : "WARequestContext",			"operatorClass" : "RemoveCaretOperator",			"mutationStart" : 644,			"method" : "newCookie",			"mutationEnd" : 651		},		{			"operatorDescription" : "Replace #= with #'~='",			"class" : "WARequestContext",			"operatorClass" : "ReplaceEqualWithNotEqualOperator",			"mutationStart" : 494,			"method" : "newCookie",			"mutationEnd" : 517		},		{			"operatorDescription" : "Replace #and: argument with [true]",			"class" : "WARequestContext",			"operatorClass" : "ReplaceAndArgumentWithTrueOperator",			"mutationStart" : 553,			"method" : "newCookie",			"mutationEnd" : 602		},		{			"operatorDescription" : "Replace #and: receiver with true",			"class" : "WARequestContext",			"operatorClass" : "ReplaceAndReceiverWithTrueOperator",			"mutationStart" : 553,			"method" : "newCookie",			"mutationEnd" : 602		},		{			"operatorDescription" : "Replace #and: with #bEqv:",			"class" : "WARequestContext",			"operatorClass" : "ReplaceAndWithEqvMutantOperator",			"mutationStart" : 553,			"method" : "newCookie",			"mutationEnd" : 602		},		{			"operatorDescription" : "Replace #and: with #nand:",			"class" : "WARequestContext",			"operatorClass" : "ReplaceAndWithNandMutantOperator",			"mutationStart" : 553,			"method" : "newCookie",			"mutationEnd" : 602		},		{			"operatorDescription" : "Replace #and: with #or:",			"class" : "WARequestContext",			"operatorClass" : "ReplaceAndWithOrMutantOperator",			"mutationStart" : 553,			"method" : "newCookie",			"mutationEnd" : 602		},		{			"operatorDescription" : "Replace #and: with false",			"class" : "WARequestContext",			"operatorClass" : "ReplaceAndWithFalseOperator",			"mutationStart" : 553,			"method" : "newCookie",			"mutationEnd" : 602		},		{			"operatorDescription" : "Replace #ifFalse: receiver with false",			"class" : "WARequestContext",			"operatorClass" : "ReplaceIfFalseReceiverWithFalseOperator",			"mutationStart" : 432,			"method" : "newCookie",			"mutationEnd" : 490		},		{			"operatorDescription" : "Replace #ifFalse: receiver with true",			"class" : "WARequestContext",			"operatorClass" : "ReplaceIfFalseReceiverWithTrueOperator",			"mutationStart" : 432,			"method" : "newCookie",			"mutationEnd" : 490		},		{			"operatorDescription" : "Replace #ifFalse: with #ifTrue:",			"class" : "WARequestContext",			"operatorClass" : "ReplaceIfFalseWithIfTrueMutantOperator",			"mutationStart" : 432,			"method" : "newCookie",			"mutationEnd" : 490		},		{			"operatorDescription" : "Replace #ifTrue: receiver with false",			"class" : "WARequestContext",			"operatorClass" : "ReplaceIfTrueReceiverWithFalseOperator",			"mutationStart" : 494,			"method" : "newCookie",			"mutationEnd" : 549		},		{			"operatorDescription" : "Replace #ifTrue: receiver with false",			"class" : "WARequestContext",			"operatorClass" : "ReplaceIfTrueReceiverWithFalseOperator",			"mutationStart" : 553,			"method" : "newCookie",			"mutationEnd" : 640		},		{			"operatorDescription" : "Replace #ifTrue: receiver with true",			"class" : "WARequestContext",			"operatorClass" : "ReplaceIfTrueReceiverWithTrueOperator",			"mutationStart" : 494,			"method" : "newCookie",			"mutationEnd" : 549		},		{			"operatorDescription" : "Replace #ifTrue: receiver with true",			"class" : "WARequestContext",			"operatorClass" : "ReplaceIfTrueReceiverWithTrueOperator",			"mutationStart" : 553,			"method" : "newCookie",			"mutationEnd" : 640		},		{			"operatorDescription" : "Replace #ifTrue: with #ifFalse:",			"class" : "WARequestContext",			"operatorClass" : "ReplaceIfTrueWithIfFalseMutantOperator",			"mutationStart" : 494,			"method" : "newCookie",			"mutationEnd" : 549		},		{			"operatorDescription" : "Replace #ifTrue: with #ifFalse:",			"class" : "WARequestContext",			"operatorClass" : "ReplaceIfTrueWithIfFalseMutantOperator",			"mutationStart" : 553,			"method" : "newCookie",			"mutationEnd" : 640		},		{			"operatorDescription" : "Remove ^",			"class" : "WARequestContext",			"operatorClass" : "RemoveCaretOperator",			"mutationStart" : 150,			"method" : "push:during:",			"mutationEnd" : 238		},		{			"operatorDescription" : "Replace #ifTrue:ifFalse: receiver with true",			"class" : "WARequestContext",			"operatorClass" : "ReplaceIfTrueIfFalseReceiverWithTrueOperator",			"mutationStart" : 98,			"method" : "responseGenerator",			"mutationEnd" : 198		},		{			"operatorDescription" : "Replace #ifTrue:ifFalse: receiver with false",			"class" : "WARequestContext",			"operatorClass" : "ReplaceIfTrueIfFalseReceiverWithFalseOperator",			"mutationStart" : 45,			"method" : "printOn:",			"mutationEnd" : 204		},		{			"operatorDescription" : "Replace #ifTrue:ifFalse: receiver with true",			"class" : "WARequestContext",			"operatorClass" : "ReplaceIfTrueIfFalseReceiverWithTrueOperator",			"mutationStart" : 45,			"method" : "printOn:",			"mutationEnd" : 204		},		{			"operatorDescription" : "Replace #ifFalse: receiver with true",			"class" : "WARequestContext",			"operatorClass" : "ReplaceIfFalseReceiverWithTrueOperator",			"mutationStart" : 58,			"method" : "handler",			"mutationEnd" : 111		},		{			"operatorDescription" : "Replace #ifFalse: receiver with false",			"class" : "WARequestContext",			"operatorClass" : "ReplaceIfFalseReceiverWithFalseOperator",			"mutationStart" : 186,			"method" : "initializeWithRequest:response:codec:",			"mutationEnd" : 270		},		{			"operatorDescription" : "Replace #ifTrue:ifFalse: receiver with true",			"class" : "WARequestContext",			"operatorClass" : "ReplaceIfTrueIfFalseReceiverWithTrueOperator",			"mutationStart" : 230,			"method" : "newDocument",			"mutationEnd" : 560		},		{			"operatorDescription" : "Remove ^",			"class" : "WARequestContext",			"operatorClass" : "RemoveCaretOperator",			"mutationStart" : 115,			"method" : "rootComponentIfAbsent:",			"mutationEnd" : 174		},		{			"operatorDescription" : "Remove at:ifAbsent:",			"class" : "WARequestContext",			"operatorClass" : "RemoveAtIfAbsentOperator",			"mutationStart" : 117,			"method" : "rootComponentIfAbsent:",			"mutationEnd" : 174		},		{			"operatorDescription" : "Remove ^",			"class" : "WARequestContext",			"operatorClass" : "RemoveCaretOperator",			"mutationStart" : 301,			"method" : "charSet",			"mutationEnd" : 311		},		{			"operatorDescription" : "Remove ^",			"class" : "WARequestContext",			"operatorClass" : "RemoveCaretOperator",			"mutationStart" : 375,			"method" : "charSet",			"mutationEnd" : 391		},		{			"operatorDescription" : "Replace #ifFalse: receiver with true",			"class" : "WARequestContext",			"operatorClass" : "ReplaceIfFalseReceiverWithTrueOperator",			"mutationStart" : 254,			"method" : "charSet",			"mutationEnd" : 313		},		{			"operatorDescription" : "Replace #ifFalse: receiver with true",			"class" : "WARequestContext",			"operatorClass" : "ReplaceIfFalseReceiverWithTrueOperator",			"mutationStart" : 343,			"method" : "charSet",			"mutationEnd" : 393		},		{			"operatorDescription" : "Remove at:ifAbsent:",			"class" : "WARequestContext",			"operatorClass" : "RemoveAtIfAbsentOperator",			"mutationStart" : 18,			"method" : "shouldDestroy",			"mutationEnd" : 70		},		{			"operatorDescription" : "Remove ^",			"class" : "WARequestContext class",			"operatorClass" : "RemoveCaretOperator",			"mutationStart" : 40,			"method" : "request:response:",			"mutationEnd" : 113		}	],	"mutationScoreAfter" : 36,	"mutationScoreBefore" : 30,	"testAmpLoc" : 2524,	"amplifiedMethods" : [		"WARequestContextTest18>>#testNewDocumentNotHandler_amp_D0_A12_A6",		"WARequestContextTest18>>#testNewDocumentNotHandler_amp_D0_A8",		"WARequestContextTest18>>#testNewDocumentNotHandler_amp"	],	"testLoc" : "15",	"amplifiedClass" : "WARequestContextTest18",	"numberOfAllMutationsInOriginal" : 73,	"targetLoc" : 170,	"newCovered" : [		{			"operatorDescription" : "Remove ^",			"class" : "WARequestContext",			"operatorClass" : "RemoveCaretOperator",			"mutationStart" : 50,			"method" : "request",			"mutationEnd" : 58		},		{			"operatorDescription" : "Remove ^",			"class" : "WARequestContext",			"operatorClass" : "RemoveCaretOperator",			"mutationStart" : 42,			"method" : "consumer",			"mutationEnd" : 51		},		{			"operatorDescription" : "Remove ^",			"class" : "WARequestContext",			"operatorClass" : "RemoveCaretOperator",			"mutationStart" : 67,			"method" : "properties",			"mutationEnd" : 126		},		{			"operatorDescription" : "Remove ^",			"class" : "WARequestContext",			"operatorClass" : "RemoveCaretOperator",			"mutationStart" : 51,			"method" : "registry",			"mutationEnd" : 117		},		{			"operatorDescription" : "Remove ^",			"class" : "WARequestContext",			"operatorClass" : "RemoveCaretOperator",			"mutationStart" : 49,			"method" : "session",			"mutationEnd" : 114		},		{			"operatorDescription" : "Remove ^",			"class" : "WARequestContext",			"operatorClass" : "RemoveCaretOperator",			"mutationStart" : 57,			"method" : "application",			"mutationEnd" : 126		},		{			"operatorDescription" : "Remove ^",			"class" : "WARequestContext",			"operatorClass" : "RemoveCaretOperator",			"mutationStart" : 96,			"method" : "responseGenerator",			"mutationEnd" : 210		},		{			"operatorDescription" : "Replace #ifTrue:ifFalse: receiver with false",			"class" : "WARequestContext",			"operatorClass" : "ReplaceIfTrueIfFalseReceiverWithFalseOperator",			"mutationStart" : 98,			"method" : "responseGenerator",			"mutationEnd" : 198		},		{			"operatorDescription" : "Replace #ifFalse: receiver with true",			"class" : "WARequestContext",			"operatorClass" : "ReplaceIfFalseReceiverWithTrueOperator",			"mutationStart" : 186,			"method" : "initializeWithRequest:response:codec:",			"mutationEnd" : 270		},		{			"operatorDescription" : "Replace #ifFalse: with #ifTrue:",			"class" : "WARequestContext",			"operatorClass" : "ReplaceIfFalseWithIfTrueMutantOperator",			"mutationStart" : 186,			"method" : "initializeWithRequest:response:codec:",			"mutationEnd" : 270		},		{			"operatorDescription" : "Remove ^",			"class" : "WARequestContext",			"operatorClass" : "RemoveCaretOperator",			"mutationStart" : 228,			"method" : "newDocument",			"mutationEnd" : 560		},		{			"operatorDescription" : "Remove ^",			"class" : "WARequestContext",			"operatorClass" : "RemoveCaretOperator",			"mutationStart" : 397,			"method" : "charSet",			"mutationEnd" : 401		},		{			"operatorDescription" : "Replace #= with #'~='",			"class" : "WARequestContext",			"operatorClass" : "ReplaceEqualWithNotEqualOperator",			"mutationStart" : 254,			"method" : "charSet",			"mutationEnd" : 286		},		{			"operatorDescription" : "Replace #ifFalse: receiver with false",			"class" : "WARequestContext",			"operatorClass" : "ReplaceIfFalseReceiverWithFalseOperator",			"mutationStart" : 254,			"method" : "charSet",			"mutationEnd" : 313		},		{			"operatorDescription" : "Replace #ifFalse: receiver with false",			"class" : "WARequestContext",			"operatorClass" : "ReplaceIfFalseReceiverWithFalseOperator",			"mutationStart" : 343,			"method" : "charSet",			"mutationEnd" : 393		},		{			"operatorDescription" : "Replace #ifFalse: with #ifTrue:",			"class" : "WARequestContext",			"operatorClass" : "ReplaceIfFalseWithIfTrueMutantOperator",			"mutationStart" : 254,			"method" : "charSet",			"mutationEnd" : 313		},		{			"operatorDescription" : "Replace #ifFalse: with #ifTrue:",			"class" : "WARequestContext",			"operatorClass" : "ReplaceIfFalseWithIfTrueMutantOperator",			"mutationStart" : 343,			"method" : "charSet",			"mutationEnd" : 393		},		{			"operatorDescription" : "Remove ^",			"class" : "WARequestContext",			"operatorClass" : "RemoveCaretOperator",			"mutationStart" : 16,			"method" : "shouldDestroy",			"mutationEnd" : 70		}	],	"timeBudgetFinished" : false,	"notCoveredInOriginal" : [		{			"operatorDescription" : "Remove ^",			"class" : "WARequestContext",			"operatorClass" : "RemoveCaretOperator",			"mutationStart" : 17,			"method" : "closeThisPopup",			"mutationEnd" : 270		},		{			"operatorDescription" : "Remove ^",			"class" : "WARequestContext",			"operatorClass" : "RemoveCaretOperator",			"mutationStart" : 50,			"method" : "request",			"mutationEnd" : 58		},		{			"operatorDescription" : "Remove ^",			"class" : "WARequestContext",			"operatorClass" : "RemoveCaretOperator",			"mutationStart" : 32,			"method" : "closeThisPopupAndReloadOpener",			"mutationEnd" : 330		},		{			"operatorDescription" : "Remove ^",			"class" : "WARequestContext",			"operatorClass" : "RemoveCaretOperator",			"mutationStart" : 42,			"method" : "consumer",			"mutationEnd" : 51		},		{			"operatorDescription" : "Remove ^",			"class" : "WARequestContext",			"operatorClass" : "RemoveCaretOperator",			"mutationStart" : 67,			"method" : "properties",			"mutationEnd" : 126		},		{			"operatorDescription" : "Remove ^",			"class" : "WARequestContext",			"operatorClass" : "RemoveCaretOperator",			"mutationStart" : 51,			"method" : "registry",			"mutationEnd" : 117		},		{			"operatorDescription" : "Replace detect: block with [:each | false] when #detect:ifNone: ",			"class" : "WARequestContext",			"operatorClass" : "ReplaceDetectIfNoneFirstBlockWithAlwaysFalseBlockOperator",			"mutationStart" : 53,			"method" : "registry",			"mutationEnd" : 117		},		{			"operatorDescription" : "Replace detect: block with [:each | true] when #detect:ifNone: ",			"class" : "WARequestContext",			"operatorClass" : "ReplaceDetectIfNoneFirstBlockWithAlwaysTrueBlockOperator",			"mutationStart" : 53,			"method" : "registry",			"mutationEnd" : 117		},		{			"operatorDescription" : "Replace ifNone: block with [] when #detect:ifNone:",			"class" : "WARequestContext",			"operatorClass" : "ReplaceDetectIfNoneSecondBlockWithEmptyBlockOperator",			"mutationStart" : 53,			"method" : "registry",			"mutationEnd" : 117		},		{			"operatorDescription" : "Remove ^",			"class" : "WARequestContext",			"operatorClass" : "RemoveCaretOperator",			"mutationStart" : 49,			"method" : "session",			"mutationEnd" : 114		},		{			"operatorDescription" : "Replace detect: block with [:each | false] when #detect:ifNone: ",			"class" : "WARequestContext",			"operatorClass" : "ReplaceDetectIfNoneFirstBlockWithAlwaysFalseBlockOperator",			"mutationStart" : 51,			"method" : "session",			"mutationEnd" : 114		},		{			"operatorDescription" : "Replace detect: block with [:each | true] when #detect:ifNone: ",			"class" : "WARequestContext",			"operatorClass" : "ReplaceDetectIfNoneFirstBlockWithAlwaysTrueBlockOperator",			"mutationStart" : 51,			"method" : "session",			"mutationEnd" : 114		},		{			"operatorDescription" : "Replace ifNone: block with [] when #detect:ifNone:",			"class" : "WARequestContext",			"operatorClass" : "ReplaceDetectIfNoneSecondBlockWithEmptyBlockOperator",			"mutationStart" : 51,			"method" : "session",			"mutationEnd" : 114		},		{			"operatorDescription" : "Replace #ifTrue: receiver with false",			"class" : "WARequestContext",			"operatorClass" : "ReplaceIfTrueReceiverWithFalseOperator",			"mutationStart" : 236,			"method" : "destroy",			"mutationEnd" : 378		},		{			"operatorDescription" : "Replace #ifTrue: receiver with true",			"class" : "WARequestContext",			"operatorClass" : "ReplaceIfTrueReceiverWithTrueOperator",			"mutationStart" : 236,			"method" : "destroy",			"mutationEnd" : 378		},		{			"operatorDescription" : "Replace #ifTrue: with #ifFalse:",			"class" : "WARequestContext",			"operatorClass" : "ReplaceIfTrueWithIfFalseMutantOperator",			"mutationStart" : 236,			"method" : "destroy",			"mutationEnd" : 378		},		{			"operatorDescription" : "Remove ^",			"class" : "WARequestContext",			"operatorClass" : "RemoveCaretOperator",			"mutationStart" : 57,			"method" : "application",			"mutationEnd" : 126		},		{			"operatorDescription" : "Replace detect: block with [:each | false] when #detect:ifNone: ",			"class" : "WARequestContext",			"operatorClass" : "ReplaceDetectIfNoneFirstBlockWithAlwaysFalseBlockOperator",			"mutationStart" : 59,			"method" : "application",			"mutationEnd" : 126		},		{			"operatorDescription" : "Replace detect: block with [:each | true] when #detect:ifNone: ",			"class" : "WARequestContext",			"operatorClass" : "ReplaceDetectIfNoneFirstBlockWithAlwaysTrueBlockOperator",			"mutationStart" : 59,			"method" : "application",			"mutationEnd" : 126		},		{			"operatorDescription" : "Replace ifNone: block with [] when #detect:ifNone:",			"class" : "WARequestContext",			"operatorClass" : "ReplaceDetectIfNoneSecondBlockWithEmptyBlockOperator",			"mutationStart" : 59,			"method" : "application",			"mutationEnd" : 126		},		{			"operatorDescription" : "Remove ^",			"class" : "WARequestContext",			"operatorClass" : "RemoveCaretOperator",			"mutationStart" : 644,			"method" : "newCookie",			"mutationEnd" : 651		},		{			"operatorDescription" : "Replace #= with #'~='",			"class" : "WARequestContext",			"operatorClass" : "ReplaceEqualWithNotEqualOperator",			"mutationStart" : 494,			"method" : "newCookie",			"mutationEnd" : 517		},		{			"operatorDescription" : "Replace #and: argument with [true]",			"class" : "WARequestContext",			"operatorClass" : "ReplaceAndArgumentWithTrueOperator",			"mutationStart" : 553,			"method" : "newCookie",			"mutationEnd" : 602		},		{			"operatorDescription" : "Replace #and: receiver with true",			"class" : "WARequestContext",			"operatorClass" : "ReplaceAndReceiverWithTrueOperator",			"mutationStart" : 553,			"method" : "newCookie",			"mutationEnd" : 602		},		{			"operatorDescription" : "Replace #and: with #bEqv:",			"class" : "WARequestContext",			"operatorClass" : "ReplaceAndWithEqvMutantOperator",			"mutationStart" : 553,			"method" : "newCookie",			"mutationEnd" : 602		},		{			"operatorDescription" : "Replace #and: with #nand:",			"class" : "WARequestContext",			"operatorClass" : "ReplaceAndWithNandMutantOperator",			"mutationStart" : 553,			"method" : "newCookie",			"mutationEnd" : 602		},		{			"operatorDescription" : "Replace #and: with #or:",			"class" : "WARequestContext",			"operatorClass" : "ReplaceAndWithOrMutantOperator",			"mutationStart" : 553,			"method" : "newCookie",			"mutationEnd" : 602		},		{			"operatorDescription" : "Replace #and: with false",			"class" : "WARequestContext",			"operatorClass" : "ReplaceAndWithFalseOperator",			"mutationStart" : 553,			"method" : "newCookie",			"mutationEnd" : 602		},		{			"operatorDescription" : "Replace #ifFalse: receiver with false",			"class" : "WARequestContext",			"operatorClass" : "ReplaceIfFalseReceiverWithFalseOperator",			"mutationStart" : 432,			"method" : "newCookie",			"mutationEnd" : 490		},		{			"operatorDescription" : "Replace #ifFalse: receiver with true",			"class" : "WARequestContext",			"operatorClass" : "ReplaceIfFalseReceiverWithTrueOperator",			"mutationStart" : 432,			"method" : "newCookie",			"mutationEnd" : 490		},		{			"operatorDescription" : "Replace #ifFalse: with #ifTrue:",			"class" : "WARequestContext",			"operatorClass" : "ReplaceIfFalseWithIfTrueMutantOperator",			"mutationStart" : 432,			"method" : "newCookie",			"mutationEnd" : 490		},		{			"operatorDescription" : "Replace #ifTrue: receiver with false",			"class" : "WARequestContext",			"operatorClass" : "ReplaceIfTrueReceiverWithFalseOperator",			"mutationStart" : 494,			"method" : "newCookie",			"mutationEnd" : 549		},		{			"operatorDescription" : "Replace #ifTrue: receiver with false",			"class" : "WARequestContext",			"operatorClass" : "ReplaceIfTrueReceiverWithFalseOperator",			"mutationStart" : 553,			"method" : "newCookie",			"mutationEnd" : 640		},		{			"operatorDescription" : "Replace #ifTrue: receiver with true",			"class" : "WARequestContext",			"operatorClass" : "ReplaceIfTrueReceiverWithTrueOperator",			"mutationStart" : 494,			"method" : "newCookie",			"mutationEnd" : 549		},		{			"operatorDescription" : "Replace #ifTrue: receiver with true",			"class" : "WARequestContext",			"operatorClass" : "ReplaceIfTrueReceiverWithTrueOperator",			"mutationStart" : 553,			"method" : "newCookie",			"mutationEnd" : 640		},		{			"operatorDescription" : "Replace #ifTrue: with #ifFalse:",			"class" : "WARequestContext",			"operatorClass" : "ReplaceIfTrueWithIfFalseMutantOperator",			"mutationStart" : 494,			"method" : "newCookie",			"mutationEnd" : 549		},		{			"operatorDescription" : "Replace #ifTrue: with #ifFalse:",			"class" : "WARequestContext",			"operatorClass" : "ReplaceIfTrueWithIfFalseMutantOperator",			"mutationStart" : 553,			"method" : "newCookie",			"mutationEnd" : 640		},		{			"operatorDescription" : "Remove ^",			"class" : "WARequestContext",			"operatorClass" : "RemoveCaretOperator",			"mutationStart" : 150,			"method" : "push:during:",			"mutationEnd" : 238		},		{			"operatorDescription" : "Remove ^",			"class" : "WARequestContext",			"operatorClass" : "RemoveCaretOperator",			"mutationStart" : 96,			"method" : "responseGenerator",			"mutationEnd" : 210		},		{			"operatorDescription" : "Replace #ifTrue:ifFalse: receiver with false",			"class" : "WARequestContext",			"operatorClass" : "ReplaceIfTrueIfFalseReceiverWithFalseOperator",			"mutationStart" : 98,			"method" : "responseGenerator",			"mutationEnd" : 198		},		{			"operatorDescription" : "Replace #ifTrue:ifFalse: receiver with true",			"class" : "WARequestContext",			"operatorClass" : "ReplaceIfTrueIfFalseReceiverWithTrueOperator",			"mutationStart" : 98,			"method" : "responseGenerator",			"mutationEnd" : 198		},		{			"operatorDescription" : "Replace #ifTrue:ifFalse: receiver with false",			"class" : "WARequestContext",			"operatorClass" : "ReplaceIfTrueIfFalseReceiverWithFalseOperator",			"mutationStart" : 45,			"method" : "printOn:",			"mutationEnd" : 204		},		{			"operatorDescription" : "Replace #ifTrue:ifFalse: receiver with true",			"class" : "WARequestContext",			"operatorClass" : "ReplaceIfTrueIfFalseReceiverWithTrueOperator",			"mutationStart" : 45,			"method" : "printOn:",			"mutationEnd" : 204		},		{			"operatorDescription" : "Replace #ifFalse: receiver with true",			"class" : "WARequestContext",			"operatorClass" : "ReplaceIfFalseReceiverWithTrueOperator",			"mutationStart" : 58,			"method" : "handler",			"mutationEnd" : 111		},		{			"operatorDescription" : "Replace #ifFalse: receiver with false",			"class" : "WARequestContext",			"operatorClass" : "ReplaceIfFalseReceiverWithFalseOperator",			"mutationStart" : 186,			"method" : "initializeWithRequest:response:codec:",			"mutationEnd" : 270		},		{			"operatorDescription" : "Replace #ifFalse: receiver with true",			"class" : "WARequestContext",			"operatorClass" : "ReplaceIfFalseReceiverWithTrueOperator",			"mutationStart" : 186,			"method" : "initializeWithRequest:response:codec:",			"mutationEnd" : 270		},		{			"operatorDescription" : "Replace #ifFalse: with #ifTrue:",			"class" : "WARequestContext",			"operatorClass" : "ReplaceIfFalseWithIfTrueMutantOperator",			"mutationStart" : 186,			"method" : "initializeWithRequest:response:codec:",			"mutationEnd" : 270		},		{			"operatorDescription" : "Remove ^",			"class" : "WARequestContext",			"operatorClass" : "RemoveCaretOperator",			"mutationStart" : 228,			"method" : "newDocument",			"mutationEnd" : 560		},		{			"operatorDescription" : "Replace #ifTrue:ifFalse: receiver with true",			"class" : "WARequestContext",			"operatorClass" : "ReplaceIfTrueIfFalseReceiverWithTrueOperator",			"mutationStart" : 230,			"method" : "newDocument",			"mutationEnd" : 560		},		{			"operatorDescription" : "Remove at:ifAbsent:",			"class" : "WARequestContext",			"operatorClass" : "RemoveAtIfAbsentOperator",			"mutationStart" : 18,			"method" : "shouldDestroy",			"mutationEnd" : 70		},		{			"operatorDescription" : "Remove ^",			"class" : "WARequestContext class",			"operatorClass" : "RemoveCaretOperator",			"mutationStart" : 40,			"method" : "request:response:",			"mutationEnd" : 113		}	],	"testCase" : "WARequestContextTest",	"unixtime" : 1605265277,	"timeTotal" : 53}