{	"targetClasses" : [		"WARenderLoopContinuation"	],	"testMethodsIgnored" : [ ],	"methodsNotProfiled" : [		"WARenderLoopContinuation>>#toPresenterSendRoot:",		"WARenderLoopContinuation>>#updateRoot:",		"WARenderLoopContinuation>>#updateStates:",		"WARenderLoopContinuation>>#updateUrl:",		"WARenderLoopContinuation>>#createActionContinuationWithContext:"	],	"numberOfOriginalTestMethods" : 1,	"timeDetail" : [		"init: % 9.22 (235 milliseconds)",		"assertionAmplification: % 57.18 (1 second 458 milliseconds)",		"selection: % 12.12 (309 milliseconds)",		"inputAmplification: % 12.00 (306 milliseconds)",		"finalize: % 9.49 (242 milliseconds)"	],	"notCoveredInAmplified" : [ ],	"mutationScoreAfter" : 100,	"mutationScoreBefore" : 10,	"testAmpLoc" : 0,	"amplifiedMethods" : [ ],	"testLoc" : "11",	"amplifiedClass" : "WARenderLoopContinuationTest18",	"numberOfAllMutationsInOriginal" : 20,	"targetLoc" : 78,	"newCovered" : [ ],	"timeBudgetFinished" : false,	"notCoveredInOriginal" : [		{			"operatorDescription" : "Remove ^",			"class" : "WARenderLoopContinuation",			"operatorClass" : "RemoveCaretOperator",			"mutationStart" : 24,			"method" : "scriptGeneratorClass",			"mutationEnd" : 85		},		{			"operatorDescription" : "Remove ^",			"class" : "WARenderLoopContinuation",			"operatorClass" : "RemoveCaretOperator",			"mutationStart" : 71,			"method" : "createRenderContinuation",			"mutationEnd" : 144		},		{			"operatorDescription" : "Replace #ifFalse: receiver with false",			"class" : "WARenderLoopContinuation",			"operatorClass" : "ReplaceIfFalseReceiverWithFalseOperator",			"mutationStart" : 88,			"method" : "updateRoot:",			"mutationEnd" : 148		},		{			"operatorDescription" : "Replace #ifFalse: receiver with true",			"class" : "WARenderLoopContinuation",			"operatorClass" : "ReplaceIfFalseReceiverWithTrueOperator",			"mutationStart" : 88,			"method" : "updateRoot:",			"mutationEnd" : 148		},		{			"operatorDescription" : "Replace #ifFalse: with #ifTrue:",			"class" : "WARenderLoopContinuation",			"operatorClass" : "ReplaceIfFalseWithIfTrueMutantOperator",			"mutationStart" : 88,			"method" : "updateRoot:",			"mutationEnd" : 148		},		{			"operatorDescription" : "Replace do block with [:each |]",			"class" : "WARenderLoopContinuation",			"operatorClass" : "ReplaceDoBlockWithEmptyBlockOperator",			"mutationStart" : 203,			"method" : "updateRoot:",			"mutationEnd" : 283		},		{			"operatorDescription" : "Remove ^",			"class" : "WARenderLoopContinuation",			"operatorClass" : "RemoveCaretOperator",			"mutationStart" : 23,			"method" : "isActionContinuation",			"mutationEnd" : 55		},		{			"operatorDescription" : "Remove Exception Handler Operator",			"class" : "WARenderLoopContinuation",			"operatorClass" : "RemoveExceptionHandlerOperator",			"mutationStart" : 771,			"method" : "withNotificationHandlerDo:",			"mutationEnd" : 866		},		{			"operatorDescription" : "Remove ^",			"class" : "WARenderLoopContinuation",			"operatorClass" : "RemoveCaretOperator",			"mutationStart" : 108,			"method" : "withNotificationHandlerDo:",			"mutationEnd" : 868		},		{			"operatorDescription" : "Replace #ifTrue:ifFalse: receiver with true",			"class" : "WARenderLoopContinuation",			"operatorClass" : "ReplaceIfTrueIfFalseReceiverWithTrueOperator",			"mutationStart" : 110,			"method" : "withNotificationHandlerDo:",			"mutationEnd" : 868		},		{			"operatorDescription" : "Remove ^",			"class" : "WARenderLoopContinuation",			"operatorClass" : "RemoveCaretOperator",			"mutationStart" : 76,			"method" : "presenter",			"mutationEnd" : 99		},		{			"operatorDescription" : "Remove ^",			"class" : "WARenderLoopContinuation",			"operatorClass" : "RemoveCaretOperator",			"mutationStart" : 23,			"method" : "isRenderContinuation",			"mutationEnd" : 55		},		{			"operatorDescription" : "Remove ^",			"class" : "WARenderLoopContinuation",			"operatorClass" : "RemoveCaretOperator",			"mutationStart" : 98,			"method" : "createActionContinuationWithContext:",			"mutationEnd" : 184		},		{			"operatorDescription" : "Remove ^",			"class" : "WARenderLoopContinuation",			"operatorClass" : "RemoveCaretOperator",			"mutationStart" : 71,			"method" : "createActionContinuation",			"mutationEnd" : 127		},		{			"operatorDescription" : "Remove ^",			"class" : "WARenderLoopContinuation",			"operatorClass" : "RemoveCaretOperator",			"mutationStart" : 32,			"method" : "actionPhaseContinuationClass",			"mutationEnd" : 101		},		{			"operatorDescription" : "Remove ^",			"class" : "WARenderLoopContinuation class",			"operatorClass" : "RemoveCaretOperator",			"mutationStart" : 23,			"method" : "isActionContinuation",			"mutationEnd" : 29		},		{			"operatorDescription" : "Remove ^",			"class" : "WARenderLoopContinuation class",			"operatorClass" : "RemoveCaretOperator",			"mutationStart" : 23,			"method" : "isRenderContinuation",			"mutationEnd" : 29		},		{			"operatorDescription" : "Remove ^",			"class" : "WARenderLoopContinuation class",			"operatorClass" : "RemoveCaretOperator",			"mutationStart" : 27,			"method" : "isRenderLoopContinuation",			"mutationEnd" : 32		}	],	"testCase" : "WARenderLoopContinuationTest",	"unixtime" : 1605094328,	"timeTotal" : 2}