{	"targetClasses" : [		"WASession"	],	"testMethodsIgnored" : [ ],	"methodsNotProfiled" : [		"WASession>>#updateStates:",		"WASession>>#actionUrlForKey:",		"WASession>>#updateUrl:",		"WASession>>#actionUrlForContinuation:",		"WASession>>#jumpToAnchor:",		"WASession>>#updateRoot:",		"WASession>>#documentHandlers:"	],	"numberOfOriginalTestMethods" : 1,	"timeDetail" : [		"init: % 2.05 (461 milliseconds)",		"assertionAmplification: % 67.26 (15 seconds 134 milliseconds)",		"selection: % 8.64 (1 second 943 milliseconds)",		"inputAmplification: % 19.79 (4 seconds 452 milliseconds)",		"finalize: % 2.27 (511 milliseconds)"	],	"notCoveredInAmplified" : [		{			"operatorDescription" : "Replace do block with [:each |]",			"class" : "WASession",			"operatorClass" : "ReplaceDoBlockWithEmptyBlockOperator",			"mutationStart" : 26,			"method" : "updateStates:",			"mutationEnd" : 82		},		{			"operatorDescription" : "Remove ^",			"class" : "WASession",			"operatorClass" : "RemoveCaretOperator",			"mutationStart" : 27,			"method" : "actionUrlForKey:",			"mutationEnd" : 92		},		{			"operatorDescription" : "Remove ^",			"class" : "WASession",			"operatorClass" : "RemoveCaretOperator",			"mutationStart" : 67,			"method" : "properties",			"mutationEnd" : 126		},		{			"operatorDescription" : "Remove ^",			"class" : "WASession",			"operatorClass" : "RemoveCaretOperator",			"mutationStart" : 42,			"method" : "actionUrlForContinuation:",			"mutationEnd" : 129		},		{			"operatorDescription" : "Replace detect: block with [:each | false] when #detect:ifNone: ",			"class" : "WASession",			"operatorClass" : "ReplaceDetectIfNoneFirstBlockWithAlwaysFalseBlockOperator",			"mutationStart" : 70,			"method" : "jumpToAnchor:",			"mutationEnd" : 249		},		{			"operatorDescription" : "Replace detect: block with [:each | true] when #detect:ifNone: ",			"class" : "WASession",			"operatorClass" : "ReplaceDetectIfNoneFirstBlockWithAlwaysTrueBlockOperator",			"mutationStart" : 70,			"method" : "jumpToAnchor:",			"mutationEnd" : 249		},		{			"operatorDescription" : "Replace ifNone: block with [] when #detect:ifNone:",			"class" : "WASession",			"operatorClass" : "ReplaceDetectIfNoneSecondBlockWithEmptyBlockOperator",			"mutationStart" : 70,			"method" : "jumpToAnchor:",			"mutationEnd" : 249		},		{			"operatorDescription" : "Remove ^",			"class" : "WASession",			"operatorClass" : "RemoveCaretOperator",			"mutationStart" : 17,			"method" : "unknownRequest",			"mutationEnd" : 28		},		{			"operatorDescription" : "Remove ^",			"class" : "WASession",			"operatorClass" : "RemoveCaretOperator",			"mutationStart" : 12,			"method" : "presenter",			"mutationEnd" : 61		},		{			"operatorDescription" : "Remove at:ifAbsent:",			"class" : "WASession",			"operatorClass" : "RemoveAtIfAbsentOperator",			"mutationStart" : 14,			"method" : "presenter",			"mutationEnd" : 61		},		{			"operatorDescription" : "Remove ^",			"class" : "WASession",			"operatorClass" : "RemoveCaretOperator",			"mutationStart" : 234,			"method" : "createContinuationCache",			"mutationEnd" : 380		},		{			"operatorDescription" : "Remove ^",			"class" : "WASession",			"operatorClass" : "RemoveCaretOperator",			"mutationStart" : 359,			"method" : "handleFiltered:",			"mutationEnd" : 419		},		{			"operatorDescription" : "Remove ^",			"class" : "WASession",			"operatorClass" : "RemoveCaretOperator",			"mutationStart" : 426,			"method" : "handleFiltered:",			"mutationEnd" : 466		},		{			"operatorDescription" : "Remove ^",			"class" : "WASession",			"operatorClass" : "RemoveCaretOperator",			"mutationStart" : 536,			"method" : "handleFiltered:",			"mutationEnd" : 547		},		{			"operatorDescription" : "Remove ^",			"class" : "WASession",			"operatorClass" : "RemoveCaretOperator",			"mutationStart" : 621,			"method" : "handleFiltered:",			"mutationEnd" : 641		},		{			"operatorDescription" : "Remove at:ifAbsent:",			"class" : "WASession",			"operatorClass" : "RemoveAtIfAbsentOperator",			"mutationStart" : 492,			"method" : "handleFiltered:",			"mutationEnd" : 549		},		{			"operatorDescription" : "Remove at:ifAbsent:",			"class" : "WASession",			"operatorClass" : "RemoveAtIfAbsentOperator",			"mutationStart" : 572,			"method" : "handleFiltered:",			"mutationEnd" : 643		}	],	"mutationScoreAfter" : 50,	"mutationScoreBefore" : 41,	"testAmpLoc" : 145,	"amplifiedMethods" : [		"WASessionTest18>>#testRegisterDocumentHandler_amp"	],	"testLoc" : "54",	"amplifiedClass" : "WASessionTest18",	"numberOfAllMutationsInOriginal" : 34,	"targetLoc" : 99,	"newCovered" : [		{			"operatorDescription" : "Remove ^",			"class" : "WASession",			"operatorClass" : "RemoveCaretOperator",			"mutationStart" : 14,			"method" : "actionField",			"mutationEnd" : 19		},		{			"operatorDescription" : "Remove ^",			"class" : "WASession",			"operatorClass" : "RemoveCaretOperator",			"mutationStart" : 12,			"method" : "isSession",			"mutationEnd" : 17		},		{			"operatorDescription" : "Remove ^",			"class" : "WASession",			"operatorClass" : "RemoveCaretOperator",			"mutationStart" : 6,			"method" : "key",			"mutationEnd" : 10		}	],	"timeBudgetFinished" : false,	"notCoveredInOriginal" : [		{			"operatorDescription" : "Remove ^",			"class" : "WASession",			"operatorClass" : "RemoveCaretOperator",			"mutationStart" : 14,			"method" : "actionField",			"mutationEnd" : 19		},		{			"operatorDescription" : "Replace do block with [:each |]",			"class" : "WASession",			"operatorClass" : "ReplaceDoBlockWithEmptyBlockOperator",			"mutationStart" : 26,			"method" : "updateStates:",			"mutationEnd" : 82		},		{			"operatorDescription" : "Remove ^",			"class" : "WASession",			"operatorClass" : "RemoveCaretOperator",			"mutationStart" : 27,			"method" : "actionUrlForKey:",			"mutationEnd" : 92		},		{			"operatorDescription" : "Remove ^",			"class" : "WASession",			"operatorClass" : "RemoveCaretOperator",			"mutationStart" : 67,			"method" : "properties",			"mutationEnd" : 126		},		{			"operatorDescription" : "Remove ^",			"class" : "WASession",			"operatorClass" : "RemoveCaretOperator",			"mutationStart" : 12,			"method" : "isSession",			"mutationEnd" : 17		},		{			"operatorDescription" : "Remove ^",			"class" : "WASession",			"operatorClass" : "RemoveCaretOperator",			"mutationStart" : 42,			"method" : "actionUrlForContinuation:",			"mutationEnd" : 129		},		{			"operatorDescription" : "Replace detect: block with [:each | false] when #detect:ifNone: ",			"class" : "WASession",			"operatorClass" : "ReplaceDetectIfNoneFirstBlockWithAlwaysFalseBlockOperator",			"mutationStart" : 70,			"method" : "jumpToAnchor:",			"mutationEnd" : 249		},		{			"operatorDescription" : "Replace detect: block with [:each | true] when #detect:ifNone: ",			"class" : "WASession",			"operatorClass" : "ReplaceDetectIfNoneFirstBlockWithAlwaysTrueBlockOperator",			"mutationStart" : 70,			"method" : "jumpToAnchor:",			"mutationEnd" : 249		},		{			"operatorDescription" : "Replace ifNone: block with [] when #detect:ifNone:",			"class" : "WASession",			"operatorClass" : "ReplaceDetectIfNoneSecondBlockWithEmptyBlockOperator",			"mutationStart" : 70,			"method" : "jumpToAnchor:",			"mutationEnd" : 249		},		{			"operatorDescription" : "Remove ^",			"class" : "WASession",			"operatorClass" : "RemoveCaretOperator",			"mutationStart" : 17,			"method" : "unknownRequest",			"mutationEnd" : 28		},		{			"operatorDescription" : "Remove ^",			"class" : "WASession",			"operatorClass" : "RemoveCaretOperator",			"mutationStart" : 12,			"method" : "presenter",			"mutationEnd" : 61		},		{			"operatorDescription" : "Remove at:ifAbsent:",			"class" : "WASession",			"operatorClass" : "RemoveAtIfAbsentOperator",			"mutationStart" : 14,			"method" : "presenter",			"mutationEnd" : 61		},		{			"operatorDescription" : "Remove ^",			"class" : "WASession",			"operatorClass" : "RemoveCaretOperator",			"mutationStart" : 6,			"method" : "key",			"mutationEnd" : 10		},		{			"operatorDescription" : "Remove ^",			"class" : "WASession",			"operatorClass" : "RemoveCaretOperator",			"mutationStart" : 234,			"method" : "createContinuationCache",			"mutationEnd" : 380		},		{			"operatorDescription" : "Remove ^",			"class" : "WASession",			"operatorClass" : "RemoveCaretOperator",			"mutationStart" : 359,			"method" : "handleFiltered:",			"mutationEnd" : 419		},		{			"operatorDescription" : "Remove ^",			"class" : "WASession",			"operatorClass" : "RemoveCaretOperator",			"mutationStart" : 426,			"method" : "handleFiltered:",			"mutationEnd" : 466		},		{			"operatorDescription" : "Remove ^",			"class" : "WASession",			"operatorClass" : "RemoveCaretOperator",			"mutationStart" : 536,			"method" : "handleFiltered:",			"mutationEnd" : 547		},		{			"operatorDescription" : "Remove ^",			"class" : "WASession",			"operatorClass" : "RemoveCaretOperator",			"mutationStart" : 621,			"method" : "handleFiltered:",			"mutationEnd" : 641		},		{			"operatorDescription" : "Remove at:ifAbsent:",			"class" : "WASession",			"operatorClass" : "RemoveAtIfAbsentOperator",			"mutationStart" : 492,			"method" : "handleFiltered:",			"mutationEnd" : 549		},		{			"operatorDescription" : "Remove at:ifAbsent:",			"class" : "WASession",			"operatorClass" : "RemoveAtIfAbsentOperator",			"mutationStart" : 572,			"method" : "handleFiltered:",			"mutationEnd" : 643		}	],	"testCase" : "WASessionTest",	"unixtime" : 1605095592,	"timeTotal" : 22}