{	"targetClasses" : [		"WAStreamedResponse"	],	"testMethodsIgnored" : [ ],	"methodsNotProfiled" : [ ],	"numberOfOriginalTestMethods" : 34,	"timeDetail" : [		"init: % 0.17 (335 milliseconds)",		"assertionAmplification: % 81.13 (2 minutes 39 seconds 373 milliseconds)",		"selection: % 1.38 (2 seconds 712 milliseconds)",		"inputAmplification: % 17.16 (33 seconds 710 milliseconds)",		"finalize: % 0.16 (311 milliseconds)"	],	"notCoveredInAmplified" : [		{			"operatorDescription" : "Replace #and: with #bEqv:",			"class" : "WAStreamedResponse",			"operatorClass" : "ReplaceAndWithEqvMutantOperator",			"mutationStart" : 20,			"method" : "resetIfPossible",			"mutationEnd" : 233		},		{			"operatorDescription" : "Remove ^",			"class" : "WAStreamedResponse",			"operatorClass" : "RemoveCaretOperator",			"mutationStart" : 43,			"method" : "addCookie:",			"mutationEnd" : 68		},		{			"operatorDescription" : "Remove ^",			"class" : "WAStreamedResponse",			"operatorClass" : "RemoveCaretOperator",			"mutationStart" : 89,			"method" : "isStreamingResponse",			"mutationEnd" : 94		}	],	"mutationScoreAfter" : 86,	"mutationScoreBefore" : 86,	"testAmpLoc" : 0,	"amplifiedMethods" : [ ],	"testLoc" : "73",	"amplifiedClass" : "WAStreamedResponseTest449",	"numberOfAllMutationsInOriginal" : 22,	"targetLoc" : 54,	"newCovered" : [ ],	"timeBudgetFinished" : false,	"notCoveredInOriginal" : [		{			"operatorDescription" : "Replace #and: with #bEqv:",			"class" : "WAStreamedResponse",			"operatorClass" : "ReplaceAndWithEqvMutantOperator",			"mutationStart" : 20,			"method" : "resetIfPossible",			"mutationEnd" : 233		},		{			"operatorDescription" : "Remove ^",			"class" : "WAStreamedResponse",			"operatorClass" : "RemoveCaretOperator",			"mutationStart" : 43,			"method" : "addCookie:",			"mutationEnd" : 68		},		{			"operatorDescription" : "Remove ^",			"class" : "WAStreamedResponse",			"operatorClass" : "RemoveCaretOperator",			"mutationStart" : 89,			"method" : "isStreamingResponse",			"mutationEnd" : 94		}	],	"testCase" : "WAStreamedResponseTest",	"unixtime" : 1605096296,	"timeTotal" : 196}