{	"targetClasses" : [		"WAUnidirectionalCache"	],	"testMethodsIgnored" : [ ],	"methodsNotProfiled" : [		"WAUnidirectionalCache>>#keyAtValue:ifAbsent:",		"WAUnidirectionalCache>>#remove:"	],	"numberOfOriginalTestMethods" : 5,	"timeDetail" : [		"init: % 0.88 (135 milliseconds)",		"assertionAmplification: % 37.24 (5 seconds 738 milliseconds)",		"selection: % 6.80 (1 second 48 milliseconds)",		"inputAmplification: % 54.32 (8 seconds 369 milliseconds)",		"finalize: % 0.77 (118 milliseconds)"	],	"notCoveredInAmplified" : [ ],	"mutationScoreAfter" : 100,	"mutationScoreBefore" : 80,	"testAmpLoc" : 9,	"amplifiedMethods" : [		"WAUnidirectionalCacheTest80>>#testAtPut_amp_A3"	],	"testLoc" : "25",	"amplifiedClass" : "WAUnidirectionalCacheTest80",	"numberOfAllMutationsInOriginal" : 5,	"targetLoc" : 31,	"newCovered" : [		{			"operatorDescription" : "Remove ^",			"class" : "WAUnidirectionalCache",			"operatorClass" : "RemoveCaretOperator",			"mutationStart" : 7,			"method" : "size",			"mutationEnd" : 23		}	],	"timeBudgetFinished" : false,	"notCoveredInOriginal" : [		{			"operatorDescription" : "Remove ^",			"class" : "WAUnidirectionalCache",			"operatorClass" : "RemoveCaretOperator",			"mutationStart" : 7,			"method" : "size",			"mutationEnd" : 23		}	],	"testCase" : "WAUnidirectionalCacheTest",	"unixtime" : 1605094497,	"timeTotal" : 15}