{	"targetClasses" : [		"WAXmlCanvas"	],	"testMethodsIgnored" : [ ],	"methodsNotProfiled" : [		"WAXmlCanvas>>#cdata:"	],	"numberOfOriginalTestMethods" : 1,	"timeDetail" : [		"init: % 4.70 (61 milliseconds)",		"assertionAmplification: % 27.66 (359 milliseconds)",		"selection: % 9.09 (118 milliseconds)",		"inputAmplification: % 54.47 (707 milliseconds)",		"finalize: % 4.08 (53 milliseconds)"	],	"notCoveredInAmplified" : [ ],	"mutationScoreAfter" : 100,	"mutationScoreBefore" : 33,	"testAmpLoc" : 0,	"amplifiedMethods" : [ ],	"testLoc" : "12",	"amplifiedClass" : "WAXmlCanvasTest15",	"numberOfAllMutationsInOriginal" : 3,	"targetLoc" : 25,	"newCovered" : [ ],	"timeBudgetFinished" : false,	"notCoveredInOriginal" : [		{			"operatorDescription" : "Remove ^",			"class" : "WAXmlCanvas",			"operatorClass" : "RemoveCaretOperator",			"mutationStart" : 14,			"method" : "spaceEntity",			"mutationEnd" : 23		},		{			"operatorDescription" : "Remove ^",			"class" : "WAXmlCanvas",			"operatorClass" : "RemoveCaretOperator",			"mutationStart" : 8,			"method" : "break",			"mutationEnd" : 53		}	],	"testCase" : "WAXmlCanvasTest",	"unixtime" : 1605094345,	"timeTotal" : 1}