{	"targetClasses" : [		"ZnBase64Encoder"	],	"testMethodsIgnored" : [ ],	"methodsNotProfiled" : [ ],	"numberOfOriginalTestMethods" : 10,	"timeDetail" : [		"init: % 10.14 (11 seconds 511 milliseconds)",		"assertionAmplification: % 52.97 (1 minute 124 milliseconds)",		"selection: % 12.81 (14 seconds 539 milliseconds)",		"inputAmplification: % 13.87 (15 seconds 745 milliseconds)",		"finalize: % 10.20 (11 seconds 582 milliseconds)"	],	"notCoveredInAmplified" : [		{			"operatorDescription" : "Replace #and: with #bEqv:",			"class" : "ZnBase64Encoder",			"operatorClass" : "ReplaceAndWithEqvMutantOperator",			"mutationStart" : 96,			"method" : "isLegalCharacter:",			"mutationEnd" : 174		},		{			"operatorDescription" : "Replace #- with #+",			"class" : "ZnBase64Encoder",			"operatorClass" : "ReplaceMinusWithPlusMutantOperator",			"mutationStart" : 272,			"method" : "byteCountFor:",			"mutationEnd" : 284		},		{			"operatorDescription" : "Replace #- with #+",			"class" : "ZnBase64Encoder",			"operatorClass" : "ReplaceMinusWithPlusMutantOperator",			"mutationStart" : 303,			"method" : "byteCountFor:",			"mutationEnd" : 315		},		{			"operatorDescription" : "Replace #= with #'~='",			"class" : "ZnBase64Encoder",			"operatorClass" : "ReplaceEqualWithNotEqualOperator",			"mutationStart" : 231,			"method" : "byteCountFor:",			"mutationEnd" : 253		},		{			"operatorDescription" : "Replace #> with #<",			"class" : "ZnBase64Encoder",			"operatorClass" : "ReplaceGreaterWithLessMutantOperator",			"mutationStart" : 218,			"method" : "byteCountFor:",			"mutationEnd" : 222		},		{			"operatorDescription" : "Replace #and: argument with [true]",			"class" : "ZnBase64Encoder",			"operatorClass" : "ReplaceAndArgumentWithTrueOperator",			"mutationStart" : 217,			"method" : "byteCountFor:",			"mutationEnd" : 256		},		{			"operatorDescription" : "Replace #and: receiver with true",			"class" : "ZnBase64Encoder",			"operatorClass" : "ReplaceAndReceiverWithTrueOperator",			"mutationStart" : 217,			"method" : "byteCountFor:",			"mutationEnd" : 256		},		{			"operatorDescription" : "Replace #and: with #bEqv:",			"class" : "ZnBase64Encoder",			"operatorClass" : "ReplaceAndWithEqvMutantOperator",			"mutationStart" : 217,			"method" : "byteCountFor:",			"mutationEnd" : 256		},		{			"operatorDescription" : "Replace #and: with #nand:",			"class" : "ZnBase64Encoder",			"operatorClass" : "ReplaceAndWithNandMutantOperator",			"mutationStart" : 217,			"method" : "byteCountFor:",			"mutationEnd" : 256		},		{			"operatorDescription" : "Replace #and: with #or:",			"class" : "ZnBase64Encoder",			"operatorClass" : "ReplaceAndWithOrMutantOperator",			"mutationStart" : 217,			"method" : "byteCountFor:",			"mutationEnd" : 256		},		{			"operatorDescription" : "Replace #and: with false",			"class" : "ZnBase64Encoder",			"operatorClass" : "ReplaceAndWithFalseOperator",			"mutationStart" : 164,			"method" : "byteCountFor:",			"mutationEnd" : 199		},		{			"operatorDescription" : "Replace #and: with false",			"class" : "ZnBase64Encoder",			"operatorClass" : "ReplaceAndWithFalseOperator",			"mutationStart" : 217,			"method" : "byteCountFor:",			"mutationEnd" : 256		},		{			"operatorDescription" : "Replace #ifTrue:ifFalse: receiver with false",			"class" : "ZnBase64Encoder",			"operatorClass" : "ReplaceIfTrueIfFalseReceiverWithFalseOperator",			"mutationStart" : 164,			"method" : "byteCountFor:",			"mutationEnd" : 344		},		{			"operatorDescription" : "Replace #ifTrue:ifFalse: receiver with false",			"class" : "ZnBase64Encoder",			"operatorClass" : "ReplaceIfTrueIfFalseReceiverWithFalseOperator",			"mutationStart" : 217,			"method" : "byteCountFor:",			"mutationEnd" : 317		},		{			"operatorDescription" : "Replace #ifTrue:ifFalse: receiver with true",			"class" : "ZnBase64Encoder",			"operatorClass" : "ReplaceIfTrueIfFalseReceiverWithTrueOperator",			"mutationStart" : 217,			"method" : "byteCountFor:",			"mutationEnd" : 317		},		{			"operatorDescription" : "Remove ^",			"class" : "ZnBase64Encoder",			"operatorClass" : "RemoveCaretOperator",			"mutationStart" : 149,			"method" : "isWhitespaceCharacter:",			"mutationEnd" : 155		},		{			"operatorDescription" : "Remove ^",			"class" : "ZnBase64Encoder",			"operatorClass" : "RemoveCaretOperator",			"mutationStart" : 420,			"method" : "isWhitespaceCharacter:",			"mutationEnd" : 426		},		{			"operatorDescription" : "Replace #ifTrue: receiver with true",			"class" : "ZnBase64Encoder",			"operatorClass" : "ReplaceIfTrueReceiverWithTrueOperator",			"mutationStart" : 161,			"method" : "isWhitespaceCharacter:",			"mutationEnd" : 269		},		{			"operatorDescription" : "Replace #ifTrue: receiver with true",			"class" : "ZnBase64Encoder",			"operatorClass" : "ReplaceIfTrueReceiverWithTrueOperator",			"mutationStart" : 273,			"method" : "isWhitespaceCharacter:",			"mutationEnd" : 416		},		{			"operatorDescription" : "Remove ^",			"class" : "ZnBase64Encoder",			"operatorClass" : "RemoveCaretOperator",			"mutationStart" : 416,			"method" : "standardAlphabetWith:and:",			"mutationEnd" : 460		},		{			"operatorDescription" : "Replace #+ with #-",			"class" : "ZnBase64Encoder",			"operatorClass" : "ReplacePlusWithMinusMutantOperator",			"mutationStart" : 208,			"method" : "characterCountFor:",			"mutationEnd" : 269		},		{			"operatorDescription" : "Replace #or: receiver with false",			"class" : "ZnBase64Encoder",			"operatorClass" : "ReplaceOrReceiverWithFalseOperator",			"mutationStart" : 208,			"method" : "decode:and:and:and:to:",			"mutationEnd" : 244		},		{			"operatorDescription" : "Replace #or: receiver with false",			"class" : "ZnBase64Encoder",			"operatorClass" : "ReplaceOrReceiverWithFalseOperator",			"mutationStart" : 377,			"method" : "decode:and:and:and:to:",			"mutationEnd" : 413		},		{			"operatorDescription" : "Replace #or: receiver with false",			"class" : "ZnBase64Encoder",			"operatorClass" : "ReplaceOrReceiverWithFalseOperator",			"mutationStart" : 305,			"method" : "decode:to:",			"mutationEnd" : 383		},		{			"operatorDescription" : "Replace #+ with #-",			"class" : "ZnBase64Encoder class",			"operatorClass" : "ReplacePlusWithMinusMutantOperator",			"mutationStart" : 268,			"method" : "initialize",			"mutationEnd" : 275		},		{			"operatorDescription" : "Replace #- with #+",			"class" : "ZnBase64Encoder class",			"operatorClass" : "ReplaceMinusWithPlusMutantOperator",			"mutationStart" : 302,			"method" : "initialize",			"mutationEnd" : 311		}	],	"mutationScoreAfter" : 79,	"mutationScoreBefore" : 79,	"testAmpLoc" : 0,	"amplifiedMethods" : [ ],	"testLoc" : "139",	"amplifiedClass" : "ZnBase64EncoderTest159",	"numberOfAllMutationsInOriginal" : 124,	"targetLoc" : 204,	"newCovered" : [		{			"operatorDescription" : "Replace #and: with #or:",			"class" : "ZnBase64Encoder",			"operatorClass" : "ReplaceAndWithOrMutantOperator",			"mutationStart" : 27,			"method" : "skipWhitespace:",			"mutationEnd" : 93		}	],	"timeBudgetFinished" : false,	"notCoveredInOriginal" : [		{			"operatorDescription" : "Replace #and: with #bEqv:",			"class" : "ZnBase64Encoder",			"operatorClass" : "ReplaceAndWithEqvMutantOperator",			"mutationStart" : 96,			"method" : "isLegalCharacter:",			"mutationEnd" : 174		},		{			"operatorDescription" : "Replace #- with #+",			"class" : "ZnBase64Encoder",			"operatorClass" : "ReplaceMinusWithPlusMutantOperator",			"mutationStart" : 272,			"method" : "byteCountFor:",			"mutationEnd" : 284		},		{			"operatorDescription" : "Replace #- with #+",			"class" : "ZnBase64Encoder",			"operatorClass" : "ReplaceMinusWithPlusMutantOperator",			"mutationStart" : 303,			"method" : "byteCountFor:",			"mutationEnd" : 315		},		{			"operatorDescription" : "Replace #= with #'~='",			"class" : "ZnBase64Encoder",			"operatorClass" : "ReplaceEqualWithNotEqualOperator",			"mutationStart" : 231,			"method" : "byteCountFor:",			"mutationEnd" : 253		},		{			"operatorDescription" : "Replace #> with #<",			"class" : "ZnBase64Encoder",			"operatorClass" : "ReplaceGreaterWithLessMutantOperator",			"mutationStart" : 218,			"method" : "byteCountFor:",			"mutationEnd" : 222		},		{			"operatorDescription" : "Replace #and: argument with [true]",			"class" : "ZnBase64Encoder",			"operatorClass" : "ReplaceAndArgumentWithTrueOperator",			"mutationStart" : 217,			"method" : "byteCountFor:",			"mutationEnd" : 256		},		{			"operatorDescription" : "Replace #and: receiver with true",			"class" : "ZnBase64Encoder",			"operatorClass" : "ReplaceAndReceiverWithTrueOperator",			"mutationStart" : 217,			"method" : "byteCountFor:",			"mutationEnd" : 256		},		{			"operatorDescription" : "Replace #and: with #bEqv:",			"class" : "ZnBase64Encoder",			"operatorClass" : "ReplaceAndWithEqvMutantOperator",			"mutationStart" : 217,			"method" : "byteCountFor:",			"mutationEnd" : 256		},		{			"operatorDescription" : "Replace #and: with #nand:",			"class" : "ZnBase64Encoder",			"operatorClass" : "ReplaceAndWithNandMutantOperator",			"mutationStart" : 217,			"method" : "byteCountFor:",			"mutationEnd" : 256		},		{			"operatorDescription" : "Replace #and: with #or:",			"class" : "ZnBase64Encoder",			"operatorClass" : "ReplaceAndWithOrMutantOperator",			"mutationStart" : 217,			"method" : "byteCountFor:",			"mutationEnd" : 256		},		{			"operatorDescription" : "Replace #and: with false",			"class" : "ZnBase64Encoder",			"operatorClass" : "ReplaceAndWithFalseOperator",			"mutationStart" : 164,			"method" : "byteCountFor:",			"mutationEnd" : 199		},		{			"operatorDescription" : "Replace #and: with false",			"class" : "ZnBase64Encoder",			"operatorClass" : "ReplaceAndWithFalseOperator",			"mutationStart" : 217,			"method" : "byteCountFor:",			"mutationEnd" : 256		},		{			"operatorDescription" : "Replace #ifTrue:ifFalse: receiver with false",			"class" : "ZnBase64Encoder",			"operatorClass" : "ReplaceIfTrueIfFalseReceiverWithFalseOperator",			"mutationStart" : 164,			"method" : "byteCountFor:",			"mutationEnd" : 344		},		{			"operatorDescription" : "Replace #ifTrue:ifFalse: receiver with false",			"class" : "ZnBase64Encoder",			"operatorClass" : "ReplaceIfTrueIfFalseReceiverWithFalseOperator",			"mutationStart" : 217,			"method" : "byteCountFor:",			"mutationEnd" : 317		},		{			"operatorDescription" : "Replace #ifTrue:ifFalse: receiver with true",			"class" : "ZnBase64Encoder",			"operatorClass" : "ReplaceIfTrueIfFalseReceiverWithTrueOperator",			"mutationStart" : 217,			"method" : "byteCountFor:",			"mutationEnd" : 317		},		{			"operatorDescription" : "Remove ^",			"class" : "ZnBase64Encoder",			"operatorClass" : "RemoveCaretOperator",			"mutationStart" : 149,			"method" : "isWhitespaceCharacter:",			"mutationEnd" : 155		},		{			"operatorDescription" : "Remove ^",			"class" : "ZnBase64Encoder",			"operatorClass" : "RemoveCaretOperator",			"mutationStart" : 420,			"method" : "isWhitespaceCharacter:",			"mutationEnd" : 426		},		{			"operatorDescription" : "Replace #ifTrue: receiver with true",			"class" : "ZnBase64Encoder",			"operatorClass" : "ReplaceIfTrueReceiverWithTrueOperator",			"mutationStart" : 161,			"method" : "isWhitespaceCharacter:",			"mutationEnd" : 269		},		{			"operatorDescription" : "Replace #ifTrue: receiver with true",			"class" : "ZnBase64Encoder",			"operatorClass" : "ReplaceIfTrueReceiverWithTrueOperator",			"mutationStart" : 273,			"method" : "isWhitespaceCharacter:",			"mutationEnd" : 416		},		{			"operatorDescription" : "Remove ^",			"class" : "ZnBase64Encoder",			"operatorClass" : "RemoveCaretOperator",			"mutationStart" : 416,			"method" : "standardAlphabetWith:and:",			"mutationEnd" : 460		},		{			"operatorDescription" : "Replace #+ with #-",			"class" : "ZnBase64Encoder",			"operatorClass" : "ReplacePlusWithMinusMutantOperator",			"mutationStart" : 208,			"method" : "characterCountFor:",			"mutationEnd" : 269		},		{			"operatorDescription" : "Replace #or: receiver with false",			"class" : "ZnBase64Encoder",			"operatorClass" : "ReplaceOrReceiverWithFalseOperator",			"mutationStart" : 208,			"method" : "decode:and:and:and:to:",			"mutationEnd" : 244		},		{			"operatorDescription" : "Replace #or: receiver with false",			"class" : "ZnBase64Encoder",			"operatorClass" : "ReplaceOrReceiverWithFalseOperator",			"mutationStart" : 377,			"method" : "decode:and:and:and:to:",			"mutationEnd" : 413		},		{			"operatorDescription" : "Replace #or: receiver with false",			"class" : "ZnBase64Encoder",			"operatorClass" : "ReplaceOrReceiverWithFalseOperator",			"mutationStart" : 305,			"method" : "decode:to:",			"mutationEnd" : 383		},		{			"operatorDescription" : "Replace #+ with #-",			"class" : "ZnBase64Encoder class",			"operatorClass" : "ReplacePlusWithMinusMutantOperator",			"mutationStart" : 268,			"method" : "initialize",			"mutationEnd" : 275		},		{			"operatorDescription" : "Replace #- with #+",			"class" : "ZnBase64Encoder class",			"operatorClass" : "ReplaceMinusWithPlusMutantOperator",			"mutationStart" : 302,			"method" : "initialize",			"mutationEnd" : 311		}	],	"testCase" : "ZnBase64EncoderTest",	"unixtime" : 1605025695,	"timeTotal" : 113}