{	"targetClasses" : [		"ZnBivalentWriteStream"	],	"testMethodsIgnored" : [ ],	"methodsNotProfiled" : [		"ZnBivalentWriteStream>>#next:putAll:startingAt:"	],	"numberOfOriginalTestMethods" : 2,	"timeDetail" : [		"init: % 6.76 (237 milliseconds)",		"assertionAmplification: % 24.44 (857 milliseconds)",		"selection: % 26.18 (918 milliseconds)",		"inputAmplification: % 35.59 (1 second 248 milliseconds)",		"finalize: % 7.04 (247 milliseconds)"	],	"notCoveredInAmplified" : [ ],	"mutationScoreAfter" : 100,	"mutationScoreBefore" : 44,	"testAmpLoc" : 0,	"amplifiedMethods" : [ ],	"testLoc" : "21",	"amplifiedClass" : "ZnBivalentWriteStreamTest31",	"numberOfAllMutationsInOriginal" : 18,	"targetLoc" : 51,	"newCovered" : [ ],	"timeBudgetFinished" : false,	"notCoveredInOriginal" : [		{			"operatorDescription" : "Remove Exception Handler Operator",			"class" : "ZnBivalentWriteStream",			"operatorClass" : "RemoveExceptionHandlerOperator",			"mutationStart" : 40,			"method" : "isBinary",			"mutationEnd" : 104		},		{			"operatorDescription" : "Replace #ifTrue:ifFalse: receiver with false",			"class" : "ZnBivalentWriteStream",			"operatorClass" : "ReplaceIfTrueIfFalseReceiverWithFalseOperator",			"mutationStart" : 64,			"method" : "next:putAll:startingAt:",			"mutationEnd" : 642		},		{			"operatorDescription" : "Replace #ifTrue:ifFalse: receiver with false",			"class" : "ZnBivalentWriteStream",			"operatorClass" : "ReplaceIfTrueIfFalseReceiverWithFalseOperator",			"mutationStart" : 94,			"method" : "next:putAll:startingAt:",			"mutationEnd" : 358		},		{			"operatorDescription" : "Replace #ifTrue:ifFalse: receiver with false",			"class" : "ZnBivalentWriteStream",			"operatorClass" : "ReplaceIfTrueIfFalseReceiverWithFalseOperator",			"mutationStart" : 379,			"method" : "next:putAll:startingAt:",			"mutationEnd" : 640		},		{			"operatorDescription" : "Replace #ifTrue:ifFalse: receiver with true",			"class" : "ZnBivalentWriteStream",			"operatorClass" : "ReplaceIfTrueIfFalseReceiverWithTrueOperator",			"mutationStart" : 64,			"method" : "next:putAll:startingAt:",			"mutationEnd" : 642		},		{			"operatorDescription" : "Replace #ifTrue:ifFalse: receiver with true",			"class" : "ZnBivalentWriteStream",			"operatorClass" : "ReplaceIfTrueIfFalseReceiverWithTrueOperator",			"mutationStart" : 94,			"method" : "next:putAll:startingAt:",			"mutationEnd" : 358		},		{			"operatorDescription" : "Replace #ifTrue:ifFalse: receiver with true",			"class" : "ZnBivalentWriteStream",			"operatorClass" : "ReplaceIfTrueIfFalseReceiverWithTrueOperator",			"mutationStart" : 379,			"method" : "next:putAll:startingAt:",			"mutationEnd" : 640		},		{			"operatorDescription" : "Remove ^",			"class" : "ZnBivalentWriteStream",			"operatorClass" : "RemoveCaretOperator",			"mutationStart" : 11,			"method" : "isStream",			"mutationEnd" : 16		},		{			"operatorDescription" : "Remove ^",			"class" : "ZnBivalentWriteStream class",			"operatorClass" : "RemoveCaretOperator",			"mutationStart" : 132,			"method" : "on:",			"mutationEnd" : 144		},		{			"operatorDescription" : "Replace #ifTrue: receiver with false",			"class" : "ZnBivalentWriteStream class",			"operatorClass" : "ReplaceIfTrueReceiverWithFalseOperator",			"mutationStart" : 93,			"method" : "on:",			"mutationEnd" : 146		}	],	"testCase" : "ZnBivalentWriteStreamTest",	"unixtime" : 1605021402,	"timeTotal" : 3}