{	"targetClasses" : [		"ZnBufferedReadWriteStream"	],	"testMethodsIgnored" : [ ],	"methodsNotProfiled" : [		"ZnBufferedReadWriteStream>>#position:",		"ZnBufferedReadWriteStream>>#truncate:"	],	"numberOfOriginalTestMethods" : 11,	"timeDetail" : [		"init: % 0.50 (420 milliseconds)",		"assertionAmplification: % 69.39 (58 seconds 119 milliseconds)",		"selection: % 3.81 (3 seconds 192 milliseconds)",		"inputAmplification: % 25.83 (21 seconds 637 milliseconds)",		"finalize: % 0.47 (394 milliseconds)"	],	"notCoveredInAmplified" : [		{			"operatorDescription" : "Remove ^",			"class" : "ZnBufferedReadWriteStream",			"operatorClass" : "RemoveCaretOperator",			"mutationStart" : 13,			"method" : "setToEnd",			"mutationEnd" : 63		},		{			"operatorDescription" : "Remove ^",			"class" : "ZnBufferedReadWriteStream",			"operatorClass" : "RemoveCaretOperator",			"mutationStart" : 9,			"method" : "closed",			"mutationEnd" : 27		},		{			"operatorDescription" : "Remove ^",			"class" : "ZnBufferedReadWriteStream",			"operatorClass" : "RemoveCaretOperator",			"mutationStart" : 13,			"method" : "isBinary",			"mutationEnd" : 33		},		{			"operatorDescription" : "Remove ^",			"class" : "ZnBufferedReadWriteStream",			"operatorClass" : "RemoveCaretOperator",			"mutationStart" : 12,			"method" : "isStream",			"mutationEnd" : 17		},		{			"operatorDescription" : "Remove ^",			"class" : "ZnBufferedReadWriteStream",			"operatorClass" : "RemoveCaretOperator",			"mutationStart" : 15,			"method" : "isReadOnly",			"mutationEnd" : 21		},		{			"operatorDescription" : "Remove ^",			"class" : "ZnBufferedReadWriteStream",			"operatorClass" : "RemoveCaretOperator",			"mutationStart" : 7,			"method" : "size",			"mutationEnd" : 23		},		{			"operatorDescription" : "Remove ^",			"class" : "ZnBufferedReadWriteStream",			"operatorClass" : "RemoveCaretOperator",			"mutationStart" : 17,			"method" : "wrappedStream",			"mutationEnd" : 42		},		{			"operatorDescription" : "Remove ^",			"class" : "ZnBufferedReadWriteStream",			"operatorClass" : "RemoveCaretOperator",			"mutationStart" : 25,			"method" : "nextPutAll:",			"mutationEnd" : 83		},		{			"operatorDescription" : "Remove ^",			"class" : "ZnBufferedReadWriteStream",			"operatorClass" : "RemoveCaretOperator",			"mutationStart" : 241,			"method" : "writingActionDo:",			"mutationEnd" : 278		},		{			"operatorDescription" : "Replace #ifTrue: receiver with false",			"class" : "ZnBufferedReadWriteStream",			"operatorClass" : "ReplaceIfTrueReceiverWithFalseOperator",			"mutationStart" : 162,			"method" : "writingActionDo:",			"mutationEnd" : 210		},		{			"operatorDescription" : "Remove ^",			"class" : "ZnBufferedReadWriteStream class",			"operatorClass" : "RemoveCaretOperator",			"mutationStart" : 128,			"method" : "on:do:",			"mutationEnd" : 163		}	],	"mutationScoreAfter" : 60,	"mutationScoreBefore" : 60,	"testAmpLoc" : 0,	"amplifiedMethods" : [ ],	"testLoc" : "114",	"amplifiedClass" : "ZnBufferedReadWriteStreamTest161",	"numberOfAllMutationsInOriginal" : 28,	"targetLoc" : 104,	"newCovered" : [ ],	"timeBudgetFinished" : false,	"notCoveredInOriginal" : [		{			"operatorDescription" : "Remove ^",			"class" : "ZnBufferedReadWriteStream",			"operatorClass" : "RemoveCaretOperator",			"mutationStart" : 13,			"method" : "setToEnd",			"mutationEnd" : 63		},		{			"operatorDescription" : "Remove ^",			"class" : "ZnBufferedReadWriteStream",			"operatorClass" : "RemoveCaretOperator",			"mutationStart" : 9,			"method" : "closed",			"mutationEnd" : 27		},		{			"operatorDescription" : "Remove ^",			"class" : "ZnBufferedReadWriteStream",			"operatorClass" : "RemoveCaretOperator",			"mutationStart" : 13,			"method" : "isBinary",			"mutationEnd" : 33		},		{			"operatorDescription" : "Remove ^",			"class" : "ZnBufferedReadWriteStream",			"operatorClass" : "RemoveCaretOperator",			"mutationStart" : 12,			"method" : "isStream",			"mutationEnd" : 17		},		{			"operatorDescription" : "Remove ^",			"class" : "ZnBufferedReadWriteStream",			"operatorClass" : "RemoveCaretOperator",			"mutationStart" : 15,			"method" : "isReadOnly",			"mutationEnd" : 21		},		{			"operatorDescription" : "Remove ^",			"class" : "ZnBufferedReadWriteStream",			"operatorClass" : "RemoveCaretOperator",			"mutationStart" : 7,			"method" : "size",			"mutationEnd" : 23		},		{			"operatorDescription" : "Remove ^",			"class" : "ZnBufferedReadWriteStream",			"operatorClass" : "RemoveCaretOperator",			"mutationStart" : 17,			"method" : "wrappedStream",			"mutationEnd" : 42		},		{			"operatorDescription" : "Remove ^",			"class" : "ZnBufferedReadWriteStream",			"operatorClass" : "RemoveCaretOperator",			"mutationStart" : 25,			"method" : "nextPutAll:",			"mutationEnd" : 83		},		{			"operatorDescription" : "Remove ^",			"class" : "ZnBufferedReadWriteStream",			"operatorClass" : "RemoveCaretOperator",			"mutationStart" : 241,			"method" : "writingActionDo:",			"mutationEnd" : 278		},		{			"operatorDescription" : "Replace #ifTrue: receiver with false",			"class" : "ZnBufferedReadWriteStream",			"operatorClass" : "ReplaceIfTrueReceiverWithFalseOperator",			"mutationStart" : 162,			"method" : "writingActionDo:",			"mutationEnd" : 210		},		{			"operatorDescription" : "Remove ^",			"class" : "ZnBufferedReadWriteStream class",			"operatorClass" : "RemoveCaretOperator",			"mutationStart" : 128,			"method" : "on:do:",			"mutationEnd" : 163		}	],	"testCase" : "ZnBufferedReadWriteStreamTest",	"unixtime" : 1605024431,	"timeTotal" : 83}