{	"targetClasses" : [		"ZnCRLFReadStream"	],	"testMethodsIgnored" : [ ],	"methodsNotProfiled" : [		"ZnCRLFReadStream>>#next:into:startingAt:",		"ZnCRLFReadStream>>#readInto:startingAt:count:",		"ZnCRLFReadStream>>#next:into:"	],	"numberOfOriginalTestMethods" : 3,	"timeDetail" : [		"init: % 4.66 (514 milliseconds)",		"assertionAmplification: % 41.37 (4 seconds 564 milliseconds)",		"selection: % 14.19 (1 second 565 milliseconds)",		"inputAmplification: % 35.11 (3 seconds 873 milliseconds)",		"finalize: % 4.67 (515 milliseconds)"	],	"notCoveredInAmplified" : [ ],	"mutationScoreAfter" : 100,	"mutationScoreBefore" : 51,	"testAmpLoc" : 0,	"amplifiedMethods" : [ ],	"testLoc" : "82",	"amplifiedClass" : "ZnCRLFReadStreamTest48",	"numberOfAllMutationsInOriginal" : 47,	"targetLoc" : 75,	"newCovered" : [ ],	"timeBudgetFinished" : false,	"notCoveredInOriginal" : [		{			"operatorDescription" : "Remove ^",			"class" : "ZnCRLFReadStream",			"operatorClass" : "RemoveCaretOperator",			"mutationStart" : 297,			"method" : "next:into:startingAt:",			"mutationEnd" : 424		},		{			"operatorDescription" : "Remove ^",			"class" : "ZnCRLFReadStream",			"operatorClass" : "RemoveCaretOperator",			"mutationStart" : 338,			"method" : "next:into:startingAt:",			"mutationEnd" : 350		},		{			"operatorDescription" : "Remove ^",			"class" : "ZnCRLFReadStream",			"operatorClass" : "RemoveCaretOperator",			"mutationStart" : 367,			"method" : "next:into:startingAt:",			"mutationEnd" : 422		},		{			"operatorDescription" : "Replace #+ with #-",			"class" : "ZnCRLFReadStream",			"operatorClass" : "ReplacePlusWithMinusMutantOperator",			"mutationStart" : 397,			"method" : "next:into:startingAt:",			"mutationEnd" : 418		},		{			"operatorDescription" : "Replace #- with #+",			"class" : "ZnCRLFReadStream",			"operatorClass" : "ReplaceMinusWithPlusMutantOperator",			"mutationStart" : 397,			"method" : "next:into:startingAt:",			"mutationEnd" : 422		},		{			"operatorDescription" : "Replace #= with #'~='",			"class" : "ZnCRLFReadStream",			"operatorClass" : "ReplaceEqualWithNotEqualOperator",			"mutationStart" : 299,			"method" : "next:into:startingAt:",			"mutationEnd" : 324		},		{			"operatorDescription" : "Replace #ifTrue:ifFalse: receiver with false",			"class" : "ZnCRLFReadStream",			"operatorClass" : "ReplaceIfTrueIfFalseReceiverWithFalseOperator",			"mutationStart" : 299,			"method" : "next:into:startingAt:",			"mutationEnd" : 424		},		{			"operatorDescription" : "Replace #ifTrue:ifFalse: receiver with true",			"class" : "ZnCRLFReadStream",			"operatorClass" : "ReplaceIfTrueIfFalseReceiverWithTrueOperator",			"mutationStart" : 299,			"method" : "next:into:startingAt:",			"mutationEnd" : 424		},		{			"operatorDescription" : "Remove ^",			"class" : "ZnCRLFReadStream",			"operatorClass" : "RemoveCaretOperator",			"mutationStart" : 180,			"method" : "next",			"mutationEnd" : 183		},		{			"operatorDescription" : "Remove ^",			"class" : "ZnCRLFReadStream",			"operatorClass" : "RemoveCaretOperator",			"mutationStart" : 220,			"method" : "next",			"mutationEnd" : 223		},		{			"operatorDescription" : "Replace #ifTrue: receiver with false",			"class" : "ZnCRLFReadStream",			"operatorClass" : "ReplaceIfTrueReceiverWithFalseOperator",			"mutationStart" : 157,			"method" : "next",			"mutationEnd" : 185		},		{			"operatorDescription" : "Remove ^",			"class" : "ZnCRLFReadStream",			"operatorClass" : "RemoveCaretOperator",			"mutationStart" : 10,			"method" : "atEnd",			"mutationEnd" : 22		},		{			"operatorDescription" : "Remove ^",			"class" : "ZnCRLFReadStream",			"operatorClass" : "RemoveCaretOperator",			"mutationStart" : 13,			"method" : "isBinary",			"mutationEnd" : 17		},		{			"operatorDescription" : "Remove ^",			"class" : "ZnCRLFReadStream",			"operatorClass" : "RemoveCaretOperator",			"mutationStart" : 145,			"method" : "readInto:startingAt:count:",			"mutationEnd" : 151		},		{			"operatorDescription" : "Remove ^",			"class" : "ZnCRLFReadStream",			"operatorClass" : "RemoveCaretOperator",			"mutationStart" : 204,			"method" : "readInto:startingAt:count:",			"mutationEnd" : 219		},		{			"operatorDescription" : "Replace #+ with #-",			"class" : "ZnCRLFReadStream",			"operatorClass" : "ReplacePlusWithMinusMutantOperator",			"mutationStart" : 175,			"method" : "readInto:startingAt:count:",			"mutationEnd" : 188		},		{			"operatorDescription" : "Replace #- with #+",			"class" : "ZnCRLFReadStream",			"operatorClass" : "ReplaceMinusWithPlusMutantOperator",			"mutationStart" : 71,			"method" : "readInto:startingAt:count:",			"mutationEnd" : 88		},		{			"operatorDescription" : "Remove ^",			"class" : "ZnCRLFReadStream",			"operatorClass" : "RemoveCaretOperator",			"mutationStart" : 152,			"method" : "next:into:",			"mutationEnd" : 196		},		{			"operatorDescription" : "Remove ^",			"class" : "ZnCRLFReadStream",			"operatorClass" : "RemoveCaretOperator",			"mutationStart" : 147,			"method" : "peek",			"mutationEnd" : 150		},		{			"operatorDescription" : "Remove ^",			"class" : "ZnCRLFReadStream",			"operatorClass" : "RemoveCaretOperator",			"mutationStart" : 187,			"method" : "peek",			"mutationEnd" : 190		},		{			"operatorDescription" : "Remove ^",			"class" : "ZnCRLFReadStream",			"operatorClass" : "RemoveCaretOperator",			"mutationStart" : 217,			"method" : "peek",			"mutationEnd" : 219		},		{			"operatorDescription" : "Replace #ifTrue: receiver with false",			"class" : "ZnCRLFReadStream",			"operatorClass" : "ReplaceIfTrueReceiverWithFalseOperator",			"mutationStart" : 124,			"method" : "peek",			"mutationEnd" : 152		},		{			"operatorDescription" : "Replace #ifTrue: receiver with false",			"class" : "ZnCRLFReadStream",			"operatorClass" : "ReplaceIfTrueReceiverWithFalseOperator",			"mutationStart" : 196,			"method" : "peek",			"mutationEnd" : 221		}	],	"testCase" : "ZnCRLFReadStreamTest",	"unixtime" : 1605022913,	"timeTotal" : 11}