{	"targetClasses" : [		"ZnDigestAuthenticator"	],	"testMethodsIgnored" : [ ],	"methodsNotProfiled" : [		"ZnDigestAuthenticator>>#a2forUrl:method:",		"ZnDigestAuthenticator>>#isRequestAuthenticated:",		"ZnDigestAuthenticator>>#a1for:",		"ZnDigestAuthenticator class>>#md5Hash:"	],	"numberOfOriginalTestMethods" : 2,	"timeDetail" : [		"init: % 0.32 (444 milliseconds)",		"assertionAmplification: % 95.09 (2 minutes 11 seconds 934 milliseconds)",		"selection: % 2.39 (3 seconds 318 milliseconds)",		"inputAmplification: % 1.87 (2 seconds 599 milliseconds)",		"finalize: % 0.33 (451 milliseconds)"	],	"notCoveredInAmplified" : [ ],	"mutationScoreAfter" : 100,	"mutationScoreBefore" : 21,	"testAmpLoc" : 0,	"amplifiedMethods" : [ ],	"testLoc" : "36",	"amplifiedClass" : "ZnDigestAuthenticatorTest37",	"numberOfAllMutationsInOriginal" : 38,	"targetLoc" : 94,	"newCovered" : [ ],	"timeBudgetFinished" : false,	"notCoveredInOriginal" : [		{			"operatorDescription" : "Remove ^",			"class" : "ZnDigestAuthenticator",			"operatorClass" : "RemoveCaretOperator",			"mutationStart" : 87,			"method" : "createOpaque",			"mutationEnd" : 110		},		{			"operatorDescription" : "Remove ^",			"class" : "ZnDigestAuthenticator",			"operatorClass" : "RemoveCaretOperator",			"mutationStart" : 31,			"method" : "a2forUrl:method:",			"mutationEnd" : 68		},		{			"operatorDescription" : "Remove ^",			"class" : "ZnDigestAuthenticator",			"operatorClass" : "RemoveCaretOperator",			"mutationStart" : 125,			"method" : "authHeader",			"mutationEnd" : 203		},		{			"operatorDescription" : "Remove ^",			"class" : "ZnDigestAuthenticator",			"operatorClass" : "RemoveCaretOperator",			"mutationStart" : 186,			"method" : "isRequestAuthenticated:",			"mutationEnd" : 192		},		{			"operatorDescription" : "Remove ^",			"class" : "ZnDigestAuthenticator",			"operatorClass" : "RemoveCaretOperator",			"mutationStart" : 246,			"method" : "isRequestAuthenticated:",			"mutationEnd" : 252		},		{			"operatorDescription" : "Remove ^",			"class" : "ZnDigestAuthenticator",			"operatorClass" : "RemoveCaretOperator",			"mutationStart" : 302,			"method" : "isRequestAuthenticated:",			"mutationEnd" : 308		},		{			"operatorDescription" : "Remove ^",			"class" : "ZnDigestAuthenticator",			"operatorClass" : "RemoveCaretOperator",			"mutationStart" : 374,			"method" : "isRequestAuthenticated:",			"mutationEnd" : 380		},		{			"operatorDescription" : "Remove ^",			"class" : "ZnDigestAuthenticator",			"operatorClass" : "RemoveCaretOperator",			"mutationStart" : 399,			"method" : "isRequestAuthenticated:",			"mutationEnd" : 405		},		{			"operatorDescription" : "Remove ^",			"class" : "ZnDigestAuthenticator",			"operatorClass" : "RemoveCaretOperator",			"mutationStart" : 696,			"method" : "isRequestAuthenticated:",			"mutationEnd" : 702		},		{			"operatorDescription" : "Remove ^",			"class" : "ZnDigestAuthenticator",			"operatorClass" : "RemoveCaretOperator",			"mutationStart" : 708,			"method" : "isRequestAuthenticated:",			"mutationEnd" : 731		},		{			"operatorDescription" : "Remove at:ifAbsent:",			"class" : "ZnDigestAuthenticator",			"operatorClass" : "RemoveAtIfAbsentOperator",			"mutationStart" : 137,			"method" : "isRequestAuthenticated:",			"mutationEnd" : 195		},		{			"operatorDescription" : "Remove at:ifAbsent:",			"class" : "ZnDigestAuthenticator",			"operatorClass" : "RemoveAtIfAbsentOperator",			"mutationStart" : 208,			"method" : "isRequestAuthenticated:",			"mutationEnd" : 254		},		{			"operatorDescription" : "Remove at:ifAbsent:",			"class" : "ZnDigestAuthenticator",			"operatorClass" : "RemoveAtIfAbsentOperator",			"mutationStart" : 268,			"method" : "isRequestAuthenticated:",			"mutationEnd" : 310		},		{			"operatorDescription" : "Remove at:ifAbsent:",			"class" : "ZnDigestAuthenticator",			"operatorClass" : "RemoveAtIfAbsentOperator",			"mutationStart" : 332,			"method" : "isRequestAuthenticated:",			"mutationEnd" : 383		},		{			"operatorDescription" : "Remove at:ifAbsent:",			"class" : "ZnDigestAuthenticator",			"operatorClass" : "RemoveAtIfAbsentOperator",			"mutationStart" : 432,			"method" : "isRequestAuthenticated:",			"mutationEnd" : 474		},		{			"operatorDescription" : "Remove at:ifAbsent:",			"class" : "ZnDigestAuthenticator",			"operatorClass" : "RemoveAtIfAbsentOperator",			"mutationStart" : 655,			"method" : "isRequestAuthenticated:",			"mutationEnd" : 704		},		{			"operatorDescription" : "Replace #= with #'~='",			"class" : "ZnDigestAuthenticator",			"operatorClass" : "ReplaceEqualWithNotEqualOperator",			"mutationStart" : 710,			"method" : "isRequestAuthenticated:",			"mutationEnd" : 731		},		{			"operatorDescription" : "Remove ^",			"class" : "ZnDigestAuthenticator",			"operatorClass" : "RemoveCaretOperator",			"mutationStart" : 10,			"method" : "nonces",			"mutationEnd" : 53		},		{			"operatorDescription" : "Remove ^",			"class" : "ZnDigestAuthenticator",			"operatorClass" : "RemoveCaretOperator",			"mutationStart" : 81,			"method" : "a1for:",			"mutationEnd" : 85		},		{			"operatorDescription" : "Remove ^",			"class" : "ZnDigestAuthenticator",			"operatorClass" : "RemoveCaretOperator",			"mutationStart" : 91,			"method" : "a1for:",			"mutationEnd" : 152		},		{			"operatorDescription" : "Remove at:ifAbsent:",			"class" : "ZnDigestAuthenticator",			"operatorClass" : "RemoveAtIfAbsentOperator",			"mutationStart" : 44,			"method" : "a1for:",			"mutationEnd" : 87		},		{			"operatorDescription" : "Remove ^",			"class" : "ZnDigestAuthenticator",			"operatorClass" : "RemoveCaretOperator",			"mutationStart" : 86,			"method" : "createNonce",			"mutationEnd" : 109		},		{			"operatorDescription" : "Remove ^",			"class" : "ZnDigestAuthenticator class",			"operatorClass" : "RemoveCaretOperator",			"mutationStart" : 130,			"method" : "md5Hash:",			"mutationEnd" : 202		},		{			"operatorDescription" : "Remove ^",			"class" : "ZnDigestAuthenticator class",			"operatorClass" : "RemoveCaretOperator",			"mutationStart" : 599,			"method" : "md5Hash:",			"mutationEnd" : 604		},		{			"operatorDescription" : "Replace #ifTrue: receiver with false",			"class" : "ZnDigestAuthenticator class",			"operatorClass" : "ReplaceIfTrueReceiverWithFalseOperator",			"mutationStart" : 491,			"method" : "md5Hash:",			"mutationEnd" : 554		},		{			"operatorDescription" : "Replace #ifTrue: receiver with true",			"class" : "ZnDigestAuthenticator class",			"operatorClass" : "ReplaceIfTrueReceiverWithTrueOperator",			"mutationStart" : 491,			"method" : "md5Hash:",			"mutationEnd" : 554		},		{			"operatorDescription" : "Replace #ifTrue: with #ifFalse:",			"class" : "ZnDigestAuthenticator class",			"operatorClass" : "ReplaceIfTrueWithIfFalseMutantOperator",			"mutationStart" : 491,			"method" : "md5Hash:",			"mutationEnd" : 554		},		{			"operatorDescription" : "Remove #not",			"class" : "ZnDigestAuthenticator class",			"operatorClass" : "RemoveNotOperator",			"mutationStart" : 18,			"method" : "hasMD5Support",			"mutationEnd" : 49		},		{			"operatorDescription" : "Remove ^",			"class" : "ZnDigestAuthenticator class",			"operatorClass" : "RemoveCaretOperator",			"mutationStart" : 16,			"method" : "hasMD5Support",			"mutationEnd" : 49		},		{			"operatorDescription" : "Replace #ifTrue: receiver with true",			"class" : "ZnDigestAuthenticator class",			"operatorClass" : "ReplaceIfTrueReceiverWithTrueOperator",			"mutationStart" : 311,			"method" : "parseAuthRequest:",			"mutationEnd" : 484		}	],	"testCase" : "ZnDigestAuthenticatorTest",	"unixtime" : 1605021591,	"timeTotal" : 138}