{	"targetClasses" : [		"ZnEasy"	],	"testMethodsIgnored" : [ ],	"methodsNotProfiled" : [		"ZnEasy class>>#delete:username:password:",		"ZnEasy class>>#get:username:password:",		"ZnEasy class>>#put:data:username:password:",		"ZnEasy class>>#post:data:username:password:",		"ZnEasy class>>#head:username:password:"	],	"numberOfOriginalTestMethods" : 10,	"timeDetail" : [		"init: % 1.81 (22 seconds 703 milliseconds)",		"assertionAmplification: % 39.85 (8 minutes 19 seconds 322 milliseconds)",		"selection: % 35.56 (7 minutes 25 seconds 537 milliseconds)",		"inputAmplification: % 21.37 (4 minutes 27 seconds 731 milliseconds)",		"finalize: % 1.40 (17 seconds 592 milliseconds)"	],	"notCoveredInAmplified" : [		{			"operatorDescription" : "Remove ^",			"class" : "ZnEasy class",			"operatorClass" : "RemoveCaretOperator",			"mutationStart" : 58,			"method" : "delete:username:password:",			"mutationEnd" : 172		},		{			"operatorDescription" : "Remove ^",			"class" : "ZnEasy class",			"operatorClass" : "RemoveCaretOperator",			"mutationStart" : 55,			"method" : "get:username:password:",			"mutationEnd" : 166		},		{			"operatorDescription" : "Remove ^",			"class" : "ZnEasy class",			"operatorClass" : "RemoveCaretOperator",			"mutationStart" : 68,			"method" : "put:data:username:password:",			"mutationEnd" : 197		},		{			"operatorDescription" : "Remove ^",			"class" : "ZnEasy class",			"operatorClass" : "RemoveCaretOperator",			"mutationStart" : 69,			"method" : "post:data:username:password:",			"mutationEnd" : 199		},		{			"operatorDescription" : "Remove ^",			"class" : "ZnEasy class",			"operatorClass" : "RemoveCaretOperator",			"mutationStart" : 56,			"method" : "head:username:password:",			"mutationEnd" : 168		}	],	"mutationScoreAfter" : 66,	"mutationScoreBefore" : 66,	"testAmpLoc" : 0,	"amplifiedMethods" : [ ],	"testLoc" : "109",	"amplifiedClass" : "ZnEasyTest170",	"numberOfAllMutationsInOriginal" : 15,	"targetLoc" : 182,	"newCovered" : [ ],	"timeBudgetFinished" : false,	"notCoveredInOriginal" : [		{			"operatorDescription" : "Remove ^",			"class" : "ZnEasy class",			"operatorClass" : "RemoveCaretOperator",			"mutationStart" : 58,			"method" : "delete:username:password:",			"mutationEnd" : 172		},		{			"operatorDescription" : "Remove ^",			"class" : "ZnEasy class",			"operatorClass" : "RemoveCaretOperator",			"mutationStart" : 55,			"method" : "get:username:password:",			"mutationEnd" : 166		},		{			"operatorDescription" : "Remove ^",			"class" : "ZnEasy class",			"operatorClass" : "RemoveCaretOperator",			"mutationStart" : 68,			"method" : "put:data:username:password:",			"mutationEnd" : 197		},		{			"operatorDescription" : "Remove ^",			"class" : "ZnEasy class",			"operatorClass" : "RemoveCaretOperator",			"mutationStart" : 69,			"method" : "post:data:username:password:",			"mutationEnd" : 199		},		{			"operatorDescription" : "Remove ^",			"class" : "ZnEasy class",			"operatorClass" : "RemoveCaretOperator",			"mutationStart" : 56,			"method" : "head:username:password:",			"mutationEnd" : 168		}	],	"testCase" : "ZnEasyTest",	"unixtime" : 1605024347,	"timeTotal" : 1252}