{	"targetClasses" : [		"ZnEntityWriter"	],	"testMethodsIgnored" : [ ],	"methodsNotProfiled" : [ ],	"numberOfOriginalTestMethods" : 4,	"timeDetail" : [		"init: % 4.28 (8 seconds 589 milliseconds)",		"assertionAmplification: % 27.11 (54 seconds 456 milliseconds)",		"selection: % 51.31 (1 minute 43 seconds 53 milliseconds)",		"inputAmplification: % 13.14 (26 seconds 389 milliseconds)",		"finalize: % 4.16 (8 seconds 352 milliseconds)"	],	"notCoveredInAmplified" : [		{			"operatorDescription" : "Replace #or: receiver with false",			"class" : "ZnEntityWriter",			"operatorClass" : "ReplaceOrReceiverWithFalseOperator",			"mutationStart" : 117,			"method" : "isChunked",			"mutationEnd" : 191		},		{			"operatorDescription" : "Remove ^",			"class" : "ZnEntityWriter",			"operatorClass" : "RemoveCaretOperator",			"mutationStart" : 9,			"method" : "stream",			"mutationEnd" : 16		},		{			"operatorDescription" : "Remove ^",			"class" : "ZnEntityWriter",			"operatorClass" : "RemoveCaretOperator",			"mutationStart" : 100,			"method" : "isGzipped",			"mutationEnd" : 106		},		{			"operatorDescription" : "Replace #ifTrue:ifFalse: receiver with true",			"class" : "ZnEntityWriter",			"operatorClass" : "ReplaceIfTrueIfFalseReceiverWithTrueOperator",			"mutationStart" : 16,			"method" : "contentType",			"mutationEnd" : 132		},		{			"operatorDescription" : "Replace #and: argument with [true]",			"class" : "ZnEntityWriter",			"operatorClass" : "ReplaceAndArgumentWithTrueOperator",			"mutationStart" : 405,			"method" : "writeEntity:",			"mutationEnd" : 454		},		{			"operatorDescription" : "Replace #and: receiver with true",			"class" : "ZnEntityWriter",			"operatorClass" : "ReplaceAndReceiverWithTrueOperator",			"mutationStart" : 405,			"method" : "writeEntity:",			"mutationEnd" : 454		},		{			"operatorDescription" : "Replace #and: with #bEqv:",			"class" : "ZnEntityWriter",			"operatorClass" : "ReplaceAndWithEqvMutantOperator",			"mutationStart" : 405,			"method" : "writeEntity:",			"mutationEnd" : 454		},		{			"operatorDescription" : "Replace #and: with #or:",			"class" : "ZnEntityWriter",			"operatorClass" : "ReplaceAndWithOrMutantOperator",			"mutationStart" : 405,			"method" : "writeEntity:",			"mutationEnd" : 454		},		{			"operatorDescription" : "Replace #ifTrue: receiver with true",			"class" : "ZnEntityWriter",			"operatorClass" : "ReplaceIfTrueReceiverWithTrueOperator",			"mutationStart" : 405,			"method" : "writeEntity:",			"mutationEnd" : 548		}	],	"mutationScoreAfter" : 72,	"mutationScoreBefore" : 60,	"testAmpLoc" : 27,	"amplifiedMethods" : [		"ZnEntityWriterTest68>>#testChunkedOnly_amp_N7"	],	"testLoc" : "71",	"amplifiedClass" : "ZnEntityWriterTest68",	"numberOfAllMutationsInOriginal" : 33,	"targetLoc" : 40,	"newCovered" : [		{			"operatorDescription" : "Replace #= with #'~='",			"class" : "ZnEntityWriter",			"operatorClass" : "ReplaceEqualWithNotEqualOperator",			"mutationStart" : 117,			"method" : "isChunked",			"mutationEnd" : 144		},		{			"operatorDescription" : "Replace #or: argument with [false]",			"class" : "ZnEntityWriter",			"operatorClass" : "ReplaceOrArgumentWithFalseOperator",			"mutationStart" : 117,			"method" : "isChunked",			"mutationEnd" : 191		},		{			"operatorDescription" : "Replace #or: with #and:",			"class" : "ZnEntityWriter",			"operatorClass" : "ReplaceOrWithAndMutantOperator",			"mutationStart" : 117,			"method" : "isChunked",			"mutationEnd" : 191		},		{			"operatorDescription" : "Replace #or: with true",			"class" : "ZnEntityWriter",			"operatorClass" : "ReplaceOrWithTrueOperator",			"mutationStart" : 117,			"method" : "isChunked",			"mutationEnd" : 191		}	],	"timeBudgetFinished" : false,	"notCoveredInOriginal" : [		{			"operatorDescription" : "Replace #= with #'~='",			"class" : "ZnEntityWriter",			"operatorClass" : "ReplaceEqualWithNotEqualOperator",			"mutationStart" : 117,			"method" : "isChunked",			"mutationEnd" : 144		},		{			"operatorDescription" : "Replace #or: argument with [false]",			"class" : "ZnEntityWriter",			"operatorClass" : "ReplaceOrArgumentWithFalseOperator",			"mutationStart" : 117,			"method" : "isChunked",			"mutationEnd" : 191		},		{			"operatorDescription" : "Replace #or: receiver with false",			"class" : "ZnEntityWriter",			"operatorClass" : "ReplaceOrReceiverWithFalseOperator",			"mutationStart" : 117,			"method" : "isChunked",			"mutationEnd" : 191		},		{			"operatorDescription" : "Replace #or: with #and:",			"class" : "ZnEntityWriter",			"operatorClass" : "ReplaceOrWithAndMutantOperator",			"mutationStart" : 117,			"method" : "isChunked",			"mutationEnd" : 191		},		{			"operatorDescription" : "Replace #or: with true",			"class" : "ZnEntityWriter",			"operatorClass" : "ReplaceOrWithTrueOperator",			"mutationStart" : 117,			"method" : "isChunked",			"mutationEnd" : 191		},		{			"operatorDescription" : "Remove ^",			"class" : "ZnEntityWriter",			"operatorClass" : "RemoveCaretOperator",			"mutationStart" : 9,			"method" : "stream",			"mutationEnd" : 16		},		{			"operatorDescription" : "Remove ^",			"class" : "ZnEntityWriter",			"operatorClass" : "RemoveCaretOperator",			"mutationStart" : 100,			"method" : "isGzipped",			"mutationEnd" : 106		},		{			"operatorDescription" : "Replace #ifTrue:ifFalse: receiver with true",			"class" : "ZnEntityWriter",			"operatorClass" : "ReplaceIfTrueIfFalseReceiverWithTrueOperator",			"mutationStart" : 16,			"method" : "contentType",			"mutationEnd" : 132		},		{			"operatorDescription" : "Replace #and: argument with [true]",			"class" : "ZnEntityWriter",			"operatorClass" : "ReplaceAndArgumentWithTrueOperator",			"mutationStart" : 405,			"method" : "writeEntity:",			"mutationEnd" : 454		},		{			"operatorDescription" : "Replace #and: receiver with true",			"class" : "ZnEntityWriter",			"operatorClass" : "ReplaceAndReceiverWithTrueOperator",			"mutationStart" : 405,			"method" : "writeEntity:",			"mutationEnd" : 454		},		{			"operatorDescription" : "Replace #and: with #bEqv:",			"class" : "ZnEntityWriter",			"operatorClass" : "ReplaceAndWithEqvMutantOperator",			"mutationStart" : 405,			"method" : "writeEntity:",			"mutationEnd" : 454		},		{			"operatorDescription" : "Replace #and: with #or:",			"class" : "ZnEntityWriter",			"operatorClass" : "ReplaceAndWithOrMutantOperator",			"mutationStart" : 405,			"method" : "writeEntity:",			"mutationEnd" : 454		},		{			"operatorDescription" : "Replace #ifTrue: receiver with true",			"class" : "ZnEntityWriter",			"operatorClass" : "ReplaceIfTrueReceiverWithTrueOperator",			"mutationStart" : 405,			"method" : "writeEntity:",			"mutationEnd" : 548		}	],	"testCase" : "ZnEntityWriterTest",	"unixtime" : 1605022648,	"timeTotal" : 200}