{	"targetClasses" : [		"ZnFastLineReader"	],	"testMethodsIgnored" : [ ],	"methodsNotProfiled" : [		"ZnFastLineReader>>#bufferStream:"	],	"numberOfOriginalTestMethods" : 2,	"timeDetail" : [		"init: % 77.10 (20 seconds 381 milliseconds)",		"assertionAmplification: % 8.78 (2 seconds 321 milliseconds)",		"selection: % 1.85 (490 milliseconds)",		"inputAmplification: % 10.93 (2 seconds 889 milliseconds)",		"finalize: % 1.34 (354 milliseconds)"	],	"notCoveredInAmplified" : [ ],	"mutationScoreAfter" : 100,	"mutationScoreBefore" : 90,	"testAmpLoc" : 0,	"amplifiedMethods" : [ ],	"testLoc" : "41",	"amplifiedClass" : "ZnFastLineReaderTest36",	"numberOfAllMutationsInOriginal" : 20,	"targetLoc" : 46,	"newCovered" : [ ],	"timeBudgetFinished" : false,	"notCoveredInOriginal" : [		{			"operatorDescription" : "Replace #or: with #bXor:",			"class" : "ZnFastLineReader",			"operatorClass" : "ReplaceOrWithXorMutantOperator",			"mutationStart" : 295,			"method" : "nextLine",			"mutationEnd" : 325		},		{			"operatorDescription" : "Remove ^",			"class" : "ZnFastLineReader",			"operatorClass" : "RemoveCaretOperator",			"mutationStart" : 37,			"method" : "bufferStream:",			"mutationEnd" : 74		}	],	"testCase" : "ZnFastLineReaderTest",	"unixtime" : 1605021691,	"timeTotal" : 26}