{	"targetClasses" : [		"ZnHeaders"	],	"testMethodsIgnored" : [ ],	"methodsNotProfiled" : [		"ZnHeaders>>#removeKey:ifAbsent:",		"ZnHeaders>>#contentLength:",		"ZnHeaders>>#acceptEntityDescription:",		"ZnHeaders>>#keysAndValuesDo:",		"ZnHeaders>>#gtInspectorHeadersIn:",		"ZnHeaders>>#removeKey:",		"ZnHeaders>>#addAll:",		"ZnHeaders>>#at:ifAbsent:",		"ZnHeaders>>#printOn:",		"ZnHeaders>>#request:",		"ZnHeaders>>#at:ifPresent:",		"ZnHeaders>>#contentType:",		"ZnHeaders class>>#withAll:",		"ZnHeaders class>>#requestHeadersFor:"	],	"numberOfOriginalTestMethods" : 9,	"timeDetail" : [		"init: % 21.24 (22 seconds 169 milliseconds)",		"assertionAmplification: % 22.92 (23 seconds 932 milliseconds)",		"selection: % 21.07 (21 seconds 993 milliseconds)",		"inputAmplification: % 13.46 (14 seconds 50 milliseconds)",		"finalize: % 21.32 (22 seconds 254 milliseconds)"	],	"notCoveredInAmplified" : [		{			"operatorDescription" : "Replace #= with #'~='",			"class" : "ZnHeaders",			"operatorClass" : "ReplaceEqualWithNotEqualOperator",			"mutationStart" : 172,			"method" : "contentLength",			"mutationEnd" : 191		},		{			"operatorDescription" : "Replace #ifTrue:ifFalse: receiver with false",			"class" : "ZnHeaders",			"operatorClass" : "ReplaceIfTrueIfFalseReceiverWithFalseOperator",			"mutationStart" : 172,			"method" : "contentLength",			"mutationEnd" : 318		},		{			"operatorDescription" : "Replace #ifTrue:ifFalse: receiver with true",			"class" : "ZnHeaders",			"operatorClass" : "ReplaceIfTrueIfFalseReceiverWithTrueOperator",			"mutationStart" : 172,			"method" : "contentLength",			"mutationEnd" : 318		},		{			"operatorDescription" : "Remove ^",			"class" : "ZnHeaders",			"operatorClass" : "RemoveCaretOperator",			"mutationStart" : 46,			"method" : "=",			"mutationEnd" : 52		},		{			"operatorDescription" : "Remove ^",			"class" : "ZnHeaders",			"operatorClass" : "RemoveCaretOperator",			"mutationStart" : 58,			"method" : "=",			"mutationEnd" : 87		},		{			"operatorDescription" : "Replace #= with #'~='",			"class" : "ZnHeaders",			"operatorClass" : "ReplaceEqualWithNotEqualOperator",			"mutationStart" : 10,			"method" : "=",			"mutationEnd" : 33		},		{			"operatorDescription" : "Replace #= with #'~='",			"class" : "ZnHeaders",			"operatorClass" : "ReplaceEqualWithNotEqualOperator",			"mutationStart" : 60,			"method" : "=",			"mutationEnd" : 87		},		{			"operatorDescription" : "Replace #ifFalse: receiver with false",			"class" : "ZnHeaders",			"operatorClass" : "ReplaceIfFalseReceiverWithFalseOperator",			"mutationStart" : 10,			"method" : "=",			"mutationEnd" : 54		},		{			"operatorDescription" : "Replace #ifFalse: receiver with true",			"class" : "ZnHeaders",			"operatorClass" : "ReplaceIfFalseReceiverWithTrueOperator",			"mutationStart" : 10,			"method" : "=",			"mutationEnd" : 54		},		{			"operatorDescription" : "Replace #ifFalse: with #ifTrue:",			"class" : "ZnHeaders",			"operatorClass" : "ReplaceIfFalseWithIfTrueMutantOperator",			"mutationStart" : 10,			"method" : "=",			"mutationEnd" : 54		},		{			"operatorDescription" : "Replace #or: receiver with false",			"class" : "ZnHeaders",			"operatorClass" : "ReplaceOrReceiverWithFalseOperator",			"mutationStart" : 13,			"method" : "isEmpty",			"mutationEnd" : 54		},		{			"operatorDescription" : "Replace #or: with #bXor:",			"class" : "ZnHeaders",			"operatorClass" : "ReplaceOrWithXorMutantOperator",			"mutationStart" : 13,			"method" : "isEmpty",			"mutationEnd" : 54		},		{			"operatorDescription" : "Remove ^",			"class" : "ZnHeaders",			"operatorClass" : "RemoveCaretOperator",			"mutationStart" : 63,			"method" : "removeKey:ifAbsent:",			"mutationEnd" : 75		},		{			"operatorDescription" : "Remove ^",			"class" : "ZnHeaders",			"operatorClass" : "RemoveCaretOperator",			"mutationStart" : 81,			"method" : "removeKey:ifAbsent:",			"mutationEnd" : 159		},		{			"operatorDescription" : "Replace #ifTrue: receiver with false",			"class" : "ZnHeaders",			"operatorClass" : "ReplaceIfTrueReceiverWithFalseOperator",			"mutationStart" : 40,			"method" : "removeKey:ifAbsent:",			"mutationEnd" : 77		},		{			"operatorDescription" : "Remove ^",			"class" : "ZnHeaders",			"operatorClass" : "RemoveCaretOperator",			"mutationStart" : 292,			"method" : "normalizeHeaderKey:",			"mutationEnd" : 299		},		{			"operatorDescription" : "Replace #ifTrue: receiver with false",			"class" : "ZnHeaders",			"operatorClass" : "ReplaceIfTrueReceiverWithFalseOperator",			"mutationStart" : 246,			"method" : "normalizeHeaderKey:",			"mutationEnd" : 301		},		{			"operatorDescription" : "Replace #ifTrue:ifFalse: receiver with false",			"class" : "ZnHeaders",			"operatorClass" : "ReplaceIfTrueIfFalseReceiverWithFalseOperator",			"mutationStart" : 307,			"method" : "normalizeHeaderKey:",			"mutationEnd" : 413		},		{			"operatorDescription" : "Remove ^",			"class" : "ZnHeaders",			"operatorClass" : "RemoveCaretOperator",			"mutationStart" : 71,			"method" : "gtInspectorHeadersIn:",			"mutationEnd" : 188		},		{			"operatorDescription" : "Remove ^",			"class" : "ZnHeaders",			"operatorClass" : "RemoveCaretOperator",			"mutationStart" : 25,			"method" : "removeKey:",			"mutationEnd" : 87		},		{			"operatorDescription" : "Remove ^",			"class" : "ZnHeaders",			"operatorClass" : "RemoveCaretOperator",			"mutationStart" : 144,			"method" : "addAll:",			"mutationEnd" : 160		},		{			"operatorDescription" : "Replace #ifFalse: receiver with false",			"class" : "ZnHeaders",			"operatorClass" : "ReplaceIfFalseReceiverWithFalseOperator",			"mutationStart" : 61,			"method" : "addAll:",			"mutationEnd" : 140		},		{			"operatorDescription" : "Remove ^",			"class" : "ZnHeaders",			"operatorClass" : "RemoveCaretOperator",			"mutationStart" : 123,			"method" : "at:ifAbsent:",			"mutationEnd" : 135		},		{			"operatorDescription" : "Remove ^",			"class" : "ZnHeaders",			"operatorClass" : "RemoveCaretOperator",			"mutationStart" : 141,			"method" : "at:ifAbsent:",			"mutationEnd" : 212		},		{			"operatorDescription" : "Remove at:ifAbsent:",			"class" : "ZnHeaders",			"operatorClass" : "RemoveAtIfAbsentOperator",			"mutationStart" : 143,			"method" : "at:ifAbsent:",			"mutationEnd" : 212		},		{			"operatorDescription" : "Replace #ifTrue: receiver with false",			"class" : "ZnHeaders",			"operatorClass" : "ReplaceIfTrueReceiverWithFalseOperator",			"mutationStart" : 100,			"method" : "at:ifAbsent:",			"mutationEnd" : 137		},		{			"operatorDescription" : "Replace #ifTrue: receiver with true",			"class" : "ZnHeaders",			"operatorClass" : "ReplaceIfTrueReceiverWithTrueOperator",			"mutationStart" : 100,			"method" : "at:ifAbsent:",			"mutationEnd" : 137		},		{			"operatorDescription" : "Replace #ifTrue: with #ifFalse:",			"class" : "ZnHeaders",			"operatorClass" : "ReplaceIfTrueWithIfFalseMutantOperator",			"mutationStart" : 100,			"method" : "at:ifAbsent:",			"mutationEnd" : 137		},		{			"operatorDescription" : "Replace #isEmpty with #notEmpty",			"class" : "ZnHeaders",			"operatorClass" : "ReplaceIsEmptyWithNotEmptyMutantOperator",			"mutationStart" : 100,			"method" : "at:ifAbsent:",			"mutationEnd" : 111		},		{			"operatorDescription" : "Replace #ifFalse: receiver with true",			"class" : "ZnHeaders",			"operatorClass" : "ReplaceIfFalseReceiverWithTrueOperator",			"mutationStart" : 42,			"method" : "printOn:",			"mutationEnd" : 103		},		{			"operatorDescription" : "Replace #ifFalse: with #ifTrue:",			"class" : "ZnHeaders",			"operatorClass" : "ReplaceIfFalseWithIfTrueMutantOperator",			"mutationStart" : 42,			"method" : "printOn:",			"mutationEnd" : 103		},		{			"operatorDescription" : "Replace #isEmpty with #notEmpty",			"class" : "ZnHeaders",			"operatorClass" : "ReplaceIsEmptyWithNotEmptyMutantOperator",			"mutationStart" : 42,			"method" : "printOn:",			"mutationEnd" : 53		},		{			"operatorDescription" : "Replace #ifTrue:ifFalse: receiver with false",			"class" : "ZnHeaders",			"operatorClass" : "ReplaceIfTrueIfFalseReceiverWithFalseOperator",			"mutationStart" : 213,			"method" : "extendHeaderAt:from:",			"mutationEnd" : 406		},		{			"operatorDescription" : "Remove #not",			"class" : "ZnHeaders",			"operatorClass" : "RemoveNotOperator",			"mutationStart" : 71,			"method" : "request:",			"mutationEnd" : 85		},		{			"operatorDescription" : "Remove ^",			"class" : "ZnHeaders",			"operatorClass" : "RemoveCaretOperator",			"mutationStart" : 100,			"method" : "request:",			"mutationEnd" : 105		},		{			"operatorDescription" : "Replace #ifTrue: receiver with false",			"class" : "ZnHeaders",			"operatorClass" : "ReplaceIfTrueReceiverWithFalseOperator",			"mutationStart" : 54,			"method" : "request:",			"mutationEnd" : 107		},		{			"operatorDescription" : "Replace #ifTrue: receiver with true",			"class" : "ZnHeaders",			"operatorClass" : "ReplaceIfTrueReceiverWithTrueOperator",			"mutationStart" : 54,			"method" : "request:",			"mutationEnd" : 107		},		{			"operatorDescription" : "Replace #ifTrue: with #ifFalse:",			"class" : "ZnHeaders",			"operatorClass" : "ReplaceIfTrueWithIfFalseMutantOperator",			"mutationStart" : 54,			"method" : "request:",			"mutationEnd" : 107		},		{			"operatorDescription" : "Replace #or: argument with [false]",			"class" : "ZnHeaders",			"operatorClass" : "ReplaceOrArgumentWithFalseOperator",			"mutationStart" : 54,			"method" : "request:",			"mutationEnd" : 88		},		{			"operatorDescription" : "Replace #or: receiver with false",			"class" : "ZnHeaders",			"operatorClass" : "ReplaceOrReceiverWithFalseOperator",			"mutationStart" : 54,			"method" : "request:",			"mutationEnd" : 88		},		{			"operatorDescription" : "Replace #or: with #and:",			"class" : "ZnHeaders",			"operatorClass" : "ReplaceOrWithAndMutantOperator",			"mutationStart" : 54,			"method" : "request:",			"mutationEnd" : 88		},		{			"operatorDescription" : "Replace #or: with #bXor:",			"class" : "ZnHeaders",			"operatorClass" : "ReplaceOrWithXorMutantOperator",			"mutationStart" : 54,			"method" : "request:",			"mutationEnd" : 88		},		{			"operatorDescription" : "Replace #or: with true",			"class" : "ZnHeaders",			"operatorClass" : "ReplaceOrWithTrueOperator",			"mutationStart" : 54,			"method" : "request:",			"mutationEnd" : 88		},		{			"operatorDescription" : "Remove ^",			"class" : "ZnHeaders",			"operatorClass" : "RemoveCaretOperator",			"mutationStart" : 154,			"method" : "headersDo:",			"mutationEnd" : 159		},		{			"operatorDescription" : "Replace #ifTrue: receiver with false",			"class" : "ZnHeaders",			"operatorClass" : "ReplaceIfTrueReceiverWithFalseOperator",			"mutationStart" : 131,			"method" : "headersDo:",			"mutationEnd" : 161		},		{			"operatorDescription" : "Replace #ifTrue:ifFalse: receiver with false",			"class" : "ZnHeaders",			"operatorClass" : "ReplaceIfTrueIfFalseReceiverWithFalseOperator",			"mutationStart" : 225,			"method" : "headersDo:",			"mutationEnd" : 394		},		{			"operatorDescription" : "Replace do block with [:each |]",			"class" : "ZnHeaders",			"operatorClass" : "ReplaceDoBlockWithEmptyBlockOperator",			"mutationStart" : 263,			"method" : "headersDo:",			"mutationEnd" : 330		},		{			"operatorDescription" : "Remove ^",			"class" : "ZnHeaders",			"operatorClass" : "RemoveCaretOperator",			"mutationStart" : 96,			"method" : "at:ifPresent:",			"mutationEnd" : 168		},		{			"operatorDescription" : "Remove ^",			"class" : "ZnHeaders",			"operatorClass" : "RemoveCaretOperator",			"mutationStart" : 7,			"method" : "hash",			"mutationEnd" : 25		},		{			"operatorDescription" : "Replace #and: receiver with true",			"class" : "ZnHeaders",			"operatorClass" : "ReplaceAndReceiverWithTrueOperator",			"mutationStart" : 28,			"method" : "includesKey:",			"mutationEnd" : 116		},		{			"operatorDescription" : "Remove ^",			"class" : "ZnHeaders",			"operatorClass" : "RemoveCaretOperator",			"mutationStart" : 121,			"method" : "contentType",			"mutationEnd" : 140		},		{			"operatorDescription" : "Replace #ifTrue: receiver with false",			"class" : "ZnHeaders",			"operatorClass" : "ReplaceIfTrueReceiverWithFalseOperator",			"mutationStart" : 91,			"method" : "contentType",			"mutationEnd" : 142		},		{			"operatorDescription" : "Remove ^",			"class" : "ZnHeaders class",			"operatorClass" : "RemoveCaretOperator",			"mutationStart" : 27,			"method" : "withAll:",			"mutationEnd" : 74		},		{			"operatorDescription" : "Remove ^",			"class" : "ZnHeaders class",			"operatorClass" : "RemoveCaretOperator",			"mutationStart" : 101,			"method" : "requestHeadersFor:",			"mutationEnd" : 109		},		{			"operatorDescription" : "Remove ^",			"class" : "ZnHeaders class",			"operatorClass" : "RemoveCaretOperator",			"mutationStart" : 25,			"method" : "defaultResponseHeaders",			"mutationEnd" : 139		},		{			"operatorDescription" : "Remove ^",			"class" : "ZnHeaders class",			"operatorClass" : "RemoveCaretOperator",			"mutationStart" : 24,			"method" : "defaultRequestHeaders",			"mutationEnd" : 136		}	],	"mutationScoreAfter" : 52,	"mutationScoreBefore" : 27,	"testAmpLoc" : 231,	"amplifiedMethods" : [		"ZnHeadersTest167>>#testNormalization_amp_U1_A23_T5",		"ZnHeadersTest167>>#testMergeValued_amp_A21_A7",		"ZnHeadersTest167>>#testMergeValued_amp",		"ZnHeadersTest167>>#testMultiValuedStreaming_amp_R1_T2",		"ZnHeadersTest167>>#testMergeValued_amp_A7",		"ZnHeadersTest167>>#testMultiValued_amp"	],	"testLoc" : "82",	"amplifiedClass" : "ZnHeadersTest167",	"numberOfAllMutationsInOriginal" : 118,	"targetLoc" : 236,	"newCovered" : [		{			"operatorDescription" : "Remove ^",			"class" : "ZnHeaders",			"operatorClass" : "RemoveCaretOperator",			"mutationStart" : 324,			"method" : "contentLength",			"mutationEnd" : 402		},		{			"operatorDescription" : "Replace #ifFalse: receiver with false",			"class" : "ZnHeaders",			"operatorClass" : "ReplaceIfFalseReceiverWithFalseOperator",			"mutationStart" : 102,			"method" : "contentLength",			"mutationEnd" : 320		},		{			"operatorDescription" : "Replace #ifFalse: receiver with true",			"class" : "ZnHeaders",			"operatorClass" : "ReplaceIfFalseReceiverWithTrueOperator",			"mutationStart" : 102,			"method" : "contentLength",			"mutationEnd" : 320		},		{			"operatorDescription" : "Replace #ifFalse: with #ifTrue:",			"class" : "ZnHeaders",			"operatorClass" : "ReplaceIfFalseWithIfTrueMutantOperator",			"mutationStart" : 102,			"method" : "contentLength",			"mutationEnd" : 320		},		{			"operatorDescription" : "Replace #or: argument with [false]",			"class" : "ZnHeaders",			"operatorClass" : "ReplaceOrArgumentWithFalseOperator",			"mutationStart" : 13,			"method" : "isEmpty",			"mutationEnd" : 54		},		{			"operatorDescription" : "Replace #or: with #and:",			"class" : "ZnHeaders",			"operatorClass" : "ReplaceOrWithAndMutantOperator",			"mutationStart" : 13,			"method" : "isEmpty",			"mutationEnd" : 54		},		{			"operatorDescription" : "Replace #ifTrue: receiver with true",			"class" : "ZnHeaders",			"operatorClass" : "ReplaceIfTrueReceiverWithTrueOperator",			"mutationStart" : 40,			"method" : "removeKey:ifAbsent:",			"mutationEnd" : 77		},		{			"operatorDescription" : "Replace #ifTrue: with #ifFalse:",			"class" : "ZnHeaders",			"operatorClass" : "ReplaceIfTrueWithIfFalseMutantOperator",			"mutationStart" : 40,			"method" : "removeKey:ifAbsent:",			"mutationEnd" : 77		},		{			"operatorDescription" : "Replace #isEmpty with #notEmpty",			"class" : "ZnHeaders",			"operatorClass" : "ReplaceIsEmptyWithNotEmptyMutantOperator",			"mutationStart" : 40,			"method" : "removeKey:ifAbsent:",			"mutationEnd" : 51		},		{			"operatorDescription" : "Replace #and: with #or:",			"class" : "ZnHeaders",			"operatorClass" : "ReplaceAndWithOrMutantOperator",			"mutationStart" : 242,			"method" : "readFrom:",			"mutationEnd" : 308		},		{			"operatorDescription" : "Remove ^",			"class" : "ZnHeaders",			"operatorClass" : "RemoveCaretOperator",			"mutationStart" : 88,			"method" : "at:put:",			"mutationEnd" : 154		},		{			"operatorDescription" : "Remove ^",			"class" : "ZnHeaders",			"operatorClass" : "RemoveCaretOperator",			"mutationStart" : 19,			"method" : "hasContentLength",			"mutationEnd" : 54		},		{			"operatorDescription" : "Remove ^",			"class" : "ZnHeaders",			"operatorClass" : "RemoveCaretOperator",			"mutationStart" : 113,			"method" : "isDescribingEntity",			"mutationEnd" : 211		},		{			"operatorDescription" : "Replace #and: argument with [true]",			"class" : "ZnHeaders",			"operatorClass" : "ReplaceAndArgumentWithTrueOperator",			"mutationStart" : 115,			"method" : "isDescribingEntity",			"mutationEnd" : 211		},		{			"operatorDescription" : "Replace #and: receiver with true",			"class" : "ZnHeaders",			"operatorClass" : "ReplaceAndReceiverWithTrueOperator",			"mutationStart" : 115,			"method" : "isDescribingEntity",			"mutationEnd" : 211		},		{			"operatorDescription" : "Replace #and: with #bEqv:",			"class" : "ZnHeaders",			"operatorClass" : "ReplaceAndWithEqvMutantOperator",			"mutationStart" : 115,			"method" : "isDescribingEntity",			"mutationEnd" : 211		},		{			"operatorDescription" : "Replace #and: with #nand:",			"class" : "ZnHeaders",			"operatorClass" : "ReplaceAndWithNandMutantOperator",			"mutationStart" : 115,			"method" : "isDescribingEntity",			"mutationEnd" : 211		},		{			"operatorDescription" : "Replace #and: with #or:",			"class" : "ZnHeaders",			"operatorClass" : "ReplaceAndWithOrMutantOperator",			"mutationStart" : 115,			"method" : "isDescribingEntity",			"mutationEnd" : 211		},		{			"operatorDescription" : "Replace #and: with false",			"class" : "ZnHeaders",			"operatorClass" : "ReplaceAndWithFalseOperator",			"mutationStart" : 115,			"method" : "isDescribingEntity",			"mutationEnd" : 211		},		{			"operatorDescription" : "Remove ^",			"class" : "ZnHeaders",			"operatorClass" : "RemoveCaretOperator",			"mutationStart" : 423,			"method" : "at:put:ifPresentMerge:",			"mutationEnd" : 468		},		{			"operatorDescription" : "Remove ^",			"class" : "ZnHeaders",			"operatorClass" : "RemoveCaretOperator",			"mutationStart" : 147,			"method" : "at:add:",			"mutationEnd" : 213		},		{			"operatorDescription" : "Replace #and: argument with [true]",			"class" : "ZnHeaders",			"operatorClass" : "ReplaceAndArgumentWithTrueOperator",			"mutationStart" : 28,			"method" : "includesKey:",			"mutationEnd" : 116		},		{			"operatorDescription" : "Replace #and: with #bEqv:",			"class" : "ZnHeaders",			"operatorClass" : "ReplaceAndWithEqvMutantOperator",			"mutationStart" : 28,			"method" : "includesKey:",			"mutationEnd" : 116		},		{			"operatorDescription" : "Replace #and: with #or:",			"class" : "ZnHeaders",			"operatorClass" : "ReplaceAndWithOrMutantOperator",			"mutationStart" : 28,			"method" : "includesKey:",			"mutationEnd" : 116		},		{			"operatorDescription" : "Remove ^",			"class" : "ZnHeaders",			"operatorClass" : "RemoveCaretOperator",			"mutationStart" : 146,			"method" : "contentType",			"mutationEnd" : 181		},		{			"operatorDescription" : "Replace #ifTrue: receiver with true",			"class" : "ZnHeaders",			"operatorClass" : "ReplaceIfTrueReceiverWithTrueOperator",			"mutationStart" : 91,			"method" : "contentType",			"mutationEnd" : 142		},		{			"operatorDescription" : "Replace #ifTrue: with #ifFalse:",			"class" : "ZnHeaders",			"operatorClass" : "ReplaceIfTrueWithIfFalseMutantOperator",			"mutationStart" : 91,			"method" : "contentType",			"mutationEnd" : 142		},		{			"operatorDescription" : "Replace #isEmpty with #notEmpty",			"class" : "ZnHeaders",			"operatorClass" : "ReplaceIsEmptyWithNotEmptyMutantOperator",			"mutationStart" : 91,			"method" : "contentType",			"mutationEnd" : 109		}	],	"timeBudgetFinished" : false,	"notCoveredInOriginal" : [		{			"operatorDescription" : "Remove ^",			"class" : "ZnHeaders",			"operatorClass" : "RemoveCaretOperator",			"mutationStart" : 324,			"method" : "contentLength",			"mutationEnd" : 402		},		{			"operatorDescription" : "Replace #= with #'~='",			"class" : "ZnHeaders",			"operatorClass" : "ReplaceEqualWithNotEqualOperator",			"mutationStart" : 172,			"method" : "contentLength",			"mutationEnd" : 191		},		{			"operatorDescription" : "Replace #ifFalse: receiver with false",			"class" : "ZnHeaders",			"operatorClass" : "ReplaceIfFalseReceiverWithFalseOperator",			"mutationStart" : 102,			"method" : "contentLength",			"mutationEnd" : 320		},		{			"operatorDescription" : "Replace #ifFalse: receiver with true",			"class" : "ZnHeaders",			"operatorClass" : "ReplaceIfFalseReceiverWithTrueOperator",			"mutationStart" : 102,			"method" : "contentLength",			"mutationEnd" : 320		},		{			"operatorDescription" : "Replace #ifFalse: with #ifTrue:",			"class" : "ZnHeaders",			"operatorClass" : "ReplaceIfFalseWithIfTrueMutantOperator",			"mutationStart" : 102,			"method" : "contentLength",			"mutationEnd" : 320		},		{			"operatorDescription" : "Replace #ifTrue:ifFalse: receiver with false",			"class" : "ZnHeaders",			"operatorClass" : "ReplaceIfTrueIfFalseReceiverWithFalseOperator",			"mutationStart" : 172,			"method" : "contentLength",			"mutationEnd" : 318		},		{			"operatorDescription" : "Replace #ifTrue:ifFalse: receiver with true",			"class" : "ZnHeaders",			"operatorClass" : "ReplaceIfTrueIfFalseReceiverWithTrueOperator",			"mutationStart" : 172,			"method" : "contentLength",			"mutationEnd" : 318		},		{			"operatorDescription" : "Remove ^",			"class" : "ZnHeaders",			"operatorClass" : "RemoveCaretOperator",			"mutationStart" : 46,			"method" : "=",			"mutationEnd" : 52		},		{			"operatorDescription" : "Remove ^",			"class" : "ZnHeaders",			"operatorClass" : "RemoveCaretOperator",			"mutationStart" : 58,			"method" : "=",			"mutationEnd" : 87		},		{			"operatorDescription" : "Replace #= with #'~='",			"class" : "ZnHeaders",			"operatorClass" : "ReplaceEqualWithNotEqualOperator",			"mutationStart" : 10,			"method" : "=",			"mutationEnd" : 33		},		{			"operatorDescription" : "Replace #= with #'~='",			"class" : "ZnHeaders",			"operatorClass" : "ReplaceEqualWithNotEqualOperator",			"mutationStart" : 60,			"method" : "=",			"mutationEnd" : 87		},		{			"operatorDescription" : "Replace #ifFalse: receiver with false",			"class" : "ZnHeaders",			"operatorClass" : "ReplaceIfFalseReceiverWithFalseOperator",			"mutationStart" : 10,			"method" : "=",			"mutationEnd" : 54		},		{			"operatorDescription" : "Replace #ifFalse: receiver with true",			"class" : "ZnHeaders",			"operatorClass" : "ReplaceIfFalseReceiverWithTrueOperator",			"mutationStart" : 10,			"method" : "=",			"mutationEnd" : 54		},		{			"operatorDescription" : "Replace #ifFalse: with #ifTrue:",			"class" : "ZnHeaders",			"operatorClass" : "ReplaceIfFalseWithIfTrueMutantOperator",			"mutationStart" : 10,			"method" : "=",			"mutationEnd" : 54		},		{			"operatorDescription" : "Replace #or: argument with [false]",			"class" : "ZnHeaders",			"operatorClass" : "ReplaceOrArgumentWithFalseOperator",			"mutationStart" : 13,			"method" : "isEmpty",			"mutationEnd" : 54		},		{			"operatorDescription" : "Replace #or: receiver with false",			"class" : "ZnHeaders",			"operatorClass" : "ReplaceOrReceiverWithFalseOperator",			"mutationStart" : 13,			"method" : "isEmpty",			"mutationEnd" : 54		},		{			"operatorDescription" : "Replace #or: with #and:",			"class" : "ZnHeaders",			"operatorClass" : "ReplaceOrWithAndMutantOperator",			"mutationStart" : 13,			"method" : "isEmpty",			"mutationEnd" : 54		},		{			"operatorDescription" : "Replace #or: with #bXor:",			"class" : "ZnHeaders",			"operatorClass" : "ReplaceOrWithXorMutantOperator",			"mutationStart" : 13,			"method" : "isEmpty",			"mutationEnd" : 54		},		{			"operatorDescription" : "Remove ^",			"class" : "ZnHeaders",			"operatorClass" : "RemoveCaretOperator",			"mutationStart" : 63,			"method" : "removeKey:ifAbsent:",			"mutationEnd" : 75		},		{			"operatorDescription" : "Remove ^",			"class" : "ZnHeaders",			"operatorClass" : "RemoveCaretOperator",			"mutationStart" : 81,			"method" : "removeKey:ifAbsent:",			"mutationEnd" : 159		},		{			"operatorDescription" : "Replace #ifTrue: receiver with false",			"class" : "ZnHeaders",			"operatorClass" : "ReplaceIfTrueReceiverWithFalseOperator",			"mutationStart" : 40,			"method" : "removeKey:ifAbsent:",			"mutationEnd" : 77		},		{			"operatorDescription" : "Replace #ifTrue: receiver with true",			"class" : "ZnHeaders",			"operatorClass" : "ReplaceIfTrueReceiverWithTrueOperator",			"mutationStart" : 40,			"method" : "removeKey:ifAbsent:",			"mutationEnd" : 77		},		{			"operatorDescription" : "Replace #ifTrue: with #ifFalse:",			"class" : "ZnHeaders",			"operatorClass" : "ReplaceIfTrueWithIfFalseMutantOperator",			"mutationStart" : 40,			"method" : "removeKey:ifAbsent:",			"mutationEnd" : 77		},		{			"operatorDescription" : "Replace #isEmpty with #notEmpty",			"class" : "ZnHeaders",			"operatorClass" : "ReplaceIsEmptyWithNotEmptyMutantOperator",			"mutationStart" : 40,			"method" : "removeKey:ifAbsent:",			"mutationEnd" : 51		},		{			"operatorDescription" : "Remove ^",			"class" : "ZnHeaders",			"operatorClass" : "RemoveCaretOperator",			"mutationStart" : 292,			"method" : "normalizeHeaderKey:",			"mutationEnd" : 299		},		{			"operatorDescription" : "Replace #ifTrue: receiver with false",			"class" : "ZnHeaders",			"operatorClass" : "ReplaceIfTrueReceiverWithFalseOperator",			"mutationStart" : 246,			"method" : "normalizeHeaderKey:",			"mutationEnd" : 301		},		{			"operatorDescription" : "Replace #ifTrue:ifFalse: receiver with false",			"class" : "ZnHeaders",			"operatorClass" : "ReplaceIfTrueIfFalseReceiverWithFalseOperator",			"mutationStart" : 307,			"method" : "normalizeHeaderKey:",			"mutationEnd" : 413		},		{			"operatorDescription" : "Remove ^",			"class" : "ZnHeaders",			"operatorClass" : "RemoveCaretOperator",			"mutationStart" : 71,			"method" : "gtInspectorHeadersIn:",			"mutationEnd" : 188		},		{			"operatorDescription" : "Remove ^",			"class" : "ZnHeaders",			"operatorClass" : "RemoveCaretOperator",			"mutationStart" : 88,			"method" : "at:put:",			"mutationEnd" : 154		},		{			"operatorDescription" : "Remove ^",			"class" : "ZnHeaders",			"operatorClass" : "RemoveCaretOperator",			"mutationStart" : 19,			"method" : "hasContentLength",			"mutationEnd" : 54		},		{			"operatorDescription" : "Remove ^",			"class" : "ZnHeaders",			"operatorClass" : "RemoveCaretOperator",			"mutationStart" : 113,			"method" : "isDescribingEntity",			"mutationEnd" : 211		},		{			"operatorDescription" : "Replace #and: argument with [true]",			"class" : "ZnHeaders",			"operatorClass" : "ReplaceAndArgumentWithTrueOperator",			"mutationStart" : 115,			"method" : "isDescribingEntity",			"mutationEnd" : 211		},		{			"operatorDescription" : "Replace #and: receiver with true",			"class" : "ZnHeaders",			"operatorClass" : "ReplaceAndReceiverWithTrueOperator",			"mutationStart" : 115,			"method" : "isDescribingEntity",			"mutationEnd" : 211		},		{			"operatorDescription" : "Replace #and: with #bEqv:",			"class" : "ZnHeaders",			"operatorClass" : "ReplaceAndWithEqvMutantOperator",			"mutationStart" : 115,			"method" : "isDescribingEntity",			"mutationEnd" : 211		},		{			"operatorDescription" : "Replace #and: with #nand:",			"class" : "ZnHeaders",			"operatorClass" : "ReplaceAndWithNandMutantOperator",			"mutationStart" : 115,			"method" : "isDescribingEntity",			"mutationEnd" : 211		},		{			"operatorDescription" : "Replace #and: with #or:",			"class" : "ZnHeaders",			"operatorClass" : "ReplaceAndWithOrMutantOperator",			"mutationStart" : 115,			"method" : "isDescribingEntity",			"mutationEnd" : 211		},		{			"operatorDescription" : "Replace #and: with false",			"class" : "ZnHeaders",			"operatorClass" : "ReplaceAndWithFalseOperator",			"mutationStart" : 115,			"method" : "isDescribingEntity",			"mutationEnd" : 211		},		{			"operatorDescription" : "Remove ^",			"class" : "ZnHeaders",			"operatorClass" : "RemoveCaretOperator",			"mutationStart" : 25,			"method" : "removeKey:",			"mutationEnd" : 87		},		{			"operatorDescription" : "Remove ^",			"class" : "ZnHeaders",			"operatorClass" : "RemoveCaretOperator",			"mutationStart" : 144,			"method" : "addAll:",			"mutationEnd" : 160		},		{			"operatorDescription" : "Replace #ifFalse: receiver with false",			"class" : "ZnHeaders",			"operatorClass" : "ReplaceIfFalseReceiverWithFalseOperator",			"mutationStart" : 61,			"method" : "addAll:",			"mutationEnd" : 140		},		{			"operatorDescription" : "Replace #ifFalse: receiver with true",			"class" : "ZnHeaders",			"operatorClass" : "ReplaceIfFalseReceiverWithTrueOperator",			"mutationStart" : 61,			"method" : "addAll:",			"mutationEnd" : 140		},		{			"operatorDescription" : "Replace #ifFalse: with #ifTrue:",			"class" : "ZnHeaders",			"operatorClass" : "ReplaceIfFalseWithIfTrueMutantOperator",			"mutationStart" : 61,			"method" : "addAll:",			"mutationEnd" : 140		},		{			"operatorDescription" : "Replace #isEmpty with #notEmpty",			"class" : "ZnHeaders",			"operatorClass" : "ReplaceIsEmptyWithNotEmptyMutantOperator",			"mutationStart" : 61,			"method" : "addAll:",			"mutationEnd" : 83		},		{			"operatorDescription" : "Remove ^",			"class" : "ZnHeaders",			"operatorClass" : "RemoveCaretOperator",			"mutationStart" : 123,			"method" : "at:ifAbsent:",			"mutationEnd" : 135		},		{			"operatorDescription" : "Remove ^",			"class" : "ZnHeaders",			"operatorClass" : "RemoveCaretOperator",			"mutationStart" : 141,			"method" : "at:ifAbsent:",			"mutationEnd" : 212		},		{			"operatorDescription" : "Remove at:ifAbsent:",			"class" : "ZnHeaders",			"operatorClass" : "RemoveAtIfAbsentOperator",			"mutationStart" : 143,			"method" : "at:ifAbsent:",			"mutationEnd" : 212		},		{			"operatorDescription" : "Replace #ifTrue: receiver with false",			"class" : "ZnHeaders",			"operatorClass" : "ReplaceIfTrueReceiverWithFalseOperator",			"mutationStart" : 100,			"method" : "at:ifAbsent:",			"mutationEnd" : 137		},		{			"operatorDescription" : "Replace #ifTrue: receiver with true",			"class" : "ZnHeaders",			"operatorClass" : "ReplaceIfTrueReceiverWithTrueOperator",			"mutationStart" : 100,			"method" : "at:ifAbsent:",			"mutationEnd" : 137		},		{			"operatorDescription" : "Replace #ifTrue: with #ifFalse:",			"class" : "ZnHeaders",			"operatorClass" : "ReplaceIfTrueWithIfFalseMutantOperator",			"mutationStart" : 100,			"method" : "at:ifAbsent:",			"mutationEnd" : 137		},		{			"operatorDescription" : "Replace #isEmpty with #notEmpty",			"class" : "ZnHeaders",			"operatorClass" : "ReplaceIsEmptyWithNotEmptyMutantOperator",			"mutationStart" : 100,			"method" : "at:ifAbsent:",			"mutationEnd" : 111		},		{			"operatorDescription" : "Remove ^",			"class" : "ZnHeaders",			"operatorClass" : "RemoveCaretOperator",			"mutationStart" : 423,			"method" : "at:put:ifPresentMerge:",			"mutationEnd" : 468		},		{			"operatorDescription" : "Replace #ifFalse: with #ifTrue:",			"class" : "ZnHeaders",			"operatorClass" : "ReplaceIfFalseWithIfTrueMutantOperator",			"mutationStart" : 42,			"method" : "printOn:",			"mutationEnd" : 103		},		{			"operatorDescription" : "Replace #isEmpty with #notEmpty",			"class" : "ZnHeaders",			"operatorClass" : "ReplaceIsEmptyWithNotEmptyMutantOperator",			"mutationStart" : 42,			"method" : "printOn:",			"mutationEnd" : 53		},		{			"operatorDescription" : "Remove ^",			"class" : "ZnHeaders",			"operatorClass" : "RemoveCaretOperator",			"mutationStart" : 147,			"method" : "at:add:",			"mutationEnd" : 213		},		{			"operatorDescription" : "Replace #ifTrue:ifFalse: receiver with false",			"class" : "ZnHeaders",			"operatorClass" : "ReplaceIfTrueIfFalseReceiverWithFalseOperator",			"mutationStart" : 213,			"method" : "extendHeaderAt:from:",			"mutationEnd" : 406		},		{			"operatorDescription" : "Remove #not",			"class" : "ZnHeaders",			"operatorClass" : "RemoveNotOperator",			"mutationStart" : 71,			"method" : "request:",			"mutationEnd" : 85		},		{			"operatorDescription" : "Remove ^",			"class" : "ZnHeaders",			"operatorClass" : "RemoveCaretOperator",			"mutationStart" : 100,			"method" : "request:",			"mutationEnd" : 105		},		{			"operatorDescription" : "Replace #ifTrue: receiver with false",			"class" : "ZnHeaders",			"operatorClass" : "ReplaceIfTrueReceiverWithFalseOperator",			"mutationStart" : 54,			"method" : "request:",			"mutationEnd" : 107		},		{			"operatorDescription" : "Replace #ifTrue: receiver with true",			"class" : "ZnHeaders",			"operatorClass" : "ReplaceIfTrueReceiverWithTrueOperator",			"mutationStart" : 54,			"method" : "request:",			"mutationEnd" : 107		},		{			"operatorDescription" : "Replace #ifTrue: with #ifFalse:",			"class" : "ZnHeaders",			"operatorClass" : "ReplaceIfTrueWithIfFalseMutantOperator",			"mutationStart" : 54,			"method" : "request:",			"mutationEnd" : 107		},		{			"operatorDescription" : "Replace #or: argument with [false]",			"class" : "ZnHeaders",			"operatorClass" : "ReplaceOrArgumentWithFalseOperator",			"mutationStart" : 54,			"method" : "request:",			"mutationEnd" : 88		},		{			"operatorDescription" : "Replace #or: receiver with false",			"class" : "ZnHeaders",			"operatorClass" : "ReplaceOrReceiverWithFalseOperator",			"mutationStart" : 54,			"method" : "request:",			"mutationEnd" : 88		},		{			"operatorDescription" : "Replace #or: with #and:",			"class" : "ZnHeaders",			"operatorClass" : "ReplaceOrWithAndMutantOperator",			"mutationStart" : 54,			"method" : "request:",			"mutationEnd" : 88		},		{			"operatorDescription" : "Replace #or: with #bXor:",			"class" : "ZnHeaders",			"operatorClass" : "ReplaceOrWithXorMutantOperator",			"mutationStart" : 54,			"method" : "request:",			"mutationEnd" : 88		},		{			"operatorDescription" : "Replace #or: with true",			"class" : "ZnHeaders",			"operatorClass" : "ReplaceOrWithTrueOperator",			"mutationStart" : 54,			"method" : "request:",			"mutationEnd" : 88		},		{			"operatorDescription" : "Remove ^",			"class" : "ZnHeaders",			"operatorClass" : "RemoveCaretOperator",			"mutationStart" : 154,			"method" : "headersDo:",			"mutationEnd" : 159		},		{			"operatorDescription" : "Replace #ifTrue: receiver with false",			"class" : "ZnHeaders",			"operatorClass" : "ReplaceIfTrueReceiverWithFalseOperator",			"mutationStart" : 131,			"method" : "headersDo:",			"mutationEnd" : 161		},		{			"operatorDescription" : "Replace #ifTrue:ifFalse: receiver with false",			"class" : "ZnHeaders",			"operatorClass" : "ReplaceIfTrueIfFalseReceiverWithFalseOperator",			"mutationStart" : 225,			"method" : "headersDo:",			"mutationEnd" : 394		},		{			"operatorDescription" : "Replace do block with [:each |]",			"class" : "ZnHeaders",			"operatorClass" : "ReplaceDoBlockWithEmptyBlockOperator",			"mutationStart" : 263,			"method" : "headersDo:",			"mutationEnd" : 330		},		{			"operatorDescription" : "Remove ^",			"class" : "ZnHeaders",			"operatorClass" : "RemoveCaretOperator",			"mutationStart" : 96,			"method" : "at:ifPresent:",			"mutationEnd" : 168		},		{			"operatorDescription" : "Remove ^",			"class" : "ZnHeaders",			"operatorClass" : "RemoveCaretOperator",			"mutationStart" : 7,			"method" : "hash",			"mutationEnd" : 25		},		{			"operatorDescription" : "Replace #and: argument with [true]",			"class" : "ZnHeaders",			"operatorClass" : "ReplaceAndArgumentWithTrueOperator",			"mutationStart" : 28,			"method" : "includesKey:",			"mutationEnd" : 116		},		{			"operatorDescription" : "Replace #and: receiver with true",			"class" : "ZnHeaders",			"operatorClass" : "ReplaceAndReceiverWithTrueOperator",			"mutationStart" : 28,			"method" : "includesKey:",			"mutationEnd" : 116		},		{			"operatorDescription" : "Replace #and: with #bEqv:",			"class" : "ZnHeaders",			"operatorClass" : "ReplaceAndWithEqvMutantOperator",			"mutationStart" : 28,			"method" : "includesKey:",			"mutationEnd" : 116		},		{			"operatorDescription" : "Replace #and: with #or:",			"class" : "ZnHeaders",			"operatorClass" : "ReplaceAndWithOrMutantOperator",			"mutationStart" : 28,			"method" : "includesKey:",			"mutationEnd" : 116		},		{			"operatorDescription" : "Remove ^",			"class" : "ZnHeaders",			"operatorClass" : "RemoveCaretOperator",			"mutationStart" : 121,			"method" : "contentType",			"mutationEnd" : 140		},		{			"operatorDescription" : "Remove ^",			"class" : "ZnHeaders",			"operatorClass" : "RemoveCaretOperator",			"mutationStart" : 146,			"method" : "contentType",			"mutationEnd" : 181		},		{			"operatorDescription" : "Replace #ifTrue: receiver with false",			"class" : "ZnHeaders",			"operatorClass" : "ReplaceIfTrueReceiverWithFalseOperator",			"mutationStart" : 91,			"method" : "contentType",			"mutationEnd" : 142		},		{			"operatorDescription" : "Replace #ifTrue: receiver with true",			"class" : "ZnHeaders",			"operatorClass" : "ReplaceIfTrueReceiverWithTrueOperator",			"mutationStart" : 91,			"method" : "contentType",			"mutationEnd" : 142		},		{			"operatorDescription" : "Replace #ifTrue: with #ifFalse:",			"class" : "ZnHeaders",			"operatorClass" : "ReplaceIfTrueWithIfFalseMutantOperator",			"mutationStart" : 91,			"method" : "contentType",			"mutationEnd" : 142		},		{			"operatorDescription" : "Replace #isEmpty with #notEmpty",			"class" : "ZnHeaders",			"operatorClass" : "ReplaceIsEmptyWithNotEmptyMutantOperator",			"mutationStart" : 91,			"method" : "contentType",			"mutationEnd" : 109		},		{			"operatorDescription" : "Remove ^",			"class" : "ZnHeaders class",			"operatorClass" : "RemoveCaretOperator",			"mutationStart" : 27,			"method" : "withAll:",			"mutationEnd" : 74		},		{			"operatorDescription" : "Remove ^",			"class" : "ZnHeaders class",			"operatorClass" : "RemoveCaretOperator",			"mutationStart" : 101,			"method" : "requestHeadersFor:",			"mutationEnd" : 109		},		{			"operatorDescription" : "Remove ^",			"class" : "ZnHeaders class",			"operatorClass" : "RemoveCaretOperator",			"mutationStart" : 25,			"method" : "defaultResponseHeaders",			"mutationEnd" : 139		},		{			"operatorDescription" : "Remove ^",			"class" : "ZnHeaders class",			"operatorClass" : "RemoveCaretOperator",			"mutationStart" : 24,			"method" : "defaultRequestHeaders",			"mutationEnd" : 136		}	],	"testCase" : "ZnHeadersTest",	"unixtime" : 1605022901,	"timeTotal" : 104}