{	"targetClasses" : [		"ZnHtmlOutputStream"	],	"testMethodsIgnored" : [ ],	"methodsNotProfiled" : [		"ZnHtmlOutputStream>>#print:",		"ZnHtmlOutputStream>>#nextPut:",		"ZnHtmlOutputStream>>#tag:id:do:",		"ZnHtmlOutputStream>>#tag:class:do:",		"ZnHtmlOutputStream>>#tag:attributes:do:"	],	"numberOfOriginalTestMethods" : 14,	"timeDetail" : [		"init: % 2.22 (428 milliseconds)",		"assertionAmplification: % 40.80 (7 seconds 849 milliseconds)",		"selection: % 16.49 (3 seconds 173 milliseconds)",		"inputAmplification: % 37.76 (7 seconds 264 milliseconds)",		"finalize: % 2.72 (523 milliseconds)"	],	"notCoveredInAmplified" : [		{			"operatorDescription" : "Remove ^",			"class" : "ZnHtmlOutputStream",			"operatorClass" : "RemoveCaretOperator",			"mutationStart" : 18,			"method" : "nextPut:",			"mutationEnd" : 41		},		{			"operatorDescription" : "Remove ^",			"class" : "ZnHtmlOutputStream",			"operatorClass" : "RemoveCaretOperator",			"mutationStart" : 16,			"method" : "wrappedStream",			"mutationEnd" : 23		},		{			"operatorDescription" : "Replace #ifFalse: receiver with false",			"class" : "ZnHtmlOutputStream",			"operatorClass" : "ReplaceIfFalseReceiverWithFalseOperator",			"mutationStart" : 502,			"method" : "format:with:",			"mutationEnd" : 559		},		{			"operatorDescription" : "Replace #ifFalse: receiver with true",			"class" : "ZnHtmlOutputStream",			"operatorClass" : "ReplaceIfFalseReceiverWithTrueOperator",			"mutationStart" : 502,			"method" : "format:with:",			"mutationEnd" : 559		},		{			"operatorDescription" : "Replace #ifFalse: with #ifTrue:",			"class" : "ZnHtmlOutputStream",			"operatorClass" : "ReplaceIfFalseWithIfTrueMutantOperator",			"mutationStart" : 502,			"method" : "format:with:",			"mutationEnd" : 559		},		{			"operatorDescription" : "Replace #ifTrue:ifFalse: receiver with false",			"class" : "ZnHtmlOutputStream",			"operatorClass" : "ReplaceIfTrueIfFalseReceiverWithFalseOperator",			"mutationStart" : 469,			"method" : "format:with:",			"mutationEnd" : 613		}	],	"mutationScoreAfter" : 75,	"mutationScoreBefore" : 75,	"testAmpLoc" : 0,	"amplifiedMethods" : [ ],	"testLoc" : "80",	"amplifiedClass" : "ZnHtmlOutputStreamTest232",	"numberOfAllMutationsInOriginal" : 24,	"targetLoc" : 212,	"newCovered" : [ ],	"timeBudgetFinished" : false,	"notCoveredInOriginal" : [		{			"operatorDescription" : "Remove ^",			"class" : "ZnHtmlOutputStream",			"operatorClass" : "RemoveCaretOperator",			"mutationStart" : 18,			"method" : "nextPut:",			"mutationEnd" : 41		},		{			"operatorDescription" : "Remove ^",			"class" : "ZnHtmlOutputStream",			"operatorClass" : "RemoveCaretOperator",			"mutationStart" : 16,			"method" : "wrappedStream",			"mutationEnd" : 23		},		{			"operatorDescription" : "Replace #ifFalse: receiver with false",			"class" : "ZnHtmlOutputStream",			"operatorClass" : "ReplaceIfFalseReceiverWithFalseOperator",			"mutationStart" : 502,			"method" : "format:with:",			"mutationEnd" : 559		},		{			"operatorDescription" : "Replace #ifFalse: receiver with true",			"class" : "ZnHtmlOutputStream",			"operatorClass" : "ReplaceIfFalseReceiverWithTrueOperator",			"mutationStart" : 502,			"method" : "format:with:",			"mutationEnd" : 559		},		{			"operatorDescription" : "Replace #ifFalse: with #ifTrue:",			"class" : "ZnHtmlOutputStream",			"operatorClass" : "ReplaceIfFalseWithIfTrueMutantOperator",			"mutationStart" : 502,			"method" : "format:with:",			"mutationEnd" : 559		},		{			"operatorDescription" : "Replace #ifTrue:ifFalse: receiver with false",			"class" : "ZnHtmlOutputStream",			"operatorClass" : "ReplaceIfTrueIfFalseReceiverWithFalseOperator",			"mutationStart" : 469,			"method" : "format:with:",			"mutationEnd" : 613		}	],	"testCase" : "ZnHtmlOutputStreamTest",	"unixtime" : 1605022797,	"timeTotal" : 19}