{	"targetClasses" : [		"ZnImageExampleDelegate"	],	"testMethodsIgnored" : [ ],	"methodsNotProfiled" : [		"ZnImageExampleDelegate>>#value:"	],	"numberOfOriginalTestMethods" : 3,	"timeDetail" : [		"init: % 7.63 (41 seconds 501 milliseconds)",		"assertionAmplification: % 22.00 (1 minute 59 seconds 715 milliseconds)",		"selection: % 57.83 (5 minutes 14 seconds 696 milliseconds)",		"inputAmplification: % 5.14 (27 seconds 991 milliseconds)",		"finalize: % 7.40 (40 seconds 269 milliseconds)"	],	"notCoveredInAmplified" : [		{			"operatorDescription" : "Remove ^",			"class" : "ZnImageExampleDelegate",			"operatorClass" : "RemoveCaretOperator",			"mutationStart" : 276,			"method" : "handleRequest:",			"mutationEnd" : 309		},		{			"operatorDescription" : "Replace #ifTrue: receiver with true",			"class" : "ZnImageExampleDelegate",			"operatorClass" : "ReplaceIfTrueReceiverWithTrueOperator",			"mutationStart" : 70,			"method" : "handleRequest:",			"mutationEnd" : 272		},		{			"operatorDescription" : "Replace #ifTrue: receiver with true",			"class" : "ZnImageExampleDelegate",			"operatorClass" : "ReplaceIfTrueReceiverWithTrueOperator",			"mutationStart" : 193,			"method" : "handleRequest:",			"mutationEnd" : 270		},		{			"operatorDescription" : "Remove ^",			"class" : "ZnImageExampleDelegate",			"operatorClass" : "RemoveCaretOperator",			"mutationStart" : 95,			"method" : "value:",			"mutationEnd" : 123		},		{			"operatorDescription" : "Remove ^",			"class" : "ZnImageExampleDelegate",			"operatorClass" : "RemoveCaretOperator",			"mutationStart" : 360,			"method" : "formForImageEntity:",			"mutationEnd" : 377		},		{			"operatorDescription" : "Remove ^",			"class" : "ZnImageExampleDelegate",			"operatorClass" : "RemoveCaretOperator",			"mutationStart" : 7,			"method" : "form",			"mutationEnd" : 43		},		{			"operatorDescription" : "Remove Exception Handler Operator",			"class" : "ZnImageExampleDelegate",			"operatorClass" : "RemoveExceptionHandlerOperator",			"mutationStart" : 580,			"method" : "handlePostRequest:",			"mutationEnd" : 641		},		{			"operatorDescription" : "Remove ^",			"class" : "ZnImageExampleDelegate",			"operatorClass" : "RemoveCaretOperator",			"mutationStart" : 235,			"method" : "handlePostRequest:",			"mutationEnd" : 266		},		{			"operatorDescription" : "Replace #and: argument with [true]",			"class" : "ZnImageExampleDelegate",			"operatorClass" : "ReplaceAndArgumentWithTrueOperator",			"mutationStart" : 272,			"method" : "handlePostRequest:",			"mutationEnd" : 357		},		{			"operatorDescription" : "Replace #and: argument with [true]",			"class" : "ZnImageExampleDelegate",			"operatorClass" : "ReplaceAndArgumentWithTrueOperator",			"mutationStart" : 476,			"method" : "handlePostRequest:",			"mutationEnd" : 554		},		{			"operatorDescription" : "Replace #and: receiver with true",			"class" : "ZnImageExampleDelegate",			"operatorClass" : "ReplaceAndReceiverWithTrueOperator",			"mutationStart" : 272,			"method" : "handlePostRequest:",			"mutationEnd" : 357		},		{			"operatorDescription" : "Replace #and: receiver with true",			"class" : "ZnImageExampleDelegate",			"operatorClass" : "ReplaceAndReceiverWithTrueOperator",			"mutationStart" : 476,			"method" : "handlePostRequest:",			"mutationEnd" : 554		},		{			"operatorDescription" : "Replace #and: with #bEqv:",			"class" : "ZnImageExampleDelegate",			"operatorClass" : "ReplaceAndWithEqvMutantOperator",			"mutationStart" : 272,			"method" : "handlePostRequest:",			"mutationEnd" : 357		},		{			"operatorDescription" : "Replace #and: with #bEqv:",			"class" : "ZnImageExampleDelegate",			"operatorClass" : "ReplaceAndWithEqvMutantOperator",			"mutationStart" : 476,			"method" : "handlePostRequest:",			"mutationEnd" : 554		},		{			"operatorDescription" : "Replace #and: with #or:",			"class" : "ZnImageExampleDelegate",			"operatorClass" : "ReplaceAndWithOrMutantOperator",			"mutationStart" : 272,			"method" : "handlePostRequest:",			"mutationEnd" : 357		},		{			"operatorDescription" : "Replace #and: with #or:",			"class" : "ZnImageExampleDelegate",			"operatorClass" : "ReplaceAndWithOrMutantOperator",			"mutationStart" : 476,			"method" : "handlePostRequest:",			"mutationEnd" : 554		},		{			"operatorDescription" : "Replace #ifFalse: receiver with true",			"class" : "ZnImageExampleDelegate",			"operatorClass" : "ReplaceIfFalseReceiverWithTrueOperator",			"mutationStart" : 272,			"method" : "handlePostRequest:",			"mutationEnd" : 379		},		{			"operatorDescription" : "Replace #ifFalse: receiver with true",			"class" : "ZnImageExampleDelegate",			"operatorClass" : "ReplaceIfFalseReceiverWithTrueOperator",			"mutationStart" : 476,			"method" : "handlePostRequest:",			"mutationEnd" : 576		}	],	"mutationScoreAfter" : 58,	"mutationScoreBefore" : 58,	"testAmpLoc" : 0,	"amplifiedMethods" : [ ],	"testLoc" : "51",	"amplifiedClass" : "ZnImageExampleDelegateTest53",	"numberOfAllMutationsInOriginal" : 43,	"targetLoc" : 77,	"newCovered" : [ ],	"timeBudgetFinished" : false,	"notCoveredInOriginal" : [		{			"operatorDescription" : "Remove ^",			"class" : "ZnImageExampleDelegate",			"operatorClass" : "RemoveCaretOperator",			"mutationStart" : 276,			"method" : "handleRequest:",			"mutationEnd" : 309		},		{			"operatorDescription" : "Replace #ifTrue: receiver with true",			"class" : "ZnImageExampleDelegate",			"operatorClass" : "ReplaceIfTrueReceiverWithTrueOperator",			"mutationStart" : 70,			"method" : "handleRequest:",			"mutationEnd" : 272		},		{			"operatorDescription" : "Replace #ifTrue: receiver with true",			"class" : "ZnImageExampleDelegate",			"operatorClass" : "ReplaceIfTrueReceiverWithTrueOperator",			"mutationStart" : 193,			"method" : "handleRequest:",			"mutationEnd" : 270		},		{			"operatorDescription" : "Remove ^",			"class" : "ZnImageExampleDelegate",			"operatorClass" : "RemoveCaretOperator",			"mutationStart" : 95,			"method" : "value:",			"mutationEnd" : 123		},		{			"operatorDescription" : "Remove ^",			"class" : "ZnImageExampleDelegate",			"operatorClass" : "RemoveCaretOperator",			"mutationStart" : 360,			"method" : "formForImageEntity:",			"mutationEnd" : 377		},		{			"operatorDescription" : "Remove ^",			"class" : "ZnImageExampleDelegate",			"operatorClass" : "RemoveCaretOperator",			"mutationStart" : 7,			"method" : "form",			"mutationEnd" : 43		},		{			"operatorDescription" : "Remove Exception Handler Operator",			"class" : "ZnImageExampleDelegate",			"operatorClass" : "RemoveExceptionHandlerOperator",			"mutationStart" : 580,			"method" : "handlePostRequest:",			"mutationEnd" : 641		},		{			"operatorDescription" : "Remove ^",			"class" : "ZnImageExampleDelegate",			"operatorClass" : "RemoveCaretOperator",			"mutationStart" : 235,			"method" : "handlePostRequest:",			"mutationEnd" : 266		},		{			"operatorDescription" : "Replace #and: argument with [true]",			"class" : "ZnImageExampleDelegate",			"operatorClass" : "ReplaceAndArgumentWithTrueOperator",			"mutationStart" : 272,			"method" : "handlePostRequest:",			"mutationEnd" : 357		},		{			"operatorDescription" : "Replace #and: argument with [true]",			"class" : "ZnImageExampleDelegate",			"operatorClass" : "ReplaceAndArgumentWithTrueOperator",			"mutationStart" : 476,			"method" : "handlePostRequest:",			"mutationEnd" : 554		},		{			"operatorDescription" : "Replace #and: receiver with true",			"class" : "ZnImageExampleDelegate",			"operatorClass" : "ReplaceAndReceiverWithTrueOperator",			"mutationStart" : 272,			"method" : "handlePostRequest:",			"mutationEnd" : 357		},		{			"operatorDescription" : "Replace #and: receiver with true",			"class" : "ZnImageExampleDelegate",			"operatorClass" : "ReplaceAndReceiverWithTrueOperator",			"mutationStart" : 476,			"method" : "handlePostRequest:",			"mutationEnd" : 554		},		{			"operatorDescription" : "Replace #and: with #bEqv:",			"class" : "ZnImageExampleDelegate",			"operatorClass" : "ReplaceAndWithEqvMutantOperator",			"mutationStart" : 272,			"method" : "handlePostRequest:",			"mutationEnd" : 357		},		{			"operatorDescription" : "Replace #and: with #bEqv:",			"class" : "ZnImageExampleDelegate",			"operatorClass" : "ReplaceAndWithEqvMutantOperator",			"mutationStart" : 476,			"method" : "handlePostRequest:",			"mutationEnd" : 554		},		{			"operatorDescription" : "Replace #and: with #or:",			"class" : "ZnImageExampleDelegate",			"operatorClass" : "ReplaceAndWithOrMutantOperator",			"mutationStart" : 272,			"method" : "handlePostRequest:",			"mutationEnd" : 357		},		{			"operatorDescription" : "Replace #and: with #or:",			"class" : "ZnImageExampleDelegate",			"operatorClass" : "ReplaceAndWithOrMutantOperator",			"mutationStart" : 476,			"method" : "handlePostRequest:",			"mutationEnd" : 554		},		{			"operatorDescription" : "Replace #ifFalse: receiver with true",			"class" : "ZnImageExampleDelegate",			"operatorClass" : "ReplaceIfFalseReceiverWithTrueOperator",			"mutationStart" : 272,			"method" : "handlePostRequest:",			"mutationEnd" : 379		},		{			"operatorDescription" : "Replace #ifFalse: receiver with true",			"class" : "ZnImageExampleDelegate",			"operatorClass" : "ReplaceIfFalseReceiverWithTrueOperator",			"mutationStart" : 476,			"method" : "handlePostRequest:",			"mutationEnd" : 576		}	],	"testCase" : "ZnImageExampleDelegateTest",	"unixtime" : 1605022288,	"timeTotal" : 544}