{	"targetClasses" : [		"ZnLineReader"	],	"testMethodsIgnored" : [ ],	"methodsNotProfiled" : [ ],	"numberOfOriginalTestMethods" : 4,	"timeDetail" : [		"init: % 4.56 (463 milliseconds)",		"assertionAmplification: % 38.30 (3 seconds 885 milliseconds)",		"selection: % 31.73 (3 seconds 218 milliseconds)",		"inputAmplification: % 20.11 (2 seconds 40 milliseconds)",		"finalize: % 5.29 (537 milliseconds)"	],	"notCoveredInAmplified" : [		{			"operatorDescription" : "Replace #'>=' with #=",			"class" : "ZnLineReader",			"operatorClass" : "ReplaceGreaterOrEqualWithEqualMutantOperator",			"mutationStart" : 14,			"method" : "store:",			"mutationEnd" : 36		},		{			"operatorDescription" : "Remove ^",			"class" : "ZnLineReader",			"operatorClass" : "RemoveCaretOperator",			"mutationStart" : 47,			"method" : "processNext",			"mutationEnd" : 51		},		{			"operatorDescription" : "Remove ^",			"class" : "ZnLineReader",			"operatorClass" : "RemoveCaretOperator",			"mutationStart" : 88,			"method" : "processNext",			"mutationEnd" : 92		},		{			"operatorDescription" : "Remove ^",			"class" : "ZnLineReader",			"operatorClass" : "RemoveCaretOperator",			"mutationStart" : 332,			"method" : "processNext",			"mutationEnd" : 337		},		{			"operatorDescription" : "Replace #and: argument with [true]",			"class" : "ZnLineReader",			"operatorClass" : "ReplaceAndArgumentWithTrueOperator",			"mutationStart" : 189,			"method" : "processNext",			"mutationEnd" : 249		},		{			"operatorDescription" : "Replace #and: receiver with true",			"class" : "ZnLineReader",			"operatorClass" : "ReplaceAndReceiverWithTrueOperator",			"mutationStart" : 189,			"method" : "processNext",			"mutationEnd" : 249		},		{			"operatorDescription" : "Replace #and: with #bEqv:",			"class" : "ZnLineReader",			"operatorClass" : "ReplaceAndWithEqvMutantOperator",			"mutationStart" : 189,			"method" : "processNext",			"mutationEnd" : 249		},		{			"operatorDescription" : "Replace #and: with #or:",			"class" : "ZnLineReader",			"operatorClass" : "ReplaceAndWithOrMutantOperator",			"mutationStart" : 189,			"method" : "processNext",			"mutationEnd" : 249		},		{			"operatorDescription" : "Replace #ifTrue: receiver with false",			"class" : "ZnLineReader",			"operatorClass" : "ReplaceIfTrueReceiverWithFalseOperator",			"mutationStart" : 24,			"method" : "processNext",			"mutationEnd" : 53		},		{			"operatorDescription" : "Replace #ifTrue: receiver with true",			"class" : "ZnLineReader",			"operatorClass" : "ReplaceIfTrueReceiverWithTrueOperator",			"mutationStart" : 98,			"method" : "processNext",			"mutationEnd" : 149		},		{			"operatorDescription" : "Replace #ifTrue: receiver with true",			"class" : "ZnLineReader",			"operatorClass" : "ReplaceIfTrueReceiverWithTrueOperator",			"mutationStart" : 153,			"method" : "processNext",			"mutationEnd" : 309		},		{			"operatorDescription" : "Replace #ifTrue: receiver with true",			"class" : "ZnLineReader",			"operatorClass" : "ReplaceIfTrueReceiverWithTrueOperator",			"mutationStart" : 189,			"method" : "processNext",			"mutationEnd" : 307		},		{			"operatorDescription" : "Replace #'>=' with #=",			"class" : "ZnLineReader",			"operatorClass" : "ReplaceGreaterOrEqualWithEqualMutantOperator",			"mutationStart" : 28,			"method" : "growBuffer",			"mutationEnd" : 47		},		{			"operatorDescription" : "Replace #ifTrue: receiver with true",			"class" : "ZnLineReader",			"operatorClass" : "ReplaceIfTrueReceiverWithTrueOperator",			"mutationStart" : 28,			"method" : "growBuffer",			"mutationEnd" : 101		}	],	"mutationScoreAfter" : 65,	"mutationScoreBefore" : 65,	"testAmpLoc" : 0,	"amplifiedMethods" : [ ],	"testLoc" : "24",	"amplifiedClass" : "ZnLineReaderTest63",	"numberOfAllMutationsInOriginal" : 40,	"targetLoc" : 48,	"newCovered" : [ ],	"timeBudgetFinished" : false,	"notCoveredInOriginal" : [		{			"operatorDescription" : "Replace #'>=' with #=",			"class" : "ZnLineReader",			"operatorClass" : "ReplaceGreaterOrEqualWithEqualMutantOperator",			"mutationStart" : 14,			"method" : "store:",			"mutationEnd" : 36		},		{			"operatorDescription" : "Remove ^",			"class" : "ZnLineReader",			"operatorClass" : "RemoveCaretOperator",			"mutationStart" : 47,			"method" : "processNext",			"mutationEnd" : 51		},		{			"operatorDescription" : "Remove ^",			"class" : "ZnLineReader",			"operatorClass" : "RemoveCaretOperator",			"mutationStart" : 88,			"method" : "processNext",			"mutationEnd" : 92		},		{			"operatorDescription" : "Remove ^",			"class" : "ZnLineReader",			"operatorClass" : "RemoveCaretOperator",			"mutationStart" : 332,			"method" : "processNext",			"mutationEnd" : 337		},		{			"operatorDescription" : "Replace #and: argument with [true]",			"class" : "ZnLineReader",			"operatorClass" : "ReplaceAndArgumentWithTrueOperator",			"mutationStart" : 189,			"method" : "processNext",			"mutationEnd" : 249		},		{			"operatorDescription" : "Replace #and: receiver with true",			"class" : "ZnLineReader",			"operatorClass" : "ReplaceAndReceiverWithTrueOperator",			"mutationStart" : 189,			"method" : "processNext",			"mutationEnd" : 249		},		{			"operatorDescription" : "Replace #and: with #bEqv:",			"class" : "ZnLineReader",			"operatorClass" : "ReplaceAndWithEqvMutantOperator",			"mutationStart" : 189,			"method" : "processNext",			"mutationEnd" : 249		},		{			"operatorDescription" : "Replace #and: with #or:",			"class" : "ZnLineReader",			"operatorClass" : "ReplaceAndWithOrMutantOperator",			"mutationStart" : 189,			"method" : "processNext",			"mutationEnd" : 249		},		{			"operatorDescription" : "Replace #ifTrue: receiver with false",			"class" : "ZnLineReader",			"operatorClass" : "ReplaceIfTrueReceiverWithFalseOperator",			"mutationStart" : 24,			"method" : "processNext",			"mutationEnd" : 53		},		{			"operatorDescription" : "Replace #ifTrue: receiver with true",			"class" : "ZnLineReader",			"operatorClass" : "ReplaceIfTrueReceiverWithTrueOperator",			"mutationStart" : 98,			"method" : "processNext",			"mutationEnd" : 149		},		{			"operatorDescription" : "Replace #ifTrue: receiver with true",			"class" : "ZnLineReader",			"operatorClass" : "ReplaceIfTrueReceiverWithTrueOperator",			"mutationStart" : 153,			"method" : "processNext",			"mutationEnd" : 309		},		{			"operatorDescription" : "Replace #ifTrue: receiver with true",			"class" : "ZnLineReader",			"operatorClass" : "ReplaceIfTrueReceiverWithTrueOperator",			"mutationStart" : 189,			"method" : "processNext",			"mutationEnd" : 307		},		{			"operatorDescription" : "Replace #'>=' with #=",			"class" : "ZnLineReader",			"operatorClass" : "ReplaceGreaterOrEqualWithEqualMutantOperator",			"mutationStart" : 28,			"method" : "growBuffer",			"mutationEnd" : 47		},		{			"operatorDescription" : "Replace #ifTrue: receiver with true",			"class" : "ZnLineReader",			"operatorClass" : "ReplaceIfTrueReceiverWithTrueOperator",			"mutationStart" : 28,			"method" : "growBuffer",			"mutationEnd" : 101		}	],	"testCase" : "ZnLineReaderTest",	"unixtime" : 1605021412,	"timeTotal" : 10}