{	"targetClasses" : [		"ZnMessageBenchmark"	],	"testMethodsIgnored" : [ ],	"methodsNotProfiled" : [		"ZnMessageBenchmark>>#read:",		"ZnMessageBenchmark>>#write:",		"ZnMessageBenchmark class>>#bench:"	],	"numberOfOriginalTestMethods" : 2,	"timeDetail" : [		"init: % 3.16 (18 seconds 626 milliseconds)",		"assertionAmplification: % 64.33 (6 minutes 19 seconds 717 milliseconds)",		"selection: % 23.72 (2 minutes 19 seconds 983 milliseconds)",		"inputAmplification: % 6.18 (36 seconds 460 milliseconds)",		"finalize: % 2.62 (15 seconds 439 milliseconds)"	],	"notCoveredInAmplified" : [		{			"operatorDescription" : "Replace #+ with #-",			"class" : "ZnMessageBenchmark",			"operatorClass" : "ReplacePlusWithMinusMutantOperator",			"mutationStart" : 172,			"method" : "writeUsingGzipEncodingAndChunkingRepresentation",			"mutationEnd" : 197		},		{			"operatorDescription" : "Remove ^",			"class" : "ZnMessageBenchmark",			"operatorClass" : "RemoveCaretOperator",			"mutationStart" : 12,			"method" : "benchRead",			"mutationEnd" : 32		},		{			"operatorDescription" : "Remove ^",			"class" : "ZnMessageBenchmark",			"operatorClass" : "RemoveCaretOperator",			"mutationStart" : 13,			"method" : "benchWrite",			"mutationEnd" : 34		},		{			"operatorDescription" : "Remove ^",			"class" : "ZnMessageBenchmark class",			"operatorClass" : "RemoveCaretOperator",			"mutationStart" : 11,			"method" : "messages",			"mutationEnd" : 42		},		{			"operatorDescription" : "Remove ^",			"class" : "ZnMessageBenchmark class",			"operatorClass" : "RemoveCaretOperator",			"mutationStart" : 343,			"method" : "bench:",			"mutationEnd" : 351		},		{			"operatorDescription" : "Remove ^",			"class" : "ZnMessageBenchmark class",			"operatorClass" : "RemoveCaretOperator",			"mutationStart" : 11,			"method" : "benchAll",			"mutationEnd" : 37		}	],	"mutationScoreAfter" : 80,	"mutationScoreBefore" : 80,	"testAmpLoc" : 0,	"amplifiedMethods" : [ ],	"testLoc" : "20",	"amplifiedClass" : "ZnMessageBenchmarkTest34",	"numberOfAllMutationsInOriginal" : 30,	"targetLoc" : 156,	"newCovered" : [ ],	"timeBudgetFinished" : false,	"notCoveredInOriginal" : [		{			"operatorDescription" : "Replace #+ with #-",			"class" : "ZnMessageBenchmark",			"operatorClass" : "ReplacePlusWithMinusMutantOperator",			"mutationStart" : 172,			"method" : "writeUsingGzipEncodingAndChunkingRepresentation",			"mutationEnd" : 197		},		{			"operatorDescription" : "Remove ^",			"class" : "ZnMessageBenchmark",			"operatorClass" : "RemoveCaretOperator",			"mutationStart" : 12,			"method" : "benchRead",			"mutationEnd" : 32		},		{			"operatorDescription" : "Remove ^",			"class" : "ZnMessageBenchmark",			"operatorClass" : "RemoveCaretOperator",			"mutationStart" : 13,			"method" : "benchWrite",			"mutationEnd" : 34		},		{			"operatorDescription" : "Remove ^",			"class" : "ZnMessageBenchmark class",			"operatorClass" : "RemoveCaretOperator",			"mutationStart" : 11,			"method" : "messages",			"mutationEnd" : 42		},		{			"operatorDescription" : "Remove ^",			"class" : "ZnMessageBenchmark class",			"operatorClass" : "RemoveCaretOperator",			"mutationStart" : 343,			"method" : "bench:",			"mutationEnd" : 351		},		{			"operatorDescription" : "Remove ^",			"class" : "ZnMessageBenchmark class",			"operatorClass" : "RemoveCaretOperator",			"mutationStart" : 11,			"method" : "benchAll",			"mutationEnd" : 37		}	],	"testCase" : "ZnMessageBenchmarkTest",	"unixtime" : 1605021381,	"timeTotal" : 590}