{	"targetClasses" : [		"ZnMultiValueDictionary"	],	"testMethodsIgnored" : [ ],	"methodsNotProfiled" : [		"ZnMultiValueDictionary>>#limit:",		"ZnMultiValueDictionary>>#addAllMulti:",		"ZnMultiValueDictionary>>#add:"	],	"numberOfOriginalTestMethods" : 4,	"timeDetail" : [		"init: % 1.95 (439 milliseconds)",		"assertionAmplification: % 62.76 (14 seconds 112 milliseconds)",		"selection: % 19.37 (4 seconds 355 milliseconds)",		"inputAmplification: % 13.42 (3 seconds 18 milliseconds)",		"finalize: % 2.50 (562 milliseconds)"	],	"notCoveredInAmplified" : [		{			"operatorDescription" : "Replace #'>=' with #=",			"class" : "ZnMultiValueDictionary",			"operatorClass" : "ReplaceGreaterOrEqualWithEqualMutantOperator",			"mutationStart" : 117,			"method" : "checkLimitForKey:",			"mutationEnd" : 139		},		{			"operatorDescription" : "Replace #and: argument with [true]",			"class" : "ZnMultiValueDictionary",			"operatorClass" : "ReplaceAndArgumentWithTrueOperator",			"mutationStart" : 117,			"method" : "checkLimitForKey:",			"mutationEnd" : 177		},		{			"operatorDescription" : "Replace #and: receiver with true",			"class" : "ZnMultiValueDictionary",			"operatorClass" : "ReplaceAndReceiverWithTrueOperator",			"mutationStart" : 91,			"method" : "checkLimitForKey:",			"mutationEnd" : 179		},		{			"operatorDescription" : "Replace #and: with #bEqv:",			"class" : "ZnMultiValueDictionary",			"operatorClass" : "ReplaceAndWithEqvMutantOperator",			"mutationStart" : 91,			"method" : "checkLimitForKey:",			"mutationEnd" : 179		},		{			"operatorDescription" : "Remove ^",			"class" : "ZnMultiValueDictionary",			"operatorClass" : "RemoveCaretOperator",			"mutationStart" : 326,			"method" : "at:add:",			"mutationEnd" : 332		},		{			"operatorDescription" : "Replace #ifTrue: receiver with false",			"class" : "ZnMultiValueDictionary",			"operatorClass" : "ReplaceIfTrueReceiverWithFalseOperator",			"mutationStart" : 276,			"method" : "at:add:",			"mutationEnd" : 334		},		{			"operatorDescription" : "Replace #ifTrue: receiver with true",			"class" : "ZnMultiValueDictionary",			"operatorClass" : "ReplaceIfTrueReceiverWithTrueOperator",			"mutationStart" : 276,			"method" : "at:add:",			"mutationEnd" : 334		},		{			"operatorDescription" : "Replace #ifTrue: with #ifFalse:",			"class" : "ZnMultiValueDictionary",			"operatorClass" : "ReplaceIfTrueWithIfFalseMutantOperator",			"mutationStart" : 276,			"method" : "at:add:",			"mutationEnd" : 334		},		{			"operatorDescription" : "Replace #ifTrue:ifFalse: receiver with false",			"class" : "ZnMultiValueDictionary",			"operatorClass" : "ReplaceIfTrueIfFalseReceiverWithFalseOperator",			"mutationStart" : 240,			"method" : "at:add:",			"mutationEnd" : 491		},		{			"operatorDescription" : "Remove ^",			"class" : "ZnMultiValueDictionary",			"operatorClass" : "RemoveCaretOperator",			"mutationStart" : 64,			"method" : "add:",			"mutationEnd" : 89		},		{			"operatorDescription" : "Replace #ifTrue:ifFalse: receiver with true",			"class" : "ZnMultiValueDictionary",			"operatorClass" : "ReplaceIfTrueIfFalseReceiverWithTrueOperator",			"mutationStart" : 178,			"method" : "keysAndValuesDo:",			"mutationEnd" : 317		}	],	"mutationScoreAfter" : 71,	"mutationScoreBefore" : 60,	"testAmpLoc" : 130,	"amplifiedMethods" : [		"ZnMultiValueDictionaryTest68>>#testMultiValues_amp_D3_D1",		"ZnMultiValueDictionaryTest68>>#testMultiValues_amp"	],	"testLoc" : "38",	"amplifiedClass" : "ZnMultiValueDictionaryTest68",	"numberOfAllMutationsInOriginal" : 38,	"targetLoc" : 62,	"newCovered" : [		{			"operatorDescription" : "Remove ^",			"class" : "ZnMultiValueDictionary",			"operatorClass" : "RemoveCaretOperator",			"mutationStart" : 53,			"method" : "at:put:",			"mutationEnd" : 81		},		{			"operatorDescription" : "Remove ^",			"class" : "ZnMultiValueDictionary",			"operatorClass" : "RemoveCaretOperator",			"mutationStart" : 432,			"method" : "at:add:",			"mutationEnd" : 438		},		{			"operatorDescription" : "Remove ^",			"class" : "ZnMultiValueDictionary",			"operatorClass" : "RemoveCaretOperator",			"mutationStart" : 500,			"method" : "at:add:",			"mutationEnd" : 527		},		{			"operatorDescription" : "Replace #ifTrue: receiver with false",			"class" : "ZnMultiValueDictionary",			"operatorClass" : "ReplaceIfTrueReceiverWithFalseOperator",			"mutationStart" : 394,			"method" : "at:add:",			"mutationEnd" : 440		}	],	"timeBudgetFinished" : false,	"notCoveredInOriginal" : [		{			"operatorDescription" : "Remove ^",			"class" : "ZnMultiValueDictionary",			"operatorClass" : "RemoveCaretOperator",			"mutationStart" : 53,			"method" : "at:put:",			"mutationEnd" : 81		},		{			"operatorDescription" : "Replace #'>=' with #=",			"class" : "ZnMultiValueDictionary",			"operatorClass" : "ReplaceGreaterOrEqualWithEqualMutantOperator",			"mutationStart" : 117,			"method" : "checkLimitForKey:",			"mutationEnd" : 139		},		{			"operatorDescription" : "Replace #and: argument with [true]",			"class" : "ZnMultiValueDictionary",			"operatorClass" : "ReplaceAndArgumentWithTrueOperator",			"mutationStart" : 117,			"method" : "checkLimitForKey:",			"mutationEnd" : 177		},		{			"operatorDescription" : "Replace #and: receiver with true",			"class" : "ZnMultiValueDictionary",			"operatorClass" : "ReplaceAndReceiverWithTrueOperator",			"mutationStart" : 91,			"method" : "checkLimitForKey:",			"mutationEnd" : 179		},		{			"operatorDescription" : "Replace #and: with #bEqv:",			"class" : "ZnMultiValueDictionary",			"operatorClass" : "ReplaceAndWithEqvMutantOperator",			"mutationStart" : 91,			"method" : "checkLimitForKey:",			"mutationEnd" : 179		},		{			"operatorDescription" : "Remove ^",			"class" : "ZnMultiValueDictionary",			"operatorClass" : "RemoveCaretOperator",			"mutationStart" : 326,			"method" : "at:add:",			"mutationEnd" : 332		},		{			"operatorDescription" : "Remove ^",			"class" : "ZnMultiValueDictionary",			"operatorClass" : "RemoveCaretOperator",			"mutationStart" : 432,			"method" : "at:add:",			"mutationEnd" : 438		},		{			"operatorDescription" : "Remove ^",			"class" : "ZnMultiValueDictionary",			"operatorClass" : "RemoveCaretOperator",			"mutationStart" : 500,			"method" : "at:add:",			"mutationEnd" : 527		},		{			"operatorDescription" : "Replace #ifTrue: receiver with false",			"class" : "ZnMultiValueDictionary",			"operatorClass" : "ReplaceIfTrueReceiverWithFalseOperator",			"mutationStart" : 276,			"method" : "at:add:",			"mutationEnd" : 334		},		{			"operatorDescription" : "Replace #ifTrue: receiver with false",			"class" : "ZnMultiValueDictionary",			"operatorClass" : "ReplaceIfTrueReceiverWithFalseOperator",			"mutationStart" : 394,			"method" : "at:add:",			"mutationEnd" : 440		},		{			"operatorDescription" : "Replace #ifTrue: receiver with true",			"class" : "ZnMultiValueDictionary",			"operatorClass" : "ReplaceIfTrueReceiverWithTrueOperator",			"mutationStart" : 276,			"method" : "at:add:",			"mutationEnd" : 334		},		{			"operatorDescription" : "Replace #ifTrue: with #ifFalse:",			"class" : "ZnMultiValueDictionary",			"operatorClass" : "ReplaceIfTrueWithIfFalseMutantOperator",			"mutationStart" : 276,			"method" : "at:add:",			"mutationEnd" : 334		},		{			"operatorDescription" : "Replace #ifTrue:ifFalse: receiver with false",			"class" : "ZnMultiValueDictionary",			"operatorClass" : "ReplaceIfTrueIfFalseReceiverWithFalseOperator",			"mutationStart" : 240,			"method" : "at:add:",			"mutationEnd" : 491		},		{			"operatorDescription" : "Remove ^",			"class" : "ZnMultiValueDictionary",			"operatorClass" : "RemoveCaretOperator",			"mutationStart" : 64,			"method" : "add:",			"mutationEnd" : 89		},		{			"operatorDescription" : "Replace #ifTrue:ifFalse: receiver with true",			"class" : "ZnMultiValueDictionary",			"operatorClass" : "ReplaceIfTrueIfFalseReceiverWithTrueOperator",			"mutationStart" : 178,			"method" : "keysAndValuesDo:",			"mutationEnd" : 317		}	],	"testCase" : "ZnMultiValueDictionaryTest",	"unixtime" : 1605021654,	"timeTotal" : 22}