{	"targetClasses" : [		"ZnNewLineWriterStream"	],	"testMethodsIgnored" : [ ],	"methodsNotProfiled" : [ ],	"numberOfOriginalTestMethods" : 2,	"timeDetail" : [		"init: % 6.73 (301 milliseconds)",		"assertionAmplification: % 27.08 (1 second 211 milliseconds)",		"selection: % 23.05 (1 second 31 milliseconds)",		"inputAmplification: % 36.07 (1 second 613 milliseconds)",		"finalize: % 7.07 (316 milliseconds)"	],	"notCoveredInAmplified" : [		{			"operatorDescription" : "Remove ^",			"class" : "ZnNewLineWriterStream",			"operatorClass" : "RemoveCaretOperator",			"mutationStart" : 8,			"method" : "flush",			"mutationEnd" : 21		},		{			"operatorDescription" : "Replace #or: argument with [false]",			"class" : "ZnNewLineWriterStream",			"operatorClass" : "ReplaceOrArgumentWithFalseOperator",			"mutationStart" : 205,			"method" : "nextPut:",			"mutationEnd" : 247		},		{			"operatorDescription" : "Replace #or: with #bXor:",			"class" : "ZnNewLineWriterStream",			"operatorClass" : "ReplaceOrWithXorMutantOperator",			"mutationStart" : 205,			"method" : "nextPut:",			"mutationEnd" : 247		}	],	"mutationScoreAfter" : 86,	"mutationScoreBefore" : 86,	"testAmpLoc" : 0,	"amplifiedMethods" : [ ],	"testLoc" : "24",	"amplifiedClass" : "ZnNewLineWriterStreamTest32",	"numberOfAllMutationsInOriginal" : 22,	"targetLoc" : 41,	"newCovered" : [ ],	"timeBudgetFinished" : false,	"notCoveredInOriginal" : [		{			"operatorDescription" : "Remove ^",			"class" : "ZnNewLineWriterStream",			"operatorClass" : "RemoveCaretOperator",			"mutationStart" : 8,			"method" : "flush",			"mutationEnd" : 21		},		{			"operatorDescription" : "Replace #or: argument with [false]",			"class" : "ZnNewLineWriterStream",			"operatorClass" : "ReplaceOrArgumentWithFalseOperator",			"mutationStart" : 205,			"method" : "nextPut:",			"mutationEnd" : 247		},		{			"operatorDescription" : "Replace #or: with #bXor:",			"class" : "ZnNewLineWriterStream",			"operatorClass" : "ReplaceOrWithXorMutantOperator",			"mutationStart" : 205,			"method" : "nextPut:",			"mutationEnd" : 247		}	],	"testCase" : "ZnNewLineWriterStreamTest",	"unixtime" : 1605021417,	"timeTotal" : 4}