{	"targetClasses" : [		"ZnPercentEncoder"	],	"testMethodsIgnored" : [ ],	"methodsNotProfiled" : [		"ZnPercentEncoder>>#characterEncoder:",		"ZnPercentEncoder>>#safeSet:"	],	"numberOfOriginalTestMethods" : 7,	"timeDetail" : [		"init: % 39.85 (20 seconds 985 milliseconds)",		"assertionAmplification: % 11.48 (6 seconds 46 milliseconds)",		"selection: % 3.41 (1 second 798 milliseconds)",		"inputAmplification: % 5.22 (2 seconds 750 milliseconds)",		"finalize: % 40.04 (21 seconds 84 milliseconds)"	],	"notCoveredInAmplified" : [		{			"operatorDescription" : "Replace #ifTrue:ifFalse: receiver with true",			"class" : "ZnPercentEncoder",			"operatorClass" : "ReplaceIfTrueIfFalseReceiverWithTrueOperator",			"mutationStart" : 346,			"method" : "decode:to:",			"mutationEnd" : 472		}	],	"mutationScoreAfter" : 97,	"mutationScoreBefore" : 93,	"testAmpLoc" : 36,	"amplifiedMethods" : [		"ZnPercentEncoderTest120>>#testDecodePlusAsSpace_amp_A20_A38",		"ZnPercentEncoderTest120>>#testDecodePlusAsSpace_amp_A27"	],	"testLoc" : "48",	"amplifiedClass" : "ZnPercentEncoderTest120",	"numberOfAllMutationsInOriginal" : 45,	"targetLoc" : 88,	"newCovered" : [		{			"operatorDescription" : "Remove ^",			"class" : "ZnPercentEncoder",			"operatorClass" : "RemoveCaretOperator",			"mutationStart" : 153,			"method" : "safeSet",			"mutationEnd" : 234		}	],	"timeBudgetFinished" : false,	"notCoveredInOriginal" : [		{			"operatorDescription" : "Replace #and: with #bEqv:",			"class" : "ZnPercentEncoder",			"operatorClass" : "ReplaceAndWithEqvMutantOperator",			"mutationStart" : 116,			"method" : "decode:to:",			"mutationEnd" : 177		},		{			"operatorDescription" : "Replace #ifTrue:ifFalse: receiver with true",			"class" : "ZnPercentEncoder",			"operatorClass" : "ReplaceIfTrueIfFalseReceiverWithTrueOperator",			"mutationStart" : 346,			"method" : "decode:to:",			"mutationEnd" : 472		},		{			"operatorDescription" : "Remove ^",			"class" : "ZnPercentEncoder",			"operatorClass" : "RemoveCaretOperator",			"mutationStart" : 153,			"method" : "safeSet",			"mutationEnd" : 234		}	],	"testCase" : "ZnPercentEncoderTest",	"unixtime" : 1605021744,	"timeTotal" : 52}