{	"targetClasses" : [		"ZnRequestLine"	],	"testMethodsIgnored" : [ ],	"methodsNotProfiled" : [		"ZnRequestLine>>#printOn:",		"ZnRequestLine>>#gtInspectorTextIn:",		"ZnRequestLine>>#printMethodAndUriOn:"	],	"numberOfOriginalTestMethods" : 4,	"timeDetail" : [		"init: % 4.02 (661 milliseconds)",		"assertionAmplification: % 54.72 (8 seconds 993 milliseconds)",		"selection: % 26.41 (4 seconds 340 milliseconds)",		"inputAmplification: % 9.29 (1 second 527 milliseconds)",		"finalize: % 5.56 (914 milliseconds)"	],	"notCoveredInAmplified" : [		{			"operatorDescription" : "Remove ^",			"class" : "ZnRequestLine",			"operatorClass" : "RemoveCaretOperator",			"mutationStart" : 46,			"method" : "=",			"mutationEnd" : 52		},		{			"operatorDescription" : "Remove ^",			"class" : "ZnRequestLine",			"operatorClass" : "RemoveCaretOperator",			"mutationStart" : 58,			"method" : "=",			"mutationEnd" : 186		},		{			"operatorDescription" : "Replace #= with #'~='",			"class" : "ZnRequestLine",			"operatorClass" : "ReplaceEqualWithNotEqualOperator",			"mutationStart" : 10,			"method" : "=",			"mutationEnd" : 33		},		{			"operatorDescription" : "Replace #= with #'~='",			"class" : "ZnRequestLine",			"operatorClass" : "ReplaceEqualWithNotEqualOperator",			"mutationStart" : 60,			"method" : "=",			"mutationEnd" : 85		},		{			"operatorDescription" : "Replace #= with #'~='",			"class" : "ZnRequestLine",			"operatorClass" : "ReplaceEqualWithNotEqualOperator",			"mutationStart" : 96,			"method" : "=",			"mutationEnd" : 143		},		{			"operatorDescription" : "Replace #= with #'~='",			"class" : "ZnRequestLine",			"operatorClass" : "ReplaceEqualWithNotEqualOperator",			"mutationStart" : 155,			"method" : "=",			"mutationEnd" : 182		},		{			"operatorDescription" : "Replace #and: argument with [true]",			"class" : "ZnRequestLine",			"operatorClass" : "ReplaceAndArgumentWithTrueOperator",			"mutationStart" : 60,			"method" : "=",			"mutationEnd" : 186		},		{			"operatorDescription" : "Replace #and: argument with [true]",			"class" : "ZnRequestLine",			"operatorClass" : "ReplaceAndArgumentWithTrueOperator",			"mutationStart" : 96,			"method" : "=",			"mutationEnd" : 184		},		{			"operatorDescription" : "Replace #and: receiver with true",			"class" : "ZnRequestLine",			"operatorClass" : "ReplaceAndReceiverWithTrueOperator",			"mutationStart" : 60,			"method" : "=",			"mutationEnd" : 186		},		{			"operatorDescription" : "Replace #and: receiver with true",			"class" : "ZnRequestLine",			"operatorClass" : "ReplaceAndReceiverWithTrueOperator",			"mutationStart" : 96,			"method" : "=",			"mutationEnd" : 184		},		{			"operatorDescription" : "Replace #and: with #bEqv:",			"class" : "ZnRequestLine",			"operatorClass" : "ReplaceAndWithEqvMutantOperator",			"mutationStart" : 60,			"method" : "=",			"mutationEnd" : 186		},		{			"operatorDescription" : "Replace #and: with #bEqv:",			"class" : "ZnRequestLine",			"operatorClass" : "ReplaceAndWithEqvMutantOperator",			"mutationStart" : 96,			"method" : "=",			"mutationEnd" : 184		},		{			"operatorDescription" : "Replace #and: with #nand:",			"class" : "ZnRequestLine",			"operatorClass" : "ReplaceAndWithNandMutantOperator",			"mutationStart" : 60,			"method" : "=",			"mutationEnd" : 186		},		{			"operatorDescription" : "Replace #and: with #nand:",			"class" : "ZnRequestLine",			"operatorClass" : "ReplaceAndWithNandMutantOperator",			"mutationStart" : 96,			"method" : "=",			"mutationEnd" : 184		},		{			"operatorDescription" : "Replace #and: with #or:",			"class" : "ZnRequestLine",			"operatorClass" : "ReplaceAndWithOrMutantOperator",			"mutationStart" : 60,			"method" : "=",			"mutationEnd" : 186		},		{			"operatorDescription" : "Replace #and: with #or:",			"class" : "ZnRequestLine",			"operatorClass" : "ReplaceAndWithOrMutantOperator",			"mutationStart" : 96,			"method" : "=",			"mutationEnd" : 184		},		{			"operatorDescription" : "Replace #ifFalse: receiver with false",			"class" : "ZnRequestLine",			"operatorClass" : "ReplaceIfFalseReceiverWithFalseOperator",			"mutationStart" : 10,			"method" : "=",			"mutationEnd" : 54		},		{			"operatorDescription" : "Replace #ifFalse: receiver with true",			"class" : "ZnRequestLine",			"operatorClass" : "ReplaceIfFalseReceiverWithTrueOperator",			"mutationStart" : 10,			"method" : "=",			"mutationEnd" : 54		},		{			"operatorDescription" : "Replace #ifFalse: with #ifTrue:",			"class" : "ZnRequestLine",			"operatorClass" : "ReplaceIfFalseWithIfTrueMutantOperator",			"mutationStart" : 10,			"method" : "=",			"mutationEnd" : 54		},		{			"operatorDescription" : "Remove ^",			"class" : "ZnRequestLine",			"operatorClass" : "RemoveCaretOperator",			"mutationStart" : 101,			"method" : "printOn:",			"mutationEnd" : 106		},		{			"operatorDescription" : "Replace #and: argument with [true]",			"class" : "ZnRequestLine",			"operatorClass" : "ReplaceAndArgumentWithTrueOperator",			"mutationStart" : 42,			"method" : "printOn:",			"mutationEnd" : 86		},		{			"operatorDescription" : "Replace #and: receiver with true",			"class" : "ZnRequestLine",			"operatorClass" : "ReplaceAndReceiverWithTrueOperator",			"mutationStart" : 42,			"method" : "printOn:",			"mutationEnd" : 86		},		{			"operatorDescription" : "Replace #and: with #bEqv:",			"class" : "ZnRequestLine",			"operatorClass" : "ReplaceAndWithEqvMutantOperator",			"mutationStart" : 42,			"method" : "printOn:",			"mutationEnd" : 86		},		{			"operatorDescription" : "Replace #and: with #nand:",			"class" : "ZnRequestLine",			"operatorClass" : "ReplaceAndWithNandMutantOperator",			"mutationStart" : 42,			"method" : "printOn:",			"mutationEnd" : 86		},		{			"operatorDescription" : "Replace #and: with #or:",			"class" : "ZnRequestLine",			"operatorClass" : "ReplaceAndWithOrMutantOperator",			"mutationStart" : 42,			"method" : "printOn:",			"mutationEnd" : 86		},		{			"operatorDescription" : "Replace #and: with false",			"class" : "ZnRequestLine",			"operatorClass" : "ReplaceAndWithFalseOperator",			"mutationStart" : 42,			"method" : "printOn:",			"mutationEnd" : 86		},		{			"operatorDescription" : "Replace #ifFalse: receiver with false",			"class" : "ZnRequestLine",			"operatorClass" : "ReplaceIfFalseReceiverWithFalseOperator",			"mutationStart" : 42,			"method" : "printOn:",			"mutationEnd" : 108		},		{			"operatorDescription" : "Replace #ifFalse: receiver with true",			"class" : "ZnRequestLine",			"operatorClass" : "ReplaceIfFalseReceiverWithTrueOperator",			"mutationStart" : 42,			"method" : "printOn:",			"mutationEnd" : 108		},		{			"operatorDescription" : "Replace #ifFalse: with #ifTrue:",			"class" : "ZnRequestLine",			"operatorClass" : "ReplaceIfFalseWithIfTrueMutantOperator",			"mutationStart" : 42,			"method" : "printOn:",			"mutationEnd" : 108		},		{			"operatorDescription" : "Remove ^",			"class" : "ZnRequestLine",			"operatorClass" : "RemoveCaretOperator",			"mutationStart" : 67,			"method" : "gtInspectorTextIn:",			"mutationEnd" : 165		},		{			"operatorDescription" : "Replace #= with #'~='",			"class" : "ZnRequestLine",			"operatorClass" : "ReplaceEqualWithNotEqualOperator",			"mutationStart" : 275,			"method" : "writeOn:",			"mutationEnd" : 291		},		{			"operatorDescription" : "Replace #ifTrue:ifFalse: receiver with false",			"class" : "ZnRequestLine",			"operatorClass" : "ReplaceIfTrueIfFalseReceiverWithFalseOperator",			"mutationStart" : 130,			"method" : "writeOn:",			"mutationEnd" : 534		},		{			"operatorDescription" : "Replace #ifTrue:ifFalse: receiver with false",			"class" : "ZnRequestLine",			"operatorClass" : "ReplaceIfTrueIfFalseReceiverWithFalseOperator",			"mutationStart" : 191,			"method" : "writeOn:",			"mutationEnd" : 470		},		{			"operatorDescription" : "Replace #ifTrue:ifFalse: receiver with false",			"class" : "ZnRequestLine",			"operatorClass" : "ReplaceIfTrueIfFalseReceiverWithFalseOperator",			"mutationStart" : 275,			"method" : "writeOn:",			"mutationEnd" : 421		},		{			"operatorDescription" : "Replace #ifTrue:ifFalse: receiver with true",			"class" : "ZnRequestLine",			"operatorClass" : "ReplaceIfTrueIfFalseReceiverWithTrueOperator",			"mutationStart" : 130,			"method" : "writeOn:",			"mutationEnd" : 534		},		{			"operatorDescription" : "Replace #ifTrue:ifFalse: receiver with true",			"class" : "ZnRequestLine",			"operatorClass" : "ReplaceIfTrueIfFalseReceiverWithTrueOperator",			"mutationStart" : 191,			"method" : "writeOn:",			"mutationEnd" : 470		},		{			"operatorDescription" : "Replace #ifTrue:ifFalse: receiver with true",			"class" : "ZnRequestLine",			"operatorClass" : "ReplaceIfTrueIfFalseReceiverWithTrueOperator",			"mutationStart" : 275,			"method" : "writeOn:",			"mutationEnd" : 421		},		{			"operatorDescription" : "Remove ^",			"class" : "ZnRequestLine",			"operatorClass" : "RemoveCaretOperator",			"mutationStart" : 89,			"method" : "printMethodAndUriOn:",			"mutationEnd" : 94		},		{			"operatorDescription" : "Replace #and: argument with [true]",			"class" : "ZnRequestLine",			"operatorClass" : "ReplaceAndArgumentWithTrueOperator",			"mutationStart" : 30,			"method" : "printMethodAndUriOn:",			"mutationEnd" : 74		},		{			"operatorDescription" : "Replace #and: receiver with true",			"class" : "ZnRequestLine",			"operatorClass" : "ReplaceAndReceiverWithTrueOperator",			"mutationStart" : 30,			"method" : "printMethodAndUriOn:",			"mutationEnd" : 74		},		{			"operatorDescription" : "Replace #and: with #bEqv:",			"class" : "ZnRequestLine",			"operatorClass" : "ReplaceAndWithEqvMutantOperator",			"mutationStart" : 30,			"method" : "printMethodAndUriOn:",			"mutationEnd" : 74		},		{			"operatorDescription" : "Replace #and: with #nand:",			"class" : "ZnRequestLine",			"operatorClass" : "ReplaceAndWithNandMutantOperator",			"mutationStart" : 30,			"method" : "printMethodAndUriOn:",			"mutationEnd" : 74		},		{			"operatorDescription" : "Replace #and: with #or:",			"class" : "ZnRequestLine",			"operatorClass" : "ReplaceAndWithOrMutantOperator",			"mutationStart" : 30,			"method" : "printMethodAndUriOn:",			"mutationEnd" : 74		},		{			"operatorDescription" : "Replace #and: with false",			"class" : "ZnRequestLine",			"operatorClass" : "ReplaceAndWithFalseOperator",			"mutationStart" : 30,			"method" : "printMethodAndUriOn:",			"mutationEnd" : 74		},		{			"operatorDescription" : "Replace #ifFalse: receiver with false",			"class" : "ZnRequestLine",			"operatorClass" : "ReplaceIfFalseReceiverWithFalseOperator",			"mutationStart" : 30,			"method" : "printMethodAndUriOn:",			"mutationEnd" : 96		},		{			"operatorDescription" : "Replace #ifFalse: receiver with true",			"class" : "ZnRequestLine",			"operatorClass" : "ReplaceIfFalseReceiverWithTrueOperator",			"mutationStart" : 30,			"method" : "printMethodAndUriOn:",			"mutationEnd" : 96		},		{			"operatorDescription" : "Replace #ifFalse: with #ifTrue:",			"class" : "ZnRequestLine",			"operatorClass" : "ReplaceIfFalseWithIfTrueMutantOperator",			"mutationStart" : 30,			"method" : "printMethodAndUriOn:",			"mutationEnd" : 96		},		{			"operatorDescription" : "Remove ^",			"class" : "ZnRequestLine class",			"operatorClass" : "RemoveCaretOperator",			"mutationStart" : 8,			"method" : "empty",			"mutationEnd" : 71		}	],	"mutationScoreAfter" : 30,	"mutationScoreBefore" : 20,	"testAmpLoc" : 340,	"amplifiedMethods" : [		"ZnRequestLineTest68>>#testReading_amp",		"ZnRequestLineTest68>>#testReading_amp_A2_A16_A10"	],	"testLoc" : "20",	"amplifiedClass" : "ZnRequestLineTest68",	"numberOfAllMutationsInOriginal" : 69,	"targetLoc" : 102,	"newCovered" : [		{			"operatorDescription" : "Remove ^",			"class" : "ZnRequestLine",			"operatorClass" : "RemoveCaretOperator",			"mutationStart" : 11,			"method" : "isHttp11",			"mutationEnd" : 37		},		{			"operatorDescription" : "Replace #= with #'~='",			"class" : "ZnRequestLine",			"operatorClass" : "ReplaceEqualWithNotEqualOperator",			"mutationStart" : 13,			"method" : "isHttp11",			"mutationEnd" : 37		},		{			"operatorDescription" : "Remove ^",			"class" : "ZnRequestLine",			"operatorClass" : "RemoveCaretOperator",			"mutationStart" : 7,			"method" : "hash",			"mutationEnd" : 74		},		{			"operatorDescription" : "Remove ^",			"class" : "ZnRequestLine",			"operatorClass" : "RemoveCaretOperator",			"mutationStart" : 11,			"method" : "isHttp10",			"mutationEnd" : 37		},		{			"operatorDescription" : "Replace #= with #'~='",			"class" : "ZnRequestLine",			"operatorClass" : "ReplaceEqualWithNotEqualOperator",			"mutationStart" : 13,			"method" : "isHttp10",			"mutationEnd" : 37		}	],	"timeBudgetFinished" : false,	"notCoveredInOriginal" : [		{			"operatorDescription" : "Remove ^",			"class" : "ZnRequestLine",			"operatorClass" : "RemoveCaretOperator",			"mutationStart" : 46,			"method" : "=",			"mutationEnd" : 52		},		{			"operatorDescription" : "Remove ^",			"class" : "ZnRequestLine",			"operatorClass" : "RemoveCaretOperator",			"mutationStart" : 58,			"method" : "=",			"mutationEnd" : 186		},		{			"operatorDescription" : "Replace #= with #'~='",			"class" : "ZnRequestLine",			"operatorClass" : "ReplaceEqualWithNotEqualOperator",			"mutationStart" : 10,			"method" : "=",			"mutationEnd" : 33		},		{			"operatorDescription" : "Replace #= with #'~='",			"class" : "ZnRequestLine",			"operatorClass" : "ReplaceEqualWithNotEqualOperator",			"mutationStart" : 60,			"method" : "=",			"mutationEnd" : 85		},		{			"operatorDescription" : "Replace #= with #'~='",			"class" : "ZnRequestLine",			"operatorClass" : "ReplaceEqualWithNotEqualOperator",			"mutationStart" : 96,			"method" : "=",			"mutationEnd" : 143		},		{			"operatorDescription" : "Replace #= with #'~='",			"class" : "ZnRequestLine",			"operatorClass" : "ReplaceEqualWithNotEqualOperator",			"mutationStart" : 155,			"method" : "=",			"mutationEnd" : 182		},		{			"operatorDescription" : "Replace #and: argument with [true]",			"class" : "ZnRequestLine",			"operatorClass" : "ReplaceAndArgumentWithTrueOperator",			"mutationStart" : 60,			"method" : "=",			"mutationEnd" : 186		},		{			"operatorDescription" : "Replace #and: argument with [true]",			"class" : "ZnRequestLine",			"operatorClass" : "ReplaceAndArgumentWithTrueOperator",			"mutationStart" : 96,			"method" : "=",			"mutationEnd" : 184		},		{			"operatorDescription" : "Replace #and: receiver with true",			"class" : "ZnRequestLine",			"operatorClass" : "ReplaceAndReceiverWithTrueOperator",			"mutationStart" : 60,			"method" : "=",			"mutationEnd" : 186		},		{			"operatorDescription" : "Replace #and: receiver with true",			"class" : "ZnRequestLine",			"operatorClass" : "ReplaceAndReceiverWithTrueOperator",			"mutationStart" : 96,			"method" : "=",			"mutationEnd" : 184		},		{			"operatorDescription" : "Replace #and: with #bEqv:",			"class" : "ZnRequestLine",			"operatorClass" : "ReplaceAndWithEqvMutantOperator",			"mutationStart" : 60,			"method" : "=",			"mutationEnd" : 186		},		{			"operatorDescription" : "Replace #and: with #bEqv:",			"class" : "ZnRequestLine",			"operatorClass" : "ReplaceAndWithEqvMutantOperator",			"mutationStart" : 96,			"method" : "=",			"mutationEnd" : 184		},		{			"operatorDescription" : "Replace #and: with #nand:",			"class" : "ZnRequestLine",			"operatorClass" : "ReplaceAndWithNandMutantOperator",			"mutationStart" : 60,			"method" : "=",			"mutationEnd" : 186		},		{			"operatorDescription" : "Replace #and: with #nand:",			"class" : "ZnRequestLine",			"operatorClass" : "ReplaceAndWithNandMutantOperator",			"mutationStart" : 96,			"method" : "=",			"mutationEnd" : 184		},		{			"operatorDescription" : "Replace #and: with #or:",			"class" : "ZnRequestLine",			"operatorClass" : "ReplaceAndWithOrMutantOperator",			"mutationStart" : 60,			"method" : "=",			"mutationEnd" : 186		},		{			"operatorDescription" : "Replace #and: with #or:",			"class" : "ZnRequestLine",			"operatorClass" : "ReplaceAndWithOrMutantOperator",			"mutationStart" : 96,			"method" : "=",			"mutationEnd" : 184		},		{			"operatorDescription" : "Replace #and: with false",			"class" : "ZnRequestLine",			"operatorClass" : "ReplaceAndWithFalseOperator",			"mutationStart" : 60,			"method" : "=",			"mutationEnd" : 186		},		{			"operatorDescription" : "Replace #and: with false",			"class" : "ZnRequestLine",			"operatorClass" : "ReplaceAndWithFalseOperator",			"mutationStart" : 96,			"method" : "=",			"mutationEnd" : 184		},		{			"operatorDescription" : "Replace #ifFalse: receiver with false",			"class" : "ZnRequestLine",			"operatorClass" : "ReplaceIfFalseReceiverWithFalseOperator",			"mutationStart" : 10,			"method" : "=",			"mutationEnd" : 54		},		{			"operatorDescription" : "Replace #ifFalse: receiver with true",			"class" : "ZnRequestLine",			"operatorClass" : "ReplaceIfFalseReceiverWithTrueOperator",			"mutationStart" : 10,			"method" : "=",			"mutationEnd" : 54		},		{			"operatorDescription" : "Replace #ifFalse: with #ifTrue:",			"class" : "ZnRequestLine",			"operatorClass" : "ReplaceIfFalseWithIfTrueMutantOperator",			"mutationStart" : 10,			"method" : "=",			"mutationEnd" : 54		},		{			"operatorDescription" : "Remove ^",			"class" : "ZnRequestLine",			"operatorClass" : "RemoveCaretOperator",			"mutationStart" : 101,			"method" : "printOn:",			"mutationEnd" : 106		},		{			"operatorDescription" : "Replace #and: argument with [true]",			"class" : "ZnRequestLine",			"operatorClass" : "ReplaceAndArgumentWithTrueOperator",			"mutationStart" : 42,			"method" : "printOn:",			"mutationEnd" : 86		},		{			"operatorDescription" : "Replace #and: receiver with true",			"class" : "ZnRequestLine",			"operatorClass" : "ReplaceAndReceiverWithTrueOperator",			"mutationStart" : 42,			"method" : "printOn:",			"mutationEnd" : 86		},		{			"operatorDescription" : "Replace #and: with #bEqv:",			"class" : "ZnRequestLine",			"operatorClass" : "ReplaceAndWithEqvMutantOperator",			"mutationStart" : 42,			"method" : "printOn:",			"mutationEnd" : 86		},		{			"operatorDescription" : "Replace #and: with #nand:",			"class" : "ZnRequestLine",			"operatorClass" : "ReplaceAndWithNandMutantOperator",			"mutationStart" : 42,			"method" : "printOn:",			"mutationEnd" : 86		},		{			"operatorDescription" : "Replace #and: with #or:",			"class" : "ZnRequestLine",			"operatorClass" : "ReplaceAndWithOrMutantOperator",			"mutationStart" : 42,			"method" : "printOn:",			"mutationEnd" : 86		},		{			"operatorDescription" : "Replace #and: with false",			"class" : "ZnRequestLine",			"operatorClass" : "ReplaceAndWithFalseOperator",			"mutationStart" : 42,			"method" : "printOn:",			"mutationEnd" : 86		},		{			"operatorDescription" : "Replace #ifFalse: receiver with false",			"class" : "ZnRequestLine",			"operatorClass" : "ReplaceIfFalseReceiverWithFalseOperator",			"mutationStart" : 42,			"method" : "printOn:",			"mutationEnd" : 108		},		{			"operatorDescription" : "Replace #ifFalse: receiver with true",			"class" : "ZnRequestLine",			"operatorClass" : "ReplaceIfFalseReceiverWithTrueOperator",			"mutationStart" : 42,			"method" : "printOn:",			"mutationEnd" : 108		},		{			"operatorDescription" : "Replace #ifFalse: with #ifTrue:",			"class" : "ZnRequestLine",			"operatorClass" : "ReplaceIfFalseWithIfTrueMutantOperator",			"mutationStart" : 42,			"method" : "printOn:",			"mutationEnd" : 108		},		{			"operatorDescription" : "Remove ^",			"class" : "ZnRequestLine",			"operatorClass" : "RemoveCaretOperator",			"mutationStart" : 67,			"method" : "gtInspectorTextIn:",			"mutationEnd" : 165		},		{			"operatorDescription" : "Remove ^",			"class" : "ZnRequestLine",			"operatorClass" : "RemoveCaretOperator",			"mutationStart" : 11,			"method" : "isHttp11",			"mutationEnd" : 37		},		{			"operatorDescription" : "Replace #= with #'~='",			"class" : "ZnRequestLine",			"operatorClass" : "ReplaceEqualWithNotEqualOperator",			"mutationStart" : 13,			"method" : "isHttp11",			"mutationEnd" : 37		},		{			"operatorDescription" : "Replace #= with #'~='",			"class" : "ZnRequestLine",			"operatorClass" : "ReplaceEqualWithNotEqualOperator",			"mutationStart" : 275,			"method" : "writeOn:",			"mutationEnd" : 291		},		{			"operatorDescription" : "Replace #ifTrue:ifFalse: receiver with false",			"class" : "ZnRequestLine",			"operatorClass" : "ReplaceIfTrueIfFalseReceiverWithFalseOperator",			"mutationStart" : 130,			"method" : "writeOn:",			"mutationEnd" : 534		},		{			"operatorDescription" : "Replace #ifTrue:ifFalse: receiver with false",			"class" : "ZnRequestLine",			"operatorClass" : "ReplaceIfTrueIfFalseReceiverWithFalseOperator",			"mutationStart" : 191,			"method" : "writeOn:",			"mutationEnd" : 470		},		{			"operatorDescription" : "Replace #ifTrue:ifFalse: receiver with false",			"class" : "ZnRequestLine",			"operatorClass" : "ReplaceIfTrueIfFalseReceiverWithFalseOperator",			"mutationStart" : 275,			"method" : "writeOn:",			"mutationEnd" : 421		},		{			"operatorDescription" : "Replace #ifTrue:ifFalse: receiver with true",			"class" : "ZnRequestLine",			"operatorClass" : "ReplaceIfTrueIfFalseReceiverWithTrueOperator",			"mutationStart" : 130,			"method" : "writeOn:",			"mutationEnd" : 534		},		{			"operatorDescription" : "Replace #ifTrue:ifFalse: receiver with true",			"class" : "ZnRequestLine",			"operatorClass" : "ReplaceIfTrueIfFalseReceiverWithTrueOperator",			"mutationStart" : 191,			"method" : "writeOn:",			"mutationEnd" : 470		},		{			"operatorDescription" : "Replace #ifTrue:ifFalse: receiver with true",			"class" : "ZnRequestLine",			"operatorClass" : "ReplaceIfTrueIfFalseReceiverWithTrueOperator",			"mutationStart" : 275,			"method" : "writeOn:",			"mutationEnd" : 421		},		{			"operatorDescription" : "Remove ^",			"class" : "ZnRequestLine",			"operatorClass" : "RemoveCaretOperator",			"mutationStart" : 7,			"method" : "hash",			"mutationEnd" : 74		},		{			"operatorDescription" : "Remove ^",			"class" : "ZnRequestLine",			"operatorClass" : "RemoveCaretOperator",			"mutationStart" : 11,			"method" : "isHttp10",			"mutationEnd" : 37		},		{			"operatorDescription" : "Replace #= with #'~='",			"class" : "ZnRequestLine",			"operatorClass" : "ReplaceEqualWithNotEqualOperator",			"mutationStart" : 13,			"method" : "isHttp10",			"mutationEnd" : 37		},		{			"operatorDescription" : "Remove ^",			"class" : "ZnRequestLine",			"operatorClass" : "RemoveCaretOperator",			"mutationStart" : 89,			"method" : "printMethodAndUriOn:",			"mutationEnd" : 94		},		{			"operatorDescription" : "Replace #and: argument with [true]",			"class" : "ZnRequestLine",			"operatorClass" : "ReplaceAndArgumentWithTrueOperator",			"mutationStart" : 30,			"method" : "printMethodAndUriOn:",			"mutationEnd" : 74		},		{			"operatorDescription" : "Replace #and: receiver with true",			"class" : "ZnRequestLine",			"operatorClass" : "ReplaceAndReceiverWithTrueOperator",			"mutationStart" : 30,			"method" : "printMethodAndUriOn:",			"mutationEnd" : 74		},		{			"operatorDescription" : "Replace #and: with #bEqv:",			"class" : "ZnRequestLine",			"operatorClass" : "ReplaceAndWithEqvMutantOperator",			"mutationStart" : 30,			"method" : "printMethodAndUriOn:",			"mutationEnd" : 74		},		{			"operatorDescription" : "Replace #and: with #nand:",			"class" : "ZnRequestLine",			"operatorClass" : "ReplaceAndWithNandMutantOperator",			"mutationStart" : 30,			"method" : "printMethodAndUriOn:",			"mutationEnd" : 74		},		{			"operatorDescription" : "Replace #and: with #or:",			"class" : "ZnRequestLine",			"operatorClass" : "ReplaceAndWithOrMutantOperator",			"mutationStart" : 30,			"method" : "printMethodAndUriOn:",			"mutationEnd" : 74		},		{			"operatorDescription" : "Replace #and: with false",			"class" : "ZnRequestLine",			"operatorClass" : "ReplaceAndWithFalseOperator",			"mutationStart" : 30,			"method" : "printMethodAndUriOn:",			"mutationEnd" : 74		},		{			"operatorDescription" : "Replace #ifFalse: receiver with false",			"class" : "ZnRequestLine",			"operatorClass" : "ReplaceIfFalseReceiverWithFalseOperator",			"mutationStart" : 30,			"method" : "printMethodAndUriOn:",			"mutationEnd" : 96		},		{			"operatorDescription" : "Replace #ifFalse: receiver with true",			"class" : "ZnRequestLine",			"operatorClass" : "ReplaceIfFalseReceiverWithTrueOperator",			"mutationStart" : 30,			"method" : "printMethodAndUriOn:",			"mutationEnd" : 96		},		{			"operatorDescription" : "Replace #ifFalse: with #ifTrue:",			"class" : "ZnRequestLine",			"operatorClass" : "ReplaceIfFalseWithIfTrueMutantOperator",			"mutationStart" : 30,			"method" : "printMethodAndUriOn:",			"mutationEnd" : 96		},		{			"operatorDescription" : "Remove ^",			"class" : "ZnRequestLine class",			"operatorClass" : "RemoveCaretOperator",			"mutationStart" : 8,			"method" : "empty",			"mutationEnd" : 71		}	],	"testCase" : "ZnRequestLineTest",	"unixtime" : 1605021398,	"timeTotal" : 16}