{	"targetClasses" : [		"ZnResourceMetaUtils"	],	"testMethodsIgnored" : [ ],	"methodsNotProfiled" : [ ],	"numberOfOriginalTestMethods" : 3,	"timeDetail" : [		"init: % 3.16 (205 milliseconds)",		"assertionAmplification: % 41.15 (2 seconds 666 milliseconds)",		"selection: % 20.56 (1 second 332 milliseconds)",		"inputAmplification: % 31.90 (2 seconds 67 milliseconds)",		"finalize: % 3.23 (209 milliseconds)"	],	"notCoveredInAmplified" : [		{			"operatorDescription" : "Remove ^",			"class" : "ZnResourceMetaUtils class",			"operatorClass" : "RemoveCaretOperator",			"mutationStart" : 173,			"method" : "urlPathSafeSet",			"mutationEnd" : 256		},		{			"operatorDescription" : "Remove ^",			"class" : "ZnResourceMetaUtils class",			"operatorClass" : "RemoveCaretOperator",			"mutationStart" : 193,			"method" : "querySafeSet",			"mutationEnd" : 278		},		{			"operatorDescription" : "Replace #ifFalse: receiver with false",			"class" : "ZnResourceMetaUtils class",			"operatorClass" : "ReplaceIfFalseReceiverWithFalseOperator",			"mutationStart" : 137,			"method" : "writeQueryFields:withEncoder:on:",			"mutationEnd" : 173		},		{			"operatorDescription" : "Replace #ifFalse: receiver with true",			"class" : "ZnResourceMetaUtils class",			"operatorClass" : "ReplaceIfFalseReceiverWithTrueOperator",			"mutationStart" : 137,			"method" : "writeQueryFields:withEncoder:on:",			"mutationEnd" : 173		},		{			"operatorDescription" : "Replace #ifFalse: with #ifTrue:",			"class" : "ZnResourceMetaUtils class",			"operatorClass" : "ReplaceIfFalseWithIfTrueMutantOperator",			"mutationStart" : 137,			"method" : "writeQueryFields:withEncoder:on:",			"mutationEnd" : 173		},		{			"operatorDescription" : "Remove ^",			"class" : "ZnResourceMetaUtils class",			"operatorClass" : "RemoveCaretOperator",			"mutationStart" : 172,			"method" : "rfc3986SafeSet",			"mutationEnd" : 217		}	],	"mutationScoreAfter" : 57,	"mutationScoreBefore" : 57,	"testAmpLoc" : 0,	"amplifiedMethods" : [ ],	"testLoc" : "18",	"amplifiedClass" : "ZnResourceMetaUtilsTest54",	"numberOfAllMutationsInOriginal" : 14,	"targetLoc" : 116,	"newCovered" : [ ],	"timeBudgetFinished" : false,	"notCoveredInOriginal" : [		{			"operatorDescription" : "Remove ^",			"class" : "ZnResourceMetaUtils class",			"operatorClass" : "RemoveCaretOperator",			"mutationStart" : 173,			"method" : "urlPathSafeSet",			"mutationEnd" : 256		},		{			"operatorDescription" : "Remove ^",			"class" : "ZnResourceMetaUtils class",			"operatorClass" : "RemoveCaretOperator",			"mutationStart" : 193,			"method" : "querySafeSet",			"mutationEnd" : 278		},		{			"operatorDescription" : "Replace #ifFalse: receiver with false",			"class" : "ZnResourceMetaUtils class",			"operatorClass" : "ReplaceIfFalseReceiverWithFalseOperator",			"mutationStart" : 137,			"method" : "writeQueryFields:withEncoder:on:",			"mutationEnd" : 173		},		{			"operatorDescription" : "Replace #ifFalse: receiver with true",			"class" : "ZnResourceMetaUtils class",			"operatorClass" : "ReplaceIfFalseReceiverWithTrueOperator",			"mutationStart" : 137,			"method" : "writeQueryFields:withEncoder:on:",			"mutationEnd" : 173		},		{			"operatorDescription" : "Replace #ifFalse: with #ifTrue:",			"class" : "ZnResourceMetaUtils class",			"operatorClass" : "ReplaceIfFalseWithIfTrueMutantOperator",			"mutationStart" : 137,			"method" : "writeQueryFields:withEncoder:on:",			"mutationEnd" : 173		},		{			"operatorDescription" : "Remove ^",			"class" : "ZnResourceMetaUtils class",			"operatorClass" : "RemoveCaretOperator",			"mutationStart" : 172,			"method" : "rfc3986SafeSet",			"mutationEnd" : 217		}	],	"testCase" : "ZnResourceMetaUtilsTest",	"unixtime" : 1605020791,	"timeTotal" : 6}