{	"targetClasses" : [		"ZnStatusLine"	],	"testMethodsIgnored" : [ ],	"methodsNotProfiled" : [		"ZnStatusLine>>#printOn:",		"ZnStatusLine>>#gtInspectorTextIn:",		"ZnStatusLine>>#printCodeAndReasonOn:"	],	"numberOfOriginalTestMethods" : 7,	"timeDetail" : [		"init: % 29.66 (11 seconds 654 milliseconds)",		"assertionAmplification: % 10.27 (4 seconds 36 milliseconds)",		"selection: % 25.07 (9 seconds 851 milliseconds)",		"inputAmplification: % 6.22 (2 seconds 442 milliseconds)",		"finalize: % 28.78 (11 seconds 309 milliseconds)"	],	"notCoveredInAmplified" : [		{			"operatorDescription" : "Remove ^",			"class" : "ZnStatusLine",			"operatorClass" : "RemoveCaretOperator",			"mutationStart" : 46,			"method" : "=",			"mutationEnd" : 52		},		{			"operatorDescription" : "Remove ^",			"class" : "ZnStatusLine",			"operatorClass" : "RemoveCaretOperator",			"mutationStart" : 58,			"method" : "=",			"mutationEnd" : 161		},		{			"operatorDescription" : "Replace #= with #'~='",			"class" : "ZnStatusLine",			"operatorClass" : "ReplaceEqualWithNotEqualOperator",			"mutationStart" : 10,			"method" : "=",			"mutationEnd" : 33		},		{			"operatorDescription" : "Replace #= with #'~='",			"class" : "ZnStatusLine",			"operatorClass" : "ReplaceEqualWithNotEqualOperator",			"mutationStart" : 60,			"method" : "=",			"mutationEnd" : 81		},		{			"operatorDescription" : "Replace #= with #'~='",			"class" : "ZnStatusLine",			"operatorClass" : "ReplaceEqualWithNotEqualOperator",			"mutationStart" : 93,			"method" : "=",			"mutationEnd" : 120		},		{			"operatorDescription" : "Replace #= with #'~='",			"class" : "ZnStatusLine",			"operatorClass" : "ReplaceEqualWithNotEqualOperator",			"mutationStart" : 132,			"method" : "=",			"mutationEnd" : 157		},		{			"operatorDescription" : "Replace #and: argument with [true]",			"class" : "ZnStatusLine",			"operatorClass" : "ReplaceAndArgumentWithTrueOperator",			"mutationStart" : 60,			"method" : "=",			"mutationEnd" : 161		},		{			"operatorDescription" : "Replace #and: argument with [true]",			"class" : "ZnStatusLine",			"operatorClass" : "ReplaceAndArgumentWithTrueOperator",			"mutationStart" : 93,			"method" : "=",			"mutationEnd" : 159		},		{			"operatorDescription" : "Replace #and: receiver with true",			"class" : "ZnStatusLine",			"operatorClass" : "ReplaceAndReceiverWithTrueOperator",			"mutationStart" : 60,			"method" : "=",			"mutationEnd" : 161		},		{			"operatorDescription" : "Replace #and: receiver with true",			"class" : "ZnStatusLine",			"operatorClass" : "ReplaceAndReceiverWithTrueOperator",			"mutationStart" : 93,			"method" : "=",			"mutationEnd" : 159		},		{			"operatorDescription" : "Replace #and: with #bEqv:",			"class" : "ZnStatusLine",			"operatorClass" : "ReplaceAndWithEqvMutantOperator",			"mutationStart" : 60,			"method" : "=",			"mutationEnd" : 161		},		{			"operatorDescription" : "Replace #and: with #bEqv:",			"class" : "ZnStatusLine",			"operatorClass" : "ReplaceAndWithEqvMutantOperator",			"mutationStart" : 93,			"method" : "=",			"mutationEnd" : 159		},		{			"operatorDescription" : "Replace #and: with #nand:",			"class" : "ZnStatusLine",			"operatorClass" : "ReplaceAndWithNandMutantOperator",			"mutationStart" : 60,			"method" : "=",			"mutationEnd" : 161		},		{			"operatorDescription" : "Replace #and: with #nand:",			"class" : "ZnStatusLine",			"operatorClass" : "ReplaceAndWithNandMutantOperator",			"mutationStart" : 93,			"method" : "=",			"mutationEnd" : 159		},		{			"operatorDescription" : "Replace #and: with #or:",			"class" : "ZnStatusLine",			"operatorClass" : "ReplaceAndWithOrMutantOperator",			"mutationStart" : 60,			"method" : "=",			"mutationEnd" : 161		},		{			"operatorDescription" : "Replace #and: with #or:",			"class" : "ZnStatusLine",			"operatorClass" : "ReplaceAndWithOrMutantOperator",			"mutationStart" : 93,			"method" : "=",			"mutationEnd" : 159		},		{			"operatorDescription" : "Replace #and: with false",			"class" : "ZnStatusLine",			"operatorClass" : "ReplaceAndWithFalseOperator",			"mutationStart" : 60,			"method" : "=",			"mutationEnd" : 161		},		{			"operatorDescription" : "Replace #and: with false",			"class" : "ZnStatusLine",			"operatorClass" : "ReplaceAndWithFalseOperator",			"mutationStart" : 93,			"method" : "=",			"mutationEnd" : 159		},		{			"operatorDescription" : "Replace #ifFalse: receiver with false",			"class" : "ZnStatusLine",			"operatorClass" : "ReplaceIfFalseReceiverWithFalseOperator",			"mutationStart" : 10,			"method" : "=",			"mutationEnd" : 54		},		{			"operatorDescription" : "Replace #ifFalse: receiver with true",			"class" : "ZnStatusLine",			"operatorClass" : "ReplaceIfFalseReceiverWithTrueOperator",			"mutationStart" : 10,			"method" : "=",			"mutationEnd" : 54		},		{			"operatorDescription" : "Replace #ifFalse: with #ifTrue:",			"class" : "ZnStatusLine",			"operatorClass" : "ReplaceIfFalseWithIfTrueMutantOperator",			"mutationStart" : 10,			"method" : "=",			"mutationEnd" : 54		},		{			"operatorDescription" : "Remove ^",			"class" : "ZnStatusLine",			"operatorClass" : "RemoveCaretOperator",			"mutationStart" : 61,			"method" : "printOn:",			"mutationEnd" : 66		},		{			"operatorDescription" : "Remove ^",			"class" : "ZnStatusLine",			"operatorClass" : "RemoveCaretOperator",			"mutationStart" : 67,			"method" : "gtInspectorTextIn:",			"mutationEnd" : 165		},		{			"operatorDescription" : "Replace #ifFalse: receiver with false",			"class" : "ZnStatusLine",			"operatorClass" : "ReplaceIfFalseReceiverWithFalseOperator",			"mutationStart" : 16,			"method" : "code:",			"mutationEnd" : 185		},		{			"operatorDescription" : "Remove ^",			"class" : "ZnStatusLine class",			"operatorClass" : "RemoveCaretOperator",			"mutationStart" : 12,			"method" : "forbidden",			"mutationEnd" : 27		},		{			"operatorDescription" : "Remove ^",			"class" : "ZnStatusLine class",			"operatorClass" : "RemoveCaretOperator",			"mutationStart" : 11,			"method" : "accepted",			"mutationEnd" : 26		},		{			"operatorDescription" : "Remove ^",			"class" : "ZnStatusLine class",			"operatorClass" : "RemoveCaretOperator",			"mutationStart" : 11,			"method" : "seeOther",			"mutationEnd" : 26		},		{			"operatorDescription" : "Remove ^",			"class" : "ZnStatusLine class",			"operatorClass" : "RemoveCaretOperator",			"mutationStart" : 19,			"method" : "movedPermanently",			"mutationEnd" : 34		},		{			"operatorDescription" : "Remove ^",			"class" : "ZnStatusLine class",			"operatorClass" : "RemoveCaretOperator",			"mutationStart" : 15,			"method" : "unauthorized",			"mutationEnd" : 30		},		{			"operatorDescription" : "Remove ^",			"class" : "ZnStatusLine class",			"operatorClass" : "RemoveCaretOperator",			"mutationStart" : 19,			"method" : "methodNotAllowed",			"mutationEnd" : 34		},		{			"operatorDescription" : "Remove ^",			"class" : "ZnStatusLine class",			"operatorClass" : "RemoveCaretOperator",			"mutationStart" : 8,			"method" : "found",			"mutationEnd" : 23		},		{			"operatorDescription" : "Remove ^",			"class" : "ZnStatusLine class",			"operatorClass" : "RemoveCaretOperator",			"mutationStart" : 10,			"method" : "created",			"mutationEnd" : 25		},		{			"operatorDescription" : "Remove ^",			"class" : "ZnStatusLine class",			"operatorClass" : "RemoveCaretOperator",			"mutationStart" : 22,			"method" : "internalServerError",			"mutationEnd" : 37		},		{			"operatorDescription" : "Remove ^",			"class" : "ZnStatusLine class",			"operatorClass" : "RemoveCaretOperator",			"mutationStart" : 11,			"method" : "notFound",			"mutationEnd" : 26		},		{			"operatorDescription" : "Remove ^",			"class" : "ZnStatusLine class",			"operatorClass" : "RemoveCaretOperator",			"mutationStart" : 13,			"method" : "badRequest",			"mutationEnd" : 28		},		{			"operatorDescription" : "Remove ^",			"class" : "ZnStatusLine class",			"operatorClass" : "RemoveCaretOperator",			"mutationStart" : 12,			"method" : "noContent",			"mutationEnd" : 27		},		{			"operatorDescription" : "Remove ^",			"class" : "ZnStatusLine class",			"operatorClass" : "RemoveCaretOperator",			"mutationStart" : 17,			"method" : "notImplemented",			"mutationEnd" : 32		},		{			"operatorDescription" : "Remove ^",			"class" : "ZnStatusLine class",			"operatorClass" : "RemoveCaretOperator",			"mutationStart" : 11,			"method" : "redirect",			"mutationEnd" : 26		},		{			"operatorDescription" : "Remove ^",			"class" : "ZnStatusLine class",			"operatorClass" : "RemoveCaretOperator",			"mutationStart" : 14,			"method" : "notModified",			"mutationEnd" : 29		}	],	"mutationScoreAfter" : 30,	"mutationScoreBefore" : 28,	"testAmpLoc" : 17,	"amplifiedMethods" : [		"ZnStatusLineTest112>>#testReading_amp_T3_A6"	],	"testLoc" : "38",	"amplifiedClass" : "ZnStatusLineTest112",	"numberOfAllMutationsInOriginal" : 56,	"targetLoc" : 142,	"newCovered" : [		{			"operatorDescription" : "Remove ^",			"class" : "ZnStatusLine",			"operatorClass" : "RemoveCaretOperator",			"mutationStart" : 128,			"method" : "reason",			"mutationEnd" : 135		},		{			"operatorDescription" : "Remove at:ifAbsent:",			"class" : "ZnStatusLine",			"operatorClass" : "RemoveAtIfAbsentOperator",			"mutationStart" : 38,			"method" : "reason",			"mutationEnd" : 122		},		{			"operatorDescription" : "Replace #= with #'~='",			"class" : "ZnStatusLine",			"operatorClass" : "ReplaceEqualWithNotEqualOperator",			"mutationStart" : 80,			"method" : "version:",			"mutationEnd" : 92		},		{			"operatorDescription" : "Remove ^",			"class" : "ZnStatusLine",			"operatorClass" : "RemoveCaretOperator",			"mutationStart" : 7,			"method" : "hash",			"mutationEnd" : 75		}	],	"timeBudgetFinished" : false,	"notCoveredInOriginal" : [		{			"operatorDescription" : "Remove ^",			"class" : "ZnStatusLine",			"operatorClass" : "RemoveCaretOperator",			"mutationStart" : 46,			"method" : "=",			"mutationEnd" : 52		},		{			"operatorDescription" : "Remove ^",			"class" : "ZnStatusLine",			"operatorClass" : "RemoveCaretOperator",			"mutationStart" : 58,			"method" : "=",			"mutationEnd" : 161		},		{			"operatorDescription" : "Replace #= with #'~='",			"class" : "ZnStatusLine",			"operatorClass" : "ReplaceEqualWithNotEqualOperator",			"mutationStart" : 10,			"method" : "=",			"mutationEnd" : 33		},		{			"operatorDescription" : "Replace #= with #'~='",			"class" : "ZnStatusLine",			"operatorClass" : "ReplaceEqualWithNotEqualOperator",			"mutationStart" : 60,			"method" : "=",			"mutationEnd" : 81		},		{			"operatorDescription" : "Replace #= with #'~='",			"class" : "ZnStatusLine",			"operatorClass" : "ReplaceEqualWithNotEqualOperator",			"mutationStart" : 93,			"method" : "=",			"mutationEnd" : 120		},		{			"operatorDescription" : "Replace #= with #'~='",			"class" : "ZnStatusLine",			"operatorClass" : "ReplaceEqualWithNotEqualOperator",			"mutationStart" : 132,			"method" : "=",			"mutationEnd" : 157		},		{			"operatorDescription" : "Replace #and: argument with [true]",			"class" : "ZnStatusLine",			"operatorClass" : "ReplaceAndArgumentWithTrueOperator",			"mutationStart" : 60,			"method" : "=",			"mutationEnd" : 161		},		{			"operatorDescription" : "Replace #and: argument with [true]",			"class" : "ZnStatusLine",			"operatorClass" : "ReplaceAndArgumentWithTrueOperator",			"mutationStart" : 93,			"method" : "=",			"mutationEnd" : 159		},		{			"operatorDescription" : "Replace #and: receiver with true",			"class" : "ZnStatusLine",			"operatorClass" : "ReplaceAndReceiverWithTrueOperator",			"mutationStart" : 60,			"method" : "=",			"mutationEnd" : 161		},		{			"operatorDescription" : "Replace #and: receiver with true",			"class" : "ZnStatusLine",			"operatorClass" : "ReplaceAndReceiverWithTrueOperator",			"mutationStart" : 93,			"method" : "=",			"mutationEnd" : 159		},		{			"operatorDescription" : "Replace #and: with #bEqv:",			"class" : "ZnStatusLine",			"operatorClass" : "ReplaceAndWithEqvMutantOperator",			"mutationStart" : 60,			"method" : "=",			"mutationEnd" : 161		},		{			"operatorDescription" : "Replace #and: with #bEqv:",			"class" : "ZnStatusLine",			"operatorClass" : "ReplaceAndWithEqvMutantOperator",			"mutationStart" : 93,			"method" : "=",			"mutationEnd" : 159		},		{			"operatorDescription" : "Replace #and: with #nand:",			"class" : "ZnStatusLine",			"operatorClass" : "ReplaceAndWithNandMutantOperator",			"mutationStart" : 60,			"method" : "=",			"mutationEnd" : 161		},		{			"operatorDescription" : "Replace #and: with #nand:",			"class" : "ZnStatusLine",			"operatorClass" : "ReplaceAndWithNandMutantOperator",			"mutationStart" : 93,			"method" : "=",			"mutationEnd" : 159		},		{			"operatorDescription" : "Replace #and: with #or:",			"class" : "ZnStatusLine",			"operatorClass" : "ReplaceAndWithOrMutantOperator",			"mutationStart" : 60,			"method" : "=",			"mutationEnd" : 161		},		{			"operatorDescription" : "Replace #and: with #or:",			"class" : "ZnStatusLine",			"operatorClass" : "ReplaceAndWithOrMutantOperator",			"mutationStart" : 93,			"method" : "=",			"mutationEnd" : 159		},		{			"operatorDescription" : "Replace #and: with false",			"class" : "ZnStatusLine",			"operatorClass" : "ReplaceAndWithFalseOperator",			"mutationStart" : 60,			"method" : "=",			"mutationEnd" : 161		},		{			"operatorDescription" : "Replace #and: with false",			"class" : "ZnStatusLine",			"operatorClass" : "ReplaceAndWithFalseOperator",			"mutationStart" : 93,			"method" : "=",			"mutationEnd" : 159		},		{			"operatorDescription" : "Replace #ifFalse: receiver with false",			"class" : "ZnStatusLine",			"operatorClass" : "ReplaceIfFalseReceiverWithFalseOperator",			"mutationStart" : 10,			"method" : "=",			"mutationEnd" : 54		},		{			"operatorDescription" : "Replace #ifFalse: receiver with true",			"class" : "ZnStatusLine",			"operatorClass" : "ReplaceIfFalseReceiverWithTrueOperator",			"mutationStart" : 10,			"method" : "=",			"mutationEnd" : 54		},		{			"operatorDescription" : "Replace #ifFalse: with #ifTrue:",			"class" : "ZnStatusLine",			"operatorClass" : "ReplaceIfFalseWithIfTrueMutantOperator",			"mutationStart" : 10,			"method" : "=",			"mutationEnd" : 54		},		{			"operatorDescription" : "Remove ^",			"class" : "ZnStatusLine",			"operatorClass" : "RemoveCaretOperator",			"mutationStart" : 61,			"method" : "printOn:",			"mutationEnd" : 66		},		{			"operatorDescription" : "Remove ^",			"class" : "ZnStatusLine",			"operatorClass" : "RemoveCaretOperator",			"mutationStart" : 67,			"method" : "gtInspectorTextIn:",			"mutationEnd" : 165		},		{			"operatorDescription" : "Remove ^",			"class" : "ZnStatusLine",			"operatorClass" : "RemoveCaretOperator",			"mutationStart" : 7,			"method" : "hash",			"mutationEnd" : 75		},		{			"operatorDescription" : "Replace #ifFalse: receiver with false",			"class" : "ZnStatusLine",			"operatorClass" : "ReplaceIfFalseReceiverWithFalseOperator",			"mutationStart" : 16,			"method" : "code:",			"mutationEnd" : 185		},		{			"operatorDescription" : "Remove ^",			"class" : "ZnStatusLine class",			"operatorClass" : "RemoveCaretOperator",			"mutationStart" : 12,			"method" : "forbidden",			"mutationEnd" : 27		},		{			"operatorDescription" : "Remove ^",			"class" : "ZnStatusLine class",			"operatorClass" : "RemoveCaretOperator",			"mutationStart" : 11,			"method" : "accepted",			"mutationEnd" : 26		},		{			"operatorDescription" : "Remove ^",			"class" : "ZnStatusLine class",			"operatorClass" : "RemoveCaretOperator",			"mutationStart" : 11,			"method" : "seeOther",			"mutationEnd" : 26		},		{			"operatorDescription" : "Remove ^",			"class" : "ZnStatusLine class",			"operatorClass" : "RemoveCaretOperator",			"mutationStart" : 19,			"method" : "movedPermanently",			"mutationEnd" : 34		},		{			"operatorDescription" : "Remove ^",			"class" : "ZnStatusLine class",			"operatorClass" : "RemoveCaretOperator",			"mutationStart" : 15,			"method" : "unauthorized",			"mutationEnd" : 30		},		{			"operatorDescription" : "Remove ^",			"class" : "ZnStatusLine class",			"operatorClass" : "RemoveCaretOperator",			"mutationStart" : 19,			"method" : "methodNotAllowed",			"mutationEnd" : 34		},		{			"operatorDescription" : "Remove ^",			"class" : "ZnStatusLine class",			"operatorClass" : "RemoveCaretOperator",			"mutationStart" : 8,			"method" : "found",			"mutationEnd" : 23		},		{			"operatorDescription" : "Remove ^",			"class" : "ZnStatusLine class",			"operatorClass" : "RemoveCaretOperator",			"mutationStart" : 10,			"method" : "created",			"mutationEnd" : 25		},		{			"operatorDescription" : "Remove ^",			"class" : "ZnStatusLine class",			"operatorClass" : "RemoveCaretOperator",			"mutationStart" : 22,			"method" : "internalServerError",			"mutationEnd" : 37		},		{			"operatorDescription" : "Remove ^",			"class" : "ZnStatusLine class",			"operatorClass" : "RemoveCaretOperator",			"mutationStart" : 11,			"method" : "notFound",			"mutationEnd" : 26		},		{			"operatorDescription" : "Remove ^",			"class" : "ZnStatusLine class",			"operatorClass" : "RemoveCaretOperator",			"mutationStart" : 13,			"method" : "badRequest",			"mutationEnd" : 28		},		{			"operatorDescription" : "Remove ^",			"class" : "ZnStatusLine class",			"operatorClass" : "RemoveCaretOperator",			"mutationStart" : 12,			"method" : "noContent",			"mutationEnd" : 27		},		{			"operatorDescription" : "Remove ^",			"class" : "ZnStatusLine class",			"operatorClass" : "RemoveCaretOperator",			"mutationStart" : 17,			"method" : "notImplemented",			"mutationEnd" : 32		},		{			"operatorDescription" : "Remove ^",			"class" : "ZnStatusLine class",			"operatorClass" : "RemoveCaretOperator",			"mutationStart" : 11,			"method" : "redirect",			"mutationEnd" : 26		},		{			"operatorDescription" : "Remove ^",			"class" : "ZnStatusLine class",			"operatorClass" : "RemoveCaretOperator",			"mutationStart" : 14,			"method" : "notModified",			"mutationEnd" : 29		}	],	"testCase" : "ZnStatusLineTest",	"unixtime" : 1605021631,	"timeTotal" : 39}