{	"targetClasses" : [		"ZnStaticFileDecoratorDelegate"	],	"testMethodsIgnored" : [ ],	"methodsNotProfiled" : [ ],	"numberOfOriginalTestMethods" : 1,	"timeDetail" : [		"init: % 1.30 (155 milliseconds)",		"assertionAmplification: % 79.68 (9 seconds 477 milliseconds)",		"selection: % 3.17 (377 milliseconds)",		"inputAmplification: % 13.55 (1 second 612 milliseconds)",		"finalize: % 2.30 (273 milliseconds)"	],	"notCoveredInAmplified" : [		{			"operatorDescription" : "Remove ^",			"class" : "ZnStaticFileDecoratorDelegate",			"operatorClass" : "RemoveCaretOperator",			"mutationStart" : 309,			"method" : "handleRequest:",			"mutationEnd" : 343		},		{			"operatorDescription" : "Replace #ifTrue: receiver with true",			"class" : "ZnStaticFileDecoratorDelegate",			"operatorClass" : "ReplaceIfTrueReceiverWithTrueOperator",			"mutationStart" : 155,			"method" : "handleRequest:",			"mutationEnd" : 305		}	],	"mutationScoreAfter" : 80,	"mutationScoreBefore" : 80,	"testAmpLoc" : 0,	"amplifiedMethods" : [ ],	"testLoc" : "15",	"amplifiedClass" : "ZnStaticFileDecoratorDelegateTest17",	"numberOfAllMutationsInOriginal" : 10,	"targetLoc" : 23,	"newCovered" : [ ],	"timeBudgetFinished" : false,	"notCoveredInOriginal" : [		{			"operatorDescription" : "Remove ^",			"class" : "ZnStaticFileDecoratorDelegate",			"operatorClass" : "RemoveCaretOperator",			"mutationStart" : 309,			"method" : "handleRequest:",			"mutationEnd" : 343		},		{			"operatorDescription" : "Replace #ifTrue: receiver with true",			"class" : "ZnStaticFileDecoratorDelegate",			"operatorClass" : "ReplaceIfTrueReceiverWithTrueOperator",			"mutationStart" : 155,			"method" : "handleRequest:",			"mutationEnd" : 305		}	],	"testCase" : "ZnStaticFileDecoratorDelegateTest",	"unixtime" : 1605020784,	"timeTotal" : 11}