{	"targetClasses" : [		"ZnStaticFileServerDelegate"	],	"testMethodsIgnored" : [ ],	"methodsNotProfiled" : [		"ZnStaticFileServerDelegate>>#value:",		"ZnStaticFileServerDelegate>>#directoryRedirectFor:",		"ZnStaticFileServerDelegate>>#indexFileIn:"	],	"numberOfOriginalTestMethods" : 5,	"timeDetail" : [		"init: % 5.45 (1 minute 701 milliseconds)",		"assertionAmplification: % 12.60 (2 minutes 20 seconds 194 milliseconds)",		"selection: % 73.99 (13 minutes 43 seconds 405 milliseconds)",		"inputAmplification: % 2.59 (28 seconds 782 milliseconds)",		"finalize: % 5.38 (59 seconds 822 milliseconds)"	],	"notCoveredInAmplified" : [		{			"operatorDescription" : "Remove ^",			"class" : "ZnStaticFileServerDelegate",			"operatorClass" : "RemoveCaretOperator",			"mutationStart" : 108,			"method" : "actualFilenameFor:",			"mutationEnd" : 141		},		{			"operatorDescription" : "Remove ^",			"class" : "ZnStaticFileServerDelegate",			"operatorClass" : "RemoveCaretOperator",			"mutationStart" : 254,			"method" : "actualFilenameFor:",			"mutationEnd" : 258		},		{			"operatorDescription" : "Remove ^",			"class" : "ZnStaticFileServerDelegate",			"operatorClass" : "RemoveCaretOperator",			"mutationStart" : 514,			"method" : "actualFilenameFor:",			"mutationEnd" : 518		},		{			"operatorDescription" : "Remove ^",			"class" : "ZnStaticFileServerDelegate",			"operatorClass" : "RemoveCaretOperator",			"mutationStart" : 706,			"method" : "actualFilenameFor:",			"mutationEnd" : 710		},		{			"operatorDescription" : "Replace #/ with #*",			"class" : "ZnStaticFileServerDelegate",			"operatorClass" : "ReplaceDivisionWithMultiplicationMutantOperator",			"mutationStart" : 459,			"method" : "actualFilenameFor:",			"mutationEnd" : 470		},		{			"operatorDescription" : "Replace #and: argument with [true]",			"class" : "ZnStaticFileServerDelegate",			"operatorClass" : "ReplaceAndArgumentWithTrueOperator",			"mutationStart" : 55,			"method" : "actualFilenameFor:",			"mutationEnd" : 96		},		{			"operatorDescription" : "Replace #and: argument with [true]",			"class" : "ZnStaticFileServerDelegate",			"operatorClass" : "ReplaceAndArgumentWithTrueOperator",			"mutationStart" : 174,			"method" : "actualFilenameFor:",			"mutationEnd" : 238		},		{			"operatorDescription" : "Replace #and: receiver with true",			"class" : "ZnStaticFileServerDelegate",			"operatorClass" : "ReplaceAndReceiverWithTrueOperator",			"mutationStart" : 55,			"method" : "actualFilenameFor:",			"mutationEnd" : 96		},		{			"operatorDescription" : "Replace #and: receiver with true",			"class" : "ZnStaticFileServerDelegate",			"operatorClass" : "ReplaceAndReceiverWithTrueOperator",			"mutationStart" : 174,			"method" : "actualFilenameFor:",			"mutationEnd" : 238		},		{			"operatorDescription" : "Replace #and: with #bEqv:",			"class" : "ZnStaticFileServerDelegate",			"operatorClass" : "ReplaceAndWithEqvMutantOperator",			"mutationStart" : 174,			"method" : "actualFilenameFor:",			"mutationEnd" : 238		},		{			"operatorDescription" : "Replace #and: with #or:",			"class" : "ZnStaticFileServerDelegate",			"operatorClass" : "ReplaceAndWithOrMutantOperator",			"mutationStart" : 55,			"method" : "actualFilenameFor:",			"mutationEnd" : 96		},		{			"operatorDescription" : "Replace #and: with #or:",			"class" : "ZnStaticFileServerDelegate",			"operatorClass" : "ReplaceAndWithOrMutantOperator",			"mutationStart" : 174,			"method" : "actualFilenameFor:",			"mutationEnd" : 238		},		{			"operatorDescription" : "Replace #and: with false",			"class" : "ZnStaticFileServerDelegate",			"operatorClass" : "ReplaceAndWithFalseOperator",			"mutationStart" : 55,			"method" : "actualFilenameFor:",			"mutationEnd" : 96		},		{			"operatorDescription" : "Replace #ifFalse: receiver with true",			"class" : "ZnStaticFileServerDelegate",			"operatorClass" : "ReplaceIfFalseReceiverWithTrueOperator",			"mutationStart" : 147,			"method" : "actualFilenameFor:",			"mutationEnd" : 260		},		{			"operatorDescription" : "Replace #ifTrue: receiver with false",			"class" : "ZnStaticFileServerDelegate",			"operatorClass" : "ReplaceIfTrueReceiverWithFalseOperator",			"mutationStart" : 55,			"method" : "actualFilenameFor:",			"mutationEnd" : 143		},		{			"operatorDescription" : "Replace #ifTrue:ifFalse: receiver with false",			"class" : "ZnStaticFileServerDelegate",			"operatorClass" : "ReplaceIfTrueIfFalseReceiverWithFalseOperator",			"mutationStart" : 450,			"method" : "actualFilenameFor:",			"mutationEnd" : 520		},		{			"operatorDescription" : "Replace #ifTrue:ifFalse: receiver with false",			"class" : "ZnStaticFileServerDelegate",			"operatorClass" : "ReplaceIfTrueIfFalseReceiverWithFalseOperator",			"mutationStart" : 527,			"method" : "actualFilenameFor:",			"mutationEnd" : 714		},		{			"operatorDescription" : "Replace #ifTrue:ifFalse: receiver with false",			"class" : "ZnStaticFileServerDelegate",			"operatorClass" : "ReplaceIfTrueIfFalseReceiverWithFalseOperator",			"mutationStart" : 720,			"method" : "actualFilenameFor:",			"mutationEnd" : 825		},		{			"operatorDescription" : "Replace #ifTrue:ifFalse: receiver with true",			"class" : "ZnStaticFileServerDelegate",			"operatorClass" : "ReplaceIfTrueIfFalseReceiverWithTrueOperator",			"mutationStart" : 450,			"method" : "actualFilenameFor:",			"mutationEnd" : 520		},		{			"operatorDescription" : "Replace #isEmpty with #notEmpty",			"class" : "ZnStaticFileServerDelegate",			"operatorClass" : "ReplaceIsEmptyWithNotEmptyMutantOperator",			"mutationStart" : 75,			"method" : "actualFilenameFor:",			"mutationEnd" : 93		},		{			"operatorDescription" : "Replace #isEmpty with #notEmpty",			"class" : "ZnStaticFileServerDelegate",			"operatorClass" : "ReplaceIsEmptyWithNotEmptyMutantOperator",			"mutationStart" : 148,			"method" : "actualFilenameFor:",			"mutationEnd" : 166		},		{			"operatorDescription" : "Replace #or: receiver with false",			"class" : "ZnStaticFileServerDelegate",			"operatorClass" : "ReplaceOrReceiverWithFalseOperator",			"mutationStart" : 147,			"method" : "actualFilenameFor:",			"mutationEnd" : 241		},		{			"operatorDescription" : "Replace #or: with #bXor:",			"class" : "ZnStaticFileServerDelegate",			"operatorClass" : "ReplaceOrWithXorMutantOperator",			"mutationStart" : 147,			"method" : "actualFilenameFor:",			"mutationEnd" : 241		},		{			"operatorDescription" : "Replace #or: with true",			"class" : "ZnStaticFileServerDelegate",			"operatorClass" : "ReplaceOrWithTrueOperator",			"mutationStart" : 147,			"method" : "actualFilenameFor:",			"mutationEnd" : 241		},		{			"operatorDescription" : "Replace Reject block with [:each | false]",			"class" : "ZnStaticFileServerDelegate",			"operatorClass" : "ReplaceRejectBlockWithAlwaysFalseBlockOperator",			"mutationStart" : 279,			"method" : "actualFilenameFor:",			"mutationEnd" : 356		},		{			"operatorDescription" : "Replace inject:aValue into:aBlock with aValue",			"class" : "ZnStaticFileServerDelegate",			"operatorClass" : "RemoveInjectIntoOperator",			"mutationStart" : 370,			"method" : "actualFilenameFor:",			"mutationEnd" : 522		},		{			"operatorDescription" : "Remove ^",			"class" : "ZnStaticFileServerDelegate",			"operatorClass" : "RemoveCaretOperator",			"mutationStart" : 131,			"method" : "handleRequest:",			"mutationEnd" : 168		},		{			"operatorDescription" : "Replace #ifFalse: receiver with true",			"class" : "ZnStaticFileServerDelegate",			"operatorClass" : "ReplaceIfFalseReceiverWithTrueOperator",			"mutationStart" : 77,			"method" : "handleRequest:",			"mutationEnd" : 170		},		{			"operatorDescription" : "Replace #ifTrue:ifFalse: receiver with false",			"class" : "ZnStaticFileServerDelegate",			"operatorClass" : "ReplaceIfTrueIfFalseReceiverWithFalseOperator",			"mutationStart" : 270,			"method" : "handleRequest:",			"mutationEnd" : 467		},		{			"operatorDescription" : "Replace #ifTrue:ifFalse: receiver with true",			"class" : "ZnStaticFileServerDelegate",			"operatorClass" : "ReplaceIfTrueIfFalseReceiverWithTrueOperator",			"mutationStart" : 232,			"method" : "handleRequest:",			"mutationEnd" : 517		},		{			"operatorDescription" : "Remove ^",			"class" : "ZnStaticFileServerDelegate",			"operatorClass" : "RemoveCaretOperator",			"mutationStart" : 95,			"method" : "value:",			"mutationEnd" : 123		},		{			"operatorDescription" : "Remove ^",			"class" : "ZnStaticFileServerDelegate",			"operatorClass" : "RemoveCaretOperator",			"mutationStart" : 104,			"method" : "maxAgeFor:",			"mutationEnd" : 108		},		{			"operatorDescription" : "Remove #not",			"class" : "ZnStaticFileServerDelegate",			"operatorClass" : "RemoveNotOperator",			"mutationStart" : 102,			"method" : "redirectNeededFor:actualFilename:",			"mutationEnd" : 151		},		{			"operatorDescription" : "Remove ^",			"class" : "ZnStaticFileServerDelegate",			"operatorClass" : "RemoveCaretOperator",			"mutationStart" : 86,			"method" : "redirectNeededFor:actualFilename:",			"mutationEnd" : 92		},		{			"operatorDescription" : "Replace #ifTrue: receiver with false",			"class" : "ZnStaticFileServerDelegate",			"operatorClass" : "ReplaceIfTrueReceiverWithFalseOperator",			"mutationStart" : 56,			"method" : "redirectNeededFor:actualFilename:",			"mutationEnd" : 94		},		{			"operatorDescription" : "Replace #ifTrue: receiver with true",			"class" : "ZnStaticFileServerDelegate",			"operatorClass" : "ReplaceIfTrueReceiverWithTrueOperator",			"mutationStart" : 56,			"method" : "redirectNeededFor:actualFilename:",			"mutationEnd" : 94		},		{			"operatorDescription" : "Replace #ifTrue: with #ifFalse:",			"class" : "ZnStaticFileServerDelegate",			"operatorClass" : "ReplaceIfTrueWithIfFalseMutantOperator",			"mutationStart" : 56,			"method" : "redirectNeededFor:actualFilename:",			"mutationEnd" : 94		},		{			"operatorDescription" : "Remove ^",			"class" : "ZnStaticFileServerDelegate",			"operatorClass" : "RemoveCaretOperator",			"mutationStart" : 112,			"method" : "expirationDateFor:",			"mutationEnd" : 116		},		{			"operatorDescription" : "Remove ^",			"class" : "ZnStaticFileServerDelegate",			"operatorClass" : "RemoveCaretOperator",			"mutationStart" : 94,			"method" : "directoryRedirectFor:",			"mutationEnd" : 128		},		{			"operatorDescription" : "Remove ^",			"class" : "ZnStaticFileServerDelegate",			"operatorClass" : "RemoveCaretOperator",			"mutationStart" : 143,			"method" : "indexFileIn:",			"mutationEnd" : 157		},		{			"operatorDescription" : "Remove ^",			"class" : "ZnStaticFileServerDelegate",			"operatorClass" : "RemoveCaretOperator",			"mutationStart" : 165,			"method" : "indexFileIn:",			"mutationEnd" : 169		},		{			"operatorDescription" : "Replace #/ with #*",			"class" : "ZnStaticFileServerDelegate",			"operatorClass" : "ReplaceDivisionWithMultiplicationMutantOperator",			"mutationStart" : 94,			"method" : "indexFileIn:",			"mutationEnd" : 113		},		{			"operatorDescription" : "Replace #ifTrue: receiver with false",			"class" : "ZnStaticFileServerDelegate",			"operatorClass" : "ReplaceIfTrueReceiverWithFalseOperator",			"mutationStart" : 85,			"method" : "indexFileIn:",			"mutationEnd" : 159		},		{			"operatorDescription" : "Replace #ifTrue: receiver with true",			"class" : "ZnStaticFileServerDelegate",			"operatorClass" : "ReplaceIfTrueReceiverWithTrueOperator",			"mutationStart" : 85,			"method" : "indexFileIn:",			"mutationEnd" : 159		},		{			"operatorDescription" : "Replace #ifTrue: with #ifFalse:",			"class" : "ZnStaticFileServerDelegate",			"operatorClass" : "ReplaceIfTrueWithIfFalseMutantOperator",			"mutationStart" : 85,			"method" : "indexFileIn:",			"mutationEnd" : 159		},		{			"operatorDescription" : "Replace do block with [:each |]",			"class" : "ZnStaticFileServerDelegate",			"operatorClass" : "ReplaceDoBlockWithEmptyBlockOperator",			"mutationStart" : 29,			"method" : "indexFileIn:",			"mutationEnd" : 161		}	],	"mutationScoreAfter" : 47,	"mutationScoreBefore" : 47,	"testAmpLoc" : 0,	"amplifiedMethods" : [ ],	"testLoc" : "133",	"amplifiedClass" : "ZnStaticFileServerDelegateTest85",	"numberOfAllMutationsInOriginal" : 88,	"targetLoc" : 130,	"newCovered" : [ ],	"timeBudgetFinished" : false,	"notCoveredInOriginal" : [		{			"operatorDescription" : "Remove ^",			"class" : "ZnStaticFileServerDelegate",			"operatorClass" : "RemoveCaretOperator",			"mutationStart" : 108,			"method" : "actualFilenameFor:",			"mutationEnd" : 141		},		{			"operatorDescription" : "Remove ^",			"class" : "ZnStaticFileServerDelegate",			"operatorClass" : "RemoveCaretOperator",			"mutationStart" : 254,			"method" : "actualFilenameFor:",			"mutationEnd" : 258		},		{			"operatorDescription" : "Remove ^",			"class" : "ZnStaticFileServerDelegate",			"operatorClass" : "RemoveCaretOperator",			"mutationStart" : 514,			"method" : "actualFilenameFor:",			"mutationEnd" : 518		},		{			"operatorDescription" : "Remove ^",			"class" : "ZnStaticFileServerDelegate",			"operatorClass" : "RemoveCaretOperator",			"mutationStart" : 706,			"method" : "actualFilenameFor:",			"mutationEnd" : 710		},		{			"operatorDescription" : "Replace #/ with #*",			"class" : "ZnStaticFileServerDelegate",			"operatorClass" : "ReplaceDivisionWithMultiplicationMutantOperator",			"mutationStart" : 459,			"method" : "actualFilenameFor:",			"mutationEnd" : 470		},		{			"operatorDescription" : "Replace #and: argument with [true]",			"class" : "ZnStaticFileServerDelegate",			"operatorClass" : "ReplaceAndArgumentWithTrueOperator",			"mutationStart" : 55,			"method" : "actualFilenameFor:",			"mutationEnd" : 96		},		{			"operatorDescription" : "Replace #and: argument with [true]",			"class" : "ZnStaticFileServerDelegate",			"operatorClass" : "ReplaceAndArgumentWithTrueOperator",			"mutationStart" : 174,			"method" : "actualFilenameFor:",			"mutationEnd" : 238		},		{			"operatorDescription" : "Replace #and: receiver with true",			"class" : "ZnStaticFileServerDelegate",			"operatorClass" : "ReplaceAndReceiverWithTrueOperator",			"mutationStart" : 55,			"method" : "actualFilenameFor:",			"mutationEnd" : 96		},		{			"operatorDescription" : "Replace #and: receiver with true",			"class" : "ZnStaticFileServerDelegate",			"operatorClass" : "ReplaceAndReceiverWithTrueOperator",			"mutationStart" : 174,			"method" : "actualFilenameFor:",			"mutationEnd" : 238		},		{			"operatorDescription" : "Replace #and: with #bEqv:",			"class" : "ZnStaticFileServerDelegate",			"operatorClass" : "ReplaceAndWithEqvMutantOperator",			"mutationStart" : 174,			"method" : "actualFilenameFor:",			"mutationEnd" : 238		},		{			"operatorDescription" : "Replace #and: with #or:",			"class" : "ZnStaticFileServerDelegate",			"operatorClass" : "ReplaceAndWithOrMutantOperator",			"mutationStart" : 55,			"method" : "actualFilenameFor:",			"mutationEnd" : 96		},		{			"operatorDescription" : "Replace #and: with #or:",			"class" : "ZnStaticFileServerDelegate",			"operatorClass" : "ReplaceAndWithOrMutantOperator",			"mutationStart" : 174,			"method" : "actualFilenameFor:",			"mutationEnd" : 238		},		{			"operatorDescription" : "Replace #and: with false",			"class" : "ZnStaticFileServerDelegate",			"operatorClass" : "ReplaceAndWithFalseOperator",			"mutationStart" : 55,			"method" : "actualFilenameFor:",			"mutationEnd" : 96		},		{			"operatorDescription" : "Replace #ifFalse: receiver with true",			"class" : "ZnStaticFileServerDelegate",			"operatorClass" : "ReplaceIfFalseReceiverWithTrueOperator",			"mutationStart" : 147,			"method" : "actualFilenameFor:",			"mutationEnd" : 260		},		{			"operatorDescription" : "Replace #ifTrue: receiver with false",			"class" : "ZnStaticFileServerDelegate",			"operatorClass" : "ReplaceIfTrueReceiverWithFalseOperator",			"mutationStart" : 55,			"method" : "actualFilenameFor:",			"mutationEnd" : 143		},		{			"operatorDescription" : "Replace #ifTrue:ifFalse: receiver with false",			"class" : "ZnStaticFileServerDelegate",			"operatorClass" : "ReplaceIfTrueIfFalseReceiverWithFalseOperator",			"mutationStart" : 450,			"method" : "actualFilenameFor:",			"mutationEnd" : 520		},		{			"operatorDescription" : "Replace #ifTrue:ifFalse: receiver with false",			"class" : "ZnStaticFileServerDelegate",			"operatorClass" : "ReplaceIfTrueIfFalseReceiverWithFalseOperator",			"mutationStart" : 527,			"method" : "actualFilenameFor:",			"mutationEnd" : 714		},		{			"operatorDescription" : "Replace #ifTrue:ifFalse: receiver with false",			"class" : "ZnStaticFileServerDelegate",			"operatorClass" : "ReplaceIfTrueIfFalseReceiverWithFalseOperator",			"mutationStart" : 720,			"method" : "actualFilenameFor:",			"mutationEnd" : 825		},		{			"operatorDescription" : "Replace #ifTrue:ifFalse: receiver with true",			"class" : "ZnStaticFileServerDelegate",			"operatorClass" : "ReplaceIfTrueIfFalseReceiverWithTrueOperator",			"mutationStart" : 450,			"method" : "actualFilenameFor:",			"mutationEnd" : 520		},		{			"operatorDescription" : "Replace #isEmpty with #notEmpty",			"class" : "ZnStaticFileServerDelegate",			"operatorClass" : "ReplaceIsEmptyWithNotEmptyMutantOperator",			"mutationStart" : 75,			"method" : "actualFilenameFor:",			"mutationEnd" : 93		},		{			"operatorDescription" : "Replace #isEmpty with #notEmpty",			"class" : "ZnStaticFileServerDelegate",			"operatorClass" : "ReplaceIsEmptyWithNotEmptyMutantOperator",			"mutationStart" : 148,			"method" : "actualFilenameFor:",			"mutationEnd" : 166		},		{			"operatorDescription" : "Replace #or: receiver with false",			"class" : "ZnStaticFileServerDelegate",			"operatorClass" : "ReplaceOrReceiverWithFalseOperator",			"mutationStart" : 147,			"method" : "actualFilenameFor:",			"mutationEnd" : 241		},		{			"operatorDescription" : "Replace #or: with #bXor:",			"class" : "ZnStaticFileServerDelegate",			"operatorClass" : "ReplaceOrWithXorMutantOperator",			"mutationStart" : 147,			"method" : "actualFilenameFor:",			"mutationEnd" : 241		},		{			"operatorDescription" : "Replace #or: with true",			"class" : "ZnStaticFileServerDelegate",			"operatorClass" : "ReplaceOrWithTrueOperator",			"mutationStart" : 147,			"method" : "actualFilenameFor:",			"mutationEnd" : 241		},		{			"operatorDescription" : "Replace Reject block with [:each | false]",			"class" : "ZnStaticFileServerDelegate",			"operatorClass" : "ReplaceRejectBlockWithAlwaysFalseBlockOperator",			"mutationStart" : 279,			"method" : "actualFilenameFor:",			"mutationEnd" : 356		},		{			"operatorDescription" : "Replace inject:aValue into:aBlock with aValue",			"class" : "ZnStaticFileServerDelegate",			"operatorClass" : "RemoveInjectIntoOperator",			"mutationStart" : 370,			"method" : "actualFilenameFor:",			"mutationEnd" : 522		},		{			"operatorDescription" : "Remove ^",			"class" : "ZnStaticFileServerDelegate",			"operatorClass" : "RemoveCaretOperator",			"mutationStart" : 131,			"method" : "handleRequest:",			"mutationEnd" : 168		},		{			"operatorDescription" : "Replace #ifFalse: receiver with true",			"class" : "ZnStaticFileServerDelegate",			"operatorClass" : "ReplaceIfFalseReceiverWithTrueOperator",			"mutationStart" : 77,			"method" : "handleRequest:",			"mutationEnd" : 170		},		{			"operatorDescription" : "Replace #ifTrue:ifFalse: receiver with false",			"class" : "ZnStaticFileServerDelegate",			"operatorClass" : "ReplaceIfTrueIfFalseReceiverWithFalseOperator",			"mutationStart" : 270,			"method" : "handleRequest:",			"mutationEnd" : 467		},		{			"operatorDescription" : "Replace #ifTrue:ifFalse: receiver with true",			"class" : "ZnStaticFileServerDelegate",			"operatorClass" : "ReplaceIfTrueIfFalseReceiverWithTrueOperator",			"mutationStart" : 232,			"method" : "handleRequest:",			"mutationEnd" : 517		},		{			"operatorDescription" : "Remove ^",			"class" : "ZnStaticFileServerDelegate",			"operatorClass" : "RemoveCaretOperator",			"mutationStart" : 95,			"method" : "value:",			"mutationEnd" : 123		},		{			"operatorDescription" : "Remove ^",			"class" : "ZnStaticFileServerDelegate",			"operatorClass" : "RemoveCaretOperator",			"mutationStart" : 104,			"method" : "maxAgeFor:",			"mutationEnd" : 108		},		{			"operatorDescription" : "Remove #not",			"class" : "ZnStaticFileServerDelegate",			"operatorClass" : "RemoveNotOperator",			"mutationStart" : 102,			"method" : "redirectNeededFor:actualFilename:",			"mutationEnd" : 151		},		{			"operatorDescription" : "Remove ^",			"class" : "ZnStaticFileServerDelegate",			"operatorClass" : "RemoveCaretOperator",			"mutationStart" : 86,			"method" : "redirectNeededFor:actualFilename:",			"mutationEnd" : 92		},		{			"operatorDescription" : "Replace #ifTrue: receiver with false",			"class" : "ZnStaticFileServerDelegate",			"operatorClass" : "ReplaceIfTrueReceiverWithFalseOperator",			"mutationStart" : 56,			"method" : "redirectNeededFor:actualFilename:",			"mutationEnd" : 94		},		{			"operatorDescription" : "Replace #ifTrue: receiver with true",			"class" : "ZnStaticFileServerDelegate",			"operatorClass" : "ReplaceIfTrueReceiverWithTrueOperator",			"mutationStart" : 56,			"method" : "redirectNeededFor:actualFilename:",			"mutationEnd" : 94		},		{			"operatorDescription" : "Replace #ifTrue: with #ifFalse:",			"class" : "ZnStaticFileServerDelegate",			"operatorClass" : "ReplaceIfTrueWithIfFalseMutantOperator",			"mutationStart" : 56,			"method" : "redirectNeededFor:actualFilename:",			"mutationEnd" : 94		},		{			"operatorDescription" : "Remove ^",			"class" : "ZnStaticFileServerDelegate",			"operatorClass" : "RemoveCaretOperator",			"mutationStart" : 112,			"method" : "expirationDateFor:",			"mutationEnd" : 116		},		{			"operatorDescription" : "Remove ^",			"class" : "ZnStaticFileServerDelegate",			"operatorClass" : "RemoveCaretOperator",			"mutationStart" : 94,			"method" : "directoryRedirectFor:",			"mutationEnd" : 128		},		{			"operatorDescription" : "Remove ^",			"class" : "ZnStaticFileServerDelegate",			"operatorClass" : "RemoveCaretOperator",			"mutationStart" : 143,			"method" : "indexFileIn:",			"mutationEnd" : 157		},		{			"operatorDescription" : "Remove ^",			"class" : "ZnStaticFileServerDelegate",			"operatorClass" : "RemoveCaretOperator",			"mutationStart" : 165,			"method" : "indexFileIn:",			"mutationEnd" : 169		},		{			"operatorDescription" : "Replace #/ with #*",			"class" : "ZnStaticFileServerDelegate",			"operatorClass" : "ReplaceDivisionWithMultiplicationMutantOperator",			"mutationStart" : 94,			"method" : "indexFileIn:",			"mutationEnd" : 113		},		{			"operatorDescription" : "Replace #ifTrue: receiver with false",			"class" : "ZnStaticFileServerDelegate",			"operatorClass" : "ReplaceIfTrueReceiverWithFalseOperator",			"mutationStart" : 85,			"method" : "indexFileIn:",			"mutationEnd" : 159		},		{			"operatorDescription" : "Replace #ifTrue: receiver with true",			"class" : "ZnStaticFileServerDelegate",			"operatorClass" : "ReplaceIfTrueReceiverWithTrueOperator",			"mutationStart" : 85,			"method" : "indexFileIn:",			"mutationEnd" : 159		},		{			"operatorDescription" : "Replace #ifTrue: with #ifFalse:",			"class" : "ZnStaticFileServerDelegate",			"operatorClass" : "ReplaceIfTrueWithIfFalseMutantOperator",			"mutationStart" : 85,			"method" : "indexFileIn:",			"mutationEnd" : 159		},		{			"operatorDescription" : "Replace do block with [:each |]",			"class" : "ZnStaticFileServerDelegate",			"operatorClass" : "ReplaceDoBlockWithEmptyBlockOperator",			"mutationStart" : 29,			"method" : "indexFileIn:",			"mutationEnd" : 161		}	],	"testCase" : "ZnStaticFileServerDelegateTest",	"unixtime" : 1605025581,	"timeTotal" : 1112}