{	"targetClasses" : [		"RSCamera"	],	"testMethodsIgnored" : [ ],	"methodsNotProfiled" : [		"RSCamera>>#distanceFromPixelToSpace:",		"RSCamera>>#fromSpaceToPixel:",		"RSCamera>>#fromPixelToSpace:",		"RSCamera>>#zoomToFit:",		"RSCamera>>#scale:",		"RSCamera>>#zoomToFit:rectangle:",		"RSCamera>>#zoomToFit:extent:",		"RSCamera class>>#fileOutLocalMethodsInCategory:on:",		"RSCamera class>>#addSelector:withMethod:",		"RSCamera class>>#findOriginClassOf:",		"RSCamera class>>#addAndClassifySelector:withMethod:inProtocol:",		"RSCamera class>>#includesLocalSelector:",		"RSCamera class>>#removeFromComposition:",		"RSCamera class>>#maxExtentFor:",		"RSCamera class>>#recategorizeSelector:from:to:",		"RSCamera class>>#removeFromSystem:",		"RSCamera class>>#findOriginMethodOf:",		"RSCamera class>>#addSelector:withMethod:notifying:",		"RSCamera class>>#isLocalSelector:",		"RSCamera class>>#isLocalAliasSelector:",		"RSCamera class>>#removeSelector:",		"RSCamera class>>#traitComposition:",		"RSCamera class>>#isAliasSelector:",		"RSCamera class>>#localMethodDict:",		"RSCamera class>>#isLocalMethodsProtocol:"	],	"numberOfOriginalTestMethods" : 1,	"timeDetail" : [		"init: % 0.23 (6 seconds 919 milliseconds)",		"assertionAmplification: % 92.93 (47 minutes 13 seconds 524 milliseconds)",		"selection: % 5.46 (2 minutes 46 seconds 445 milliseconds)",		"inputAmplification: % 0.72 (21 seconds 960 milliseconds)",		"finalize: % 0.66 (20 seconds 148 milliseconds)"	],	"notCoveredInAmplified" : [		{			"operatorDescription" : "Remove ^",			"class" : "RSCamera",			"operatorClass" : "RemoveCaretOperator",			"mutationStart" : 35,			"method" : "distanceFromPixelToSpace:",			"mutationEnd" : 70		},		{			"operatorDescription" : "Replace #/ with #*",			"class" : "RSCamera",			"operatorClass" : "ReplaceDivisionWithMultiplicationMutantOperator",			"mutationStart" : 37,			"method" : "distanceFromPixelToSpace:",			"mutationEnd" : 57		},		{			"operatorDescription" : "Remove ^",			"class" : "RSCamera",			"operatorClass" : "RemoveCaretOperator",			"mutationStart" : 28,			"method" : "fromSpaceToPixel:",			"mutationEnd" : 174		},		{			"operatorDescription" : "Replace #/ with #*",			"class" : "RSCamera",			"operatorClass" : "ReplaceDivisionWithMultiplicationMutantOperator",			"mutationStart" : 71,			"method" : "fromSpaceToPixel:",			"mutationEnd" : 92		},		{			"operatorDescription" : "Remove ^",			"class" : "RSCamera",			"operatorClass" : "RemoveCaretOperator",			"mutationStart" : 28,			"method" : "fromPixelToSpace:",			"mutationEnd" : 180		},		{			"operatorDescription" : "Replace #/ with #*",			"class" : "RSCamera",			"operatorClass" : "ReplaceDivisionWithMultiplicationMutantOperator",			"mutationStart" : 97,			"method" : "fromPixelToSpace:",			"mutationEnd" : 110		},		{			"operatorDescription" : "Replace #/ with #*",			"class" : "RSCamera",			"operatorClass" : "ReplaceDivisionWithMultiplicationMutantOperator",			"mutationStart" : 128,			"method" : "fromPixelToSpace:",			"mutationEnd" : 151		},		{			"operatorDescription" : "Remove ^",			"class" : "RSCamera",			"operatorClass" : "RemoveCaretOperator",			"mutationStart" : 57,			"method" : "scale:",			"mutationEnd" : 62		},		{			"operatorDescription" : "Replace #ifTrue: receiver with false",			"class" : "RSCamera",			"operatorClass" : "ReplaceIfTrueReceiverWithFalseOperator",			"mutationStart" : 31,			"method" : "scale:",			"mutationEnd" : 64		},		{			"operatorDescription" : "Replace #min: with #max:",			"class" : "RSCamera",			"operatorClass" : "ReplaceMinWithMaxMutantOperator",			"mutationStart" : 103,			"method" : "zoomToFit:rectangle:",			"mutationEnd" : 116		},		{			"operatorDescription" : "Remove ^",			"class" : "RSCamera",			"operatorClass" : "RemoveCaretOperator",			"mutationStart" : 101,			"method" : "translateTo:",			"mutationEnd" : 106		},		{			"operatorDescription" : "Replace #ifTrue: receiver with false",			"class" : "RSCamera",			"operatorClass" : "ReplaceIfTrueReceiverWithFalseOperator",			"mutationStart" : 70,			"method" : "translateTo:",			"mutationEnd" : 108		}	],	"mutationScoreAfter" : 53,	"mutationScoreBefore" : 38,	"testAmpLoc" : 1709,	"amplifiedMethods" : [		"RSCameraTest533>>#testPosition_amp_A6",		"RSCameraTest533>>#testPosition_amp_A15",		"RSCameraTest533>>#testPosition_amp"	],	"testLoc" : "6",	"amplifiedClass" : "RSCameraTest533",	"numberOfAllMutationsInOriginal" : 26,	"targetLoc" : 81,	"newCovered" : [		{			"operatorDescription" : "Remove ^",			"class" : "RSCamera",			"operatorClass" : "RemoveCaretOperator",			"mutationStart" : 8,			"method" : "scale",			"mutationEnd" : 14		},		{			"operatorDescription" : "Replace #* with #/",			"class" : "RSCamera",			"operatorClass" : "ReplaceMultiplicationWithDivisionMutantOperator",			"mutationStart" : 28,			"method" : "zoomToFit",			"mutationEnd" : 46		},		{			"operatorDescription" : "Remove ^",			"class" : "RSCamera",			"operatorClass" : "RemoveCaretOperator",			"mutationStart" : 9,			"method" : "canvas",			"mutationEnd" : 16		},		{			"operatorDescription" : "Replace #= with #'~='",			"class" : "RSCamera",			"operatorClass" : "ReplaceEqualWithNotEqualOperator",			"mutationStart" : 31,			"method" : "scale:",			"mutationEnd" : 45		},		{			"operatorDescription" : "Replace #ifTrue: receiver with true",			"class" : "RSCamera",			"operatorClass" : "ReplaceIfTrueReceiverWithTrueOperator",			"mutationStart" : 31,			"method" : "scale:",			"mutationEnd" : 64		},		{			"operatorDescription" : "Replace #ifTrue: with #ifFalse:",			"class" : "RSCamera",			"operatorClass" : "ReplaceIfTrueWithIfFalseMutantOperator",			"mutationStart" : 31,			"method" : "scale:",			"mutationEnd" : 64		},		{			"operatorDescription" : "Replace #/ with #*",			"class" : "RSCamera",			"operatorClass" : "ReplaceDivisionWithMultiplicationMutantOperator",			"mutationStart" : 52,			"method" : "zoomToFit:rectangle:",			"mutationEnd" : 93		},		{			"operatorDescription" : "Remove ^",			"class" : "RSCamera class",			"operatorClass" : "RemoveCaretOperator",			"mutationStart" : 26,			"method" : "maxExtentFor:",			"mutationEnd" : 67		},		{			"operatorDescription" : "Replace #max: with #min:",			"class" : "RSCamera class",			"operatorClass" : "ReplaceMaxWithMinMutantOperator",			"mutationStart" : 28,			"method" : "maxExtentFor:",			"mutationEnd" : 67		},		{			"operatorDescription" : "Remove ^",			"class" : "RSCamera class",			"operatorClass" : "RemoveCaretOperator",			"mutationStart" : 16,			"method" : "minimumExtent",			"mutationEnd" : 31		}	],	"timeBudgetFinished" : false,	"notCoveredInOriginal" : [		{			"operatorDescription" : "Remove ^",			"class" : "RSCamera",			"operatorClass" : "RemoveCaretOperator",			"mutationStart" : 35,			"method" : "distanceFromPixelToSpace:",			"mutationEnd" : 70		},		{			"operatorDescription" : "Replace #/ with #*",			"class" : "RSCamera",			"operatorClass" : "ReplaceDivisionWithMultiplicationMutantOperator",			"mutationStart" : 37,			"method" : "distanceFromPixelToSpace:",			"mutationEnd" : 57		},		{			"operatorDescription" : "Remove ^",			"class" : "RSCamera",			"operatorClass" : "RemoveCaretOperator",			"mutationStart" : 28,			"method" : "fromSpaceToPixel:",			"mutationEnd" : 174		},		{			"operatorDescription" : "Replace #/ with #*",			"class" : "RSCamera",			"operatorClass" : "ReplaceDivisionWithMultiplicationMutantOperator",			"mutationStart" : 71,			"method" : "fromSpaceToPixel:",			"mutationEnd" : 92		},		{			"operatorDescription" : "Replace #/ with #*",			"class" : "RSCamera",			"operatorClass" : "ReplaceDivisionWithMultiplicationMutantOperator",			"mutationStart" : 97,			"method" : "fromPixelToSpace:",			"mutationEnd" : 110		},		{			"operatorDescription" : "Replace #/ with #*",			"class" : "RSCamera",			"operatorClass" : "ReplaceDivisionWithMultiplicationMutantOperator",			"mutationStart" : 128,			"method" : "fromPixelToSpace:",			"mutationEnd" : 151		},		{			"operatorDescription" : "Replace #* with #/",			"class" : "RSCamera",			"operatorClass" : "ReplaceMultiplicationWithDivisionMutantOperator",			"mutationStart" : 28,			"method" : "zoomToFit",			"mutationEnd" : 46		},		{			"operatorDescription" : "Remove ^",			"class" : "RSCamera",			"operatorClass" : "RemoveCaretOperator",			"mutationStart" : 9,			"method" : "canvas",			"mutationEnd" : 16		},		{			"operatorDescription" : "Remove ^",			"class" : "RSCamera",			"operatorClass" : "RemoveCaretOperator",			"mutationStart" : 57,			"method" : "scale:",			"mutationEnd" : 62		},		{			"operatorDescription" : "Replace #= with #'~='",			"class" : "RSCamera",			"operatorClass" : "ReplaceEqualWithNotEqualOperator",			"mutationStart" : 31,			"method" : "scale:",			"mutationEnd" : 45		},		{			"operatorDescription" : "Replace #ifTrue: receiver with false",			"class" : "RSCamera",			"operatorClass" : "ReplaceIfTrueReceiverWithFalseOperator",			"mutationStart" : 31,			"method" : "scale:",			"mutationEnd" : 64		},		{			"operatorDescription" : "Replace #ifTrue: receiver with true",			"class" : "RSCamera",			"operatorClass" : "ReplaceIfTrueReceiverWithTrueOperator",			"mutationStart" : 31,			"method" : "scale:",			"mutationEnd" : 64		},		{			"operatorDescription" : "Replace #/ with #*",			"class" : "RSCamera",			"operatorClass" : "ReplaceDivisionWithMultiplicationMutantOperator",			"mutationStart" : 52,			"method" : "zoomToFit:rectangle:",			"mutationEnd" : 93		},		{			"operatorDescription" : "Replace #ifTrue: receiver with false",			"class" : "RSCamera",			"operatorClass" : "ReplaceIfTrueReceiverWithFalseOperator",			"mutationStart" : 70,			"method" : "translateTo:",			"mutationEnd" : 108		},		{			"operatorDescription" : "Remove ^",			"class" : "RSCamera class",			"operatorClass" : "RemoveCaretOperator",			"mutationStart" : 26,			"method" : "maxExtentFor:",			"mutationEnd" : 67		},		{			"operatorDescription" : "Remove ^",			"class" : "RSCamera class",			"operatorClass" : "RemoveCaretOperator",			"mutationStart" : 16,			"method" : "minimumExtent",			"mutationEnd" : 31		}	],	"testCase" : "RSCameraTest",	"unixtime" : 1602096226,	"timeTotal" : 3048}