{	"targetClasses" : [		"RSDraggableCanvas"	],	"testMethodsIgnored" : [ ],	"methodsNotProfiled" : [		"RSDraggableCanvas>>#checkCamera:",		"RSDraggableCanvas>>#renderLegendOn:"	],	"numberOfOriginalTestMethods" : 6,	"timeDetail" : [		"init: % 0.05 (7 seconds 277 milliseconds)",		"assertionAmplification: % 72.78 (2 hours 48 minutes 22 seconds 749 milliseconds)",		"selection: % 21.84 (50 minutes 31 seconds 729 milliseconds)",		"inputAmplification: % 5.15 (11 minutes 55 seconds 42 milliseconds)",		"finalize: % 0.18 (24 seconds 389 milliseconds)"	],	"notCoveredInAmplified" : [		{			"operatorDescription" : "Remove ^",			"class" : "RSDraggableCanvas",			"operatorClass" : "RemoveCaretOperator",			"mutationStart" : 166,			"method" : "checkCamera:",			"mutationEnd" : 171		},		{			"operatorDescription" : "Replace #= with #'~='",			"class" : "RSDraggableCanvas",			"operatorClass" : "ReplaceEqualWithNotEqualOperator",			"mutationStart" : 144,			"method" : "checkCamera:",			"mutationEnd" : 154		},		{			"operatorDescription" : "Replace #ifTrue: receiver with false",			"class" : "RSDraggableCanvas",			"operatorClass" : "ReplaceIfTrueReceiverWithFalseOperator",			"mutationStart" : 144,			"method" : "checkCamera:",			"mutationEnd" : 173		},		{			"operatorDescription" : "Replace #ifTrue: receiver with true",			"class" : "RSDraggableCanvas",			"operatorClass" : "ReplaceIfTrueReceiverWithTrueOperator",			"mutationStart" : 144,			"method" : "checkCamera:",			"mutationEnd" : 173		},		{			"operatorDescription" : "Replace #ifTrue: with #ifFalse:",			"class" : "RSDraggableCanvas",			"operatorClass" : "ReplaceIfTrueWithIfFalseMutantOperator",			"mutationStart" : 144,			"method" : "checkCamera:",			"mutationEnd" : 173		},		{			"operatorDescription" : "Remove ^",			"class" : "RSDraggableCanvas",			"operatorClass" : "RemoveCaretOperator",			"mutationStart" : 220,			"method" : "mouseEnd:",			"mutationEnd" : 246		},		{			"operatorDescription" : "Replace #* with #/",			"class" : "RSDraggableCanvas",			"operatorClass" : "ReplaceMultiplicationWithDivisionMutantOperator",			"mutationStart" : 264,			"method" : "mouseEnd:",			"mutationEnd" : 277		},		{			"operatorDescription" : "Replace #+ with #-",			"class" : "RSDraggableCanvas",			"operatorClass" : "ReplacePlusWithMinusMutantOperator",			"mutationStart" : 581,			"method" : "mouseEnd:",			"mutationEnd" : 609		},		{			"operatorDescription" : "Replace #- with #+",			"class" : "RSDraggableCanvas",			"operatorClass" : "ReplaceMinusWithPlusMutantOperator",			"mutationStart" : 399,			"method" : "mouseEnd:",			"mutationEnd" : 425		},		{			"operatorDescription" : "Replace #/ with #*",			"class" : "RSDraggableCanvas",			"operatorClass" : "ReplaceDivisionWithMultiplicationMutantOperator",			"mutationStart" : 599,			"method" : "mouseEnd:",			"mutationEnd" : 609		},		{			"operatorDescription" : "Replace #< with #>",			"class" : "RSDraggableCanvas",			"operatorClass" : "ReplaceLessWithGreaterMutantOperator",			"mutationStart" : 175,			"method" : "mouseEnd:",			"mutationEnd" : 206		},		{			"operatorDescription" : "Replace #ifTrue: receiver with false",			"class" : "RSDraggableCanvas",			"operatorClass" : "ReplaceIfTrueReceiverWithFalseOperator",			"mutationStart" : 175,			"method" : "mouseEnd:",			"mutationEnd" : 248		},		{			"operatorDescription" : "Replace #ifTrue: receiver with true",			"class" : "RSDraggableCanvas",			"operatorClass" : "ReplaceIfTrueReceiverWithTrueOperator",			"mutationStart" : 175,			"method" : "mouseEnd:",			"mutationEnd" : 248		},		{			"operatorDescription" : "Replace #ifTrue: with #ifFalse:",			"class" : "RSDraggableCanvas",			"operatorClass" : "ReplaceIfTrueWithIfFalseMutantOperator",			"mutationStart" : 175,			"method" : "mouseEnd:",			"mutationEnd" : 248		},		{			"operatorDescription" : "Replace #max: with #min:",			"class" : "RSDraggableCanvas",			"operatorClass" : "ReplaceMaxWithMinMutantOperator",			"mutationStart" : 399,			"method" : "mouseEnd:",			"mutationEnd" : 438		},		{			"operatorDescription" : "Replace #- with #+",			"class" : "RSDraggableCanvas",			"operatorClass" : "ReplaceMinusWithPlusMutantOperator",			"mutationStart" : 190,			"method" : "mouseMove:",			"mutationEnd" : 216		},		{			"operatorDescription" : "Replace #/ with #*",			"class" : "RSDraggableCanvas",			"operatorClass" : "ReplaceDivisionWithMultiplicationMutantOperator",			"mutationStart" : 105,			"method" : "mouseMove:",			"mutationEnd" : 135		},		{			"operatorDescription" : "Replace #/ with #*",			"class" : "RSDraggableCanvas",			"operatorClass" : "ReplaceDivisionWithMultiplicationMutantOperator",			"mutationStart" : 280,			"method" : "mouseMove:",			"mutationEnd" : 290		}	],	"mutationScoreAfter" : 35,	"mutationScoreBefore" : 35,	"testAmpLoc" : 0,	"amplifiedMethods" : [ ],	"testLoc" : "56",	"amplifiedClass" : "RSDraggableCanvasTest1672",	"numberOfAllMutationsInOriginal" : 28,	"targetLoc" : 84,	"newCovered" : [ ],	"timeBudgetFinished" : false,	"notCoveredInOriginal" : [		{			"operatorDescription" : "Remove ^",			"class" : "RSDraggableCanvas",			"operatorClass" : "RemoveCaretOperator",			"mutationStart" : 166,			"method" : "checkCamera:",			"mutationEnd" : 171		},		{			"operatorDescription" : "Replace #= with #'~='",			"class" : "RSDraggableCanvas",			"operatorClass" : "ReplaceEqualWithNotEqualOperator",			"mutationStart" : 144,			"method" : "checkCamera:",			"mutationEnd" : 154		},		{			"operatorDescription" : "Replace #ifTrue: receiver with false",			"class" : "RSDraggableCanvas",			"operatorClass" : "ReplaceIfTrueReceiverWithFalseOperator",			"mutationStart" : 144,			"method" : "checkCamera:",			"mutationEnd" : 173		},		{			"operatorDescription" : "Replace #ifTrue: receiver with true",			"class" : "RSDraggableCanvas",			"operatorClass" : "ReplaceIfTrueReceiverWithTrueOperator",			"mutationStart" : 144,			"method" : "checkCamera:",			"mutationEnd" : 173		},		{			"operatorDescription" : "Replace #ifTrue: with #ifFalse:",			"class" : "RSDraggableCanvas",			"operatorClass" : "ReplaceIfTrueWithIfFalseMutantOperator",			"mutationStart" : 144,			"method" : "checkCamera:",			"mutationEnd" : 173		},		{			"operatorDescription" : "Remove ^",			"class" : "RSDraggableCanvas",			"operatorClass" : "RemoveCaretOperator",			"mutationStart" : 220,			"method" : "mouseEnd:",			"mutationEnd" : 246		},		{			"operatorDescription" : "Replace #* with #/",			"class" : "RSDraggableCanvas",			"operatorClass" : "ReplaceMultiplicationWithDivisionMutantOperator",			"mutationStart" : 264,			"method" : "mouseEnd:",			"mutationEnd" : 277		},		{			"operatorDescription" : "Replace #+ with #-",			"class" : "RSDraggableCanvas",			"operatorClass" : "ReplacePlusWithMinusMutantOperator",			"mutationStart" : 581,			"method" : "mouseEnd:",			"mutationEnd" : 609		},		{			"operatorDescription" : "Replace #- with #+",			"class" : "RSDraggableCanvas",			"operatorClass" : "ReplaceMinusWithPlusMutantOperator",			"mutationStart" : 399,			"method" : "mouseEnd:",			"mutationEnd" : 425		},		{			"operatorDescription" : "Replace #/ with #*",			"class" : "RSDraggableCanvas",			"operatorClass" : "ReplaceDivisionWithMultiplicationMutantOperator",			"mutationStart" : 599,			"method" : "mouseEnd:",			"mutationEnd" : 609		},		{			"operatorDescription" : "Replace #< with #>",			"class" : "RSDraggableCanvas",			"operatorClass" : "ReplaceLessWithGreaterMutantOperator",			"mutationStart" : 175,			"method" : "mouseEnd:",			"mutationEnd" : 206		},		{			"operatorDescription" : "Replace #ifTrue: receiver with false",			"class" : "RSDraggableCanvas",			"operatorClass" : "ReplaceIfTrueReceiverWithFalseOperator",			"mutationStart" : 175,			"method" : "mouseEnd:",			"mutationEnd" : 248		},		{			"operatorDescription" : "Replace #ifTrue: receiver with true",			"class" : "RSDraggableCanvas",			"operatorClass" : "ReplaceIfTrueReceiverWithTrueOperator",			"mutationStart" : 175,			"method" : "mouseEnd:",			"mutationEnd" : 248		},		{			"operatorDescription" : "Replace #ifTrue: with #ifFalse:",			"class" : "RSDraggableCanvas",			"operatorClass" : "ReplaceIfTrueWithIfFalseMutantOperator",			"mutationStart" : 175,			"method" : "mouseEnd:",			"mutationEnd" : 248		},		{			"operatorDescription" : "Replace #max: with #min:",			"class" : "RSDraggableCanvas",			"operatorClass" : "ReplaceMaxWithMinMutantOperator",			"mutationStart" : 399,			"method" : "mouseEnd:",			"mutationEnd" : 438		},		{			"operatorDescription" : "Replace #- with #+",			"class" : "RSDraggableCanvas",			"operatorClass" : "ReplaceMinusWithPlusMutantOperator",			"mutationStart" : 190,			"method" : "mouseMove:",			"mutationEnd" : 216		},		{			"operatorDescription" : "Replace #/ with #*",			"class" : "RSDraggableCanvas",			"operatorClass" : "ReplaceDivisionWithMultiplicationMutantOperator",			"mutationStart" : 105,			"method" : "mouseMove:",			"mutationEnd" : 135		},		{			"operatorDescription" : "Replace #/ with #*",			"class" : "RSDraggableCanvas",			"operatorClass" : "ReplaceDivisionWithMultiplicationMutantOperator",			"mutationStart" : 280,			"method" : "mouseMove:",			"mutationEnd" : 290		}	],	"testCase" : "RSDraggableCanvasTest",	"unixtime" : 1602136629,	"timeTotal" : 13881}