{	"targetClasses" : [		"RSHighlightable"	],	"testMethodsIgnored" : [ ],	"methodsNotProfiled" : [		"RSHighlightable>>#highlightShapesButKeep:",		"RSHighlightable>>#when:do:",		"RSHighlightable>>#copyKey:",		"RSHighlightable>>#lowColor:highColor:",		"RSHighlightable>>#onShape:",		"RSHighlightable>>#highlightColor:",		"RSHighlightable>>#propertyKey:",		"RSHighlightable>>#doUnhighlight:",		"RSHighlightable>>#announcer:",		"RSHighlightable>>#doHighlightShapes:",		"RSHighlightable>>#announceUnHightlight:source:",		"RSHighlightable>>#highlightBorder:",		"RSHighlightable>>#highlightShapes:butKeep:"	],	"numberOfOriginalTestMethods" : 1,	"timeDetail" : [		"init: % 51.71 (6 seconds 65 milliseconds)",		"finalize: % 48.29 (5 seconds 664 milliseconds)"	],	"notCoveredInAmplified" : [		{			"operatorDescription" : "Remove ^",			"class" : "RSHighlightable",			"operatorClass" : "RemoveCaretOperator",			"mutationStart" : 12,			"method" : "announcer",			"mutationEnd" : 60		},		{			"operatorDescription" : "Remove ^",			"class" : "RSHighlightable",			"operatorClass" : "RemoveCaretOperator",			"mutationStart" : 18,			"method" : "highlightShapes",			"mutationEnd" : 34		},		{			"operatorDescription" : "Replace #* with #/",			"class" : "RSHighlightable",			"operatorClass" : "ReplaceMultiplicationWithDivisionMutantOperator",			"mutationStart" : 261,			"method" : "setupAntAnimation",			"mutationEnd" : 276		},		{			"operatorDescription" : "Replace #ifTrue: receiver with false",			"class" : "RSHighlightable",			"operatorClass" : "ReplaceIfTrueReceiverWithFalseOperator",			"mutationStart" : 303,			"method" : "setupAntAnimation",			"mutationEnd" : 741		},		{			"operatorDescription" : "Replace #ifTrue: receiver with false",			"class" : "RSHighlightable",			"operatorClass" : "ReplaceIfTrueReceiverWithFalseOperator",			"mutationStart" : 898,			"method" : "setupAntAnimation",			"mutationEnd" : 1029		},		{			"operatorDescription" : "Replace #ifTrue: receiver with true",			"class" : "RSHighlightable",			"operatorClass" : "ReplaceIfTrueReceiverWithTrueOperator",			"mutationStart" : 303,			"method" : "setupAntAnimation",			"mutationEnd" : 741		},		{			"operatorDescription" : "Replace #ifTrue: receiver with true",			"class" : "RSHighlightable",			"operatorClass" : "ReplaceIfTrueReceiverWithTrueOperator",			"mutationStart" : 898,			"method" : "setupAntAnimation",			"mutationEnd" : 1029		},		{			"operatorDescription" : "Replace #ifTrue: with #ifFalse:",			"class" : "RSHighlightable",			"operatorClass" : "ReplaceIfTrueWithIfFalseMutantOperator",			"mutationStart" : 303,			"method" : "setupAntAnimation",			"mutationEnd" : 741		},		{			"operatorDescription" : "Replace #ifTrue: with #ifFalse:",			"class" : "RSHighlightable",			"operatorClass" : "ReplaceIfTrueWithIfFalseMutantOperator",			"mutationStart" : 898,			"method" : "setupAntAnimation",			"mutationEnd" : 1029		},		{			"operatorDescription" : "Replace do block with [:each |]",			"class" : "RSHighlightable",			"operatorClass" : "ReplaceDoBlockWithEmptyBlockOperator",			"mutationStart" : 367,			"method" : "setupAntAnimation",			"mutationEnd" : 475		},		{			"operatorDescription" : "Replace do block with [:each |]",			"class" : "RSHighlightable",			"operatorClass" : "ReplaceDoBlockWithEmptyBlockOperator",			"mutationStart" : 596,			"method" : "setupAntAnimation",			"mutationEnd" : 652		},		{			"operatorDescription" : "Replace do block with [:each |]",			"class" : "RSHighlightable",			"operatorClass" : "ReplaceDoBlockWithEmptyBlockOperator",			"mutationStart" : 131,			"method" : "unhighlightRecordedShapes:",			"mutationEnd" : 200		},		{			"operatorDescription" : "Replace #ifFalse: receiver with false",			"class" : "RSHighlightable",			"operatorClass" : "ReplaceIfFalseReceiverWithFalseOperator",			"mutationStart" : 93,			"method" : "resetHighlightedShapes:",			"mutationEnd" : 147		},		{			"operatorDescription" : "Remove ^",			"class" : "RSHighlightable",			"operatorClass" : "RemoveCaretOperator",			"mutationStart" : 14,			"method" : "propertyKey",			"mutationEnd" : 71		},		{			"operatorDescription" : "Replace do block with [:each |]",			"class" : "RSHighlightable",			"operatorClass" : "ReplaceDoBlockWithEmptyBlockOperator",			"mutationStart" : 116,			"method" : "doHighlight:",			"mutationEnd" : 174		},		{			"operatorDescription" : "Remove ^",			"class" : "RSHighlightable",			"operatorClass" : "RemoveCaretOperator",			"mutationStart" : 62,			"method" : "doHighlightShapes:",			"mutationEnd" : 67		},		{			"operatorDescription" : "Replace do block with [:each |]",			"class" : "RSHighlightable",			"operatorClass" : "ReplaceDoBlockWithEmptyBlockOperator",			"mutationStart" : 216,			"method" : "doHighlightShapes:",			"mutationEnd" : 273		},		{			"operatorDescription" : "Remove ^",			"class" : "RSHighlightable",			"operatorClass" : "RemoveCaretOperator",			"mutationStart" : 547,			"method" : "restore:selector:",			"mutationEnd" : 552		},		{			"operatorDescription" : "Replace #reject: with #select:",			"class" : "RSHighlightable",			"operatorClass" : "ReplaceRejectWithSelectMutantOperator",			"mutationStart" : 277,			"method" : "highlightShapes:butKeep:",			"mutationEnd" : 321		},		{			"operatorDescription" : "Replace Reject block with [:each | false]",			"class" : "RSHighlightable",			"operatorClass" : "ReplaceRejectBlockWithAlwaysFalseBlockOperator",			"mutationStart" : 277,			"method" : "highlightShapes:butKeep:",			"mutationEnd" : 321		},		{			"operatorDescription" : "Replace Reject block with [:each | true]",			"class" : "RSHighlightable",			"operatorClass" : "ReplaceRejectBlockWithAlwaysTrueBlockOperator",			"mutationStart" : 277,			"method" : "highlightShapes:butKeep:",			"mutationEnd" : 321		},		{			"operatorDescription" : "Remove ^",			"class" : "RSHighlightable class",			"operatorClass" : "RemoveCaretOperator",			"mutationStart" : 75,			"method" : "defaultRed",			"mutationEnd" : 80		}	],	"mutationScoreAfter" : 24,	"mutationScoreBefore" : 24,	"testAmpLoc" : 0,	"amplifiedMethods" : [ ],	"testLoc" : "13",	"amplifiedClass" : "RSHighlightableTest574",	"numberOfAllMutationsInOriginal" : 29,	"targetLoc" : 241,	"newCovered" : [ ],	"timeBudgetFinished" : false,	"notCoveredInOriginal" : [		{			"operatorDescription" : "Remove ^",			"class" : "RSHighlightable",			"operatorClass" : "RemoveCaretOperator",			"mutationStart" : 12,			"method" : "announcer",			"mutationEnd" : 60		},		{			"operatorDescription" : "Remove ^",			"class" : "RSHighlightable",			"operatorClass" : "RemoveCaretOperator",			"mutationStart" : 18,			"method" : "highlightShapes",			"mutationEnd" : 34		},		{			"operatorDescription" : "Replace #* with #/",			"class" : "RSHighlightable",			"operatorClass" : "ReplaceMultiplicationWithDivisionMutantOperator",			"mutationStart" : 261,			"method" : "setupAntAnimation",			"mutationEnd" : 276		},		{			"operatorDescription" : "Replace #ifTrue: receiver with false",			"class" : "RSHighlightable",			"operatorClass" : "ReplaceIfTrueReceiverWithFalseOperator",			"mutationStart" : 303,			"method" : "setupAntAnimation",			"mutationEnd" : 741		},		{			"operatorDescription" : "Replace #ifTrue: receiver with false",			"class" : "RSHighlightable",			"operatorClass" : "ReplaceIfTrueReceiverWithFalseOperator",			"mutationStart" : 898,			"method" : "setupAntAnimation",			"mutationEnd" : 1029		},		{			"operatorDescription" : "Replace #ifTrue: receiver with true",			"class" : "RSHighlightable",			"operatorClass" : "ReplaceIfTrueReceiverWithTrueOperator",			"mutationStart" : 303,			"method" : "setupAntAnimation",			"mutationEnd" : 741		},		{			"operatorDescription" : "Replace #ifTrue: receiver with true",			"class" : "RSHighlightable",			"operatorClass" : "ReplaceIfTrueReceiverWithTrueOperator",			"mutationStart" : 898,			"method" : "setupAntAnimation",			"mutationEnd" : 1029		},		{			"operatorDescription" : "Replace #ifTrue: with #ifFalse:",			"class" : "RSHighlightable",			"operatorClass" : "ReplaceIfTrueWithIfFalseMutantOperator",			"mutationStart" : 303,			"method" : "setupAntAnimation",			"mutationEnd" : 741		},		{			"operatorDescription" : "Replace #ifTrue: with #ifFalse:",			"class" : "RSHighlightable",			"operatorClass" : "ReplaceIfTrueWithIfFalseMutantOperator",			"mutationStart" : 898,			"method" : "setupAntAnimation",			"mutationEnd" : 1029		},		{			"operatorDescription" : "Replace do block with [:each |]",			"class" : "RSHighlightable",			"operatorClass" : "ReplaceDoBlockWithEmptyBlockOperator",			"mutationStart" : 367,			"method" : "setupAntAnimation",			"mutationEnd" : 475		},		{			"operatorDescription" : "Replace do block with [:each |]",			"class" : "RSHighlightable",			"operatorClass" : "ReplaceDoBlockWithEmptyBlockOperator",			"mutationStart" : 596,			"method" : "setupAntAnimation",			"mutationEnd" : 652		},		{			"operatorDescription" : "Replace do block with [:each |]",			"class" : "RSHighlightable",			"operatorClass" : "ReplaceDoBlockWithEmptyBlockOperator",			"mutationStart" : 131,			"method" : "unhighlightRecordedShapes:",			"mutationEnd" : 200		},		{			"operatorDescription" : "Replace #ifFalse: receiver with false",			"class" : "RSHighlightable",			"operatorClass" : "ReplaceIfFalseReceiverWithFalseOperator",			"mutationStart" : 93,			"method" : "resetHighlightedShapes:",			"mutationEnd" : 147		},		{			"operatorDescription" : "Remove ^",			"class" : "RSHighlightable",			"operatorClass" : "RemoveCaretOperator",			"mutationStart" : 14,			"method" : "propertyKey",			"mutationEnd" : 71		},		{			"operatorDescription" : "Replace do block with [:each |]",			"class" : "RSHighlightable",			"operatorClass" : "ReplaceDoBlockWithEmptyBlockOperator",			"mutationStart" : 116,			"method" : "doHighlight:",			"mutationEnd" : 174		},		{			"operatorDescription" : "Remove ^",			"class" : "RSHighlightable",			"operatorClass" : "RemoveCaretOperator",			"mutationStart" : 62,			"method" : "doHighlightShapes:",			"mutationEnd" : 67		},		{			"operatorDescription" : "Replace do block with [:each |]",			"class" : "RSHighlightable",			"operatorClass" : "ReplaceDoBlockWithEmptyBlockOperator",			"mutationStart" : 216,			"method" : "doHighlightShapes:",			"mutationEnd" : 273		},		{			"operatorDescription" : "Remove ^",			"class" : "RSHighlightable",			"operatorClass" : "RemoveCaretOperator",			"mutationStart" : 547,			"method" : "restore:selector:",			"mutationEnd" : 552		},		{			"operatorDescription" : "Replace #reject: with #select:",			"class" : "RSHighlightable",			"operatorClass" : "ReplaceRejectWithSelectMutantOperator",			"mutationStart" : 277,			"method" : "highlightShapes:butKeep:",			"mutationEnd" : 321		},		{			"operatorDescription" : "Replace Reject block with [:each | false]",			"class" : "RSHighlightable",			"operatorClass" : "ReplaceRejectBlockWithAlwaysFalseBlockOperator",			"mutationStart" : 277,			"method" : "highlightShapes:butKeep:",			"mutationEnd" : 321		},		{			"operatorDescription" : "Replace Reject block with [:each | true]",			"class" : "RSHighlightable",			"operatorClass" : "ReplaceRejectBlockWithAlwaysTrueBlockOperator",			"mutationStart" : 277,			"method" : "highlightShapes:butKeep:",			"mutationEnd" : 321		},		{			"operatorDescription" : "Remove ^",			"class" : "RSHighlightable class",			"operatorClass" : "RemoveCaretOperator",			"mutationStart" : 75,			"method" : "defaultRed",			"mutationEnd" : 80		}	],	"testCase" : "RSHighlightableTest",	"unixtime" : 1602097309,	"timeTotal" : 11}