{	"targetClasses" : [		"RSLabelGenerator"	],	"testMethodsIgnored" : [ ],	"methodsNotProfiled" : [ ],	"numberOfOriginalTestMethods" : 2,	"timeDetail" : [		"init: % 7.75 (4 minutes 38 seconds 735 milliseconds)",		"assertionAmplification: % 19.79 (11 minutes 51 seconds 296 milliseconds)",		"selection: % 62.50 (37 minutes 26 seconds 689 milliseconds)",		"inputAmplification: % 1.70 (1 minute 1 second 130 milliseconds)",		"finalize: % 8.26 (4 minutes 56 seconds 761 milliseconds)"	],	"notCoveredInAmplified" : [		{			"operatorDescription" : "Remove Exception Handler Operator",			"class" : "RSLabelGenerator",			"operatorClass" : "RemoveExceptionHandlerOperator",			"mutationStart" : 623,			"method" : "searchMin:max:desired:",			"mutationEnd" : 768		},		{			"operatorDescription" : "Remove ^",			"class" : "RSLabelGenerator",			"operatorClass" : "RemoveCaretOperator",			"mutationStart" : 383,			"method" : "searchMin:max:desired:",			"mutationEnd" : 388		},		{			"operatorDescription" : "Replace #'<=' with #<",			"class" : "RSLabelGenerator",			"operatorClass" : "ReplaceLessOrEqualWithLessMutantOperator",			"mutationStart" : 139,			"method" : "searchMin:max:desired:",			"mutationEnd" : 163		},		{			"operatorDescription" : "Replace #'<=' with #=",			"class" : "RSLabelGenerator",			"operatorClass" : "ReplaceLessOrEqualWithEqualMutantOperator",			"mutationStart" : 139,			"method" : "searchMin:max:desired:",			"mutationEnd" : 163		},		{			"operatorDescription" : "Replace #* with #/",			"class" : "RSLabelGenerator",			"operatorClass" : "ReplaceMultiplicationWithDivisionMutantOperator",			"mutationStart" : 1158,			"method" : "searchMin:max:desired:",			"mutationEnd" : 1169		},		{			"operatorDescription" : "Replace #- with #+",			"class" : "RSLabelGenerator",			"operatorClass" : "ReplaceMinusWithPlusMutantOperator",			"mutationStart" : 1303,			"method" : "searchMin:max:desired:",			"mutationEnd" : 1307		},		{			"operatorDescription" : "Replace #= with #'~='",			"class" : "RSLabelGenerator",			"operatorClass" : "ReplaceEqualWithNotEqualOperator",			"mutationStart" : 280,			"method" : "searchMin:max:desired:",			"mutationEnd" : 287		},		{			"operatorDescription" : "Replace #and: receiver with true",			"class" : "RSLabelGenerator",			"operatorClass" : "ReplaceAndReceiverWithTrueOperator",			"mutationStart" : 279,			"method" : "searchMin:max:desired:",			"mutationEnd" : 306		},		{			"operatorDescription" : "Replace #and: with false",			"class" : "RSLabelGenerator",			"operatorClass" : "ReplaceAndWithFalseOperator",			"mutationStart" : 279,			"method" : "searchMin:max:desired:",			"mutationEnd" : 306		},		{			"operatorDescription" : "Replace #ifTrue: receiver with false",			"class" : "RSLabelGenerator",			"operatorClass" : "ReplaceIfTrueReceiverWithFalseOperator",			"mutationStart" : 139,			"method" : "searchMin:max:desired:",			"mutationEnd" : 236		},		{			"operatorDescription" : "Replace #ifTrue: receiver with false",			"class" : "RSLabelGenerator",			"operatorClass" : "ReplaceIfTrueReceiverWithFalseOperator",			"mutationStart" : 279,			"method" : "searchMin:max:desired:",			"mutationEnd" : 390		},		{			"operatorDescription" : "Replace #ifTrue: receiver with false",			"class" : "RSLabelGenerator",			"operatorClass" : "ReplaceIfTrueReceiverWithFalseOperator",			"mutationStart" : 1374,			"method" : "searchMin:max:desired:",			"mutationEnd" : 1452		},		{			"operatorDescription" : "Replace #max: with #min:",			"class" : "RSLabelGenerator",			"operatorClass" : "ReplaceMaxWithMinMutantOperator",			"mutationStart" : 321,			"method" : "searchMin:max:desired:",			"mutationEnd" : 345		},		{			"operatorDescription" : "Replace #min: with #max:",			"class" : "RSLabelGenerator",			"operatorClass" : "ReplaceMinWithMaxMutantOperator",			"mutationStart" : 321,			"method" : "searchMin:max:desired:",			"mutationEnd" : 334		},		{			"operatorDescription" : "Remove ^",			"class" : "RSLabelGenerator",			"operatorClass" : "RemoveCaretOperator",			"mutationStart" : 210,			"method" : "epsilon",			"mutationEnd" : 218		},		{			"operatorDescription" : "Replace #+ with #-",			"class" : "RSLabelGenerator",			"operatorClass" : "ReplacePlusWithMinusMutantOperator",			"mutationStart" : 240,			"method" : "epsilon",			"mutationEnd" : 249		},		{			"operatorDescription" : "Replace #> with #<",			"class" : "RSLabelGenerator",			"operatorClass" : "ReplaceGreaterWithLessMutantOperator",			"mutationStart" : 240,			"method" : "epsilon",			"mutationEnd" : 253		},		{			"operatorDescription" : "Remove ^",			"class" : "RSLabelGenerator",			"operatorClass" : "RemoveCaretOperator",			"mutationStart" : 47,			"method" : "simplicityMax",			"mutationEnd" : 92		},		{			"operatorDescription" : "Remove ^",			"class" : "RSLabelGenerator",			"operatorClass" : "RemoveCaretOperator",			"mutationStart" : 99,			"method" : "simplicityMax",			"mutationEnd" : 113		},		{			"operatorDescription" : "Replace #+ with #-",			"class" : "RSLabelGenerator",			"operatorClass" : "ReplacePlusWithMinusMutantOperator",			"mutationStart" : 101,			"method" : "simplicityMax",			"mutationEnd" : 113		},		{			"operatorDescription" : "Replace #- with #+",			"class" : "RSLabelGenerator",			"operatorClass" : "ReplaceMinusWithPlusMutantOperator",			"mutationStart" : 49,			"method" : "simplicityMax",			"mutationEnd" : 80		},		{			"operatorDescription" : "Replace #- with #+",			"class" : "RSLabelGenerator",			"operatorClass" : "ReplaceMinusWithPlusMutantOperator",			"mutationStart" : 61,			"method" : "simplicityMax",			"mutationEnd" : 79		},		{			"operatorDescription" : "Replace #- with #+",			"class" : "RSLabelGenerator",			"operatorClass" : "ReplaceMinusWithPlusMutantOperator",			"mutationStart" : 101,			"method" : "simplicityMax",			"mutationEnd" : 107		},		{			"operatorDescription" : "Replace #> with #<",			"class" : "RSLabelGenerator",			"operatorClass" : "ReplaceGreaterWithLessMutantOperator",			"mutationStart" : 16,			"method" : "simplicityMax",			"mutationEnd" : 35		},		{			"operatorDescription" : "Replace #ifTrue: receiver with false",			"class" : "RSLabelGenerator",			"operatorClass" : "ReplaceIfTrueReceiverWithFalseOperator",			"mutationStart" : 16,			"method" : "simplicityMax",			"mutationEnd" : 94		},		{			"operatorDescription" : "Replace #ifTrue: receiver with true",			"class" : "RSLabelGenerator",			"operatorClass" : "ReplaceIfTrueReceiverWithTrueOperator",			"mutationStart" : 16,			"method" : "simplicityMax",			"mutationEnd" : 94		},		{			"operatorDescription" : "Replace #ifTrue: with #ifFalse:",			"class" : "RSLabelGenerator",			"operatorClass" : "ReplaceIfTrueWithIfFalseMutantOperator",			"mutationStart" : 16,			"method" : "simplicityMax",			"mutationEnd" : 94		},		{			"operatorDescription" : "Replace #'>=' with #>",			"class" : "RSLabelGenerator",			"operatorClass" : "ReplaceGreaterOrEqualWithGreaterMutantOperator",			"mutationStart" : 21,			"method" : "densityMax:m:",			"mutationEnd" : 28		},		{			"operatorDescription" : "Replace #- with #+",			"class" : "RSLabelGenerator",			"operatorClass" : "ReplaceMinusWithPlusMutantOperator",			"mutationStart" : 53,			"method" : "densityMax:m:",			"mutationEnd" : 57		},		{			"operatorDescription" : "Replace #ifTrue: receiver with true",			"class" : "RSLabelGenerator",			"operatorClass" : "ReplaceIfTrueReceiverWithTrueOperator",			"mutationStart" : 21,			"method" : "densityMax:m:",			"mutationEnd" : 60		},		{			"operatorDescription" : "Replace #ifTrue: receiver with true",			"class" : "RSLabelGenerator",			"operatorClass" : "ReplaceIfTrueReceiverWithTrueOperator",			"mutationStart" : 81,			"method" : "coverageMin:max:span:",			"mutationEnd" : 185		},		{			"operatorDescription" : "Replace #and: with #bEqv:",			"class" : "RSLabelGenerator",			"operatorClass" : "ReplaceAndWithEqvMutantOperator",			"mutationStart" : 92,			"method" : "vMin:max:step:",			"mutationEnd" : 117		},		{			"operatorDescription" : "Remove ^",			"class" : "RSLabelGenerator",			"operatorClass" : "RemoveCaretOperator",			"mutationStart" : 155,			"method" : "simplicity:max:step:",			"mutationEnd" : 202		},		{			"operatorDescription" : "Replace #+ with #-",			"class" : "RSLabelGenerator",			"operatorClass" : "ReplacePlusWithMinusMutantOperator",			"mutationStart" : 157,			"method" : "simplicity:max:step:",			"mutationEnd" : 202		},		{			"operatorDescription" : "Replace #- with #+",			"class" : "RSLabelGenerator",			"operatorClass" : "ReplaceMinusWithPlusMutantOperator",			"mutationStart" : 157,			"method" : "simplicity:max:step:",			"mutationEnd" : 163		},		{			"operatorDescription" : "Replace #ifTrue: receiver with true",			"class" : "RSLabelGenerator",			"operatorClass" : "ReplaceIfTrueReceiverWithTrueOperator",			"mutationStart" : 38,			"method" : "simplicity:max:step:",			"mutationEnd" : 151		},		{			"operatorDescription" : "Replace #* with #/",			"class" : "RSLabelGenerator",			"operatorClass" : "ReplaceMultiplicationWithDivisionMutantOperator",			"mutationStart" : 73,			"method" : "w:c:d:l:",			"mutationEnd" : 86		}	],	"mutationScoreAfter" : 82,	"mutationScoreBefore" : 82,	"testAmpLoc" : 0,	"amplifiedMethods" : [ ],	"testLoc" : "114",	"amplifiedClass" : "RSLabelGeneratorTest3069",	"numberOfAllMutationsInOriginal" : 210,	"targetLoc" : 161,	"newCovered" : [ ],	"timeBudgetFinished" : false,	"notCoveredInOriginal" : [		{			"operatorDescription" : "Remove Exception Handler Operator",			"class" : "RSLabelGenerator",			"operatorClass" : "RemoveExceptionHandlerOperator",			"mutationStart" : 623,			"method" : "searchMin:max:desired:",			"mutationEnd" : 768		},		{			"operatorDescription" : "Remove ^",			"class" : "RSLabelGenerator",			"operatorClass" : "RemoveCaretOperator",			"mutationStart" : 383,			"method" : "searchMin:max:desired:",			"mutationEnd" : 388		},		{			"operatorDescription" : "Replace #'<=' with #<",			"class" : "RSLabelGenerator",			"operatorClass" : "ReplaceLessOrEqualWithLessMutantOperator",			"mutationStart" : 139,			"method" : "searchMin:max:desired:",			"mutationEnd" : 163		},		{			"operatorDescription" : "Replace #'<=' with #=",			"class" : "RSLabelGenerator",			"operatorClass" : "ReplaceLessOrEqualWithEqualMutantOperator",			"mutationStart" : 139,			"method" : "searchMin:max:desired:",			"mutationEnd" : 163		},		{			"operatorDescription" : "Replace #* with #/",			"class" : "RSLabelGenerator",			"operatorClass" : "ReplaceMultiplicationWithDivisionMutantOperator",			"mutationStart" : 1158,			"method" : "searchMin:max:desired:",			"mutationEnd" : 1169		},		{			"operatorDescription" : "Replace #- with #+",			"class" : "RSLabelGenerator",			"operatorClass" : "ReplaceMinusWithPlusMutantOperator",			"mutationStart" : 1303,			"method" : "searchMin:max:desired:",			"mutationEnd" : 1307		},		{			"operatorDescription" : "Replace #= with #'~='",			"class" : "RSLabelGenerator",			"operatorClass" : "ReplaceEqualWithNotEqualOperator",			"mutationStart" : 280,			"method" : "searchMin:max:desired:",			"mutationEnd" : 287		},		{			"operatorDescription" : "Replace #and: receiver with true",			"class" : "RSLabelGenerator",			"operatorClass" : "ReplaceAndReceiverWithTrueOperator",			"mutationStart" : 279,			"method" : "searchMin:max:desired:",			"mutationEnd" : 306		},		{			"operatorDescription" : "Replace #and: with false",			"class" : "RSLabelGenerator",			"operatorClass" : "ReplaceAndWithFalseOperator",			"mutationStart" : 279,			"method" : "searchMin:max:desired:",			"mutationEnd" : 306		},		{			"operatorDescription" : "Replace #ifTrue: receiver with false",			"class" : "RSLabelGenerator",			"operatorClass" : "ReplaceIfTrueReceiverWithFalseOperator",			"mutationStart" : 139,			"method" : "searchMin:max:desired:",			"mutationEnd" : 236		},		{			"operatorDescription" : "Replace #ifTrue: receiver with false",			"class" : "RSLabelGenerator",			"operatorClass" : "ReplaceIfTrueReceiverWithFalseOperator",			"mutationStart" : 279,			"method" : "searchMin:max:desired:",			"mutationEnd" : 390		},		{			"operatorDescription" : "Replace #ifTrue: receiver with false",			"class" : "RSLabelGenerator",			"operatorClass" : "ReplaceIfTrueReceiverWithFalseOperator",			"mutationStart" : 1374,			"method" : "searchMin:max:desired:",			"mutationEnd" : 1452		},		{			"operatorDescription" : "Replace #max: with #min:",			"class" : "RSLabelGenerator",			"operatorClass" : "ReplaceMaxWithMinMutantOperator",			"mutationStart" : 321,			"method" : "searchMin:max:desired:",			"mutationEnd" : 345		},		{			"operatorDescription" : "Replace #min: with #max:",			"class" : "RSLabelGenerator",			"operatorClass" : "ReplaceMinWithMaxMutantOperator",			"mutationStart" : 321,			"method" : "searchMin:max:desired:",			"mutationEnd" : 334		},		{			"operatorDescription" : "Remove ^",			"class" : "RSLabelGenerator",			"operatorClass" : "RemoveCaretOperator",			"mutationStart" : 210,			"method" : "epsilon",			"mutationEnd" : 218		},		{			"operatorDescription" : "Replace #+ with #-",			"class" : "RSLabelGenerator",			"operatorClass" : "ReplacePlusWithMinusMutantOperator",			"mutationStart" : 240,			"method" : "epsilon",			"mutationEnd" : 249		},		{			"operatorDescription" : "Replace #> with #<",			"class" : "RSLabelGenerator",			"operatorClass" : "ReplaceGreaterWithLessMutantOperator",			"mutationStart" : 240,			"method" : "epsilon",			"mutationEnd" : 253		},		{			"operatorDescription" : "Remove ^",			"class" : "RSLabelGenerator",			"operatorClass" : "RemoveCaretOperator",			"mutationStart" : 47,			"method" : "simplicityMax",			"mutationEnd" : 92		},		{			"operatorDescription" : "Remove ^",			"class" : "RSLabelGenerator",			"operatorClass" : "RemoveCaretOperator",			"mutationStart" : 99,			"method" : "simplicityMax",			"mutationEnd" : 113		},		{			"operatorDescription" : "Replace #+ with #-",			"class" : "RSLabelGenerator",			"operatorClass" : "ReplacePlusWithMinusMutantOperator",			"mutationStart" : 101,			"method" : "simplicityMax",			"mutationEnd" : 113		},		{			"operatorDescription" : "Replace #- with #+",			"class" : "RSLabelGenerator",			"operatorClass" : "ReplaceMinusWithPlusMutantOperator",			"mutationStart" : 49,			"method" : "simplicityMax",			"mutationEnd" : 80		},		{			"operatorDescription" : "Replace #- with #+",			"class" : "RSLabelGenerator",			"operatorClass" : "ReplaceMinusWithPlusMutantOperator",			"mutationStart" : 61,			"method" : "simplicityMax",			"mutationEnd" : 79		},		{			"operatorDescription" : "Replace #- with #+",			"class" : "RSLabelGenerator",			"operatorClass" : "ReplaceMinusWithPlusMutantOperator",			"mutationStart" : 101,			"method" : "simplicityMax",			"mutationEnd" : 107		},		{			"operatorDescription" : "Replace #> with #<",			"class" : "RSLabelGenerator",			"operatorClass" : "ReplaceGreaterWithLessMutantOperator",			"mutationStart" : 16,			"method" : "simplicityMax",			"mutationEnd" : 35		},		{			"operatorDescription" : "Replace #ifTrue: receiver with false",			"class" : "RSLabelGenerator",			"operatorClass" : "ReplaceIfTrueReceiverWithFalseOperator",			"mutationStart" : 16,			"method" : "simplicityMax",			"mutationEnd" : 94		},		{			"operatorDescription" : "Replace #ifTrue: receiver with true",			"class" : "RSLabelGenerator",			"operatorClass" : "ReplaceIfTrueReceiverWithTrueOperator",			"mutationStart" : 16,			"method" : "simplicityMax",			"mutationEnd" : 94		},		{			"operatorDescription" : "Replace #ifTrue: with #ifFalse:",			"class" : "RSLabelGenerator",			"operatorClass" : "ReplaceIfTrueWithIfFalseMutantOperator",			"mutationStart" : 16,			"method" : "simplicityMax",			"mutationEnd" : 94		},		{			"operatorDescription" : "Replace #'>=' with #>",			"class" : "RSLabelGenerator",			"operatorClass" : "ReplaceGreaterOrEqualWithGreaterMutantOperator",			"mutationStart" : 21,			"method" : "densityMax:m:",			"mutationEnd" : 28		},		{			"operatorDescription" : "Replace #- with #+",			"class" : "RSLabelGenerator",			"operatorClass" : "ReplaceMinusWithPlusMutantOperator",			"mutationStart" : 53,			"method" : "densityMax:m:",			"mutationEnd" : 57		},		{			"operatorDescription" : "Replace #ifTrue: receiver with true",			"class" : "RSLabelGenerator",			"operatorClass" : "ReplaceIfTrueReceiverWithTrueOperator",			"mutationStart" : 21,			"method" : "densityMax:m:",			"mutationEnd" : 60		},		{			"operatorDescription" : "Replace #ifTrue: receiver with true",			"class" : "RSLabelGenerator",			"operatorClass" : "ReplaceIfTrueReceiverWithTrueOperator",			"mutationStart" : 81,			"method" : "coverageMin:max:span:",			"mutationEnd" : 185		},		{			"operatorDescription" : "Replace #and: with #bEqv:",			"class" : "RSLabelGenerator",			"operatorClass" : "ReplaceAndWithEqvMutantOperator",			"mutationStart" : 92,			"method" : "vMin:max:step:",			"mutationEnd" : 117		},		{			"operatorDescription" : "Remove ^",			"class" : "RSLabelGenerator",			"operatorClass" : "RemoveCaretOperator",			"mutationStart" : 155,			"method" : "simplicity:max:step:",			"mutationEnd" : 202		},		{			"operatorDescription" : "Replace #+ with #-",			"class" : "RSLabelGenerator",			"operatorClass" : "ReplacePlusWithMinusMutantOperator",			"mutationStart" : 157,			"method" : "simplicity:max:step:",			"mutationEnd" : 202		},		{			"operatorDescription" : "Replace #- with #+",			"class" : "RSLabelGenerator",			"operatorClass" : "ReplaceMinusWithPlusMutantOperator",			"mutationStart" : 157,			"method" : "simplicity:max:step:",			"mutationEnd" : 163		},		{			"operatorDescription" : "Replace #ifTrue: receiver with true",			"class" : "RSLabelGenerator",			"operatorClass" : "ReplaceIfTrueReceiverWithTrueOperator",			"mutationStart" : 38,			"method" : "simplicity:max:step:",			"mutationEnd" : 151		},		{			"operatorDescription" : "Replace #* with #/",			"class" : "RSLabelGenerator",			"operatorClass" : "ReplaceMultiplicationWithDivisionMutantOperator",			"mutationStart" : 73,			"method" : "w:c:d:l:",			"mutationEnd" : 86		}	],	"testCase" : "RSLabelGeneratorTest",	"unixtime" : 1602319416,	"timeTotal" : 3594}