{	"targetClasses" : [		"RSLabel"	],	"testMethodsIgnored" : [ ],	"methodsNotProfiled" : [		"RSLabel>>#font:",		"RSLabel>>#fontSize:",		"RSLabel>>#emphasis:"	],	"numberOfOriginalTestMethods" : 4,	"timeDetail" : [		"init: % 0.14 (19 seconds 463 milliseconds)",		"assertionAmplification: % 83.78 (3 hours 18 minutes 5 seconds 645 milliseconds)",		"selection: % 13.75 (32 minutes 30 seconds 483 milliseconds)",		"inputAmplification: % 2.26 (5 minutes 20 seconds 162 milliseconds)",		"finalize: % 0.08 (11 seconds 337 milliseconds)"	],	"notCoveredInAmplified" : [		{			"operatorDescription" : "Remove ^",			"class" : "RSLabel",			"operatorClass" : "RemoveCaretOperator",			"mutationStart" : 39,			"method" : "text:",			"mutationEnd" : 44		},		{			"operatorDescription" : "Replace #ifTrue: receiver with false",			"class" : "RSLabel",			"operatorClass" : "ReplaceIfTrueReceiverWithFalseOperator",			"mutationStart" : 15,			"method" : "text:",			"mutationEnd" : 46		},		{			"operatorDescription" : "Remove Exception Handler Operator",			"class" : "RSLabel",			"operatorClass" : "RemoveExceptionHandlerOperator",			"mutationStart" : 138,			"method" : "textWidth",			"mutationEnd" : 229		},		{			"operatorDescription" : "Remove Exception Handler Operator",			"class" : "RSLabel",			"operatorClass" : "RemoveExceptionHandlerOperator",			"mutationStart" : 70,			"method" : "textHeight",			"mutationEnd" : 151		},		{			"operatorDescription" : "Replace #ifTrue:ifFalse: receiver with false",			"class" : "RSLabel",			"operatorClass" : "ReplaceIfTrueIfFalseReceiverWithFalseOperator",			"mutationStart" : 222,			"method" : "initialize",			"mutationEnd" : 342		},		{			"operatorDescription" : "Replace #ifTrue:ifFalse: receiver with true",			"class" : "RSLabel",			"operatorClass" : "ReplaceIfTrueIfFalseReceiverWithTrueOperator",			"mutationStart" : 222,			"method" : "initialize",			"mutationEnd" : 342		},		{			"operatorDescription" : "Replace a == b with (a == b) not",			"class" : "RSLabel",			"operatorClass" : "ReplaceIdentityWithNegationOfIdentity",			"mutationStart" : 223,			"method" : "initialize",			"mutationEnd" : 262		},		{			"operatorDescription" : "Remove ^",			"class" : "RSLabel class",			"operatorClass" : "RemoveCaretOperator",			"mutationStart" : 183,			"method" : "familyFontName",			"mutationEnd" : 201		},		{			"operatorDescription" : "Remove ^",			"class" : "RSLabel class",			"operatorClass" : "RemoveCaretOperator",			"mutationStart" : 252,			"method" : "familyFontName",			"mutationEnd" : 266		},		{			"operatorDescription" : "Remove ^",			"class" : "RSLabel class",			"operatorClass" : "RemoveCaretOperator",			"mutationStart" : 292,			"method" : "familyFontName",			"mutationEnd" : 329		},		{			"operatorDescription" : "Remove ^",			"class" : "RSLabel class",			"operatorClass" : "RemoveCaretOperator",			"mutationStart" : 406,			"method" : "familyFontName",			"mutationEnd" : 440		},		{			"operatorDescription" : "Remove ^",			"class" : "RSLabel class",			"operatorClass" : "RemoveCaretOperator",			"mutationStart" : 451,			"method" : "familyFontName",			"mutationEnd" : 489		},		{			"operatorDescription" : "Replace #ifTrue: receiver with false",			"class" : "RSLabel class",			"operatorClass" : "ReplaceIfTrueReceiverWithFalseOperator",			"mutationStart" : 134,			"method" : "familyFontName",			"mutationEnd" : 203		},		{			"operatorDescription" : "Replace #ifTrue: receiver with false",			"class" : "RSLabel class",			"operatorClass" : "ReplaceIfTrueReceiverWithFalseOperator",			"mutationStart" : 207,			"method" : "familyFontName",			"mutationEnd" : 268		},		{			"operatorDescription" : "Replace #ifTrue: receiver with false",			"class" : "RSLabel class",			"operatorClass" : "ReplaceIfTrueReceiverWithFalseOperator",			"mutationStart" : 337,			"method" : "familyFontName",			"mutationEnd" : 442		},		{			"operatorDescription" : "Replace #ifTrue: receiver with true",			"class" : "RSLabel class",			"operatorClass" : "ReplaceIfTrueReceiverWithTrueOperator",			"mutationStart" : 134,			"method" : "familyFontName",			"mutationEnd" : 203		},		{			"operatorDescription" : "Replace #ifTrue: receiver with true",			"class" : "RSLabel class",			"operatorClass" : "ReplaceIfTrueReceiverWithTrueOperator",			"mutationStart" : 207,			"method" : "familyFontName",			"mutationEnd" : 268		},		{			"operatorDescription" : "Replace #ifTrue: receiver with true",			"class" : "RSLabel class",			"operatorClass" : "ReplaceIfTrueReceiverWithTrueOperator",			"mutationStart" : 337,			"method" : "familyFontName",			"mutationEnd" : 442		},		{			"operatorDescription" : "Replace #ifTrue: with #ifFalse:",			"class" : "RSLabel class",			"operatorClass" : "ReplaceIfTrueWithIfFalseMutantOperator",			"mutationStart" : 134,			"method" : "familyFontName",			"mutationEnd" : 203		},		{			"operatorDescription" : "Replace #ifTrue: with #ifFalse:",			"class" : "RSLabel class",			"operatorClass" : "ReplaceIfTrueWithIfFalseMutantOperator",			"mutationStart" : 207,			"method" : "familyFontName",			"mutationEnd" : 268		},		{			"operatorDescription" : "Replace #ifTrue: with #ifFalse:",			"class" : "RSLabel class",			"operatorClass" : "ReplaceIfTrueWithIfFalseMutantOperator",			"mutationStart" : 337,			"method" : "familyFontName",			"mutationEnd" : 442		}	],	"mutationScoreAfter" : 48,	"mutationScoreBefore" : 34,	"testAmpLoc" : 710,	"amplifiedMethods" : [		"RSLabelTest1008>>#testHasChildren_amp_A8",		"RSLabelTest1008>>#testHasChildren_amp"	],	"testLoc" : "31",	"amplifiedClass" : "RSLabelTest1008",	"numberOfAllMutationsInOriginal" : 41,	"targetLoc" : 164,	"newCovered" : [		{			"operatorDescription" : "Replace #> with #<",			"class" : "RSLabel",			"operatorClass" : "ReplaceGreaterWithLessMutantOperator",			"mutationStart" : 47,			"method" : "is:",			"mutationEnd" : 91		},		{			"operatorDescription" : "Remove ^",			"class" : "RSLabel",			"operatorClass" : "RemoveCaretOperator",			"mutationStart" : 15,			"method" : "isUnderlined",			"mutationEnd" : 26		},		{			"operatorDescription" : "Replace #= with #'~='",			"class" : "RSLabel",			"operatorClass" : "ReplaceEqualWithNotEqualOperator",			"mutationStart" : 15,			"method" : "text:",			"mutationEnd" : 27		},		{			"operatorDescription" : "Replace #ifTrue: receiver with true",			"class" : "RSLabel",			"operatorClass" : "ReplaceIfTrueReceiverWithTrueOperator",			"mutationStart" : 15,			"method" : "text:",			"mutationEnd" : 46		},		{			"operatorDescription" : "Replace #ifTrue: with #ifFalse:",			"class" : "RSLabel",			"operatorClass" : "ReplaceIfTrueWithIfFalseMutantOperator",			"mutationStart" : 15,			"method" : "text:",			"mutationEnd" : 46		},		{			"operatorDescription" : "Remove ^",			"class" : "RSLabel",			"operatorClass" : "RemoveCaretOperator",			"mutationStart" : 7,			"method" : "font",			"mutationEnd" : 12		},		{			"operatorDescription" : "Remove ^",			"class" : "RSLabel",			"operatorClass" : "RemoveCaretOperator",			"mutationStart" : 11,			"method" : "isItalic",			"mutationEnd" : 22		},		{			"operatorDescription" : "Remove ^",			"class" : "RSLabel",			"operatorClass" : "RemoveCaretOperator",			"mutationStart" : 103,			"method" : "emphasis",			"mutationEnd" : 112		},		{			"operatorDescription" : "Remove ^",			"class" : "RSLabel",			"operatorClass" : "RemoveCaretOperator",			"mutationStart" : 11,			"method" : "fontName",			"mutationEnd" : 20		},		{			"operatorDescription" : "Remove ^",			"class" : "RSLabel",			"operatorClass" : "RemoveCaretOperator",			"mutationStart" : 11,			"method" : "fontSize",			"mutationEnd" : 20		}	],	"timeBudgetFinished" : false,	"notCoveredInOriginal" : [		{			"operatorDescription" : "Remove ^",			"class" : "RSLabel",			"operatorClass" : "RemoveCaretOperator",			"mutationStart" : 39,			"method" : "text:",			"mutationEnd" : 44		},		{			"operatorDescription" : "Replace #= with #'~='",			"class" : "RSLabel",			"operatorClass" : "ReplaceEqualWithNotEqualOperator",			"mutationStart" : 15,			"method" : "text:",			"mutationEnd" : 27		},		{			"operatorDescription" : "Replace #ifTrue: receiver with false",			"class" : "RSLabel",			"operatorClass" : "ReplaceIfTrueReceiverWithFalseOperator",			"mutationStart" : 15,			"method" : "text:",			"mutationEnd" : 46		},		{			"operatorDescription" : "Replace #ifTrue: receiver with true",			"class" : "RSLabel",			"operatorClass" : "ReplaceIfTrueReceiverWithTrueOperator",			"mutationStart" : 15,			"method" : "text:",			"mutationEnd" : 46		},		{			"operatorDescription" : "Replace #ifTrue: with #ifFalse:",			"class" : "RSLabel",			"operatorClass" : "ReplaceIfTrueWithIfFalseMutantOperator",			"mutationStart" : 15,			"method" : "text:",			"mutationEnd" : 46		},		{			"operatorDescription" : "Remove Exception Handler Operator",			"class" : "RSLabel",			"operatorClass" : "RemoveExceptionHandlerOperator",			"mutationStart" : 138,			"method" : "textWidth",			"mutationEnd" : 229		},		{			"operatorDescription" : "Remove Exception Handler Operator",			"class" : "RSLabel",			"operatorClass" : "RemoveExceptionHandlerOperator",			"mutationStart" : 70,			"method" : "textHeight",			"mutationEnd" : 151		},		{			"operatorDescription" : "Remove ^",			"class" : "RSLabel",			"operatorClass" : "RemoveCaretOperator",			"mutationStart" : 103,			"method" : "emphasis",			"mutationEnd" : 112		},		{			"operatorDescription" : "Replace #ifTrue:ifFalse: receiver with false",			"class" : "RSLabel",			"operatorClass" : "ReplaceIfTrueIfFalseReceiverWithFalseOperator",			"mutationStart" : 222,			"method" : "initialize",			"mutationEnd" : 342		},		{			"operatorDescription" : "Replace #ifTrue:ifFalse: receiver with true",			"class" : "RSLabel",			"operatorClass" : "ReplaceIfTrueIfFalseReceiverWithTrueOperator",			"mutationStart" : 222,			"method" : "initialize",			"mutationEnd" : 342		},		{			"operatorDescription" : "Replace a == b with (a == b) not",			"class" : "RSLabel",			"operatorClass" : "ReplaceIdentityWithNegationOfIdentity",			"mutationStart" : 223,			"method" : "initialize",			"mutationEnd" : 262		},		{			"operatorDescription" : "Remove ^",			"class" : "RSLabel",			"operatorClass" : "RemoveCaretOperator",			"mutationStart" : 11,			"method" : "fontName",			"mutationEnd" : 20		},		{			"operatorDescription" : "Remove ^",			"class" : "RSLabel",			"operatorClass" : "RemoveCaretOperator",			"mutationStart" : 11,			"method" : "fontSize",			"mutationEnd" : 20		},		{			"operatorDescription" : "Remove ^",			"class" : "RSLabel class",			"operatorClass" : "RemoveCaretOperator",			"mutationStart" : 183,			"method" : "familyFontName",			"mutationEnd" : 201		},		{			"operatorDescription" : "Remove ^",			"class" : "RSLabel class",			"operatorClass" : "RemoveCaretOperator",			"mutationStart" : 252,			"method" : "familyFontName",			"mutationEnd" : 266		},		{			"operatorDescription" : "Remove ^",			"class" : "RSLabel class",			"operatorClass" : "RemoveCaretOperator",			"mutationStart" : 292,			"method" : "familyFontName",			"mutationEnd" : 329		},		{			"operatorDescription" : "Remove ^",			"class" : "RSLabel class",			"operatorClass" : "RemoveCaretOperator",			"mutationStart" : 406,			"method" : "familyFontName",			"mutationEnd" : 440		},		{			"operatorDescription" : "Remove ^",			"class" : "RSLabel class",			"operatorClass" : "RemoveCaretOperator",			"mutationStart" : 451,			"method" : "familyFontName",			"mutationEnd" : 489		},		{			"operatorDescription" : "Replace #ifTrue: receiver with false",			"class" : "RSLabel class",			"operatorClass" : "ReplaceIfTrueReceiverWithFalseOperator",			"mutationStart" : 134,			"method" : "familyFontName",			"mutationEnd" : 203		},		{			"operatorDescription" : "Replace #ifTrue: receiver with false",			"class" : "RSLabel class",			"operatorClass" : "ReplaceIfTrueReceiverWithFalseOperator",			"mutationStart" : 207,			"method" : "familyFontName",			"mutationEnd" : 268		},		{			"operatorDescription" : "Replace #ifTrue: receiver with false",			"class" : "RSLabel class",			"operatorClass" : "ReplaceIfTrueReceiverWithFalseOperator",			"mutationStart" : 337,			"method" : "familyFontName",			"mutationEnd" : 442		},		{			"operatorDescription" : "Replace #ifTrue: receiver with true",			"class" : "RSLabel class",			"operatorClass" : "ReplaceIfTrueReceiverWithTrueOperator",			"mutationStart" : 134,			"method" : "familyFontName",			"mutationEnd" : 203		},		{			"operatorDescription" : "Replace #ifTrue: receiver with true",			"class" : "RSLabel class",			"operatorClass" : "ReplaceIfTrueReceiverWithTrueOperator",			"mutationStart" : 207,			"method" : "familyFontName",			"mutationEnd" : 268		},		{			"operatorDescription" : "Replace #ifTrue: receiver with true",			"class" : "RSLabel class",			"operatorClass" : "ReplaceIfTrueReceiverWithTrueOperator",			"mutationStart" : 337,			"method" : "familyFontName",			"mutationEnd" : 442		},		{			"operatorDescription" : "Replace #ifTrue: with #ifFalse:",			"class" : "RSLabel class",			"operatorClass" : "ReplaceIfTrueWithIfFalseMutantOperator",			"mutationStart" : 134,			"method" : "familyFontName",			"mutationEnd" : 203		},		{			"operatorDescription" : "Replace #ifTrue: with #ifFalse:",			"class" : "RSLabel class",			"operatorClass" : "ReplaceIfTrueWithIfFalseMutantOperator",			"mutationStart" : 207,			"method" : "familyFontName",			"mutationEnd" : 268		},		{			"operatorDescription" : "Replace #ifTrue: with #ifFalse:",			"class" : "RSLabel class",			"operatorClass" : "ReplaceIfTrueWithIfFalseMutantOperator",			"mutationStart" : 337,			"method" : "familyFontName",			"mutationEnd" : 442		}	],	"testCase" : "RSLabelTest",	"unixtime" : 1602117335,	"timeTotal" : 14187}