{	"targetClasses" : [		"RSLinePlot"	],	"testMethodsIgnored" : [ ],	"methodsNotProfiled" : [		"RSLinePlot>>#addInteraction:",		"RSLinePlot>>#markerEnd:",		"RSLinePlot>>#controlPointsController:",		"RSLinePlot>>#cornerRadii:",		"RSLinePlot>>#format:",		"RSLinePlot>>#paint:",		"RSLinePlot>>#fmt:",		"RSLinePlot>>#shape:",		"RSLinePlot>>#border:",		"RSLinePlot>>#color:",		"RSLinePlot>>#markerStart:",		"RSLinePlot>>#width:",		"RSLinePlot>>#borderColor:",		"RSLinePlot>>#dashArray:",		"RSLinePlot class>>#fileOutLocalMethodsInCategory:on:",		"RSLinePlot class>>#addSelector:withMethod:",		"RSLinePlot class>>#findOriginClassOf:",		"RSLinePlot class>>#addAndClassifySelector:withMethod:inProtocol:",		"RSLinePlot class>>#includesLocalSelector:",		"RSLinePlot class>>#removeFromComposition:",		"RSLinePlot class>>#recategorizeSelector:from:to:",		"RSLinePlot class>>#removeFromSystem:",		"RSLinePlot class>>#findOriginMethodOf:",		"RSLinePlot class>>#addSelector:withMethod:notifying:",		"RSLinePlot class>>#isLocalSelector:",		"RSLinePlot class>>#isLocalAliasSelector:",		"RSLinePlot class>>#removeSelector:",		"RSLinePlot class>>#traitComposition:",		"RSLinePlot class>>#isAliasSelector:",		"RSLinePlot class>>#localMethodDict:",		"RSLinePlot class>>#isLocalMethodsProtocol:"	],	"numberOfOriginalTestMethods" : 6,	"timeDetail" : [		"init: % 1.08 (31 seconds 537 milliseconds)",		"assertionAmplification: % 82.86 (40 minutes 11 seconds 819 milliseconds)",		"selection: % 6.10 (2 minutes 57 seconds 687 milliseconds)",		"inputAmplification: % 8.68 (4 minutes 12 seconds 787 milliseconds)",		"finalize: % 1.27 (36 seconds 918 milliseconds)"	],	"notCoveredInAmplified" : [		{			"operatorDescription" : "Replace #ifTrue: receiver with false",			"class" : "RSLinePlot",			"operatorClass" : "ReplaceIfTrueReceiverWithFalseOperator",			"mutationStart" : 198,			"method" : "renderIn:",			"mutationEnd" : 306		},		{			"operatorDescription" : "Replace #ifTrue: receiver with true",			"class" : "RSLinePlot",			"operatorClass" : "ReplaceIfTrueReceiverWithTrueOperator",			"mutationStart" : 198,			"method" : "renderIn:",			"mutationEnd" : 306		},		{			"operatorDescription" : "Replace #ifTrue: with #ifFalse:",			"class" : "RSLinePlot",			"operatorClass" : "ReplaceIfTrueWithIfFalseMutantOperator",			"mutationStart" : 198,			"method" : "renderIn:",			"mutationEnd" : 306		},		{			"operatorDescription" : "Replace do block with [:each |]",			"class" : "RSLinePlot",			"operatorClass" : "ReplaceDoBlockWithEmptyBlockOperator",			"mutationStart" : 102,			"method" : "renderIn:",			"mutationEnd" : 308		}	],	"mutationScoreAfter" : 33,	"mutationScoreBefore" : 33,	"testAmpLoc" : 0,	"amplifiedMethods" : [ ],	"testLoc" : "2",	"amplifiedClass" : "RSLinePlotTest450",	"numberOfAllMutationsInOriginal" : 6,	"targetLoc" : 20,	"newCovered" : [ ],	"timeBudgetFinished" : false,	"notCoveredInOriginal" : [		{			"operatorDescription" : "Replace #ifTrue: receiver with false",			"class" : "RSLinePlot",			"operatorClass" : "ReplaceIfTrueReceiverWithFalseOperator",			"mutationStart" : 198,			"method" : "renderIn:",			"mutationEnd" : 306		},		{			"operatorDescription" : "Replace #ifTrue: receiver with true",			"class" : "RSLinePlot",			"operatorClass" : "ReplaceIfTrueReceiverWithTrueOperator",			"mutationStart" : 198,			"method" : "renderIn:",			"mutationEnd" : 306		},		{			"operatorDescription" : "Replace #ifTrue: with #ifFalse:",			"class" : "RSLinePlot",			"operatorClass" : "ReplaceIfTrueWithIfFalseMutantOperator",			"mutationStart" : 198,			"method" : "renderIn:",			"mutationEnd" : 306		},		{			"operatorDescription" : "Replace do block with [:each |]",			"class" : "RSLinePlot",			"operatorClass" : "ReplaceDoBlockWithEmptyBlockOperator",			"mutationStart" : 102,			"method" : "renderIn:",			"mutationEnd" : 308		}	],	"testCase" : "RSLinePlotTest",	"unixtime" : 1602093107,	"timeTotal" : 2910}