{	"targetClasses" : [		"RSNormalizer"	],	"testMethodsIgnored" : [ ],	"methodsNotProfiled" : [		"RSNormalizer>>#scale:"	],	"numberOfOriginalTestMethods" : 1,	"timeDetail" : [		"init: % 56.43 (3 seconds 720 milliseconds)",		"finalize: % 43.57 (2 seconds 872 milliseconds)"	],	"notCoveredInAmplified" : [		{			"operatorDescription" : "Remove ^",			"class" : "RSNormalizer",			"operatorClass" : "RemoveCaretOperator",			"mutationStart" : 8,			"method" : "scale",			"mutationEnd" : 14		},		{			"operatorDescription" : "Replace #max: with #min:",			"class" : "RSNormalizer",			"operatorClass" : "ReplaceMaxWithMinMutantOperator",			"mutationStart" : 263,			"method" : "minAndMaxFor:",			"mutationEnd" : 274		},		{			"operatorDescription" : "Remove ^",			"class" : "RSNormalizer",			"operatorClass" : "RemoveCaretOperator",			"mutationStart" : 6,			"method" : "key",			"mutationEnd" : 23		},		{			"operatorDescription" : "Remove ^",			"class" : "RSNormalizer",			"operatorClass" : "RemoveCaretOperator",			"mutationStart" : 56,			"method" : "shapes",			"mutationEnd" : 63		},		{			"operatorDescription" : "Remove ^",			"class" : "RSNormalizer class",			"operatorClass" : "RemoveCaretOperator",			"mutationStart" : 1347,			"method" : "position",			"mutationEnd" : 1349		},		{			"operatorDescription" : "Remove ^",			"class" : "RSNormalizer class",			"operatorClass" : "RemoveCaretOperator",			"mutationStart" : 127,			"method" : "height",			"mutationEnd" : 129		},		{			"operatorDescription" : "Remove ^",			"class" : "RSNormalizer class",			"operatorClass" : "RemoveCaretOperator",			"mutationStart" : 125,			"method" : "width",			"mutationEnd" : 127		},		{			"operatorDescription" : "Remove ^",			"class" : "RSNormalizer class",			"operatorClass" : "RemoveCaretOperator",			"mutationStart" : 573,			"method" : "fontSize",			"mutationEnd" : 575		}	],	"mutationScoreAfter" : 42,	"mutationScoreBefore" : 42,	"testAmpLoc" : 0,	"amplifiedMethods" : [ ],	"testLoc" : "16",	"amplifiedClass" : "RSNormalizerTest575",	"numberOfAllMutationsInOriginal" : 14,	"targetLoc" : 324,	"newCovered" : [ ],	"timeBudgetFinished" : false,	"notCoveredInOriginal" : [		{			"operatorDescription" : "Remove ^",			"class" : "RSNormalizer",			"operatorClass" : "RemoveCaretOperator",			"mutationStart" : 8,			"method" : "scale",			"mutationEnd" : 14		},		{			"operatorDescription" : "Replace #max: with #min:",			"class" : "RSNormalizer",			"operatorClass" : "ReplaceMaxWithMinMutantOperator",			"mutationStart" : 263,			"method" : "minAndMaxFor:",			"mutationEnd" : 274		},		{			"operatorDescription" : "Remove ^",			"class" : "RSNormalizer",			"operatorClass" : "RemoveCaretOperator",			"mutationStart" : 6,			"method" : "key",			"mutationEnd" : 23		},		{			"operatorDescription" : "Remove ^",			"class" : "RSNormalizer",			"operatorClass" : "RemoveCaretOperator",			"mutationStart" : 56,			"method" : "shapes",			"mutationEnd" : 63		},		{			"operatorDescription" : "Remove ^",			"class" : "RSNormalizer class",			"operatorClass" : "RemoveCaretOperator",			"mutationStart" : 1347,			"method" : "position",			"mutationEnd" : 1349		},		{			"operatorDescription" : "Remove ^",			"class" : "RSNormalizer class",			"operatorClass" : "RemoveCaretOperator",			"mutationStart" : 127,			"method" : "height",			"mutationEnd" : 129		},		{			"operatorDescription" : "Remove ^",			"class" : "RSNormalizer class",			"operatorClass" : "RemoveCaretOperator",			"mutationStart" : 125,			"method" : "width",			"mutationEnd" : 127		},		{			"operatorDescription" : "Remove ^",			"class" : "RSNormalizer class",			"operatorClass" : "RemoveCaretOperator",			"mutationStart" : 573,			"method" : "fontSize",			"mutationEnd" : 575		}	],	"testCase" : "RSNormalizerTest",	"unixtime" : 1602097318,	"timeTotal" : 6}