{	"targetClasses" : [		"RSPopup"	],	"testMethodsIgnored" : [ ],	"methodsNotProfiled" : [		"RSPopup>>#text:",		"RSPopup>>#shapeBuilder:",		"RSPopup class>>#text:"	],	"numberOfOriginalTestMethods" : 7,	"timeDetail" : [		"init: % 0.31 (35 seconds 111 milliseconds)",		"assertionAmplification: % 61.77 (1 hour 56 minutes 9 seconds 520 milliseconds)",		"selection: % 32.03 (1 hour 13 seconds 341 milliseconds)",		"inputAmplification: % 5.50 (10 minutes 20 seconds 649 milliseconds)",		"finalize: % 0.39 (43 seconds 507 milliseconds)"	],	"notCoveredInAmplified" : [		{			"operatorDescription" : "Replace #+ with #-",			"class" : "RSPopup",			"operatorClass" : "ReplacePlusWithMinusMutantOperator",			"mutationStart" : 138,			"method" : "translatePopup:event:",			"mutationEnd" : 158		},		{			"operatorDescription" : "Replace #+ with #-",			"class" : "RSPopup",			"operatorClass" : "ReplacePlusWithMinusMutantOperator",			"mutationStart" : 162,			"method" : "translatePopup:event:",			"mutationEnd" : 178		},		{			"operatorDescription" : "Replace #+ with #-",			"class" : "RSPopup",			"operatorClass" : "ReplacePlusWithMinusMutantOperator",			"mutationStart" : 269,			"method" : "translatePopup:event:",			"mutationEnd" : 301		},		{			"operatorDescription" : "Replace #+ with #-",			"class" : "RSPopup",			"operatorClass" : "ReplacePlusWithMinusMutantOperator",			"mutationStart" : 283,			"method" : "translatePopup:event:",			"mutationEnd" : 301		},		{			"operatorDescription" : "Replace #+ with #-",			"class" : "RSPopup",			"operatorClass" : "ReplacePlusWithMinusMutantOperator",			"mutationStart" : 318,			"method" : "translatePopup:event:",			"mutationEnd" : 335		},		{			"operatorDescription" : "Replace #+ with #-",			"class" : "RSPopup",			"operatorClass" : "ReplacePlusWithMinusMutantOperator",			"mutationStart" : 433,			"method" : "translatePopup:event:",			"mutationEnd" : 470		},		{			"operatorDescription" : "Replace #+ with #-",			"class" : "RSPopup",			"operatorClass" : "ReplacePlusWithMinusMutantOperator",			"mutationStart" : 449,			"method" : "translatePopup:event:",			"mutationEnd" : 468		},		{			"operatorDescription" : "Replace #+ with #-",			"class" : "RSPopup",			"operatorClass" : "ReplacePlusWithMinusMutantOperator",			"mutationStart" : 500,			"method" : "translatePopup:event:",			"mutationEnd" : 504		},		{			"operatorDescription" : "Replace #- with #+",			"class" : "RSPopup",			"operatorClass" : "ReplaceMinusWithPlusMutantOperator",			"mutationStart" : 230,			"method" : "translatePopup:event:",			"mutationEnd" : 246		},		{			"operatorDescription" : "Replace #- with #+",			"class" : "RSPopup",			"operatorClass" : "ReplaceMinusWithPlusMutantOperator",			"mutationStart" : 387,			"method" : "translatePopup:event:",			"mutationEnd" : 404		},		{			"operatorDescription" : "Replace #/ with #*",			"class" : "RSPopup",			"operatorClass" : "ReplaceDivisionWithMultiplicationMutantOperator",			"mutationStart" : 138,			"method" : "translatePopup:event:",			"mutationEnd" : 154		},		{			"operatorDescription" : "Replace #/ with #*",			"class" : "RSPopup",			"operatorClass" : "ReplaceDivisionWithMultiplicationMutantOperator",			"mutationStart" : 284,			"method" : "translatePopup:event:",			"mutationEnd" : 296		},		{			"operatorDescription" : "Replace #/ with #*",			"class" : "RSPopup",			"operatorClass" : "ReplaceDivisionWithMultiplicationMutantOperator",			"mutationStart" : 450,			"method" : "translatePopup:event:",			"mutationEnd" : 463		},		{			"operatorDescription" : "Replace #< with #>",			"class" : "RSPopup",			"operatorClass" : "ReplaceLessWithGreaterMutantOperator",			"mutationStart" : 230,			"method" : "translatePopup:event:",			"mutationEnd" : 250		},		{			"operatorDescription" : "Replace #< with #>",			"class" : "RSPopup",			"operatorClass" : "ReplaceLessWithGreaterMutantOperator",			"mutationStart" : 387,			"method" : "translatePopup:event:",			"mutationEnd" : 408		},		{			"operatorDescription" : "Replace #> with #<",			"class" : "RSPopup",			"operatorClass" : "ReplaceGreaterWithLessMutantOperator",			"mutationStart" : 162,			"method" : "translatePopup:event:",			"mutationEnd" : 189		},		{			"operatorDescription" : "Replace #> with #<",			"class" : "RSPopup",			"operatorClass" : "ReplaceGreaterWithLessMutantOperator",			"mutationStart" : 318,			"method" : "translatePopup:event:",			"mutationEnd" : 346		},		{			"operatorDescription" : "Replace #ifTrue: receiver with false",			"class" : "RSPopup",			"operatorClass" : "ReplaceIfTrueReceiverWithFalseOperator",			"mutationStart" : 162,			"method" : "translatePopup:event:",			"mutationEnd" : 314		},		{			"operatorDescription" : "Replace #ifTrue: receiver with false",			"class" : "RSPopup",			"operatorClass" : "ReplaceIfTrueReceiverWithFalseOperator",			"mutationStart" : 230,			"method" : "translatePopup:event:",			"mutationEnd" : 309		},		{			"operatorDescription" : "Replace #ifTrue: receiver with false",			"class" : "RSPopup",			"operatorClass" : "ReplaceIfTrueReceiverWithFalseOperator",			"mutationStart" : 318,			"method" : "translatePopup:event:",			"mutationEnd" : 476		},		{			"operatorDescription" : "Replace #ifTrue: receiver with false",			"class" : "RSPopup",			"operatorClass" : "ReplaceIfTrueReceiverWithFalseOperator",			"mutationStart" : 387,			"method" : "translatePopup:event:",			"mutationEnd" : 472		},		{			"operatorDescription" : "Replace #ifTrue: receiver with true",			"class" : "RSPopup",			"operatorClass" : "ReplaceIfTrueReceiverWithTrueOperator",			"mutationStart" : 162,			"method" : "translatePopup:event:",			"mutationEnd" : 314		},		{			"operatorDescription" : "Replace #ifTrue: receiver with true",			"class" : "RSPopup",			"operatorClass" : "ReplaceIfTrueReceiverWithTrueOperator",			"mutationStart" : 230,			"method" : "translatePopup:event:",			"mutationEnd" : 309		},		{			"operatorDescription" : "Replace #ifTrue: receiver with true",			"class" : "RSPopup",			"operatorClass" : "ReplaceIfTrueReceiverWithTrueOperator",			"mutationStart" : 318,			"method" : "translatePopup:event:",			"mutationEnd" : 476		},		{			"operatorDescription" : "Replace #ifTrue: receiver with true",			"class" : "RSPopup",			"operatorClass" : "ReplaceIfTrueReceiverWithTrueOperator",			"mutationStart" : 387,			"method" : "translatePopup:event:",			"mutationEnd" : 472		},		{			"operatorDescription" : "Replace #ifTrue: with #ifFalse:",			"class" : "RSPopup",			"operatorClass" : "ReplaceIfTrueWithIfFalseMutantOperator",			"mutationStart" : 162,			"method" : "translatePopup:event:",			"mutationEnd" : 314		},		{			"operatorDescription" : "Replace #ifTrue: with #ifFalse:",			"class" : "RSPopup",			"operatorClass" : "ReplaceIfTrueWithIfFalseMutantOperator",			"mutationStart" : 230,			"method" : "translatePopup:event:",			"mutationEnd" : 309		},		{			"operatorDescription" : "Replace #ifTrue: with #ifFalse:",			"class" : "RSPopup",			"operatorClass" : "ReplaceIfTrueWithIfFalseMutantOperator",			"mutationStart" : 318,			"method" : "translatePopup:event:",			"mutationEnd" : 476		},		{			"operatorDescription" : "Replace #ifTrue: with #ifFalse:",			"class" : "RSPopup",			"operatorClass" : "ReplaceIfTrueWithIfFalseMutantOperator",			"mutationStart" : 387,			"method" : "translatePopup:event:",			"mutationEnd" : 472		},		{			"operatorDescription" : "Remove ^",			"class" : "RSPopup",			"operatorClass" : "RemoveCaretOperator",			"mutationStart" : 15,			"method" : "shapeBuilder",			"mutationEnd" : 28		},		{			"operatorDescription" : "Remove ^",			"class" : "RSPopup class",			"operatorClass" : "RemoveCaretOperator",			"mutationStart" : 86,			"method" : "text:",			"mutationEnd" : 91		}	],	"mutationScoreAfter" : 3,	"mutationScoreBefore" : 3,	"testAmpLoc" : 0,	"amplifiedMethods" : [ ],	"testLoc" : "94",	"amplifiedClass" : "RSPopupTest2975",	"numberOfAllMutationsInOriginal" : 32,	"targetLoc" : 44,	"newCovered" : [ ],	"timeBudgetFinished" : false,	"notCoveredInOriginal" : [		{			"operatorDescription" : "Replace #+ with #-",			"class" : "RSPopup",			"operatorClass" : "ReplacePlusWithMinusMutantOperator",			"mutationStart" : 138,			"method" : "translatePopup:event:",			"mutationEnd" : 158		},		{			"operatorDescription" : "Replace #+ with #-",			"class" : "RSPopup",			"operatorClass" : "ReplacePlusWithMinusMutantOperator",			"mutationStart" : 162,			"method" : "translatePopup:event:",			"mutationEnd" : 178		},		{			"operatorDescription" : "Replace #+ with #-",			"class" : "RSPopup",			"operatorClass" : "ReplacePlusWithMinusMutantOperator",			"mutationStart" : 269,			"method" : "translatePopup:event:",			"mutationEnd" : 301		},		{			"operatorDescription" : "Replace #+ with #-",			"class" : "RSPopup",			"operatorClass" : "ReplacePlusWithMinusMutantOperator",			"mutationStart" : 283,			"method" : "translatePopup:event:",			"mutationEnd" : 301		},		{			"operatorDescription" : "Replace #+ with #-",			"class" : "RSPopup",			"operatorClass" : "ReplacePlusWithMinusMutantOperator",			"mutationStart" : 318,			"method" : "translatePopup:event:",			"mutationEnd" : 335		},		{			"operatorDescription" : "Replace #+ with #-",			"class" : "RSPopup",			"operatorClass" : "ReplacePlusWithMinusMutantOperator",			"mutationStart" : 433,			"method" : "translatePopup:event:",			"mutationEnd" : 470		},		{			"operatorDescription" : "Replace #+ with #-",			"class" : "RSPopup",			"operatorClass" : "ReplacePlusWithMinusMutantOperator",			"mutationStart" : 449,			"method" : "translatePopup:event:",			"mutationEnd" : 468		},		{			"operatorDescription" : "Replace #+ with #-",			"class" : "RSPopup",			"operatorClass" : "ReplacePlusWithMinusMutantOperator",			"mutationStart" : 500,			"method" : "translatePopup:event:",			"mutationEnd" : 504		},		{			"operatorDescription" : "Replace #- with #+",			"class" : "RSPopup",			"operatorClass" : "ReplaceMinusWithPlusMutantOperator",			"mutationStart" : 230,			"method" : "translatePopup:event:",			"mutationEnd" : 246		},		{			"operatorDescription" : "Replace #- with #+",			"class" : "RSPopup",			"operatorClass" : "ReplaceMinusWithPlusMutantOperator",			"mutationStart" : 387,			"method" : "translatePopup:event:",			"mutationEnd" : 404		},		{			"operatorDescription" : "Replace #/ with #*",			"class" : "RSPopup",			"operatorClass" : "ReplaceDivisionWithMultiplicationMutantOperator",			"mutationStart" : 138,			"method" : "translatePopup:event:",			"mutationEnd" : 154		},		{			"operatorDescription" : "Replace #/ with #*",			"class" : "RSPopup",			"operatorClass" : "ReplaceDivisionWithMultiplicationMutantOperator",			"mutationStart" : 284,			"method" : "translatePopup:event:",			"mutationEnd" : 296		},		{			"operatorDescription" : "Replace #/ with #*",			"class" : "RSPopup",			"operatorClass" : "ReplaceDivisionWithMultiplicationMutantOperator",			"mutationStart" : 450,			"method" : "translatePopup:event:",			"mutationEnd" : 463		},		{			"operatorDescription" : "Replace #< with #>",			"class" : "RSPopup",			"operatorClass" : "ReplaceLessWithGreaterMutantOperator",			"mutationStart" : 230,			"method" : "translatePopup:event:",			"mutationEnd" : 250		},		{			"operatorDescription" : "Replace #< with #>",			"class" : "RSPopup",			"operatorClass" : "ReplaceLessWithGreaterMutantOperator",			"mutationStart" : 387,			"method" : "translatePopup:event:",			"mutationEnd" : 408		},		{			"operatorDescription" : "Replace #> with #<",			"class" : "RSPopup",			"operatorClass" : "ReplaceGreaterWithLessMutantOperator",			"mutationStart" : 162,			"method" : "translatePopup:event:",			"mutationEnd" : 189		},		{			"operatorDescription" : "Replace #> with #<",			"class" : "RSPopup",			"operatorClass" : "ReplaceGreaterWithLessMutantOperator",			"mutationStart" : 318,			"method" : "translatePopup:event:",			"mutationEnd" : 346		},		{			"operatorDescription" : "Replace #ifTrue: receiver with false",			"class" : "RSPopup",			"operatorClass" : "ReplaceIfTrueReceiverWithFalseOperator",			"mutationStart" : 162,			"method" : "translatePopup:event:",			"mutationEnd" : 314		},		{			"operatorDescription" : "Replace #ifTrue: receiver with false",			"class" : "RSPopup",			"operatorClass" : "ReplaceIfTrueReceiverWithFalseOperator",			"mutationStart" : 230,			"method" : "translatePopup:event:",			"mutationEnd" : 309		},		{			"operatorDescription" : "Replace #ifTrue: receiver with false",			"class" : "RSPopup",			"operatorClass" : "ReplaceIfTrueReceiverWithFalseOperator",			"mutationStart" : 318,			"method" : "translatePopup:event:",			"mutationEnd" : 476		},		{			"operatorDescription" : "Replace #ifTrue: receiver with false",			"class" : "RSPopup",			"operatorClass" : "ReplaceIfTrueReceiverWithFalseOperator",			"mutationStart" : 387,			"method" : "translatePopup:event:",			"mutationEnd" : 472		},		{			"operatorDescription" : "Replace #ifTrue: receiver with true",			"class" : "RSPopup",			"operatorClass" : "ReplaceIfTrueReceiverWithTrueOperator",			"mutationStart" : 162,			"method" : "translatePopup:event:",			"mutationEnd" : 314		},		{			"operatorDescription" : "Replace #ifTrue: receiver with true",			"class" : "RSPopup",			"operatorClass" : "ReplaceIfTrueReceiverWithTrueOperator",			"mutationStart" : 230,			"method" : "translatePopup:event:",			"mutationEnd" : 309		},		{			"operatorDescription" : "Replace #ifTrue: receiver with true",			"class" : "RSPopup",			"operatorClass" : "ReplaceIfTrueReceiverWithTrueOperator",			"mutationStart" : 318,			"method" : "translatePopup:event:",			"mutationEnd" : 476		},		{			"operatorDescription" : "Replace #ifTrue: receiver with true",			"class" : "RSPopup",			"operatorClass" : "ReplaceIfTrueReceiverWithTrueOperator",			"mutationStart" : 387,			"method" : "translatePopup:event:",			"mutationEnd" : 472		},		{			"operatorDescription" : "Replace #ifTrue: with #ifFalse:",			"class" : "RSPopup",			"operatorClass" : "ReplaceIfTrueWithIfFalseMutantOperator",			"mutationStart" : 162,			"method" : "translatePopup:event:",			"mutationEnd" : 314		},		{			"operatorDescription" : "Replace #ifTrue: with #ifFalse:",			"class" : "RSPopup",			"operatorClass" : "ReplaceIfTrueWithIfFalseMutantOperator",			"mutationStart" : 230,			"method" : "translatePopup:event:",			"mutationEnd" : 309		},		{			"operatorDescription" : "Replace #ifTrue: with #ifFalse:",			"class" : "RSPopup",			"operatorClass" : "ReplaceIfTrueWithIfFalseMutantOperator",			"mutationStart" : 318,			"method" : "translatePopup:event:",			"mutationEnd" : 476		},		{			"operatorDescription" : "Replace #ifTrue: with #ifFalse:",			"class" : "RSPopup",			"operatorClass" : "ReplaceIfTrueWithIfFalseMutantOperator",			"mutationStart" : 387,			"method" : "translatePopup:event:",			"mutationEnd" : 472		},		{			"operatorDescription" : "Remove ^",			"class" : "RSPopup",			"operatorClass" : "RemoveCaretOperator",			"mutationStart" : 15,			"method" : "shapeBuilder",			"mutationEnd" : 28		},		{			"operatorDescription" : "Remove ^",			"class" : "RSPopup class",			"operatorClass" : "RemoveCaretOperator",			"mutationStart" : 86,			"method" : "text:",			"mutationEnd" : 91		}	],	"testCase" : "RSPopupTest",	"unixtime" : 1602254964,	"timeTotal" : 11282}