{	"targetClasses" : [		"RSScatterPlot"	],	"testMethodsIgnored" : [ ],	"methodsNotProfiled" : [		"RSScatterPlot>>#processBlock:"	],	"numberOfOriginalTestMethods" : 6,	"timeDetail" : [		"init: % 50.50 (20 seconds 811 milliseconds)",		"finalize: % 49.50 (20 seconds 396 milliseconds)"	],	"notCoveredInAmplified" : [		{			"operatorDescription" : "Remove ^",			"class" : "RSScatterPlot",			"operatorClass" : "RemoveCaretOperator",			"mutationStart" : 15,			"method" : "processBlock",			"mutationEnd" : 28		},		{			"operatorDescription" : "Replace #ifTrue: receiver with false",			"class" : "RSScatterPlot",			"operatorClass" : "ReplaceIfTrueReceiverWithFalseOperator",			"mutationStart" : 391,			"method" : "renderIn:",			"mutationEnd" : 490		},		{			"operatorDescription" : "Replace #ifTrue: receiver with true",			"class" : "RSScatterPlot",			"operatorClass" : "ReplaceIfTrueReceiverWithTrueOperator",			"mutationStart" : 391,			"method" : "renderIn:",			"mutationEnd" : 490		},		{			"operatorDescription" : "Replace #ifTrue: with #ifFalse:",			"class" : "RSScatterPlot",			"operatorClass" : "ReplaceIfTrueWithIfFalseMutantOperator",			"mutationStart" : 391,			"method" : "renderIn:",			"mutationEnd" : 490		}	],	"mutationScoreAfter" : 20,	"mutationScoreBefore" : 20,	"testAmpLoc" : 0,	"amplifiedMethods" : [ ],	"testLoc" : "2",	"amplifiedClass" : "RSScatterPlotTest451",	"numberOfAllMutationsInOriginal" : 5,	"targetLoc" : 28,	"newCovered" : [ ],	"timeBudgetFinished" : false,	"notCoveredInOriginal" : [		{			"operatorDescription" : "Remove ^",			"class" : "RSScatterPlot",			"operatorClass" : "RemoveCaretOperator",			"mutationStart" : 15,			"method" : "processBlock",			"mutationEnd" : 28		},		{			"operatorDescription" : "Replace #ifTrue: receiver with false",			"class" : "RSScatterPlot",			"operatorClass" : "ReplaceIfTrueReceiverWithFalseOperator",			"mutationStart" : 391,			"method" : "renderIn:",			"mutationEnd" : 490		},		{			"operatorDescription" : "Replace #ifTrue: receiver with true",			"class" : "RSScatterPlot",			"operatorClass" : "ReplaceIfTrueReceiverWithTrueOperator",			"mutationStart" : 391,			"method" : "renderIn:",			"mutationEnd" : 490		},		{			"operatorDescription" : "Replace #ifTrue: with #ifFalse:",			"class" : "RSScatterPlot",			"operatorClass" : "ReplaceIfTrueWithIfFalseMutantOperator",			"mutationStart" : 391,			"method" : "renderIn:",			"mutationEnd" : 490		}	],	"testCase" : "RSScatterPlotTest",	"unixtime" : 1602093163,	"timeTotal" : 41}