{	"targetClasses" : [		"RSSearchInCanvas"	],	"testMethodsIgnored" : [ ],	"methodsNotProfiled" : [		"RSSearchInCanvas>>#highlightShapes:",		"RSSearchInCanvas>>#processKeyDown:",		"RSSearchInCanvas>>#unhighlightShape:",		"RSSearchInCanvas>>#unhighlightShapes:"	],	"numberOfOriginalTestMethods" : 6,	"timeDetail" : [		"init: % 0.21 (29 seconds 79 milliseconds)",		"assertionAmplification: % 81.46 (3 hours 4 minutes 50 seconds 796 milliseconds)",		"selection: % 12.01 (27 minutes 14 seconds 684 milliseconds)",		"inputAmplification: % 6.17 (13 minutes 59 seconds 841 milliseconds)",		"finalize: % 0.15 (20 seconds 841 milliseconds)"	],	"notCoveredInAmplified" : [		{			"operatorDescription" : "Remove ^",			"class" : "RSSearchInCanvas",			"operatorClass" : "RemoveCaretOperator",			"mutationStart" : 283,			"method" : "searchForShapes:",			"mutationEnd" : 288		},		{			"operatorDescription" : "Remove ^",			"class" : "RSSearchInCanvas",			"operatorClass" : "RemoveCaretOperator",			"mutationStart" : 167,			"method" : "searchForShapes",			"mutationEnd" : 172		},		{			"operatorDescription" : "Replace #ifFalse: receiver with false",			"class" : "RSSearchInCanvas",			"operatorClass" : "ReplaceIfFalseReceiverWithFalseOperator",			"mutationStart" : 125,			"method" : "searchForShapes",			"mutationEnd" : 174		},		{			"operatorDescription" : "Replace #ifFalse: receiver with true",			"class" : "RSSearchInCanvas",			"operatorClass" : "ReplaceIfFalseReceiverWithTrueOperator",			"mutationStart" : 125,			"method" : "searchForShapes",			"mutationEnd" : 174		},		{			"operatorDescription" : "Replace #ifFalse: with #ifTrue:",			"class" : "RSSearchInCanvas",			"operatorClass" : "ReplaceIfFalseWithIfTrueMutantOperator",			"mutationStart" : 125,			"method" : "searchForShapes",			"mutationEnd" : 174		},		{			"operatorDescription" : "Remove ^",			"class" : "RSSearchInCanvas",			"operatorClass" : "RemoveCaretOperator",			"mutationStart" : 39,			"method" : "obtainRegExpToHighlight",			"mutationEnd" : 135		},		{			"operatorDescription" : "Replace do block with [:each |]",			"class" : "RSSearchInCanvas",			"operatorClass" : "ReplaceDoBlockWithEmptyBlockOperator",			"mutationStart" : 37,			"method" : "highlightShapes:",			"mutationEnd" : 89		},		{			"operatorDescription" : "Replace #= with #'~='",			"class" : "RSSearchInCanvas",			"operatorClass" : "ReplaceEqualWithNotEqualOperator",			"mutationStart" : 86,			"method" : "processKeyDown:",			"mutationEnd" : 112		},		{			"operatorDescription" : "Replace #= with #'~='",			"class" : "RSSearchInCanvas",			"operatorClass" : "ReplaceEqualWithNotEqualOperator",			"mutationStart" : 149,			"method" : "processKeyDown:",			"mutationEnd" : 174		},		{			"operatorDescription" : "Replace #ifTrue: receiver with false",			"class" : "RSSearchInCanvas",			"operatorClass" : "ReplaceIfTrueReceiverWithFalseOperator",			"mutationStart" : 86,			"method" : "processKeyDown:",			"mutationEnd" : 145		},		{			"operatorDescription" : "Replace #ifTrue: receiver with false",			"class" : "RSSearchInCanvas",			"operatorClass" : "ReplaceIfTrueReceiverWithFalseOperator",			"mutationStart" : 149,			"method" : "processKeyDown:",			"mutationEnd" : 217		},		{			"operatorDescription" : "Replace #ifTrue: receiver with true",			"class" : "RSSearchInCanvas",			"operatorClass" : "ReplaceIfTrueReceiverWithTrueOperator",			"mutationStart" : 86,			"method" : "processKeyDown:",			"mutationEnd" : 145		},		{			"operatorDescription" : "Replace #ifTrue: receiver with true",			"class" : "RSSearchInCanvas",			"operatorClass" : "ReplaceIfTrueReceiverWithTrueOperator",			"mutationStart" : 149,			"method" : "processKeyDown:",			"mutationEnd" : 217		},		{			"operatorDescription" : "Replace #ifTrue: with #ifFalse:",			"class" : "RSSearchInCanvas",			"operatorClass" : "ReplaceIfTrueWithIfFalseMutantOperator",			"mutationStart" : 86,			"method" : "processKeyDown:",			"mutationEnd" : 145		},		{			"operatorDescription" : "Replace #ifTrue: with #ifFalse:",			"class" : "RSSearchInCanvas",			"operatorClass" : "ReplaceIfTrueWithIfFalseMutantOperator",			"mutationStart" : 149,			"method" : "processKeyDown:",			"mutationEnd" : 217		},		{			"operatorDescription" : "Remove ^",			"class" : "RSSearchInCanvas",			"operatorClass" : "RemoveCaretOperator",			"mutationStart" : 22,			"method" : "unhighlightShape:",			"mutationEnd" : 70		},		{			"operatorDescription" : "Replace #and: argument with [true]",			"class" : "RSSearchInCanvas",			"operatorClass" : "ReplaceAndArgumentWithTrueOperator",			"mutationStart" : 268,			"method" : "candidateShapes",			"mutationEnd" : 299		},		{			"operatorDescription" : "Replace #and: receiver with true",			"class" : "RSSearchInCanvas",			"operatorClass" : "ReplaceAndReceiverWithTrueOperator",			"mutationStart" : 268,			"method" : "candidateShapes",			"mutationEnd" : 299		},		{			"operatorDescription" : "Replace #and: with #or:",			"class" : "RSSearchInCanvas",			"operatorClass" : "ReplaceAndWithOrMutantOperator",			"mutationStart" : 268,			"method" : "candidateShapes",			"mutationEnd" : 299		},		{			"operatorDescription" : "Replace do block with [:each |]",			"class" : "RSSearchInCanvas",			"operatorClass" : "ReplaceDoBlockWithEmptyBlockOperator",			"mutationStart" : 39,			"method" : "unhighlightShapes:",			"mutationEnd" : 93		}	],	"mutationScoreAfter" : 55,	"mutationScoreBefore" : 42,	"testAmpLoc" : 4153,	"amplifiedMethods" : [		"RSSearchInCanvasTest2170>>#testWithEdge_amp_A115",		"RSSearchInCanvasTest2170>>#testExactMatch_amp",		"RSSearchInCanvasTest2170>>#testIsRegExpValid_amp_L0",		"RSSearchInCanvasTest2170>>#testExactMatch_amp_A87",		"RSSearchInCanvasTest2170>>#testWithEdge_amp_A47",		"RSSearchInCanvasTest2170>>#testExactMatch_amp_A16"	],	"testLoc" : "72",	"amplifiedClass" : "RSSearchInCanvasTest2170",	"numberOfAllMutationsInOriginal" : 45,	"targetLoc" : 95,	"newCovered" : [		{			"operatorDescription" : "Remove ^",			"class" : "RSSearchInCanvas",			"operatorClass" : "RemoveCaretOperator",			"mutationStart" : 15,			"method" : "keyForSearch",			"mutationEnd" : 19		},		{			"operatorDescription" : "Replace #and: with false",			"class" : "RSSearchInCanvas",			"operatorClass" : "ReplaceAndWithFalseOperator",			"mutationStart" : 80,			"method" : "isRegExpValid:",			"mutationEnd" : 117		},		{			"operatorDescription" : "Remove ^",			"class" : "RSSearchInCanvas",			"operatorClass" : "RemoveCaretOperator",			"mutationStart" : 16,			"method" : "highlightable",			"mutationEnd" : 30		},		{			"operatorDescription" : "Replace #and: with #bEqv:",			"class" : "RSSearchInCanvas",			"operatorClass" : "ReplaceAndWithEqvMutantOperator",			"mutationStart" : 268,			"method" : "candidateShapes",			"mutationEnd" : 299		},		{			"operatorDescription" : "Replace Select block with [:each | true]",			"class" : "RSSearchInCanvas",			"operatorClass" : "ReplaceSelectBlockWithAlwaysTrueBlockOperator",			"mutationStart" : 239,			"method" : "candidateShapes",			"mutationEnd" : 301		},		{			"operatorDescription" : "Remove ^",			"class" : "RSSearchInCanvas",			"operatorClass" : "RemoveCaretOperator",			"mutationStart" : 14,			"method" : "keyForReset",			"mutationEnd" : 18		}	],	"timeBudgetFinished" : false,	"notCoveredInOriginal" : [		{			"operatorDescription" : "Replace #and: with false",			"class" : "RSSearchInCanvas",			"operatorClass" : "ReplaceAndWithFalseOperator",			"mutationStart" : 80,			"method" : "isRegExpValid:",			"mutationEnd" : 117		},		{			"operatorDescription" : "Remove ^",			"class" : "RSSearchInCanvas",			"operatorClass" : "RemoveCaretOperator",			"mutationStart" : 16,			"method" : "highlightable",			"mutationEnd" : 30		},		{			"operatorDescription" : "Remove ^",			"class" : "RSSearchInCanvas",			"operatorClass" : "RemoveCaretOperator",			"mutationStart" : 15,			"method" : "keyForSearch",			"mutationEnd" : 19		},		{			"operatorDescription" : "Replace #= with #'~='",			"class" : "RSSearchInCanvas",			"operatorClass" : "ReplaceEqualWithNotEqualOperator",			"mutationStart" : 86,			"method" : "processKeyDown:",			"mutationEnd" : 112		},		{			"operatorDescription" : "Replace #= with #'~='",			"class" : "RSSearchInCanvas",			"operatorClass" : "ReplaceEqualWithNotEqualOperator",			"mutationStart" : 149,			"method" : "processKeyDown:",			"mutationEnd" : 174		},		{			"operatorDescription" : "Replace #ifTrue: receiver with false",			"class" : "RSSearchInCanvas",			"operatorClass" : "ReplaceIfTrueReceiverWithFalseOperator",			"mutationStart" : 86,			"method" : "processKeyDown:",			"mutationEnd" : 145		},		{			"operatorDescription" : "Replace #ifTrue: receiver with false",			"class" : "RSSearchInCanvas",			"operatorClass" : "ReplaceIfTrueReceiverWithFalseOperator",			"mutationStart" : 149,			"method" : "processKeyDown:",			"mutationEnd" : 217		},		{			"operatorDescription" : "Replace #ifTrue: receiver with true",			"class" : "RSSearchInCanvas",			"operatorClass" : "ReplaceIfTrueReceiverWithTrueOperator",			"mutationStart" : 86,			"method" : "processKeyDown:",			"mutationEnd" : 145		},		{			"operatorDescription" : "Replace #ifTrue: receiver with true",			"class" : "RSSearchInCanvas",			"operatorClass" : "ReplaceIfTrueReceiverWithTrueOperator",			"mutationStart" : 149,			"method" : "processKeyDown:",			"mutationEnd" : 217		},		{			"operatorDescription" : "Replace #ifTrue: with #ifFalse:",			"class" : "RSSearchInCanvas",			"operatorClass" : "ReplaceIfTrueWithIfFalseMutantOperator",			"mutationStart" : 86,			"method" : "processKeyDown:",			"mutationEnd" : 145		},		{			"operatorDescription" : "Replace #ifTrue: with #ifFalse:",			"class" : "RSSearchInCanvas",			"operatorClass" : "ReplaceIfTrueWithIfFalseMutantOperator",			"mutationStart" : 149,			"method" : "processKeyDown:",			"mutationEnd" : 217		},		{			"operatorDescription" : "Remove ^",			"class" : "RSSearchInCanvas",			"operatorClass" : "RemoveCaretOperator",			"mutationStart" : 283,			"method" : "searchForShapes:",			"mutationEnd" : 288		},		{			"operatorDescription" : "Remove ^",			"class" : "RSSearchInCanvas",			"operatorClass" : "RemoveCaretOperator",			"mutationStart" : 22,			"method" : "unhighlightShape:",			"mutationEnd" : 70		},		{			"operatorDescription" : "Replace do block with [:each |]",			"class" : "RSSearchInCanvas",			"operatorClass" : "ReplaceDoBlockWithEmptyBlockOperator",			"mutationStart" : 39,			"method" : "unhighlightShapes:",			"mutationEnd" : 93		},		{			"operatorDescription" : "Replace #and: argument with [true]",			"class" : "RSSearchInCanvas",			"operatorClass" : "ReplaceAndArgumentWithTrueOperator",			"mutationStart" : 268,			"method" : "candidateShapes",			"mutationEnd" : 299		},		{			"operatorDescription" : "Replace #and: receiver with true",			"class" : "RSSearchInCanvas",			"operatorClass" : "ReplaceAndReceiverWithTrueOperator",			"mutationStart" : 268,			"method" : "candidateShapes",			"mutationEnd" : 299		},		{			"operatorDescription" : "Replace #and: with #bEqv:",			"class" : "RSSearchInCanvas",			"operatorClass" : "ReplaceAndWithEqvMutantOperator",			"mutationStart" : 268,			"method" : "candidateShapes",			"mutationEnd" : 299		},		{			"operatorDescription" : "Replace #and: with #or:",			"class" : "RSSearchInCanvas",			"operatorClass" : "ReplaceAndWithOrMutantOperator",			"mutationStart" : 268,			"method" : "candidateShapes",			"mutationEnd" : 299		},		{			"operatorDescription" : "Replace Select block with [:each | true]",			"class" : "RSSearchInCanvas",			"operatorClass" : "ReplaceSelectBlockWithAlwaysTrueBlockOperator",			"mutationStart" : 239,			"method" : "candidateShapes",			"mutationEnd" : 301		},		{			"operatorDescription" : "Remove ^",			"class" : "RSSearchInCanvas",			"operatorClass" : "RemoveCaretOperator",			"mutationStart" : 167,			"method" : "searchForShapes",			"mutationEnd" : 172		},		{			"operatorDescription" : "Replace #ifFalse: receiver with false",			"class" : "RSSearchInCanvas",			"operatorClass" : "ReplaceIfFalseReceiverWithFalseOperator",			"mutationStart" : 125,			"method" : "searchForShapes",			"mutationEnd" : 174		},		{			"operatorDescription" : "Replace #ifFalse: receiver with true",			"class" : "RSSearchInCanvas",			"operatorClass" : "ReplaceIfFalseReceiverWithTrueOperator",			"mutationStart" : 125,			"method" : "searchForShapes",			"mutationEnd" : 174		},		{			"operatorDescription" : "Replace #ifFalse: with #ifTrue:",			"class" : "RSSearchInCanvas",			"operatorClass" : "ReplaceIfFalseWithIfTrueMutantOperator",			"mutationStart" : 125,			"method" : "searchForShapes",			"mutationEnd" : 174		},		{			"operatorDescription" : "Remove ^",			"class" : "RSSearchInCanvas",			"operatorClass" : "RemoveCaretOperator",			"mutationStart" : 39,			"method" : "obtainRegExpToHighlight",			"mutationEnd" : 135		},		{			"operatorDescription" : "Replace do block with [:each |]",			"class" : "RSSearchInCanvas",			"operatorClass" : "ReplaceDoBlockWithEmptyBlockOperator",			"mutationStart" : 37,			"method" : "highlightShapes:",			"mutationEnd" : 89		},		{			"operatorDescription" : "Remove ^",			"class" : "RSSearchInCanvas",			"operatorClass" : "RemoveCaretOperator",			"mutationStart" : 14,			"method" : "keyForReset",			"mutationEnd" : 18		}	],	"testCase" : "RSSearchInCanvasTest",	"unixtime" : 1602150384,	"timeTotal" : 13615}