{	"targetClasses" : [		"RSSequentialAnimation"	],	"testMethodsIgnored" : [ ],	"methodsNotProfiled" : [		"RSSequentialAnimation>>#addAll:"	],	"numberOfOriginalTestMethods" : 6,	"timeDetail" : [		"init: % 44.87 (54 seconds 266 milliseconds)",		"assertionAmplification: % 8.29 (10 seconds 24 milliseconds)",		"selection: % 0.00 (0 seconds)",		"inputAmplification: % 0.00 (0 seconds)",		"finalize: % 46.84 (56 seconds 652 milliseconds)"	],	"notCoveredInAmplified" : [		{			"operatorDescription" : "Remove ^",			"class" : "RSSequentialAnimation",			"operatorClass" : "RemoveCaretOperator",			"mutationStart" : 70,			"method" : "stepCurrent",			"mutationEnd" : 75		},		{			"operatorDescription" : "Replace #ifFalse: receiver with false",			"class" : "RSSequentialAnimation",			"operatorClass" : "ReplaceIfFalseReceiverWithFalseOperator",			"mutationStart" : 81,			"method" : "stepCurrent",			"mutationEnd" : 159		},		{			"operatorDescription" : "Remove ^",			"class" : "RSSequentialAnimation",			"operatorClass" : "RemoveCaretOperator",			"mutationStart" : 78,			"method" : "currentHasCompleted",			"mutationEnd" : 84		},		{			"operatorDescription" : "Replace #* with #/",			"class" : "RSSequentialAnimation",			"operatorClass" : "ReplaceMultiplicationWithDivisionMutantOperator",			"mutationStart" : 86,			"method" : "duration",			"mutationEnd" : 122		},		{			"operatorDescription" : "Replace #ifFalse: receiver with false",			"class" : "RSSequentialAnimation",			"operatorClass" : "ReplaceIfFalseReceiverWithFalseOperator",			"mutationStart" : 225,			"method" : "step",			"mutationEnd" : 285		},		{			"operatorDescription" : "Replace #ifTrue: receiver with true",			"class" : "RSSequentialAnimation",			"operatorClass" : "ReplaceIfTrueReceiverWithTrueOperator",			"mutationStart" : 43,			"method" : "step",			"mutationEnd" : 138		},		{			"operatorDescription" : "Replace #ifTrue: receiver with true",			"class" : "RSSequentialAnimation",			"operatorClass" : "ReplaceIfTrueReceiverWithTrueOperator",			"mutationStart" : 142,			"method" : "step",			"mutationEnd" : 221		},		{			"operatorDescription" : "Replace #ifTrue: with #ifFalse:",			"class" : "RSSequentialAnimation",			"operatorClass" : "ReplaceIfTrueWithIfFalseMutantOperator",			"mutationStart" : 43,			"method" : "step",			"mutationEnd" : 138		},		{			"operatorDescription" : "Replace #ifTrue: with #ifFalse:",			"class" : "RSSequentialAnimation",			"operatorClass" : "ReplaceIfTrueWithIfFalseMutantOperator",			"mutationStart" : 142,			"method" : "step",			"mutationEnd" : 221		}	],	"mutationScoreAfter" : 65,	"mutationScoreBefore" : 65,	"testAmpLoc" : 1290,	"amplifiedMethods" : [		"RSSequentialAnimationTest1674>>#testBasicCanvas_amp",		"RSSequentialAnimationTest1674>>#testStep_amp_A18"	],	"testLoc" : "60",	"amplifiedClass" : "RSSequentialAnimationTest1674",	"numberOfAllMutationsInOriginal" : 26,	"targetLoc" : 50,	"newCovered" : [ ],	"timeBudgetFinished" : false,	"notCoveredInOriginal" : [		{			"operatorDescription" : "Remove ^",			"class" : "RSSequentialAnimation",			"operatorClass" : "RemoveCaretOperator",			"mutationStart" : 70,			"method" : "stepCurrent",			"mutationEnd" : 75		},		{			"operatorDescription" : "Replace #ifFalse: receiver with false",			"class" : "RSSequentialAnimation",			"operatorClass" : "ReplaceIfFalseReceiverWithFalseOperator",			"mutationStart" : 81,			"method" : "stepCurrent",			"mutationEnd" : 159		},		{			"operatorDescription" : "Remove ^",			"class" : "RSSequentialAnimation",			"operatorClass" : "RemoveCaretOperator",			"mutationStart" : 78,			"method" : "currentHasCompleted",			"mutationEnd" : 84		},		{			"operatorDescription" : "Replace #* with #/",			"class" : "RSSequentialAnimation",			"operatorClass" : "ReplaceMultiplicationWithDivisionMutantOperator",			"mutationStart" : 86,			"method" : "duration",			"mutationEnd" : 122		},		{			"operatorDescription" : "Replace #ifFalse: receiver with false",			"class" : "RSSequentialAnimation",			"operatorClass" : "ReplaceIfFalseReceiverWithFalseOperator",			"mutationStart" : 225,			"method" : "step",			"mutationEnd" : 285		},		{			"operatorDescription" : "Replace #ifTrue: receiver with true",			"class" : "RSSequentialAnimation",			"operatorClass" : "ReplaceIfTrueReceiverWithTrueOperator",			"mutationStart" : 43,			"method" : "step",			"mutationEnd" : 138		},		{			"operatorDescription" : "Replace #ifTrue: receiver with true",			"class" : "RSSequentialAnimation",			"operatorClass" : "ReplaceIfTrueReceiverWithTrueOperator",			"mutationStart" : 142,			"method" : "step",			"mutationEnd" : 221		},		{			"operatorDescription" : "Replace #ifTrue: with #ifFalse:",			"class" : "RSSequentialAnimation",			"operatorClass" : "ReplaceIfTrueWithIfFalseMutantOperator",			"mutationStart" : 43,			"method" : "step",			"mutationEnd" : 138		},		{			"operatorDescription" : "Replace #ifTrue: with #ifFalse:",			"class" : "RSSequentialAnimation",			"operatorClass" : "ReplaceIfTrueWithIfFalseMutantOperator",			"mutationStart" : 142,			"method" : "step",			"mutationEnd" : 221		}	],	"testCase" : "RSSequentialAnimationTest",	"unixtime" : 1602136756,	"timeTotal" : 120}