{	"targetClasses" : [		"RSTransformable"	],	"testMethodsIgnored" : [ ],	"methodsNotProfiled" : [		"RSTransformable>>#showCursor:",		"RSTransformable>>#cursorForCorner:",		"RSTransformable>>#setCursor:"	],	"numberOfOriginalTestMethods" : 6,	"timeDetail" : [		"init: % 0.10 (33 seconds 221 milliseconds)",		"assertionAmplification: % 91.11 (8 hours 11 minutes 3 seconds 174 milliseconds)",		"selection: % 6.82 (36 minutes 46 seconds 476 milliseconds)",		"inputAmplification: % 1.92 (10 minutes 19 seconds 286 milliseconds)",		"finalize: % 0.05 (15 seconds 52 milliseconds)"	],	"notCoveredInAmplified" : [		{			"operatorDescription" : "Remove ^",			"class" : "RSTransformable",			"operatorClass" : "RemoveCaretOperator",			"mutationStart" : 60,			"method" : "saveCurrentShapeState",			"mutationEnd" : 65		},		{			"operatorDescription" : "Replace #* with #/",			"class" : "RSTransformable",			"operatorClass" : "ReplaceMultiplicationWithDivisionMutantOperator",			"mutationStart" : 151,			"method" : "saveCurrentShapeState",			"mutationEnd" : 173		},		{			"operatorDescription" : "Replace #/ with #*",			"class" : "RSTransformable",			"operatorClass" : "ReplaceDivisionWithMultiplicationMutantOperator",			"mutationStart" : 151,			"method" : "saveCurrentShapeState",			"mutationEnd" : 177		},		{			"operatorDescription" : "Remove ^",			"class" : "RSTransformable",			"operatorClass" : "RemoveCaretOperator",			"mutationStart" : 120,			"method" : "registerCanvasEventsIfNecessary:",			"mutationEnd" : 125		},		{			"operatorDescription" : "Replace #ifTrue: receiver with false",			"class" : "RSTransformable",			"operatorClass" : "ReplaceIfTrueReceiverWithFalseOperator",			"mutationStart" : 74,			"method" : "registerCanvasEventsIfNecessary:",			"mutationEnd" : 127		},		{			"operatorDescription" : "Remove ^",			"class" : "RSTransformable",			"operatorClass" : "RemoveCaretOperator",			"mutationStart" : 86,			"method" : "updateCurrentShape:",			"mutationEnd" : 91		},		{			"operatorDescription" : "Replace #* with #/",			"class" : "RSTransformable",			"operatorClass" : "ReplaceMultiplicationWithDivisionMutantOperator",			"mutationStart" : 420,			"method" : "updateCurrentShape:",			"mutationEnd" : 437		},		{			"operatorDescription" : "Replace #* with #/",			"class" : "RSTransformable",			"operatorClass" : "ReplaceMultiplicationWithDivisionMutantOperator",			"mutationStart" : 498,			"method" : "updateCurrentShape:",			"mutationEnd" : 515		},		{			"operatorDescription" : "Replace #- with #+",			"class" : "RSTransformable",			"operatorClass" : "ReplaceMinusWithPlusMutantOperator",			"mutationStart" : 296,			"method" : "updateCurrentShape:",			"mutationEnd" : 322		},		{			"operatorDescription" : "Replace #/ with #*",			"class" : "RSTransformable",			"operatorClass" : "ReplaceDivisionWithMultiplicationMutantOperator",			"mutationStart" : 296,			"method" : "updateCurrentShape:",			"mutationEnd" : 358		},		{			"operatorDescription" : "Replace #< with #>",			"class" : "RSTransformable",			"operatorClass" : "ReplaceLessWithGreaterMutantOperator",			"mutationStart" : 385,			"method" : "updateCurrentShape:",			"mutationEnd" : 399		},		{			"operatorDescription" : "Replace #< with #>",			"class" : "RSTransformable",			"operatorClass" : "ReplaceLessWithGreaterMutantOperator",			"mutationStart" : 453,			"method" : "updateCurrentShape:",			"mutationEnd" : 467		},		{			"operatorDescription" : "Replace #ifTrue: receiver with false",			"class" : "RSTransformable",			"operatorClass" : "ReplaceIfTrueReceiverWithFalseOperator",			"mutationStart" : 385,			"method" : "updateCurrentShape:",			"mutationEnd" : 449		},		{			"operatorDescription" : "Replace #ifTrue: receiver with false",			"class" : "RSTransformable",			"operatorClass" : "ReplaceIfTrueReceiverWithFalseOperator",			"mutationStart" : 453,			"method" : "updateCurrentShape:",			"mutationEnd" : 517		},		{			"operatorDescription" : "Replace #ifTrue: receiver with true",			"class" : "RSTransformable",			"operatorClass" : "ReplaceIfTrueReceiverWithTrueOperator",			"mutationStart" : 385,			"method" : "updateCurrentShape:",			"mutationEnd" : 449		},		{			"operatorDescription" : "Replace #ifTrue: receiver with true",			"class" : "RSTransformable",			"operatorClass" : "ReplaceIfTrueReceiverWithTrueOperator",			"mutationStart" : 453,			"method" : "updateCurrentShape:",			"mutationEnd" : 517		},		{			"operatorDescription" : "Replace #ifTrue: with #ifFalse:",			"class" : "RSTransformable",			"operatorClass" : "ReplaceIfTrueWithIfFalseMutantOperator",			"mutationStart" : 385,			"method" : "updateCurrentShape:",			"mutationEnd" : 449		},		{			"operatorDescription" : "Replace #ifTrue: with #ifFalse:",			"class" : "RSTransformable",			"operatorClass" : "ReplaceIfTrueWithIfFalseMutantOperator",			"mutationStart" : 453,			"method" : "updateCurrentShape:",			"mutationEnd" : 517		},		{			"operatorDescription" : "Remove ^",			"class" : "RSTransformable",			"operatorClass" : "RemoveCaretOperator",			"mutationStart" : 43,			"method" : "onShape:",			"mutationEnd" : 48		},		{			"operatorDescription" : "Replace #ifFalse: receiver with true",			"class" : "RSTransformable",			"operatorClass" : "ReplaceIfFalseReceiverWithTrueOperator",			"mutationStart" : 18,			"method" : "onShape:",			"mutationEnd" : 50		},		{			"operatorDescription" : "Remove ^",			"class" : "RSTransformable",			"operatorClass" : "RemoveCaretOperator",			"mutationStart" : 96,			"method" : "updateHandles:",			"mutationEnd" : 101		},		{			"operatorDescription" : "Remove ^",			"class" : "RSTransformable",			"operatorClass" : "RemoveCaretOperator",			"mutationStart" : 181,			"method" : "updateHandles:",			"mutationEnd" : 186		},		{			"operatorDescription" : "Remove ^",			"class" : "RSTransformable",			"operatorClass" : "RemoveCaretOperator",			"mutationStart" : 27,			"method" : "cursorForCorner:",			"mutationEnd" : 85		}	],	"mutationScoreAfter" : 54,	"mutationScoreBefore" : 50,	"testAmpLoc" : 5429,	"amplifiedMethods" : [		"RSTransformableTest2489>>#testCornerDirections_amp"	],	"testLoc" : "74",	"amplifiedClass" : "RSTransformableTest2489",	"numberOfAllMutationsInOriginal" : 51,	"targetLoc" : 191,	"newCovered" : [		{			"operatorDescription" : "Remove ^",			"class" : "RSTransformable",			"operatorClass" : "RemoveCaretOperator",			"mutationStart" : 24,			"method" : "rotationShape",			"mutationEnd" : 210		},		{			"operatorDescription" : "Remove ^",			"class" : "RSTransformable",			"operatorClass" : "RemoveCaretOperator",			"mutationStart" : 6,			"method" : "key",			"mutationEnd" : 22		}	],	"timeBudgetFinished" : false,	"notCoveredInOriginal" : [		{			"operatorDescription" : "Remove ^",			"class" : "RSTransformable",			"operatorClass" : "RemoveCaretOperator",			"mutationStart" : 60,			"method" : "saveCurrentShapeState",			"mutationEnd" : 65		},		{			"operatorDescription" : "Replace #* with #/",			"class" : "RSTransformable",			"operatorClass" : "ReplaceMultiplicationWithDivisionMutantOperator",			"mutationStart" : 151,			"method" : "saveCurrentShapeState",			"mutationEnd" : 173		},		{			"operatorDescription" : "Replace #/ with #*",			"class" : "RSTransformable",			"operatorClass" : "ReplaceDivisionWithMultiplicationMutantOperator",			"mutationStart" : 151,			"method" : "saveCurrentShapeState",			"mutationEnd" : 177		},		{			"operatorDescription" : "Remove ^",			"class" : "RSTransformable",			"operatorClass" : "RemoveCaretOperator",			"mutationStart" : 24,			"method" : "rotationShape",			"mutationEnd" : 210		},		{			"operatorDescription" : "Remove ^",			"class" : "RSTransformable",			"operatorClass" : "RemoveCaretOperator",			"mutationStart" : 120,			"method" : "registerCanvasEventsIfNecessary:",			"mutationEnd" : 125		},		{			"operatorDescription" : "Replace #ifTrue: receiver with false",			"class" : "RSTransformable",			"operatorClass" : "ReplaceIfTrueReceiverWithFalseOperator",			"mutationStart" : 74,			"method" : "registerCanvasEventsIfNecessary:",			"mutationEnd" : 127		},		{			"operatorDescription" : "Remove ^",			"class" : "RSTransformable",			"operatorClass" : "RemoveCaretOperator",			"mutationStart" : 86,			"method" : "updateCurrentShape:",			"mutationEnd" : 91		},		{			"operatorDescription" : "Replace #* with #/",			"class" : "RSTransformable",			"operatorClass" : "ReplaceMultiplicationWithDivisionMutantOperator",			"mutationStart" : 420,			"method" : "updateCurrentShape:",			"mutationEnd" : 437		},		{			"operatorDescription" : "Replace #* with #/",			"class" : "RSTransformable",			"operatorClass" : "ReplaceMultiplicationWithDivisionMutantOperator",			"mutationStart" : 498,			"method" : "updateCurrentShape:",			"mutationEnd" : 515		},		{			"operatorDescription" : "Replace #- with #+",			"class" : "RSTransformable",			"operatorClass" : "ReplaceMinusWithPlusMutantOperator",			"mutationStart" : 296,			"method" : "updateCurrentShape:",			"mutationEnd" : 322		},		{			"operatorDescription" : "Replace #/ with #*",			"class" : "RSTransformable",			"operatorClass" : "ReplaceDivisionWithMultiplicationMutantOperator",			"mutationStart" : 296,			"method" : "updateCurrentShape:",			"mutationEnd" : 358		},		{			"operatorDescription" : "Replace #< with #>",			"class" : "RSTransformable",			"operatorClass" : "ReplaceLessWithGreaterMutantOperator",			"mutationStart" : 385,			"method" : "updateCurrentShape:",			"mutationEnd" : 399		},		{			"operatorDescription" : "Replace #< with #>",			"class" : "RSTransformable",			"operatorClass" : "ReplaceLessWithGreaterMutantOperator",			"mutationStart" : 453,			"method" : "updateCurrentShape:",			"mutationEnd" : 467		},		{			"operatorDescription" : "Replace #ifTrue: receiver with false",			"class" : "RSTransformable",			"operatorClass" : "ReplaceIfTrueReceiverWithFalseOperator",			"mutationStart" : 385,			"method" : "updateCurrentShape:",			"mutationEnd" : 449		},		{			"operatorDescription" : "Replace #ifTrue: receiver with false",			"class" : "RSTransformable",			"operatorClass" : "ReplaceIfTrueReceiverWithFalseOperator",			"mutationStart" : 453,			"method" : "updateCurrentShape:",			"mutationEnd" : 517		},		{			"operatorDescription" : "Replace #ifTrue: receiver with true",			"class" : "RSTransformable",			"operatorClass" : "ReplaceIfTrueReceiverWithTrueOperator",			"mutationStart" : 385,			"method" : "updateCurrentShape:",			"mutationEnd" : 449		},		{			"operatorDescription" : "Replace #ifTrue: receiver with true",			"class" : "RSTransformable",			"operatorClass" : "ReplaceIfTrueReceiverWithTrueOperator",			"mutationStart" : 453,			"method" : "updateCurrentShape:",			"mutationEnd" : 517		},		{			"operatorDescription" : "Replace #ifTrue: with #ifFalse:",			"class" : "RSTransformable",			"operatorClass" : "ReplaceIfTrueWithIfFalseMutantOperator",			"mutationStart" : 385,			"method" : "updateCurrentShape:",			"mutationEnd" : 449		},		{			"operatorDescription" : "Replace #ifTrue: with #ifFalse:",			"class" : "RSTransformable",			"operatorClass" : "ReplaceIfTrueWithIfFalseMutantOperator",			"mutationStart" : 453,			"method" : "updateCurrentShape:",			"mutationEnd" : 517		},		{			"operatorDescription" : "Remove ^",			"class" : "RSTransformable",			"operatorClass" : "RemoveCaretOperator",			"mutationStart" : 43,			"method" : "onShape:",			"mutationEnd" : 48		},		{			"operatorDescription" : "Replace #ifFalse: receiver with true",			"class" : "RSTransformable",			"operatorClass" : "ReplaceIfFalseReceiverWithTrueOperator",			"mutationStart" : 18,			"method" : "onShape:",			"mutationEnd" : 50		},		{			"operatorDescription" : "Remove ^",			"class" : "RSTransformable",			"operatorClass" : "RemoveCaretOperator",			"mutationStart" : 96,			"method" : "updateHandles:",			"mutationEnd" : 101		},		{			"operatorDescription" : "Remove ^",			"class" : "RSTransformable",			"operatorClass" : "RemoveCaretOperator",			"mutationStart" : 181,			"method" : "updateHandles:",			"mutationEnd" : 186		},		{			"operatorDescription" : "Remove ^",			"class" : "RSTransformable",			"operatorClass" : "RemoveCaretOperator",			"mutationStart" : 6,			"method" : "key",			"mutationEnd" : 22		},		{			"operatorDescription" : "Remove ^",			"class" : "RSTransformable",			"operatorClass" : "RemoveCaretOperator",			"mutationStart" : 27,			"method" : "cursorForCorner:",			"mutationEnd" : 85		}	],	"testCase" : "RSTransformableTest",	"unixtime" : 1602182729,	"timeTotal" : 32337}