{	"targetClasses" : [		"RSTransitionAnimation"	],	"testMethodsIgnored" : [ ],	"methodsNotProfiled" : [		"RSTransitionAnimation>>#to:",		"RSTransitionAnimation>>#easing:",		"RSTransitionAnimation>>#range:",		"RSTransitionAnimation>>#on:set:",		"RSTransitionAnimation>>#from:",		"RSTransitionAnimation>>#scale:",		"RSTransitionAnimation>>#ramp:"	],	"numberOfOriginalTestMethods" : 6,	"timeDetail" : [		"init: % 0.43 (23 seconds 193 milliseconds)",		"assertionAmplification: % 89.87 (1 hour 20 minutes 55 seconds 870 milliseconds)",		"selection: % 6.51 (5 minutes 51 seconds 664 milliseconds)",		"inputAmplification: % 2.87 (2 minutes 35 seconds 157 milliseconds)",		"finalize: % 0.32 (17 seconds 219 milliseconds)"	],	"notCoveredInAmplified" : [		{			"operatorDescription" : "Replace #- with #+",			"class" : "RSTransitionAnimation",			"operatorClass" : "ReplaceMinusWithPlusMutantOperator",			"mutationStart" : 56,			"method" : "progress",			"mutationEnd" : 83		},		{			"operatorDescription" : "Replace #ifFalse: receiver with false",			"class" : "RSTransitionAnimation",			"operatorClass" : "ReplaceIfFalseReceiverWithFalseOperator",			"mutationStart" : 226,			"method" : "step",			"mutationEnd" : 286		}	],	"mutationScoreAfter" : 88,	"mutationScoreBefore" : 33,	"testAmpLoc" : 1290,	"amplifiedMethods" : [		"RSTransitionAnimationTest1115>>#testBasicCanvas_amp",		"RSTransitionAnimationTest1115>>#testStep_amp_A18"	],	"testLoc" : "56",	"amplifiedClass" : "RSTransitionAnimationTest1115",	"numberOfAllMutationsInOriginal" : 18,	"targetLoc" : 96,	"newCovered" : [		{			"operatorDescription" : "Remove ^",			"class" : "RSTransitionAnimation",			"operatorClass" : "RemoveCaretOperator",			"mutationStart" : 8,			"method" : "scale",			"mutationEnd" : 14		},		{			"operatorDescription" : "Remove ^",			"class" : "RSTransitionAnimation",			"operatorClass" : "RemoveCaretOperator",			"mutationStart" : 13,			"method" : "stepAction",			"mutationEnd" : 24		},		{			"operatorDescription" : "Replace #- with #+",			"class" : "RSTransitionAnimation",			"operatorClass" : "ReplaceMinusWithPlusMutantOperator",			"mutationStart" : 55,			"method" : "progress",			"mutationEnd" : 100		},		{			"operatorDescription" : "Replace #/ with #*",			"class" : "RSTransitionAnimation",			"operatorClass" : "ReplaceDivisionWithMultiplicationMutantOperator",			"mutationStart" : 55,			"method" : "progress",			"mutationEnd" : 118		},		{			"operatorDescription" : "Replace #> with #<",			"class" : "RSTransitionAnimation",			"operatorClass" : "ReplaceGreaterWithLessMutantOperator",			"mutationStart" : 122,			"method" : "progress",			"mutationEnd" : 133		},		{			"operatorDescription" : "Replace #ifTrue: receiver with true",			"class" : "RSTransitionAnimation",			"operatorClass" : "ReplaceIfTrueReceiverWithTrueOperator",			"mutationStart" : 122,			"method" : "progress",			"mutationEnd" : 183		},		{			"operatorDescription" : "Replace #ifTrue: with #ifFalse:",			"class" : "RSTransitionAnimation",			"operatorClass" : "ReplaceIfTrueWithIfFalseMutantOperator",			"mutationStart" : 122,			"method" : "progress",			"mutationEnd" : 183		},		{			"operatorDescription" : "Remove ^",			"class" : "RSTransitionAnimation",			"operatorClass" : "RemoveCaretOperator",			"mutationStart" : 9,			"method" : "easing",			"mutationEnd" : 16		},		{			"operatorDescription" : "Remove ^",			"class" : "RSTransitionAnimation",			"operatorClass" : "RemoveCaretOperator",			"mutationStart" : 7,			"method" : "from",			"mutationEnd" : 25		},		{			"operatorDescription" : "Remove ^",			"class" : "RSTransitionAnimation",			"operatorClass" : "RemoveCaretOperator",			"mutationStart" : 5,			"method" : "to",			"mutationEnd" : 22		}	],	"timeBudgetFinished" : false,	"notCoveredInOriginal" : [		{			"operatorDescription" : "Remove ^",			"class" : "RSTransitionAnimation",			"operatorClass" : "RemoveCaretOperator",			"mutationStart" : 9,			"method" : "easing",			"mutationEnd" : 16		},		{			"operatorDescription" : "Remove ^",			"class" : "RSTransitionAnimation",			"operatorClass" : "RemoveCaretOperator",			"mutationStart" : 7,			"method" : "from",			"mutationEnd" : 25		},		{			"operatorDescription" : "Remove ^",			"class" : "RSTransitionAnimation",			"operatorClass" : "RemoveCaretOperator",			"mutationStart" : 8,			"method" : "scale",			"mutationEnd" : 14		},		{			"operatorDescription" : "Remove ^",			"class" : "RSTransitionAnimation",			"operatorClass" : "RemoveCaretOperator",			"mutationStart" : 13,			"method" : "stepAction",			"mutationEnd" : 24		},		{			"operatorDescription" : "Replace #ifFalse: receiver with false",			"class" : "RSTransitionAnimation",			"operatorClass" : "ReplaceIfFalseReceiverWithFalseOperator",			"mutationStart" : 226,			"method" : "step",			"mutationEnd" : 286		},		{			"operatorDescription" : "Remove ^",			"class" : "RSTransitionAnimation",			"operatorClass" : "RemoveCaretOperator",			"mutationStart" : 5,			"method" : "to",			"mutationEnd" : 22		},		{			"operatorDescription" : "Replace #- with #+",			"class" : "RSTransitionAnimation",			"operatorClass" : "ReplaceMinusWithPlusMutantOperator",			"mutationStart" : 55,			"method" : "progress",			"mutationEnd" : 100		},		{			"operatorDescription" : "Replace #- with #+",			"class" : "RSTransitionAnimation",			"operatorClass" : "ReplaceMinusWithPlusMutantOperator",			"mutationStart" : 56,			"method" : "progress",			"mutationEnd" : 83		},		{			"operatorDescription" : "Replace #/ with #*",			"class" : "RSTransitionAnimation",			"operatorClass" : "ReplaceDivisionWithMultiplicationMutantOperator",			"mutationStart" : 55,			"method" : "progress",			"mutationEnd" : 118		},		{			"operatorDescription" : "Replace #> with #<",			"class" : "RSTransitionAnimation",			"operatorClass" : "ReplaceGreaterWithLessMutantOperator",			"mutationStart" : 122,			"method" : "progress",			"mutationEnd" : 133		},		{			"operatorDescription" : "Replace #ifTrue: receiver with true",			"class" : "RSTransitionAnimation",			"operatorClass" : "ReplaceIfTrueReceiverWithTrueOperator",			"mutationStart" : 122,			"method" : "progress",			"mutationEnd" : 183		},		{			"operatorDescription" : "Replace #ifTrue: with #ifFalse:",			"class" : "RSTransitionAnimation",			"operatorClass" : "ReplaceIfTrueWithIfFalseMutantOperator",			"mutationStart" : 122,			"method" : "progress",			"mutationEnd" : 183		}	],	"testCase" : "RSTransitionAnimationTest",	"unixtime" : 1602122745,	"timeTotal" : 5403}