{	"targetClasses" : [		"RSUMLClassBuilder"	],	"testMethodsIgnored" : [ ],	"methodsNotProfiled" : [ ],	"numberOfOriginalTestMethods" : 2,	"timeDetail" : [		"init: % 0.04 (2 seconds 388 milliseconds)",		"assertionAmplification: % 91.79 (1 hour 28 minutes 58 seconds 159 milliseconds)",		"selection: % 4.14 (4 minutes 559 milliseconds)",		"inputAmplification: % 4.00 (3 minutes 52 seconds 578 milliseconds)",		"finalize: % 0.03 (1 second 671 milliseconds)"	],	"notCoveredInAmplified" : [ ],	"mutationScoreAfter" : 100,	"mutationScoreBefore" : 50,	"testAmpLoc" : 1630,	"amplifiedMethods" : [		"RSUMLClassBuilderTest675>>#testJustClassName_amp"	],	"testLoc" : "27",	"amplifiedClass" : "RSUMLClassBuilderTest675",	"numberOfAllMutationsInOriginal" : 2,	"targetLoc" : 19,	"newCovered" : [		{			"operatorDescription" : "Remove ^",			"class" : "RSUMLClassBuilder",			"operatorClass" : "RemoveCaretOperator",			"mutationStart" : 10,			"method" : "classes",			"mutationEnd" : 18		}	],	"timeBudgetFinished" : false,	"notCoveredInOriginal" : [		{			"operatorDescription" : "Remove ^",			"class" : "RSUMLClassBuilder",			"operatorClass" : "RemoveCaretOperator",			"mutationStart" : 10,			"method" : "classes",			"mutationEnd" : 18		}	],	"testCase" : "RSUMLClassBuilderTest",	"unixtime" : 1602103141,	"timeTotal" : 5815}