{	"targetClasses" : [		"MDLApplication"	],	"testMethodsIgnored" : [ ],	"methodsNotProfiled" : [		"MDLApplication>>#renderContentOn:",		"MDLApplication>>#updateRoot:",		"MDLApplication>>#screens:",		"MDLApplication class>>#registerToDeployment:",		"MDLApplication class>>#registerToDevelopment:"	],	"numberOfOriginalTestMethods" : 3,	"timeDetail" : [		"init: % 1.01 (142 milliseconds)",		"assertionAmplification: % 76.31 (10 seconds 687 milliseconds)",		"selection: % 11.27 (1 second 578 milliseconds)",		"inputAmplification: % 10.20 (1 second 429 milliseconds)",		"finalize: % 1.20 (168 milliseconds)"	],	"notCoveredInAmplified" : [		{			"operatorDescription" : "Remove ^",			"class" : "MDLApplication",			"operatorClass" : "RemoveCaretOperator",			"mutationStart" : 59,			"method" : "primaryColor:secondaryColor:",			"mutationEnd" : 115		},		{			"operatorDescription" : "Remove ^",			"class" : "MDLApplication class",			"operatorClass" : "RemoveCaretOperator",			"mutationStart" : 162,			"method" : "registerToDeployment:",			"mutationEnd" : 282		},		{			"operatorDescription" : "Remove ^",			"class" : "MDLApplication class",			"operatorClass" : "RemoveCaretOperator",			"mutationStart" : 12,			"method" : "canBeRoot",			"mutationEnd" : 17		},		{			"operatorDescription" : "Remove ^",			"class" : "MDLApplication class",			"operatorClass" : "RemoveCaretOperator",			"mutationStart" : 160,			"method" : "registerToDevelopment:",			"mutationEnd" : 280		}	],	"mutationScoreAfter" : 55,	"mutationScoreBefore" : 22,	"testAmpLoc" : 117,	"amplifiedMethods" : [		"MDLApplicationTest46>>#testAddScreen_amp",		"MDLApplicationTest46>>#testRemoveScreen_amp"	],	"testLoc" : "20",	"amplifiedClass" : "MDLApplicationTest46",	"numberOfAllMutationsInOriginal" : 9,	"targetLoc" : 59,	"newCovered" : [		{			"operatorDescription" : "Remove ^",			"class" : "MDLApplication",			"operatorClass" : "RemoveCaretOperator",			"mutationStart" : 21,			"method" : "addScreen:",			"mutationEnd" : 47		},		{			"operatorDescription" : "Remove ^",			"class" : "MDLApplication",			"operatorClass" : "RemoveCaretOperator",			"mutationStart" : 8,			"method" : "style",			"mutationEnd" : 141		},		{			"operatorDescription" : "Remove ^",			"class" : "MDLApplication",			"operatorClass" : "RemoveCaretOperator",			"mutationStart" : 24,			"method" : "removeScreen:",			"mutationEnd" : 53		}	],	"timeBudgetFinished" : false,	"notCoveredInOriginal" : [		{			"operatorDescription" : "Remove ^",			"class" : "MDLApplication",			"operatorClass" : "RemoveCaretOperator",			"mutationStart" : 21,			"method" : "addScreen:",			"mutationEnd" : 47		},		{			"operatorDescription" : "Remove ^",			"class" : "MDLApplication",			"operatorClass" : "RemoveCaretOperator",			"mutationStart" : 8,			"method" : "style",			"mutationEnd" : 141		},		{			"operatorDescription" : "Remove ^",			"class" : "MDLApplication",			"operatorClass" : "RemoveCaretOperator",			"mutationStart" : 59,			"method" : "primaryColor:secondaryColor:",			"mutationEnd" : 115		},		{			"operatorDescription" : "Remove ^",			"class" : "MDLApplication",			"operatorClass" : "RemoveCaretOperator",			"mutationStart" : 24,			"method" : "removeScreen:",			"mutationEnd" : 53		},		{			"operatorDescription" : "Remove ^",			"class" : "MDLApplication class",			"operatorClass" : "RemoveCaretOperator",			"mutationStart" : 162,			"method" : "registerToDeployment:",			"mutationEnd" : 282		},		{			"operatorDescription" : "Remove ^",			"class" : "MDLApplication class",			"operatorClass" : "RemoveCaretOperator",			"mutationStart" : 12,			"method" : "canBeRoot",			"mutationEnd" : 17		},		{			"operatorDescription" : "Remove ^",			"class" : "MDLApplication class",			"operatorClass" : "RemoveCaretOperator",			"mutationStart" : 160,			"method" : "registerToDevelopment:",			"mutationEnd" : 280		}	],	"testCase" : "MDLApplicationTest",	"unixtime" : 1605017513,	"timeTotal" : 14}