{	"targetClasses" : [		"MDLButtonColumnDescription"	],	"testMethodsIgnored" : [ ],	"methodsNotProfiled" : [ ],	"numberOfOriginalTestMethods" : 3,	"timeDetail" : [		"init: % 0.82 (106 milliseconds)",		"assertionAmplification: % 53.49 (6 seconds 883 milliseconds)",		"selection: % 11.07 (1 second 425 milliseconds)",		"inputAmplification: % 33.71 (4 seconds 337 milliseconds)",		"finalize: % 0.90 (116 milliseconds)"	],	"notCoveredInAmplified" : [ ],	"mutationScoreAfter" : 100,	"mutationScoreBefore" : 75,	"testAmpLoc" : 49,	"amplifiedMethods" : [		"MDLButtonColumnDescriptionTest47>>#testRenderHeadingOn_amp"	],	"testLoc" : "22",	"amplifiedClass" : "MDLButtonColumnDescriptionTest47",	"numberOfAllMutationsInOriginal" : 4,	"targetLoc" : 35,	"newCovered" : [		{			"operatorDescription" : "Remove ^",			"class" : "MDLButtonColumnDescription",			"operatorClass" : "RemoveCaretOperator",			"mutationStart" : 15,			"method" : "onClickBlock",			"mutationEnd" : 28		}	],	"timeBudgetFinished" : false,	"notCoveredInOriginal" : [		{			"operatorDescription" : "Remove ^",			"class" : "MDLButtonColumnDescription",			"operatorClass" : "RemoveCaretOperator",			"mutationStart" : 15,			"method" : "onClickBlock",			"mutationEnd" : 28		}	],	"testCase" : "MDLButtonColumnDescriptionTest",	"unixtime" : 1605017526,	"timeTotal" : 12}