{	"targetClasses" : [		"MDLChipInitial"	],	"testMethodsIgnored" : [ ],	"methodsNotProfiled" : [ ],	"numberOfOriginalTestMethods" : 4,	"timeDetail" : [		"init: % 3.02 (167 milliseconds)",		"assertionAmplification: % 34.94 (1 second 932 milliseconds)",		"selection: % 29.73 (1 second 644 milliseconds)",		"inputAmplification: % 29.06 (1 second 607 milliseconds)",		"finalize: % 3.24 (179 milliseconds)"	],	"notCoveredInAmplified" : [		{			"operatorDescription" : "Replace #- with #+",			"class" : "MDLChipInitial",			"operatorClass" : "ReplaceMinusWithPlusMutantOperator",			"mutationStart" : 547,			"method" : "color:",			"mutationEnd" : 553		},		{			"operatorDescription" : "Replace #- with #+",			"class" : "MDLChipInitial",			"operatorClass" : "ReplaceMinusWithPlusMutantOperator",			"mutationStart" : 644,			"method" : "color:",			"mutationEnd" : 650		},		{			"operatorDescription" : "Replace #- with #+",			"class" : "MDLChipInitial",			"operatorClass" : "ReplaceMinusWithPlusMutantOperator",			"mutationStart" : 935,			"method" : "color:",			"mutationEnd" : 940		},		{			"operatorDescription" : "Replace #- with #+",			"class" : "MDLChipInitial",			"operatorClass" : "ReplaceMinusWithPlusMutantOperator",			"mutationStart" : 1031,			"method" : "color:",			"mutationEnd" : 1036		},		{			"operatorDescription" : "Replace #ifFalse: receiver with false",			"class" : "MDLChipInitial",			"operatorClass" : "ReplaceIfFalseReceiverWithFalseOperator",			"mutationStart" : 119,			"method" : "hexColor:",			"mutationEnd" : 169		}	],	"mutationScoreAfter" : 54,	"mutationScoreBefore" : 54,	"testAmpLoc" : 0,	"amplifiedMethods" : [ ],	"testLoc" : "9",	"amplifiedClass" : "MDLChipInitialTest68",	"numberOfAllMutationsInOriginal" : 11,	"targetLoc" : 28,	"newCovered" : [ ],	"timeBudgetFinished" : false,	"notCoveredInOriginal" : [		{			"operatorDescription" : "Replace #- with #+",			"class" : "MDLChipInitial",			"operatorClass" : "ReplaceMinusWithPlusMutantOperator",			"mutationStart" : 547,			"method" : "color:",			"mutationEnd" : 553		},		{			"operatorDescription" : "Replace #- with #+",			"class" : "MDLChipInitial",			"operatorClass" : "ReplaceMinusWithPlusMutantOperator",			"mutationStart" : 644,			"method" : "color:",			"mutationEnd" : 650		},		{			"operatorDescription" : "Replace #- with #+",			"class" : "MDLChipInitial",			"operatorClass" : "ReplaceMinusWithPlusMutantOperator",			"mutationStart" : 935,			"method" : "color:",			"mutationEnd" : 940		},		{			"operatorDescription" : "Replace #- with #+",			"class" : "MDLChipInitial",			"operatorClass" : "ReplaceMinusWithPlusMutantOperator",			"mutationStart" : 1031,			"method" : "color:",			"mutationEnd" : 1036		},		{			"operatorDescription" : "Replace #ifFalse: receiver with false",			"class" : "MDLChipInitial",			"operatorClass" : "ReplaceIfFalseReceiverWithFalseOperator",			"mutationStart" : 119,			"method" : "hexColor:",			"mutationEnd" : 169		}	],	"testCase" : "MDLChipInitialTest",	"unixtime" : 1605017469,	"timeTotal" : 5}