{	"targetClasses" : [		"MDLChipTag"	],	"testMethodsIgnored" : [ ],	"methodsNotProfiled" : [ ],	"numberOfOriginalTestMethods" : 6,	"timeDetail" : [		"init: % 1.41 (103 milliseconds)",		"assertionAmplification: % 41.56 (3 seconds 26 milliseconds)",		"selection: % 9.75 (710 milliseconds)",		"inputAmplification: % 44.68 (3 seconds 253 milliseconds)",		"finalize: % 2.60 (189 milliseconds)"	],	"notCoveredInAmplified" : [		{			"operatorDescription" : "Replace #> with #<",			"class" : "MDLChipTag",			"operatorClass" : "ReplaceGreaterWithLessMutantOperator",			"mutationStart" : 62,			"method" : "addDeleteWithAppendBlock:callback:",			"mutationEnd" : 95		}	],	"mutationScoreAfter" : 80,	"mutationScoreBefore" : 60,	"testAmpLoc" : 11,	"amplifiedMethods" : [		"MDLChipTagTest92>>#testAjaxDeleteCallback_amp_L15_N2"	],	"testLoc" : "25",	"amplifiedClass" : "MDLChipTagTest92",	"numberOfAllMutationsInOriginal" : 5,	"targetLoc" : 34,	"newCovered" : [		{			"operatorDescription" : "Replace #ifTrue: receiver with false",			"class" : "MDLChipTag",			"operatorClass" : "ReplaceIfTrueReceiverWithFalseOperator",			"mutationStart" : 62,			"method" : "addDeleteWithAppendBlock:callback:",			"mutationEnd" : 172		}	],	"timeBudgetFinished" : false,	"notCoveredInOriginal" : [		{			"operatorDescription" : "Replace #> with #<",			"class" : "MDLChipTag",			"operatorClass" : "ReplaceGreaterWithLessMutantOperator",			"mutationStart" : 62,			"method" : "addDeleteWithAppendBlock:callback:",			"mutationEnd" : 95		},		{			"operatorDescription" : "Replace #ifTrue: receiver with false",			"class" : "MDLChipTag",			"operatorClass" : "ReplaceIfTrueReceiverWithFalseOperator",			"mutationStart" : 62,			"method" : "addDeleteWithAppendBlock:callback:",			"mutationEnd" : 172		}	],	"testCase" : "MDLChipTagTest",	"unixtime" : 1605017534,	"timeTotal" : 7}