{	"targetClasses" : [		"MDLCalendar"	],	"testMethodsIgnored" : [ ],	"methodsNotProfiled" : [ ],	"numberOfOriginalTestMethods" : 13,	"timeDetail" : [		"init: % 0.13 (961 milliseconds)",		"assertionAmplification: % 92.43 (11 minutes 34 seconds 613 milliseconds)",		"selection: % 5.75 (43 seconds 206 milliseconds)",		"inputAmplification: % 1.50 (11 seconds 271 milliseconds)",		"finalize: % 0.19 (1 second 455 milliseconds)"	],	"notCoveredInAmplified" : [		{			"operatorDescription" : "Replace #'<=' with #<",			"class" : "MDLCalendar",			"operatorClass" : "ReplaceLessOrEqualWithLessMutantOperator",			"mutationStart" : 1368,			"method" : "daysForWeek:",			"mutationEnd" : 1383		},		{			"operatorDescription" : "Replace #'<=' with true",			"class" : "MDLCalendar",			"operatorClass" : "ReplaceLessOrEqualWithTrueOperator",			"mutationStart" : 1368,			"method" : "daysForWeek:",			"mutationEnd" : 1383		},		{			"operatorDescription" : "Replace #- with #+",			"class" : "MDLCalendar",			"operatorClass" : "ReplaceMinusWithPlusMutantOperator",			"mutationStart" : 1421,			"method" : "daysForWeek:",			"mutationEnd" : 1435		},		{			"operatorDescription" : "Replace #and: receiver with true",			"class" : "MDLCalendar",			"operatorClass" : "ReplaceAndReceiverWithTrueOperator",			"mutationStart" : 1141,			"method" : "daysForWeek:",			"mutationEnd" : 1197		},		{			"operatorDescription" : "Replace #and: with #bEqv:",			"class" : "MDLCalendar",			"operatorClass" : "ReplaceAndWithEqvMutantOperator",			"mutationStart" : 1141,			"method" : "daysForWeek:",			"mutationEnd" : 1197		},		{			"operatorDescription" : "Replace #ifTrue: receiver with false",			"class" : "MDLCalendar",			"operatorClass" : "ReplaceIfTrueReceiverWithFalseOperator",			"mutationStart" : 153,			"method" : "daysForWeek:",			"mutationEnd" : 212		},		{			"operatorDescription" : "Replace #ifTrue:ifFalse: receiver with true",			"class" : "MDLCalendar",			"operatorClass" : "ReplaceIfTrueIfFalseReceiverWithTrueOperator",			"mutationStart" : 1368,			"method" : "daysForWeek:",			"mutationEnd" : 1437		},		{			"operatorDescription" : "Replace #or: argument with [false]",			"class" : "MDLCalendar",			"operatorClass" : "ReplaceOrArgumentWithFalseOperator",			"mutationStart" : 1140,			"method" : "daysForWeek:",			"mutationEnd" : 1242		},		{			"operatorDescription" : "Replace #or: with #bXor:",			"class" : "MDLCalendar",			"operatorClass" : "ReplaceOrWithXorMutantOperator",			"mutationStart" : 1140,			"method" : "daysForWeek:",			"mutationEnd" : 1242		}	],	"mutationScoreAfter" : 85,	"mutationScoreBefore" : 81,	"testAmpLoc" : 1310,	"amplifiedMethods" : [		"MDLCalendarTest204>>#testDaysForWeek2Casual_amp_A22_A21",		"MDLCalendarTest204>>#testDaysForWeekWithFirstDayBeingAMondayFrenchFormat_amp_A38_A6_A99"	],	"testLoc" : "56",	"amplifiedClass" : "MDLCalendarTest204",	"numberOfAllMutationsInOriginal" : 60,	"targetLoc" : 72,	"newCovered" : [		{			"operatorDescription" : "Replace #+ with #-",			"class" : "MDLCalendar",			"operatorClass" : "ReplacePlusWithMinusMutantOperator",			"mutationStart" : 35,			"method" : "selectNextYears",			"mutationEnd" : 51		},		{			"operatorDescription" : "Replace #- with #+",			"class" : "MDLCalendar",			"operatorClass" : "ReplaceMinusWithPlusMutantOperator",			"mutationStart" : 39,			"method" : "selectPreviousYears",			"mutationEnd" : 55		}	],	"timeBudgetFinished" : false,	"notCoveredInOriginal" : [		{			"operatorDescription" : "Replace #'<=' with #<",			"class" : "MDLCalendar",			"operatorClass" : "ReplaceLessOrEqualWithLessMutantOperator",			"mutationStart" : 1368,			"method" : "daysForWeek:",			"mutationEnd" : 1383		},		{			"operatorDescription" : "Replace #'<=' with true",			"class" : "MDLCalendar",			"operatorClass" : "ReplaceLessOrEqualWithTrueOperator",			"mutationStart" : 1368,			"method" : "daysForWeek:",			"mutationEnd" : 1383		},		{			"operatorDescription" : "Replace #- with #+",			"class" : "MDLCalendar",			"operatorClass" : "ReplaceMinusWithPlusMutantOperator",			"mutationStart" : 1421,			"method" : "daysForWeek:",			"mutationEnd" : 1435		},		{			"operatorDescription" : "Replace #and: receiver with true",			"class" : "MDLCalendar",			"operatorClass" : "ReplaceAndReceiverWithTrueOperator",			"mutationStart" : 1141,			"method" : "daysForWeek:",			"mutationEnd" : 1197		},		{			"operatorDescription" : "Replace #and: with #bEqv:",			"class" : "MDLCalendar",			"operatorClass" : "ReplaceAndWithEqvMutantOperator",			"mutationStart" : 1141,			"method" : "daysForWeek:",			"mutationEnd" : 1197		},		{			"operatorDescription" : "Replace #ifTrue: receiver with false",			"class" : "MDLCalendar",			"operatorClass" : "ReplaceIfTrueReceiverWithFalseOperator",			"mutationStart" : 153,			"method" : "daysForWeek:",			"mutationEnd" : 212		},		{			"operatorDescription" : "Replace #ifTrue:ifFalse: receiver with true",			"class" : "MDLCalendar",			"operatorClass" : "ReplaceIfTrueIfFalseReceiverWithTrueOperator",			"mutationStart" : 1368,			"method" : "daysForWeek:",			"mutationEnd" : 1437		},		{			"operatorDescription" : "Replace #or: argument with [false]",			"class" : "MDLCalendar",			"operatorClass" : "ReplaceOrArgumentWithFalseOperator",			"mutationStart" : 1140,			"method" : "daysForWeek:",			"mutationEnd" : 1242		},		{			"operatorDescription" : "Replace #or: with #bXor:",			"class" : "MDLCalendar",			"operatorClass" : "ReplaceOrWithXorMutantOperator",			"mutationStart" : 1140,			"method" : "daysForWeek:",			"mutationEnd" : 1242		},		{			"operatorDescription" : "Replace #+ with #-",			"class" : "MDLCalendar",			"operatorClass" : "ReplacePlusWithMinusMutantOperator",			"mutationStart" : 35,			"method" : "selectNextYears",			"mutationEnd" : 51		},		{			"operatorDescription" : "Replace #- with #+",			"class" : "MDLCalendar",			"operatorClass" : "ReplaceMinusWithPlusMutantOperator",			"mutationStart" : 39,			"method" : "selectPreviousYears",			"mutationEnd" : 55		}	],	"testCase" : "MDLCalendarTest",	"unixtime" : 1605018423,	"timeTotal" : 751}