{	"targetClasses" : [		"MDLDatePicker"	],	"testMethodsIgnored" : [ ],	"methodsNotProfiled" : [ ],	"numberOfOriginalTestMethods" : 11,	"timeDetail" : [		"init: % 0.05 (154 milliseconds)",		"assertionAmplification: % 91.10 (4 minutes 29 seconds 88 milliseconds)",		"selection: % 4.41 (13 seconds 20 milliseconds)",		"inputAmplification: % 4.40 (12 seconds 990 milliseconds)",		"finalize: % 0.05 (139 milliseconds)"	],	"notCoveredInAmplified" : [ ],	"mutationScoreAfter" : 100,	"mutationScoreBefore" : 0,	"testAmpLoc" : 411,	"amplifiedMethods" : [		"MDLDatePickerTest179>>#testDisplayDateOn_amp"	],	"testLoc" : "65",	"amplifiedClass" : "MDLDatePickerTest179",	"numberOfAllMutationsInOriginal" : 1,	"targetLoc" : 12,	"newCovered" : [		{			"operatorDescription" : "Remove ^",			"class" : "MDLDatePicker",			"operatorClass" : "RemoveCaretOperator",			"mutationStart" : 17,			"method" : "containerClass",			"mutationEnd" : 37		}	],	"timeBudgetFinished" : false,	"notCoveredInOriginal" : [		{			"operatorDescription" : "Remove ^",			"class" : "MDLDatePicker",			"operatorClass" : "RemoveCaretOperator",			"mutationStart" : 17,			"method" : "containerClass",			"mutationEnd" : 37		}	],	"testCase" : "MDLDatePickerTest",	"unixtime" : 1605018727,	"timeTotal" : 295}