{	"targetClasses" : [		"MDLDialog"	],	"testMethodsIgnored" : [ ],	"methodsNotProfiled" : [ ],	"numberOfOriginalTestMethods" : 4,	"timeDetail" : [		"init: % 3.05 (147 milliseconds)",		"assertionAmplification: % 40.74 (1 second 962 milliseconds)",		"selection: % 20.12 (969 milliseconds)",		"inputAmplification: % 33.08 (1 second 593 milliseconds)",		"finalize: % 3.01 (145 milliseconds)"	],	"notCoveredInAmplified" : [		{			"operatorDescription" : "Remove ^",			"class" : "MDLDialog class",			"operatorClass" : "RemoveCaretOperator",			"mutationStart" : 19,			"method" : "jsOpenRootDialog",			"mutationEnd" : 61		},		{			"operatorDescription" : "Remove ^",			"class" : "MDLDialog class",			"operatorClass" : "RemoveCaretOperator",			"mutationStart" : 56,			"method" : "rootDialogCloseId",			"mutationEnd" : 78		},		{			"operatorDescription" : "Remove ^",			"class" : "MDLDialog class",			"operatorClass" : "RemoveCaretOperator",			"mutationStart" : 51,			"method" : "rootDialogId",			"mutationEnd" : 66		},		{			"operatorDescription" : "Remove ^",			"class" : "MDLDialog class",			"operatorClass" : "RemoveCaretOperator",			"mutationStart" : 55,			"method" : "rootDialogOpenId",			"mutationEnd" : 76		},		{			"operatorDescription" : "Remove ^",			"class" : "MDLDialog class",			"operatorClass" : "RemoveCaretOperator",			"mutationStart" : 25,			"method" : "jsInitializeRootDialog",			"mutationEnd" : 156		},		{			"operatorDescription" : "Remove ^",			"class" : "MDLDialog class",			"operatorClass" : "RemoveCaretOperator",			"mutationStart" : 32,			"method" : "jsInitializeAndOpenRootDialog",			"mutationEnd" : 84		}	],	"mutationScoreAfter" : 14,	"mutationScoreBefore" : 14,	"testAmpLoc" : 0,	"amplifiedMethods" : [ ],	"testLoc" : "8",	"amplifiedClass" : "MDLDialogTest67",	"numberOfAllMutationsInOriginal" : 7,	"targetLoc" : 42,	"newCovered" : [ ],	"timeBudgetFinished" : false,	"notCoveredInOriginal" : [		{			"operatorDescription" : "Remove ^",			"class" : "MDLDialog class",			"operatorClass" : "RemoveCaretOperator",			"mutationStart" : 19,			"method" : "jsOpenRootDialog",			"mutationEnd" : 61		},		{			"operatorDescription" : "Remove ^",			"class" : "MDLDialog class",			"operatorClass" : "RemoveCaretOperator",			"mutationStart" : 56,			"method" : "rootDialogCloseId",			"mutationEnd" : 78		},		{			"operatorDescription" : "Remove ^",			"class" : "MDLDialog class",			"operatorClass" : "RemoveCaretOperator",			"mutationStart" : 51,			"method" : "rootDialogId",			"mutationEnd" : 66		},		{			"operatorDescription" : "Remove ^",			"class" : "MDLDialog class",			"operatorClass" : "RemoveCaretOperator",			"mutationStart" : 55,			"method" : "rootDialogOpenId",			"mutationEnd" : 76		},		{			"operatorDescription" : "Remove ^",			"class" : "MDLDialog class",			"operatorClass" : "RemoveCaretOperator",			"mutationStart" : 25,			"method" : "jsInitializeRootDialog",			"mutationEnd" : 156		},		{			"operatorDescription" : "Remove ^",			"class" : "MDLDialog class",			"operatorClass" : "RemoveCaretOperator",			"mutationStart" : 32,			"method" : "jsInitializeAndOpenRootDialog",			"mutationEnd" : 84		}	],	"testCase" : "MDLDialogTest",	"unixtime" : 1605017460,	"timeTotal" : 4}