{	"targetClasses" : [		"MDLExpansionPanel"	],	"testMethodsIgnored" : [ ],	"methodsNotProfiled" : [		"MDLExpansionPanel>>#renderExpansionPanelHeaderOn:",		"MDLExpansionPanel>>#renderExpansionPanelContentOn:",		"MDLExpansionPanel>>#renderContentOn:",		"MDLExpansionPanel>>#isFolded:",		"MDLExpansionPanel>>#expandedBlock:"	],	"numberOfOriginalTestMethods" : 6,	"timeDetail" : [		"init: % 0.86 (197 milliseconds)",		"assertionAmplification: % 66.07 (15 seconds 52 milliseconds)",		"selection: % 14.52 (3 seconds 308 milliseconds)",		"inputAmplification: % 17.64 (4 seconds 19 milliseconds)",		"finalize: % 0.91 (207 milliseconds)"	],	"notCoveredInAmplified" : [		{			"operatorDescription" : "Replace do block with [:each |]",			"class" : "MDLExpansionPanel",			"operatorClass" : "ReplaceDoBlockWithEmptyBlockOperator",			"mutationStart" : 255,			"method" : "renderExpansionPanelHeaderOn:",			"mutationEnd" : 347		},		{			"operatorDescription" : "Remove #not",			"class" : "MDLExpansionPanel",			"operatorClass" : "RemoveNotOperator",			"mutationStart" : 38,			"method" : "isFolded:",			"mutationEnd" : 49		}	],	"mutationScoreAfter" : 81,	"mutationScoreBefore" : 45,	"testAmpLoc" : 50,	"amplifiedMethods" : [		"MDLExpansionPanelTest102>>#testIsExpanded_amp"	],	"testLoc" : "39",	"amplifiedClass" : "MDLExpansionPanelTest102",	"numberOfAllMutationsInOriginal" : 11,	"targetLoc" : 67,	"newCovered" : [		{			"operatorDescription" : "Remove ^",			"class" : "MDLExpansionPanel",			"operatorClass" : "RemoveCaretOperator",			"mutationStart" : 15,			"method" : "descriptions",			"mutationEnd" : 28		},		{			"operatorDescription" : "Remove ^",			"class" : "MDLExpansionPanel",			"operatorClass" : "RemoveCaretOperator",			"mutationStart" : 9,			"method" : "shadow",			"mutationEnd" : 16		},		{			"operatorDescription" : "Remove ^",			"class" : "MDLExpansionPanel",			"operatorClass" : "RemoveCaretOperator",			"mutationStart" : 16,			"method" : "expandedBlock",			"mutationEnd" : 30		},		{			"operatorDescription" : "Remove ^",			"class" : "MDLExpansionPanel",			"operatorClass" : "RemoveCaretOperator",			"mutationStart" : 8,			"method" : "title",			"mutationEnd" : 14		}	],	"timeBudgetFinished" : false,	"notCoveredInOriginal" : [		{			"operatorDescription" : "Remove ^",			"class" : "MDLExpansionPanel",			"operatorClass" : "RemoveCaretOperator",			"mutationStart" : 15,			"method" : "descriptions",			"mutationEnd" : 28		},		{			"operatorDescription" : "Replace do block with [:each |]",			"class" : "MDLExpansionPanel",			"operatorClass" : "ReplaceDoBlockWithEmptyBlockOperator",			"mutationStart" : 255,			"method" : "renderExpansionPanelHeaderOn:",			"mutationEnd" : 347		},		{			"operatorDescription" : "Remove ^",			"class" : "MDLExpansionPanel",			"operatorClass" : "RemoveCaretOperator",			"mutationStart" : 9,			"method" : "shadow",			"mutationEnd" : 16		},		{			"operatorDescription" : "Remove ^",			"class" : "MDLExpansionPanel",			"operatorClass" : "RemoveCaretOperator",			"mutationStart" : 16,			"method" : "expandedBlock",			"mutationEnd" : 30		},		{			"operatorDescription" : "Remove #not",			"class" : "MDLExpansionPanel",			"operatorClass" : "RemoveNotOperator",			"mutationStart" : 38,			"method" : "isFolded:",			"mutationEnd" : 49		},		{			"operatorDescription" : "Remove ^",			"class" : "MDLExpansionPanel",			"operatorClass" : "RemoveCaretOperator",			"mutationStart" : 8,			"method" : "title",			"mutationEnd" : 14		}	],	"testCase" : "MDLExpansionPanelTest",	"unixtime" : 1605017584,	"timeTotal" : 22}