{	"targetClasses" : [		"MDLFoldButton"	],	"testMethodsIgnored" : [ ],	"methodsNotProfiled" : [		"MDLFoldButton>>#isSelected:",		"MDLFoldButton>>#owner:",		"MDLFoldButton class>>#for:",		"MDLFoldButton class>>#for:onComplete:"	],	"numberOfOriginalTestMethods" : 3,	"timeDetail" : [		"init: % 43.41 (11 seconds 528 milliseconds)",		"assertionAmplification: % 5.10 (1 second 354 milliseconds)",		"selection: % 2.90 (771 milliseconds)",		"inputAmplification: % 5.53 (1 second 468 milliseconds)",		"finalize: % 43.06 (11 seconds 437 milliseconds)"	],	"notCoveredInAmplified" : [		{			"operatorDescription" : "Remove ^",			"class" : "MDLFoldButton",			"operatorClass" : "RemoveCaretOperator",			"mutationStart" : 64,			"method" : "isSelected",			"mutationEnd" : 70		},		{			"operatorDescription" : "Remove #not",			"class" : "MDLFoldButton",			"operatorClass" : "RemoveNotOperator",			"mutationStart" : 267,			"method" : "renderContentOn:",			"mutationEnd" : 283		},		{			"operatorDescription" : "Remove ^",			"class" : "MDLFoldButton class",			"operatorClass" : "RemoveCaretOperator",			"mutationStart" : 14,			"method" : "for:",			"mutationEnd" : 47		},		{			"operatorDescription" : "Remove ^",			"class" : "MDLFoldButton class",			"operatorClass" : "RemoveCaretOperator",			"mutationStart" : 34,			"method" : "for:onComplete:",			"mutationEnd" : 100		}	],	"mutationScoreAfter" : 66,	"mutationScoreBefore" : 75,	"testAmpLoc" : 0,	"amplifiedMethods" : [ ],	"testLoc" : "36",	"amplifiedClass" : "MDLFoldButtonTest50",	"numberOfAllMutationsInOriginal" : 12,	"targetLoc" : 67,	"newCovered" : [		{			"operatorDescription" : "Remove ^",			"class" : "MDLFoldButton",			"operatorClass" : "RemoveCaretOperator",			"mutationStart" : 8,			"method" : "divId",			"mutationEnd" : 14		},		{			"operatorDescription" : "Remove ^",			"class" : "MDLFoldButton",			"operatorClass" : "RemoveCaretOperator",			"mutationStart" : 14,			"method" : "showAndHide",			"mutationEnd" : 255		},		{			"operatorDescription" : "Remove ^",			"class" : "MDLFoldButton",			"operatorClass" : "RemoveCaretOperator",			"mutationStart" : 11,			"method" : "isFolded",			"mutationEnd" : 20		}	],	"timeBudgetFinished" : false,	"notCoveredInOriginal" : [		{			"operatorDescription" : "Remove #not",			"class" : "MDLFoldButton",			"operatorClass" : "RemoveNotOperator",			"mutationStart" : 267,			"method" : "renderContentOn:",			"mutationEnd" : 283		},		{			"operatorDescription" : "Remove ^",			"class" : "MDLFoldButton class",			"operatorClass" : "RemoveCaretOperator",			"mutationStart" : 14,			"method" : "for:",			"mutationEnd" : 47		},		{			"operatorDescription" : "Remove ^",			"class" : "MDLFoldButton class",			"operatorClass" : "RemoveCaretOperator",			"mutationStart" : 34,			"method" : "for:onComplete:",			"mutationEnd" : 100		}	],	"testCase" : "MDLFoldButtonTest",	"unixtime" : 1605017561,	"timeTotal" : 26}