{	"targetClasses" : [		"MDLListIconComponent"	],	"testMethodsIgnored" : [ ],	"methodsNotProfiled" : [ ],	"numberOfOriginalTestMethods" : 2,	"timeDetail" : [		"init: % 44.49 (10 seconds 921 milliseconds)",		"assertionAmplification: % 3.17 (778 milliseconds)",		"selection: % 1.27 (312 milliseconds)",		"inputAmplification: % 3.30 (809 milliseconds)",		"finalize: % 47.77 (11 seconds 725 milliseconds)"	],	"notCoveredInAmplified" : [		{			"operatorDescription" : "Replace #or: argument with [false]",			"class" : "MDLListIconComponent",			"operatorClass" : "ReplaceOrArgumentWithFalseOperator",			"mutationStart" : 99,			"method" : "renderContentOn:",			"mutationEnd" : 149		}	],	"mutationScoreAfter" : 92,	"mutationScoreBefore" : 92,	"testAmpLoc" : 0,	"amplifiedMethods" : [ ],	"testLoc" : "13",	"amplifiedClass" : "MDLListIconComponentTest33",	"numberOfAllMutationsInOriginal" : 13,	"targetLoc" : 32,	"newCovered" : [		{			"operatorDescription" : "Remove ^",			"class" : "MDLListIconComponent",			"operatorClass" : "RemoveCaretOperator",			"mutationStart" : 11,			"method" : "helpText",			"mutationEnd" : 20		},		{			"operatorDescription" : "Remove ^",			"class" : "MDLListIconComponent class",			"operatorClass" : "RemoveCaretOperator",			"mutationStart" : 45,			"method" : "named:helpText:",			"mutationEnd" : 114		}	],	"timeBudgetFinished" : false,	"notCoveredInOriginal" : [		{			"operatorDescription" : "Replace #or: argument with [false]",			"class" : "MDLListIconComponent",			"operatorClass" : "ReplaceOrArgumentWithFalseOperator",			"mutationStart" : 99,			"method" : "renderContentOn:",			"mutationEnd" : 149		}	],	"testCase" : "MDLListIconComponentTest",	"unixtime" : 1605017495,	"timeTotal" : 24}