{	"targetClasses" : [		"MDLNestedList"	],	"testMethodsIgnored" : [ ],	"methodsNotProfiled" : [		"MDLNestedList>>#entryCustomizationHook:",		"MDLNestedList>>#actionBlock:",		"MDLNestedList>>#dragAndDropBlock:",		"MDLNestedList>>#childrenSortBlock:",		"MDLNestedList>>#printSublistFor:context:on:",		"MDLNestedList>>#renderSublistOf:parentIndex:indentedBy:on:",		"MDLNestedList>>#draggableScript:cb:",		"MDLNestedList>>#children:",		"MDLNestedList>>#obtainElementForPath:",		"MDLNestedList>>#printResultOf:context:on:",		"MDLNestedList>>#format:",		"MDLNestedList>>#helpBlock:",		"MDLNestedList>>#onClickJs:",		"MDLNestedList>>#printHtmlForElementsFrom:to:context:on:",		"MDLNestedList>>#at:ifPresent:",		"MDLNestedList class>>#elements:children:"	],	"numberOfOriginalTestMethods" : 11,	"timeDetail" : [		"init: % 1.50 (2 seconds 119 milliseconds)",		"assertionAmplification: % 56.80 (1 minute 19 seconds 976 milliseconds)",		"selection: % 35.79 (50 seconds 393 milliseconds)",		"inputAmplification: % 4.25 (5 seconds 986 milliseconds)",		"finalize: % 1.65 (2 seconds 326 milliseconds)"	],	"notCoveredInAmplified" : [		{			"operatorDescription" : "Replace #= with #'~='",			"class" : "MDLNestedList",			"operatorClass" : "ReplaceEqualWithNotEqualOperator",			"mutationStart" : 37,			"method" : "actionBlock:",			"mutationEnd" : 60		},		{			"operatorDescription" : "Replace #- with #+",			"class" : "MDLNestedList",			"operatorClass" : "ReplaceMinusWithPlusMutantOperator",			"mutationStart" : 149,			"method" : "elementsDisplayList",			"mutationEnd" : 220		},		{			"operatorDescription" : "Replace #/ with #*",			"class" : "MDLNestedList",			"operatorClass" : "ReplaceDivisionWithMultiplicationMutantOperator",			"mutationStart" : 199,			"method" : "elementsDisplayList",			"mutationEnd" : 220		},		{			"operatorDescription" : "Replace #* with #/",			"class" : "MDLNestedList",			"operatorClass" : "ReplaceMultiplicationWithDivisionMutantOperator",			"mutationStart" : 608,			"method" : "renderItemContentOf:index:indentedBy:on:",			"mutationEnd" : 623		},		{			"operatorDescription" : "Replace #ifTrue: receiver with false",			"class" : "MDLNestedList",			"operatorClass" : "ReplaceIfTrueReceiverWithFalseOperator",			"mutationStart" : 123,			"method" : "renderItemContentOf:index:indentedBy:on:",			"mutationEnd" : 226		},		{			"operatorDescription" : "Replace #+ with #-",			"class" : "MDLNestedList",			"operatorClass" : "ReplacePlusWithMinusMutantOperator",			"mutationStart" : 257,			"method" : "printSublistFor:context:on:",			"mutationEnd" : 297		},		{			"operatorDescription" : "Remove ^",			"class" : "MDLNestedList",			"operatorClass" : "RemoveCaretOperator",			"mutationStart" : 124,			"method" : "renderSublistOf:parentIndex:indentedBy:on:",			"mutationEnd" : 129		},		{			"operatorDescription" : "Replace #+ with #-",			"class" : "MDLNestedList",			"operatorClass" : "ReplacePlusWithMinusMutantOperator",			"mutationStart" : 506,			"method" : "renderSublistOf:parentIndex:indentedBy:on:",			"mutationEnd" : 518		},		{			"operatorDescription" : "Remove ^",			"class" : "MDLNestedList",			"operatorClass" : "RemoveCaretOperator",			"mutationStart" : 38,			"method" : "draggableScript:cb:",			"mutationEnd" : 372		},		{			"operatorDescription" : "Remove ^",			"class" : "MDLNestedList",			"operatorClass" : "RemoveCaretOperator",			"mutationStart" : 65,			"method" : "renderFilterFieldOn:",			"mutationEnd" : 70		},		{			"operatorDescription" : "Replace #ifFalse: receiver with false",			"class" : "MDLNestedList",			"operatorClass" : "ReplaceIfFalseReceiverWithFalseOperator",			"mutationStart" : 28,			"method" : "renderFilterFieldOn:",			"mutationEnd" : 72		},		{			"operatorDescription" : "Replace #ifFalse: receiver with true",			"class" : "MDLNestedList",			"operatorClass" : "ReplaceIfFalseReceiverWithTrueOperator",			"mutationStart" : 28,			"method" : "renderFilterFieldOn:",			"mutationEnd" : 72		},		{			"operatorDescription" : "Replace #ifFalse: with #ifTrue:",			"class" : "MDLNestedList",			"operatorClass" : "ReplaceIfFalseWithIfTrueMutantOperator",			"mutationStart" : 28,			"method" : "renderFilterFieldOn:",			"mutationEnd" : 72		},		{			"operatorDescription" : "Remove ^",			"class" : "MDLNestedList",			"operatorClass" : "RemoveCaretOperator",			"mutationStart" : 31,			"method" : "defineScrollCallbackOn:",			"mutationEnd" : 482		},		{			"operatorDescription" : "Remove ^",			"class" : "MDLNestedList",			"operatorClass" : "RemoveCaretOperator",			"mutationStart" : 17,			"method" : "idFor:",			"mutationEnd" : 34		},		{			"operatorDescription" : "Remove ^",			"class" : "MDLNestedList",			"operatorClass" : "RemoveCaretOperator",			"mutationStart" : 66,			"method" : "obtainElementForPath:",			"mutationEnd" : 339		},		{			"operatorDescription" : "Replace inject:aValue into:aBlock with aValue",			"class" : "MDLNestedList",			"operatorClass" : "RemoveInjectIntoOperator",			"mutationStart" : 68,			"method" : "obtainElementForPath:",			"mutationEnd" : 316		},		{			"operatorDescription" : "Replace #or: with #bXor:",			"class" : "MDLNestedList",			"operatorClass" : "ReplaceOrWithXorMutantOperator",			"mutationStart" : 108,			"method" : "isIncludingSelectedChildren:",			"mutationEnd" : 185		},		{			"operatorDescription" : "Replace #+ with #-",			"class" : "MDLNestedList",			"operatorClass" : "ReplacePlusWithMinusMutantOperator",			"mutationStart" : 629,			"method" : "renderListOn:",			"mutationEnd" : 653		},		{			"operatorDescription" : "Replace #- with #+",			"class" : "MDLNestedList",			"operatorClass" : "ReplaceMinusWithPlusMutantOperator",			"mutationStart" : 629,			"method" : "renderListOn:",			"mutationEnd" : 657		},		{			"operatorDescription" : "Replace #ifTrue: receiver with false",			"class" : "MDLNestedList",			"operatorClass" : "ReplaceIfTrueReceiverWithFalseOperator",			"mutationStart" : 39,			"method" : "draggableMechanism:forDiv:",			"mutationEnd" : 482		},		{			"operatorDescription" : "Replace #ifTrue: receiver with true",			"class" : "MDLNestedList",			"operatorClass" : "ReplaceIfTrueReceiverWithTrueOperator",			"mutationStart" : 39,			"method" : "draggableMechanism:forDiv:",			"mutationEnd" : 482		},		{			"operatorDescription" : "Replace #ifTrue: with #ifFalse:",			"class" : "MDLNestedList",			"operatorClass" : "ReplaceIfTrueWithIfFalseMutantOperator",			"mutationStart" : 39,			"method" : "draggableMechanism:forDiv:",			"mutationEnd" : 482		},		{			"operatorDescription" : "Remove ^",			"class" : "MDLNestedList",			"operatorClass" : "RemoveCaretOperator",			"mutationStart" : 120,			"method" : "states",			"mutationEnd" : 137		},		{			"operatorDescription" : "Replace #= with #'~='",			"class" : "MDLNestedList",			"operatorClass" : "ReplaceEqualWithNotEqualOperator",			"mutationStart" : 85,			"method" : "renderHelpOf:at:on:",			"mutationEnd" : 116		},		{			"operatorDescription" : "Replace #= with #'~='",			"class" : "MDLNestedList",			"operatorClass" : "ReplaceEqualWithNotEqualOperator",			"mutationStart" : 263,			"method" : "renderHelpOf:at:on:",			"mutationEnd" : 294		},		{			"operatorDescription" : "Replace #and: argument with [true]",			"class" : "MDLNestedList",			"operatorClass" : "ReplaceAndArgumentWithTrueOperator",			"mutationStart" : 85,			"method" : "renderHelpOf:at:on:",			"mutationEnd" : 181		},		{			"operatorDescription" : "Replace #and: receiver with true",			"class" : "MDLNestedList",			"operatorClass" : "ReplaceAndReceiverWithTrueOperator",			"mutationStart" : 85,			"method" : "renderHelpOf:at:on:",			"mutationEnd" : 181		},		{			"operatorDescription" : "Replace #and: with #bEqv:",			"class" : "MDLNestedList",			"operatorClass" : "ReplaceAndWithEqvMutantOperator",			"mutationStart" : 85,			"method" : "renderHelpOf:at:on:",			"mutationEnd" : 181		},		{			"operatorDescription" : "Replace #and: with #nand:",			"class" : "MDLNestedList",			"operatorClass" : "ReplaceAndWithNandMutantOperator",			"mutationStart" : 85,			"method" : "renderHelpOf:at:on:",			"mutationEnd" : 181		},		{			"operatorDescription" : "Replace #and: with #or:",			"class" : "MDLNestedList",			"operatorClass" : "ReplaceAndWithOrMutantOperator",			"mutationStart" : 85,			"method" : "renderHelpOf:at:on:",			"mutationEnd" : 181		},		{			"operatorDescription" : "Replace #and: with false",			"class" : "MDLNestedList",			"operatorClass" : "ReplaceAndWithFalseOperator",			"mutationStart" : 85,			"method" : "renderHelpOf:at:on:",			"mutationEnd" : 181		},		{			"operatorDescription" : "Replace #ifTrue: receiver with true",			"class" : "MDLNestedList",			"operatorClass" : "ReplaceIfTrueReceiverWithTrueOperator",			"mutationStart" : 55,			"method" : "renderHelpOf:at:on:",			"mutationEnd" : 205		},		{			"operatorDescription" : "Replace #ifTrue:ifFalse: receiver with false",			"class" : "MDLNestedList",			"operatorClass" : "ReplaceIfTrueIfFalseReceiverWithFalseOperator",			"mutationStart" : 262,			"method" : "renderHelpOf:at:on:",			"mutationEnd" : 383		},		{			"operatorDescription" : "Replace #ifTrue:ifFalse: receiver with true",			"class" : "MDLNestedList",			"operatorClass" : "ReplaceIfTrueIfFalseReceiverWithTrueOperator",			"mutationStart" : 262,			"method" : "renderHelpOf:at:on:",			"mutationEnd" : 383		},		{			"operatorDescription" : "Replace #or: argument with [false]",			"class" : "MDLNestedList",			"operatorClass" : "ReplaceOrArgumentWithFalseOperator",			"mutationStart" : 55,			"method" : "renderHelpOf:at:on:",			"mutationEnd" : 184		},		{			"operatorDescription" : "Replace #or: with true",			"class" : "MDLNestedList",			"operatorClass" : "ReplaceOrWithTrueOperator",			"mutationStart" : 55,			"method" : "renderHelpOf:at:on:",			"mutationEnd" : 184		},		{			"operatorDescription" : "Replace #= with #'~='",			"class" : "MDLNestedList",			"operatorClass" : "ReplaceEqualWithNotEqualOperator",			"mutationStart" : 456,			"method" : "obtainTreeFor:caches:",			"mutationEnd" : 486		},		{			"operatorDescription" : "Replace #or: argument with [false]",			"class" : "MDLNestedList",			"operatorClass" : "ReplaceOrArgumentWithFalseOperator",			"mutationStart" : 379,			"method" : "obtainTreeFor:caches:",			"mutationEnd" : 430		},		{			"operatorDescription" : "Replace #or: receiver with false",			"class" : "MDLNestedList",			"operatorClass" : "ReplaceOrReceiverWithFalseOperator",			"mutationStart" : 379,			"method" : "obtainTreeFor:caches:",			"mutationEnd" : 430		},		{			"operatorDescription" : "Replace #or: with #and:",			"class" : "MDLNestedList",			"operatorClass" : "ReplaceOrWithAndMutantOperator",			"mutationStart" : 379,			"method" : "obtainTreeFor:caches:",			"mutationEnd" : 430		},		{			"operatorDescription" : "Replace #or: with #bXor:",			"class" : "MDLNestedList",			"operatorClass" : "ReplaceOrWithXorMutantOperator",			"mutationStart" : 379,			"method" : "obtainTreeFor:caches:",			"mutationEnd" : 430		},		{			"operatorDescription" : "Replace #or: with true",			"class" : "MDLNestedList",			"operatorClass" : "ReplaceOrWithTrueOperator",			"mutationStart" : 379,			"method" : "obtainTreeFor:caches:",			"mutationEnd" : 430		},		{			"operatorDescription" : "Replace #ifTrue:ifFalse: receiver with false",			"class" : "MDLNestedList",			"operatorClass" : "ReplaceIfTrueIfFalseReceiverWithFalseOperator",			"mutationStart" : 150,			"method" : "renderAnchor:index:inDiv:indentedBy:on:",			"mutationEnd" : 565		},		{			"operatorDescription" : "Replace #ifTrue:ifFalse: receiver with true",			"class" : "MDLNestedList",			"operatorClass" : "ReplaceIfTrueIfFalseReceiverWithTrueOperator",			"mutationStart" : 150,			"method" : "renderAnchor:index:inDiv:indentedBy:on:",			"mutationEnd" : 565		},		{			"operatorDescription" : "Remove #not",			"class" : "MDLNestedList",			"operatorClass" : "RemoveNotOperator",			"mutationStart" : 153,			"method" : "renderListTree:index:indentedBy:on:",			"mutationEnd" : 176		},		{			"operatorDescription" : "Replace #ifTrue: receiver with false",			"class" : "MDLNestedList",			"operatorClass" : "ReplaceIfTrueReceiverWithFalseOperator",			"mutationStart" : 390,			"method" : "renderListTree:index:indentedBy:on:",			"mutationEnd" : 556		},		{			"operatorDescription" : "Replace #ifTrue: receiver with true",			"class" : "MDLNestedList",			"operatorClass" : "ReplaceIfTrueReceiverWithTrueOperator",			"mutationStart" : 390,			"method" : "renderListTree:index:indentedBy:on:",			"mutationEnd" : 556		},		{			"operatorDescription" : "Replace #ifTrue: with #ifFalse:",			"class" : "MDLNestedList",			"operatorClass" : "ReplaceIfTrueWithIfFalseMutantOperator",			"mutationStart" : 390,			"method" : "renderListTree:index:indentedBy:on:",			"mutationEnd" : 556		},		{			"operatorDescription" : "Replace #ifTrue:ifFalse: receiver with false",			"class" : "MDLNestedList",			"operatorClass" : "ReplaceIfTrueIfFalseReceiverWithFalseOperator",			"mutationStart" : 462,			"method" : "renderIconOf:on:",			"mutationEnd" : 607		},		{			"operatorDescription" : "Replace #'<=' with #<",			"class" : "MDLNestedList",			"operatorClass" : "ReplaceLessOrEqualWithLessMutantOperator",			"mutationStart" : 108,			"method" : "printHtmlForElementsFrom:to:context:on:",			"mutationEnd" : 142		},		{			"operatorDescription" : "Replace #'<=' with #=",			"class" : "MDLNestedList",			"operatorClass" : "ReplaceLessOrEqualWithEqualMutantOperator",			"mutationStart" : 108,			"method" : "printHtmlForElementsFrom:to:context:on:",			"mutationEnd" : 142		},		{			"operatorDescription" : "Replace #'<=' with #>",			"class" : "MDLNestedList",			"operatorClass" : "ReplaceLessOrEqualWithGreaterMutantOperator",			"mutationStart" : 108,			"method" : "printHtmlForElementsFrom:to:context:on:",			"mutationEnd" : 142		},		{			"operatorDescription" : "Replace #'<=' with true",			"class" : "MDLNestedList",			"operatorClass" : "ReplaceLessOrEqualWithTrueOperator",			"mutationStart" : 108,			"method" : "printHtmlForElementsFrom:to:context:on:",			"mutationEnd" : 142		},		{			"operatorDescription" : "Replace #'>=' with #=",			"class" : "MDLNestedList",			"operatorClass" : "ReplaceGreaterOrEqualWithEqualMutantOperator",			"mutationStart" : 151,			"method" : "printHtmlForElementsFrom:to:context:on:",			"mutationEnd" : 158		},		{			"operatorDescription" : "Replace #'>=' with #>",			"class" : "MDLNestedList",			"operatorClass" : "ReplaceGreaterOrEqualWithGreaterMutantOperator",			"mutationStart" : 151,			"method" : "printHtmlForElementsFrom:to:context:on:",			"mutationEnd" : 158		},		{			"operatorDescription" : "Replace #and: argument with [true]",			"class" : "MDLNestedList",			"operatorClass" : "ReplaceAndArgumentWithTrueOperator",			"mutationStart" : 107,			"method" : "printHtmlForElementsFrom:to:context:on:",			"mutationEnd" : 161		},		{			"operatorDescription" : "Replace #and: receiver with true",			"class" : "MDLNestedList",			"operatorClass" : "ReplaceAndReceiverWithTrueOperator",			"mutationStart" : 107,			"method" : "printHtmlForElementsFrom:to:context:on:",			"mutationEnd" : 161		},		{			"operatorDescription" : "Replace #and: with #bEqv:",			"class" : "MDLNestedList",			"operatorClass" : "ReplaceAndWithEqvMutantOperator",			"mutationStart" : 107,			"method" : "printHtmlForElementsFrom:to:context:on:",			"mutationEnd" : 161		},		{			"operatorDescription" : "Replace #and: with #nand:",			"class" : "MDLNestedList",			"operatorClass" : "ReplaceAndWithNandMutantOperator",			"mutationStart" : 107,			"method" : "printHtmlForElementsFrom:to:context:on:",			"mutationEnd" : 161		},		{			"operatorDescription" : "Replace #and: with #or:",			"class" : "MDLNestedList",			"operatorClass" : "ReplaceAndWithOrMutantOperator",			"mutationStart" : 107,			"method" : "printHtmlForElementsFrom:to:context:on:",			"mutationEnd" : 161		},		{			"operatorDescription" : "Replace #and: with false",			"class" : "MDLNestedList",			"operatorClass" : "ReplaceAndWithFalseOperator",			"mutationStart" : 107,			"method" : "printHtmlForElementsFrom:to:context:on:",			"mutationEnd" : 161		},		{			"operatorDescription" : "Replace #ifTrue: receiver with false",			"class" : "MDLNestedList",			"operatorClass" : "ReplaceIfTrueReceiverWithFalseOperator",			"mutationStart" : 107,			"method" : "printHtmlForElementsFrom:to:context:on:",			"mutationEnd" : 473		},		{			"operatorDescription" : "Replace #ifTrue: receiver with true",			"class" : "MDLNestedList",			"operatorClass" : "ReplaceIfTrueReceiverWithTrueOperator",			"mutationStart" : 107,			"method" : "printHtmlForElementsFrom:to:context:on:",			"mutationEnd" : 473		},		{			"operatorDescription" : "Replace #ifTrue: with #ifFalse:",			"class" : "MDLNestedList",			"operatorClass" : "ReplaceIfTrueWithIfFalseMutantOperator",			"mutationStart" : 107,			"method" : "printHtmlForElementsFrom:to:context:on:",			"mutationEnd" : 473		},		{			"operatorDescription" : "Replace #max: with #min:",			"class" : "MDLNestedList",			"operatorClass" : "ReplaceMaxWithMinMutantOperator",			"mutationStart" : 217,			"method" : "printHtmlForElementsFrom:to:context:on:",			"mutationEnd" : 230		},		{			"operatorDescription" : "Replace #min: with #max:",			"class" : "MDLNestedList",			"operatorClass" : "ReplaceMinWithMaxMutantOperator",			"mutationStart" : 242,			"method" : "printHtmlForElementsFrom:to:context:on:",			"mutationEnd" : 278		},		{			"operatorDescription" : "Replace #ifTrue:ifFalse: receiver with false",			"class" : "MDLNestedList",			"operatorClass" : "ReplaceIfTrueIfFalseReceiverWithFalseOperator",			"mutationStart" : 477,			"method" : "renderRightIconOf:on:",			"mutationEnd" : 637		},		{			"operatorDescription" : "Remove ^",			"class" : "MDLNestedList",			"operatorClass" : "RemoveCaretOperator",			"mutationStart" : 33,			"method" : "defineChildrenCallbackOn:",			"mutationEnd" : 370		},		{			"operatorDescription" : "Remove ^",			"class" : "MDLNestedList class",			"operatorClass" : "RemoveCaretOperator",			"mutationStart" : 50,			"method" : "elements:children:",			"mutationEnd" : 124		},		{			"operatorDescription" : "Remove ^",			"class" : "MDLNestedList class",			"operatorClass" : "RemoveCaretOperator",			"mutationStart" : 24,			"method" : "elements:",			"mutationEnd" : 69		}	],	"mutationScoreAfter" : 47,	"mutationScoreBefore" : 44,	"testAmpLoc" : 152,	"amplifiedMethods" : [		"MDLNestedListTest188>>#testElementsDisplayListWithLastElementSelected_amp"	],	"testLoc" : "76",	"amplifiedClass" : "MDLNestedListTest188",	"numberOfAllMutationsInOriginal" : 134,	"targetLoc" : 468,	"newCovered" : [		{			"operatorDescription" : "Remove ^",			"class" : "MDLNestedList",			"operatorClass" : "RemoveCaretOperator",			"mutationStart" : 13,			"method" : "isJsAction",			"mutationEnd" : 24		},		{			"operatorDescription" : "Remove ^",			"class" : "MDLNestedList",			"operatorClass" : "RemoveCaretOperator",			"mutationStart" : 112,			"method" : "listElementsDynamicalLoadingStep",			"mutationEnd" : 133		},		{			"operatorDescription" : "Replace #/ with #*",			"class" : "MDLNestedList",			"operatorClass" : "ReplaceDivisionWithMultiplicationMutantOperator",			"mutationStart" : 114,			"method" : "listElementsDynamicalLoadingStep",			"mutationEnd" : 133		},		{			"operatorDescription" : "Remove ^",			"class" : "MDLNestedList",			"operatorClass" : "RemoveCaretOperator",			"mutationStart" : 19,			"method" : "dragAndDropBlock",			"mutationEnd" : 36		},		{			"operatorDescription" : "Replace #ifTrue: with #ifFalse:",			"class" : "MDLNestedList",			"operatorClass" : "ReplaceIfTrueWithIfFalseMutantOperator",			"mutationStart" : 55,			"method" : "renderHelpOf:at:on:",			"mutationEnd" : 205		},		{			"operatorDescription" : "Replace #or: receiver with false",			"class" : "MDLNestedList",			"operatorClass" : "ReplaceOrReceiverWithFalseOperator",			"mutationStart" : 55,			"method" : "renderHelpOf:at:on:",			"mutationEnd" : 184		},		{			"operatorDescription" : "Replace #or: with #and:",			"class" : "MDLNestedList",			"operatorClass" : "ReplaceOrWithAndMutantOperator",			"mutationStart" : 55,			"method" : "renderHelpOf:at:on:",			"mutationEnd" : 184		},		{			"operatorDescription" : "Replace #or: with #bXor:",			"class" : "MDLNestedList",			"operatorClass" : "ReplaceOrWithXorMutantOperator",			"mutationStart" : 55,			"method" : "renderHelpOf:at:on:",			"mutationEnd" : 184		},		{			"operatorDescription" : "Remove ^",			"class" : "MDLNestedList",			"operatorClass" : "RemoveCaretOperator",			"mutationStart" : 17,			"method" : "rightIconBlock",			"mutationEnd" : 32		},		{			"operatorDescription" : "Remove ^",			"class" : "MDLNestedList",			"operatorClass" : "RemoveCaretOperator",			"mutationStart" : 12,			"method" : "iconBlock",			"mutationEnd" : 22		},		{			"operatorDescription" : "Remove ^",			"class" : "MDLNestedList",			"operatorClass" : "RemoveCaretOperator",			"mutationStart" : 48,			"method" : "obtainTreeFor:caches:",			"mutationEnd" : 488		},		{			"operatorDescription" : "Remove ^",			"class" : "MDLNestedList",			"operatorClass" : "RemoveCaretOperator",			"mutationStart" : 12,			"method" : "listStyle",			"mutationEnd" : 22		},		{			"operatorDescription" : "Remove ^",			"class" : "MDLNestedList",			"operatorClass" : "RemoveCaretOperator",			"mutationStart" : 9,			"method" : "filter",			"mutationEnd" : 16		},		{			"operatorDescription" : "Remove ^",			"class" : "MDLNestedList",			"operatorClass" : "RemoveCaretOperator",			"mutationStart" : 20,			"method" : "childrenSortBlock",			"mutationEnd" : 38		},		{			"operatorDescription" : "Remove ^",			"class" : "MDLNestedList",			"operatorClass" : "RemoveCaretOperator",			"mutationStart" : 14,			"method" : "actionBlock",			"mutationEnd" : 26		}	],	"timeBudgetFinished" : false,	"notCoveredInOriginal" : [		{			"operatorDescription" : "Replace #= with #'~='",			"class" : "MDLNestedList",			"operatorClass" : "ReplaceEqualWithNotEqualOperator",			"mutationStart" : 37,			"method" : "actionBlock:",			"mutationEnd" : 60		},		{			"operatorDescription" : "Replace #- with #+",			"class" : "MDLNestedList",			"operatorClass" : "ReplaceMinusWithPlusMutantOperator",			"mutationStart" : 149,			"method" : "elementsDisplayList",			"mutationEnd" : 220		},		{			"operatorDescription" : "Replace #/ with #*",			"class" : "MDLNestedList",			"operatorClass" : "ReplaceDivisionWithMultiplicationMutantOperator",			"mutationStart" : 199,			"method" : "elementsDisplayList",			"mutationEnd" : 220		},		{			"operatorDescription" : "Replace #* with #/",			"class" : "MDLNestedList",			"operatorClass" : "ReplaceMultiplicationWithDivisionMutantOperator",			"mutationStart" : 608,			"method" : "renderItemContentOf:index:indentedBy:on:",			"mutationEnd" : 623		},		{			"operatorDescription" : "Replace #ifTrue: receiver with false",			"class" : "MDLNestedList",			"operatorClass" : "ReplaceIfTrueReceiverWithFalseOperator",			"mutationStart" : 123,			"method" : "renderItemContentOf:index:indentedBy:on:",			"mutationEnd" : 226		},		{			"operatorDescription" : "Replace #+ with #-",			"class" : "MDLNestedList",			"operatorClass" : "ReplacePlusWithMinusMutantOperator",			"mutationStart" : 257,			"method" : "printSublistFor:context:on:",			"mutationEnd" : 297		},		{			"operatorDescription" : "Remove ^",			"class" : "MDLNestedList",			"operatorClass" : "RemoveCaretOperator",			"mutationStart" : 124,			"method" : "renderSublistOf:parentIndex:indentedBy:on:",			"mutationEnd" : 129		},		{			"operatorDescription" : "Replace #+ with #-",			"class" : "MDLNestedList",			"operatorClass" : "ReplacePlusWithMinusMutantOperator",			"mutationStart" : 506,			"method" : "renderSublistOf:parentIndex:indentedBy:on:",			"mutationEnd" : 518		},		{			"operatorDescription" : "Remove ^",			"class" : "MDLNestedList",			"operatorClass" : "RemoveCaretOperator",			"mutationStart" : 38,			"method" : "draggableScript:cb:",			"mutationEnd" : 372		},		{			"operatorDescription" : "Remove ^",			"class" : "MDLNestedList",			"operatorClass" : "RemoveCaretOperator",			"mutationStart" : 65,			"method" : "renderFilterFieldOn:",			"mutationEnd" : 70		},		{			"operatorDescription" : "Replace #ifFalse: receiver with false",			"class" : "MDLNestedList",			"operatorClass" : "ReplaceIfFalseReceiverWithFalseOperator",			"mutationStart" : 28,			"method" : "renderFilterFieldOn:",			"mutationEnd" : 72		},		{			"operatorDescription" : "Replace #ifFalse: receiver with true",			"class" : "MDLNestedList",			"operatorClass" : "ReplaceIfFalseReceiverWithTrueOperator",			"mutationStart" : 28,			"method" : "renderFilterFieldOn:",			"mutationEnd" : 72		},		{			"operatorDescription" : "Replace #ifFalse: with #ifTrue:",			"class" : "MDLNestedList",			"operatorClass" : "ReplaceIfFalseWithIfTrueMutantOperator",			"mutationStart" : 28,			"method" : "renderFilterFieldOn:",			"mutationEnd" : 72		},		{			"operatorDescription" : "Remove ^",			"class" : "MDLNestedList",			"operatorClass" : "RemoveCaretOperator",			"mutationStart" : 31,			"method" : "defineScrollCallbackOn:",			"mutationEnd" : 482		},		{			"operatorDescription" : "Remove ^",			"class" : "MDLNestedList",			"operatorClass" : "RemoveCaretOperator",			"mutationStart" : 13,			"method" : "isJsAction",			"mutationEnd" : 24		},		{			"operatorDescription" : "Remove ^",			"class" : "MDLNestedList",			"operatorClass" : "RemoveCaretOperator",			"mutationStart" : 17,			"method" : "idFor:",			"mutationEnd" : 34		},		{			"operatorDescription" : "Remove ^",			"class" : "MDLNestedList",			"operatorClass" : "RemoveCaretOperator",			"mutationStart" : 112,			"method" : "listElementsDynamicalLoadingStep",			"mutationEnd" : 133		},		{			"operatorDescription" : "Replace #/ with #*",			"class" : "MDLNestedList",			"operatorClass" : "ReplaceDivisionWithMultiplicationMutantOperator",			"mutationStart" : 114,			"method" : "listElementsDynamicalLoadingStep",			"mutationEnd" : 133		},		{			"operatorDescription" : "Remove ^",			"class" : "MDLNestedList",			"operatorClass" : "RemoveCaretOperator",			"mutationStart" : 19,			"method" : "dragAndDropBlock",			"mutationEnd" : 36		},		{			"operatorDescription" : "Remove ^",			"class" : "MDLNestedList",			"operatorClass" : "RemoveCaretOperator",			"mutationStart" : 66,			"method" : "obtainElementForPath:",			"mutationEnd" : 339		},		{			"operatorDescription" : "Replace inject:aValue into:aBlock with aValue",			"class" : "MDLNestedList",			"operatorClass" : "RemoveInjectIntoOperator",			"mutationStart" : 68,			"method" : "obtainElementForPath:",			"mutationEnd" : 316		},		{			"operatorDescription" : "Replace #or: with #bXor:",			"class" : "MDLNestedList",			"operatorClass" : "ReplaceOrWithXorMutantOperator",			"mutationStart" : 108,			"method" : "isIncludingSelectedChildren:",			"mutationEnd" : 185		},		{			"operatorDescription" : "Replace #+ with #-",			"class" : "MDLNestedList",			"operatorClass" : "ReplacePlusWithMinusMutantOperator",			"mutationStart" : 629,			"method" : "renderListOn:",			"mutationEnd" : 653		},		{			"operatorDescription" : "Replace #- with #+",			"class" : "MDLNestedList",			"operatorClass" : "ReplaceMinusWithPlusMutantOperator",			"mutationStart" : 629,			"method" : "renderListOn:",			"mutationEnd" : 657		},		{			"operatorDescription" : "Replace #ifTrue: receiver with false",			"class" : "MDLNestedList",			"operatorClass" : "ReplaceIfTrueReceiverWithFalseOperator",			"mutationStart" : 39,			"method" : "draggableMechanism:forDiv:",			"mutationEnd" : 482		},		{			"operatorDescription" : "Replace #ifTrue: receiver with true",			"class" : "MDLNestedList",			"operatorClass" : "ReplaceIfTrueReceiverWithTrueOperator",			"mutationStart" : 39,			"method" : "draggableMechanism:forDiv:",			"mutationEnd" : 482		},		{			"operatorDescription" : "Replace #ifTrue: with #ifFalse:",			"class" : "MDLNestedList",			"operatorClass" : "ReplaceIfTrueWithIfFalseMutantOperator",			"mutationStart" : 39,			"method" : "draggableMechanism:forDiv:",			"mutationEnd" : 482		},		{			"operatorDescription" : "Remove ^",			"class" : "MDLNestedList",			"operatorClass" : "RemoveCaretOperator",			"mutationStart" : 120,			"method" : "states",			"mutationEnd" : 137		},		{			"operatorDescription" : "Replace #= with #'~='",			"class" : "MDLNestedList",			"operatorClass" : "ReplaceEqualWithNotEqualOperator",			"mutationStart" : 85,			"method" : "renderHelpOf:at:on:",			"mutationEnd" : 116		},		{			"operatorDescription" : "Replace #= with #'~='",			"class" : "MDLNestedList",			"operatorClass" : "ReplaceEqualWithNotEqualOperator",			"mutationStart" : 263,			"method" : "renderHelpOf:at:on:",			"mutationEnd" : 294		},		{			"operatorDescription" : "Replace #and: argument with [true]",			"class" : "MDLNestedList",			"operatorClass" : "ReplaceAndArgumentWithTrueOperator",			"mutationStart" : 85,			"method" : "renderHelpOf:at:on:",			"mutationEnd" : 181		},		{			"operatorDescription" : "Replace #and: receiver with true",			"class" : "MDLNestedList",			"operatorClass" : "ReplaceAndReceiverWithTrueOperator",			"mutationStart" : 85,			"method" : "renderHelpOf:at:on:",			"mutationEnd" : 181		},		{			"operatorDescription" : "Replace #and: with #bEqv:",			"class" : "MDLNestedList",			"operatorClass" : "ReplaceAndWithEqvMutantOperator",			"mutationStart" : 85,			"method" : "renderHelpOf:at:on:",			"mutationEnd" : 181		},		{			"operatorDescription" : "Replace #and: with #nand:",			"class" : "MDLNestedList",			"operatorClass" : "ReplaceAndWithNandMutantOperator",			"mutationStart" : 85,			"method" : "renderHelpOf:at:on:",			"mutationEnd" : 181		},		{			"operatorDescription" : "Replace #and: with #or:",			"class" : "MDLNestedList",			"operatorClass" : "ReplaceAndWithOrMutantOperator",			"mutationStart" : 85,			"method" : "renderHelpOf:at:on:",			"mutationEnd" : 181		},		{			"operatorDescription" : "Replace #and: with false",			"class" : "MDLNestedList",			"operatorClass" : "ReplaceAndWithFalseOperator",			"mutationStart" : 85,			"method" : "renderHelpOf:at:on:",			"mutationEnd" : 181		},		{			"operatorDescription" : "Replace #ifTrue: receiver with true",			"class" : "MDLNestedList",			"operatorClass" : "ReplaceIfTrueReceiverWithTrueOperator",			"mutationStart" : 55,			"method" : "renderHelpOf:at:on:",			"mutationEnd" : 205		},		{			"operatorDescription" : "Replace #or: argument with [false]",			"class" : "MDLNestedList",			"operatorClass" : "ReplaceOrArgumentWithFalseOperator",			"mutationStart" : 379,			"method" : "obtainTreeFor:caches:",			"mutationEnd" : 430		},		{			"operatorDescription" : "Replace #or: receiver with false",			"class" : "MDLNestedList",			"operatorClass" : "ReplaceOrReceiverWithFalseOperator",			"mutationStart" : 379,			"method" : "obtainTreeFor:caches:",			"mutationEnd" : 430		},		{			"operatorDescription" : "Replace #or: with #and:",			"class" : "MDLNestedList",			"operatorClass" : "ReplaceOrWithAndMutantOperator",			"mutationStart" : 379,			"method" : "obtainTreeFor:caches:",			"mutationEnd" : 430		},		{			"operatorDescription" : "Replace #or: with #bXor:",			"class" : "MDLNestedList",			"operatorClass" : "ReplaceOrWithXorMutantOperator",			"mutationStart" : 379,			"method" : "obtainTreeFor:caches:",			"mutationEnd" : 430		},		{			"operatorDescription" : "Replace #or: with true",			"class" : "MDLNestedList",			"operatorClass" : "ReplaceOrWithTrueOperator",			"mutationStart" : 379,			"method" : "obtainTreeFor:caches:",			"mutationEnd" : 430		},		{			"operatorDescription" : "Replace #ifTrue:ifFalse: receiver with false",			"class" : "MDLNestedList",			"operatorClass" : "ReplaceIfTrueIfFalseReceiverWithFalseOperator",			"mutationStart" : 150,			"method" : "renderAnchor:index:inDiv:indentedBy:on:",			"mutationEnd" : 565		},		{			"operatorDescription" : "Replace #ifTrue:ifFalse: receiver with true",			"class" : "MDLNestedList",			"operatorClass" : "ReplaceIfTrueIfFalseReceiverWithTrueOperator",			"mutationStart" : 150,			"method" : "renderAnchor:index:inDiv:indentedBy:on:",			"mutationEnd" : 565		},		{			"operatorDescription" : "Remove ^",			"class" : "MDLNestedList",			"operatorClass" : "RemoveCaretOperator",			"mutationStart" : 12,			"method" : "listStyle",			"mutationEnd" : 22		},		{			"operatorDescription" : "Remove ^",			"class" : "MDLNestedList",			"operatorClass" : "RemoveCaretOperator",			"mutationStart" : 9,			"method" : "filter",			"mutationEnd" : 16		},		{			"operatorDescription" : "Remove #not",			"class" : "MDLNestedList",			"operatorClass" : "RemoveNotOperator",			"mutationStart" : 153,			"method" : "renderListTree:index:indentedBy:on:",			"mutationEnd" : 176		},		{			"operatorDescription" : "Replace #ifTrue: receiver with false",			"class" : "MDLNestedList",			"operatorClass" : "ReplaceIfTrueReceiverWithFalseOperator",			"mutationStart" : 390,			"method" : "renderListTree:index:indentedBy:on:",			"mutationEnd" : 556		},		{			"operatorDescription" : "Replace #ifTrue: receiver with true",			"class" : "MDLNestedList",			"operatorClass" : "ReplaceIfTrueReceiverWithTrueOperator",			"mutationStart" : 390,			"method" : "renderListTree:index:indentedBy:on:",			"mutationEnd" : 556		},		{			"operatorDescription" : "Replace #ifTrue: with #ifFalse:",			"class" : "MDLNestedList",			"operatorClass" : "ReplaceIfTrueWithIfFalseMutantOperator",			"mutationStart" : 390,			"method" : "renderListTree:index:indentedBy:on:",			"mutationEnd" : 556		},		{			"operatorDescription" : "Remove ^",			"class" : "MDLNestedList",			"operatorClass" : "RemoveCaretOperator",			"mutationStart" : 20,			"method" : "childrenSortBlock",			"mutationEnd" : 38		},		{			"operatorDescription" : "Replace #ifTrue:ifFalse: receiver with false",			"class" : "MDLNestedList",			"operatorClass" : "ReplaceIfTrueIfFalseReceiverWithFalseOperator",			"mutationStart" : 462,			"method" : "renderIconOf:on:",			"mutationEnd" : 607		},		{			"operatorDescription" : "Replace #'<=' with #<",			"class" : "MDLNestedList",			"operatorClass" : "ReplaceLessOrEqualWithLessMutantOperator",			"mutationStart" : 108,			"method" : "printHtmlForElementsFrom:to:context:on:",			"mutationEnd" : 142		},		{			"operatorDescription" : "Replace #'<=' with #=",			"class" : "MDLNestedList",			"operatorClass" : "ReplaceLessOrEqualWithEqualMutantOperator",			"mutationStart" : 108,			"method" : "printHtmlForElementsFrom:to:context:on:",			"mutationEnd" : 142		},		{			"operatorDescription" : "Replace #'<=' with #>",			"class" : "MDLNestedList",			"operatorClass" : "ReplaceLessOrEqualWithGreaterMutantOperator",			"mutationStart" : 108,			"method" : "printHtmlForElementsFrom:to:context:on:",			"mutationEnd" : 142		},		{			"operatorDescription" : "Replace #'<=' with true",			"class" : "MDLNestedList",			"operatorClass" : "ReplaceLessOrEqualWithTrueOperator",			"mutationStart" : 108,			"method" : "printHtmlForElementsFrom:to:context:on:",			"mutationEnd" : 142		},		{			"operatorDescription" : "Replace #'>=' with #=",			"class" : "MDLNestedList",			"operatorClass" : "ReplaceGreaterOrEqualWithEqualMutantOperator",			"mutationStart" : 151,			"method" : "printHtmlForElementsFrom:to:context:on:",			"mutationEnd" : 158		},		{			"operatorDescription" : "Replace #'>=' with #>",			"class" : "MDLNestedList",			"operatorClass" : "ReplaceGreaterOrEqualWithGreaterMutantOperator",			"mutationStart" : 151,			"method" : "printHtmlForElementsFrom:to:context:on:",			"mutationEnd" : 158		},		{			"operatorDescription" : "Replace #and: argument with [true]",			"class" : "MDLNestedList",			"operatorClass" : "ReplaceAndArgumentWithTrueOperator",			"mutationStart" : 107,			"method" : "printHtmlForElementsFrom:to:context:on:",			"mutationEnd" : 161		},		{			"operatorDescription" : "Replace #and: receiver with true",			"class" : "MDLNestedList",			"operatorClass" : "ReplaceAndReceiverWithTrueOperator",			"mutationStart" : 107,			"method" : "printHtmlForElementsFrom:to:context:on:",			"mutationEnd" : 161		},		{			"operatorDescription" : "Replace #and: with #bEqv:",			"class" : "MDLNestedList",			"operatorClass" : "ReplaceAndWithEqvMutantOperator",			"mutationStart" : 107,			"method" : "printHtmlForElementsFrom:to:context:on:",			"mutationEnd" : 161		},		{			"operatorDescription" : "Replace #and: with #nand:",			"class" : "MDLNestedList",			"operatorClass" : "ReplaceAndWithNandMutantOperator",			"mutationStart" : 107,			"method" : "printHtmlForElementsFrom:to:context:on:",			"mutationEnd" : 161		},		{			"operatorDescription" : "Replace #and: with #or:",			"class" : "MDLNestedList",			"operatorClass" : "ReplaceAndWithOrMutantOperator",			"mutationStart" : 107,			"method" : "printHtmlForElementsFrom:to:context:on:",			"mutationEnd" : 161		},		{			"operatorDescription" : "Replace #and: with false",			"class" : "MDLNestedList",			"operatorClass" : "ReplaceAndWithFalseOperator",			"mutationStart" : 107,			"method" : "printHtmlForElementsFrom:to:context:on:",			"mutationEnd" : 161		},		{			"operatorDescription" : "Replace #ifTrue: receiver with false",			"class" : "MDLNestedList",			"operatorClass" : "ReplaceIfTrueReceiverWithFalseOperator",			"mutationStart" : 107,			"method" : "printHtmlForElementsFrom:to:context:on:",			"mutationEnd" : 473		},		{			"operatorDescription" : "Replace #ifTrue: receiver with true",			"class" : "MDLNestedList",			"operatorClass" : "ReplaceIfTrueReceiverWithTrueOperator",			"mutationStart" : 107,			"method" : "printHtmlForElementsFrom:to:context:on:",			"mutationEnd" : 473		},		{			"operatorDescription" : "Replace #ifTrue: with #ifFalse:",			"class" : "MDLNestedList",			"operatorClass" : "ReplaceIfTrueWithIfFalseMutantOperator",			"mutationStart" : 107,			"method" : "printHtmlForElementsFrom:to:context:on:",			"mutationEnd" : 473		},		{			"operatorDescription" : "Replace #max: with #min:",			"class" : "MDLNestedList",			"operatorClass" : "ReplaceMaxWithMinMutantOperator",			"mutationStart" : 217,			"method" : "printHtmlForElementsFrom:to:context:on:",			"mutationEnd" : 230		},		{			"operatorDescription" : "Replace #min: with #max:",			"class" : "MDLNestedList",			"operatorClass" : "ReplaceMinWithMaxMutantOperator",			"mutationStart" : 242,			"method" : "printHtmlForElementsFrom:to:context:on:",			"mutationEnd" : 278		},		{			"operatorDescription" : "Replace #ifTrue:ifFalse: receiver with false",			"class" : "MDLNestedList",			"operatorClass" : "ReplaceIfTrueIfFalseReceiverWithFalseOperator",			"mutationStart" : 477,			"method" : "renderRightIconOf:on:",			"mutationEnd" : 637		},		{			"operatorDescription" : "Remove ^",			"class" : "MDLNestedList",			"operatorClass" : "RemoveCaretOperator",			"mutationStart" : 33,			"method" : "defineChildrenCallbackOn:",			"mutationEnd" : 370		},		{			"operatorDescription" : "Remove ^",			"class" : "MDLNestedList",			"operatorClass" : "RemoveCaretOperator",			"mutationStart" : 14,			"method" : "actionBlock",			"mutationEnd" : 26		},		{			"operatorDescription" : "Remove ^",			"class" : "MDLNestedList class",			"operatorClass" : "RemoveCaretOperator",			"mutationStart" : 50,			"method" : "elements:children:",			"mutationEnd" : 124		},		{			"operatorDescription" : "Remove ^",			"class" : "MDLNestedList class",			"operatorClass" : "RemoveCaretOperator",			"mutationStart" : 24,			"method" : "elements:",			"mutationEnd" : 69		}	],	"testCase" : "MDLNestedListTest",	"unixtime" : 1605019045,	"timeTotal" : 140}