{	"targetClasses" : [		"MDLPaginationComponent"	],	"testMethodsIgnored" : [ ],	"methodsNotProfiled" : [ ],	"numberOfOriginalTestMethods" : 11,	"timeDetail" : [		"init: % 6.25 (11 seconds 18 milliseconds)",		"assertionAmplification: % 67.70 (1 minute 59 seconds 428 milliseconds)",		"selection: % 8.88 (15 seconds 658 milliseconds)",		"inputAmplification: % 10.92 (19 seconds 268 milliseconds)",		"finalize: % 6.26 (11 seconds 42 milliseconds)"	],	"notCoveredInAmplified" : [		{			"operatorDescription" : "Remove ^",			"class" : "MDLPaginationComponent",			"operatorClass" : "RemoveCaretOperator",			"mutationStart" : 11,			"method" : "lastPage",			"mutationEnd" : 48		},		{			"operatorDescription" : "Remove ^",			"class" : "MDLPaginationComponent",			"operatorClass" : "RemoveCaretOperator",			"mutationStart" : 11,			"method" : "nextPage",			"mutationEnd" : 50		},		{			"operatorDescription" : "Replace #= with #'~='",			"class" : "MDLPaginationComponent",			"operatorClass" : "ReplaceEqualWithNotEqualOperator",			"mutationStart" : 128,			"method" : "renderNextButtonsOn:",			"mutationEnd" : 164		},		{			"operatorDescription" : "Replace #= with #'~='",			"class" : "MDLPaginationComponent",			"operatorClass" : "ReplaceEqualWithNotEqualOperator",			"mutationStart" : 268,			"method" : "renderNextButtonsOn:",			"mutationEnd" : 304		},		{			"operatorDescription" : "Remove ^",			"class" : "MDLPaginationComponent",			"operatorClass" : "RemoveCaretOperator",			"mutationStart" : 82,			"method" : "renderFirstDisabledButtonOn:",			"mutationEnd" : 87		},		{			"operatorDescription" : "Replace #ifFalse: receiver with true",			"class" : "MDLPaginationComponent",			"operatorClass" : "ReplaceIfFalseReceiverWithTrueOperator",			"mutationStart" : 36,			"method" : "renderFirstDisabledButtonOn:",			"mutationEnd" : 89		},		{			"operatorDescription" : "Replace #= with #'~='",			"class" : "MDLPaginationComponent",			"operatorClass" : "ReplaceEqualWithNotEqualOperator",			"mutationStart" : 374,			"method" : "renderPagesButtonsOn:",			"mutationEnd" : 395		},		{			"operatorDescription" : "Remove ^",			"class" : "MDLPaginationComponent",			"operatorClass" : "RemoveCaretOperator",			"mutationStart" : 15,			"method" : "previousPage",			"mutationEnd" : 54		},		{			"operatorDescription" : "Remove ^",			"class" : "MDLPaginationComponent",			"operatorClass" : "RemoveCaretOperator",			"mutationStart" : 80,			"method" : "renderLastDisabledButtonOn:",			"mutationEnd" : 85		},		{			"operatorDescription" : "Replace #ifFalse: receiver with true",			"class" : "MDLPaginationComponent",			"operatorClass" : "ReplaceIfFalseReceiverWithTrueOperator",			"mutationStart" : 35,			"method" : "renderLastDisabledButtonOn:",			"mutationEnd" : 87		},		{			"operatorDescription" : "Remove ^",			"class" : "MDLPaginationComponent",			"operatorClass" : "RemoveCaretOperator",			"mutationStart" : 12,			"method" : "firstPage",			"mutationEnd" : 43		},		{			"operatorDescription" : "Replace #and: receiver with true",			"class" : "MDLPaginationComponent",			"operatorClass" : "ReplaceAndReceiverWithTrueOperator",			"mutationStart" : 84,			"method" : "renderButtonWithIconNamed:callback:disabledIf:on:",			"mutationEnd" : 129		},		{			"operatorDescription" : "Replace #and: with #bEqv:",			"class" : "MDLPaginationComponent",			"operatorClass" : "ReplaceAndWithEqvMutantOperator",			"mutationStart" : 84,			"method" : "renderButtonWithIconNamed:callback:disabledIf:on:",			"mutationEnd" : 129		}	],	"mutationScoreAfter" : 77,	"mutationScoreBefore" : 71,	"testAmpLoc" : 56,	"amplifiedMethods" : [		"MDLPaginationComponentTest189>>#testCurrentPage_amp_A20",		"MDLPaginationComponentTest189>>#testFirstPage_amp_A69"	],	"testLoc" : "70",	"amplifiedClass" : "MDLPaginationComponentTest189",	"numberOfAllMutationsInOriginal" : 59,	"targetLoc" : 164,	"newCovered" : [		{			"operatorDescription" : "Replace #ifFalse: receiver with false",			"class" : "MDLPaginationComponent",			"operatorClass" : "ReplaceIfFalseReceiverWithFalseOperator",			"mutationStart" : 36,			"method" : "renderFirstDisabledButtonOn:",			"mutationEnd" : 89		},		{			"operatorDescription" : "Replace #ifFalse: with #ifTrue:",			"class" : "MDLPaginationComponent",			"operatorClass" : "ReplaceIfFalseWithIfTrueMutantOperator",			"mutationStart" : 36,			"method" : "renderFirstDisabledButtonOn:",			"mutationEnd" : 89		},		{			"operatorDescription" : "Replace #ifFalse: receiver with false",			"class" : "MDLPaginationComponent",			"operatorClass" : "ReplaceIfFalseReceiverWithFalseOperator",			"mutationStart" : 35,			"method" : "renderLastDisabledButtonOn:",			"mutationEnd" : 87		},		{			"operatorDescription" : "Replace #ifFalse: with #ifTrue:",			"class" : "MDLPaginationComponent",			"operatorClass" : "ReplaceIfFalseWithIfTrueMutantOperator",			"mutationStart" : 35,			"method" : "renderLastDisabledButtonOn:",			"mutationEnd" : 87		}	],	"timeBudgetFinished" : false,	"notCoveredInOriginal" : [		{			"operatorDescription" : "Remove ^",			"class" : "MDLPaginationComponent",			"operatorClass" : "RemoveCaretOperator",			"mutationStart" : 11,			"method" : "lastPage",			"mutationEnd" : 48		},		{			"operatorDescription" : "Remove ^",			"class" : "MDLPaginationComponent",			"operatorClass" : "RemoveCaretOperator",			"mutationStart" : 11,			"method" : "nextPage",			"mutationEnd" : 50		},		{			"operatorDescription" : "Replace #= with #'~='",			"class" : "MDLPaginationComponent",			"operatorClass" : "ReplaceEqualWithNotEqualOperator",			"mutationStart" : 128,			"method" : "renderNextButtonsOn:",			"mutationEnd" : 164		},		{			"operatorDescription" : "Replace #= with #'~='",			"class" : "MDLPaginationComponent",			"operatorClass" : "ReplaceEqualWithNotEqualOperator",			"mutationStart" : 268,			"method" : "renderNextButtonsOn:",			"mutationEnd" : 304		},		{			"operatorDescription" : "Remove ^",			"class" : "MDLPaginationComponent",			"operatorClass" : "RemoveCaretOperator",			"mutationStart" : 82,			"method" : "renderFirstDisabledButtonOn:",			"mutationEnd" : 87		},		{			"operatorDescription" : "Replace #ifFalse: receiver with false",			"class" : "MDLPaginationComponent",			"operatorClass" : "ReplaceIfFalseReceiverWithFalseOperator",			"mutationStart" : 36,			"method" : "renderFirstDisabledButtonOn:",			"mutationEnd" : 89		},		{			"operatorDescription" : "Replace #ifFalse: receiver with true",			"class" : "MDLPaginationComponent",			"operatorClass" : "ReplaceIfFalseReceiverWithTrueOperator",			"mutationStart" : 36,			"method" : "renderFirstDisabledButtonOn:",			"mutationEnd" : 89		},		{			"operatorDescription" : "Replace #ifFalse: with #ifTrue:",			"class" : "MDLPaginationComponent",			"operatorClass" : "ReplaceIfFalseWithIfTrueMutantOperator",			"mutationStart" : 36,			"method" : "renderFirstDisabledButtonOn:",			"mutationEnd" : 89		},		{			"operatorDescription" : "Replace #= with #'~='",			"class" : "MDLPaginationComponent",			"operatorClass" : "ReplaceEqualWithNotEqualOperator",			"mutationStart" : 374,			"method" : "renderPagesButtonsOn:",			"mutationEnd" : 395		},		{			"operatorDescription" : "Remove ^",			"class" : "MDLPaginationComponent",			"operatorClass" : "RemoveCaretOperator",			"mutationStart" : 15,			"method" : "previousPage",			"mutationEnd" : 54		},		{			"operatorDescription" : "Remove ^",			"class" : "MDLPaginationComponent",			"operatorClass" : "RemoveCaretOperator",			"mutationStart" : 80,			"method" : "renderLastDisabledButtonOn:",			"mutationEnd" : 85		},		{			"operatorDescription" : "Replace #ifFalse: receiver with false",			"class" : "MDLPaginationComponent",			"operatorClass" : "ReplaceIfFalseReceiverWithFalseOperator",			"mutationStart" : 35,			"method" : "renderLastDisabledButtonOn:",			"mutationEnd" : 87		},		{			"operatorDescription" : "Replace #ifFalse: receiver with true",			"class" : "MDLPaginationComponent",			"operatorClass" : "ReplaceIfFalseReceiverWithTrueOperator",			"mutationStart" : 35,			"method" : "renderLastDisabledButtonOn:",			"mutationEnd" : 87		},		{			"operatorDescription" : "Replace #ifFalse: with #ifTrue:",			"class" : "MDLPaginationComponent",			"operatorClass" : "ReplaceIfFalseWithIfTrueMutantOperator",			"mutationStart" : 35,			"method" : "renderLastDisabledButtonOn:",			"mutationEnd" : 87		},		{			"operatorDescription" : "Remove ^",			"class" : "MDLPaginationComponent",			"operatorClass" : "RemoveCaretOperator",			"mutationStart" : 12,			"method" : "firstPage",			"mutationEnd" : 43		},		{			"operatorDescription" : "Replace #and: receiver with true",			"class" : "MDLPaginationComponent",			"operatorClass" : "ReplaceAndReceiverWithTrueOperator",			"mutationStart" : 84,			"method" : "renderButtonWithIconNamed:callback:disabledIf:on:",			"mutationEnd" : 129		},		{			"operatorDescription" : "Replace #and: with #bEqv:",			"class" : "MDLPaginationComponent",			"operatorClass" : "ReplaceAndWithEqvMutantOperator",			"mutationStart" : 84,			"method" : "renderButtonWithIconNamed:callback:disabledIf:on:",			"mutationEnd" : 129		}	],	"testCase" : "MDLPaginationComponentTest",	"unixtime" : 1605018904,	"timeTotal" : 176}