{	"targetClasses" : [		"MDLPanelSwitcherButton"	],	"testMethodsIgnored" : [ ],	"methodsNotProfiled" : [		"MDLPanelSwitcherButton>>#actionBlock:",		"MDLPanelSwitcherButton>>#owner:",		"MDLPanelSwitcherButton>>#panelId:",		"MDLPanelSwitcherButton class>>#text:tooltip:panelId:actionBlock:",		"MDLPanelSwitcherButton class>>#text:tooltip:panelId:actionBlock:onComplete:",		"MDLPanelSwitcherButton class>>#text:tooltip:panelId:actionBlock:onComplete:id:"	],	"numberOfOriginalTestMethods" : 6,	"timeDetail" : [		"init: % 42.29 (22 seconds 806 milliseconds)",		"assertionAmplification: % 5.83 (3 seconds 143 milliseconds)",		"selection: % 3.78 (2 seconds 39 milliseconds)",		"inputAmplification: % 6.33 (3 seconds 413 milliseconds)",		"finalize: % 41.78 (22 seconds 530 milliseconds)"	],	"notCoveredInAmplified" : [		{			"operatorDescription" : "Remove ^",			"class" : "MDLPanelSwitcherButton",			"operatorClass" : "RemoveCaretOperator",			"mutationStart" : 8,			"method" : "owner",			"mutationEnd" : 14		},		{			"operatorDescription" : "Remove ^",			"class" : "MDLPanelSwitcherButton",			"operatorClass" : "RemoveCaretOperator",			"mutationStart" : 10,			"method" : "panelId",			"mutationEnd" : 18		},		{			"operatorDescription" : "Remove ^",			"class" : "MDLPanelSwitcherButton",			"operatorClass" : "RemoveCaretOperator",			"mutationStart" : 14,			"method" : "actionBlock",			"mutationEnd" : 26		},		{			"operatorDescription" : "Remove ^",			"class" : "MDLPanelSwitcherButton class",			"operatorClass" : "RemoveCaretOperator",			"mutationStart" : 99,			"method" : "text:tooltip:panelId:actionBlock:onComplete:",			"mutationEnd" : 221		},		{			"operatorDescription" : "Remove ^",			"class" : "MDLPanelSwitcherButton class",			"operatorClass" : "RemoveCaretOperator",			"mutationStart" : 112,			"method" : "text:tooltip:panelId:actionBlock:onComplete:id:",			"mutationEnd" : 261		}	],	"mutationScoreAfter" : 61,	"mutationScoreBefore" : 53,	"testAmpLoc" : 0,	"amplifiedMethods" : [ ],	"testLoc" : "39",	"amplifiedClass" : "MDLPanelSwitcherButtonTest104",	"numberOfAllMutationsInOriginal" : 13,	"targetLoc" : 113,	"newCovered" : [ ],	"timeBudgetFinished" : false,	"notCoveredInOriginal" : [		{			"operatorDescription" : "Remove ^",			"class" : "MDLPanelSwitcherButton",			"operatorClass" : "RemoveCaretOperator",			"mutationStart" : 8,			"method" : "owner",			"mutationEnd" : 14		},		{			"operatorDescription" : "Remove ^",			"class" : "MDLPanelSwitcherButton",			"operatorClass" : "RemoveCaretOperator",			"mutationStart" : 10,			"method" : "panelId",			"mutationEnd" : 18		},		{			"operatorDescription" : "Remove ^",			"class" : "MDLPanelSwitcherButton",			"operatorClass" : "RemoveCaretOperator",			"mutationStart" : 14,			"method" : "actionBlock",			"mutationEnd" : 26		},		{			"operatorDescription" : "Remove ^",			"class" : "MDLPanelSwitcherButton class",			"operatorClass" : "RemoveCaretOperator",			"mutationStart" : 77,			"method" : "text:tooltip:panelId:actionBlock:",			"mutationEnd" : 183		},		{			"operatorDescription" : "Remove ^",			"class" : "MDLPanelSwitcherButton class",			"operatorClass" : "RemoveCaretOperator",			"mutationStart" : 99,			"method" : "text:tooltip:panelId:actionBlock:onComplete:",			"mutationEnd" : 221		},		{			"operatorDescription" : "Remove ^",			"class" : "MDLPanelSwitcherButton class",			"operatorClass" : "RemoveCaretOperator",			"mutationStart" : 112,			"method" : "text:tooltip:panelId:actionBlock:onComplete:id:",			"mutationEnd" : 261		}	],	"testCase" : "MDLPanelSwitcherButtonTest",	"unixtime" : 1605017639,	"timeTotal" : 53}