{	"targetClasses" : [		"MDLSnackbar"	],	"testMethodsIgnored" : [ ],	"methodsNotProfiled" : [ ],	"numberOfOriginalTestMethods" : 8,	"timeDetail" : [		"init: % 1.49 (122 milliseconds)",		"assertionAmplification: % 37.79 (3 seconds 91 milliseconds)",		"selection: % 18.63 (1 second 524 milliseconds)",		"inputAmplification: % 40.45 (3 seconds 308 milliseconds)",		"finalize: % 1.64 (134 milliseconds)"	],	"notCoveredInAmplified" : [		{			"operatorDescription" : "Remove ^",			"class" : "MDLSnackbar",			"operatorClass" : "RemoveCaretOperator",			"mutationStart" : 17,			"method" : "defaultTimeout",			"mutationEnd" : 23		}	],	"mutationScoreAfter" : 83,	"mutationScoreBefore" : 83,	"testAmpLoc" : 0,	"amplifiedMethods" : [ ],	"testLoc" : "56",	"amplifiedClass" : "MDLSnackbarTest116",	"numberOfAllMutationsInOriginal" : 6,	"targetLoc" : 42,	"newCovered" : [ ],	"timeBudgetFinished" : false,	"notCoveredInOriginal" : [		{			"operatorDescription" : "Remove ^",			"class" : "MDLSnackbar",			"operatorClass" : "RemoveCaretOperator",			"mutationStart" : 17,			"method" : "defaultTimeout",			"mutationEnd" : 23		}	],	"testCase" : "MDLSnackbarTest",	"unixtime" : 1605018432,	"timeTotal" : 8}