{	"targetClasses" : [		"MDLTableWidget"	],	"testMethodsIgnored" : [ ],	"methodsNotProfiled" : [		"MDLTableWidget>>#collection:"	],	"numberOfOriginalTestMethods" : 9,	"timeDetail" : [		"init: % 0.23 (171 milliseconds)",		"assertionAmplification: % 63.29 (47 seconds 153 milliseconds)",		"selection: % 20.91 (15 seconds 580 milliseconds)",		"inputAmplification: % 15.40 (11 seconds 476 milliseconds)",		"finalize: % 0.17 (128 milliseconds)"	],	"notCoveredInAmplified" : [		{			"operatorDescription" : "Replace do block with [:each |]",			"class" : "MDLTableWidget",			"operatorClass" : "ReplaceDoBlockWithEmptyBlockOperator",			"mutationStart" : 110,			"method" : "renderTableHeadOn:",			"mutationEnd" : 183		},		{			"operatorDescription" : "Replace do block with [:each |]",			"class" : "MDLTableWidget",			"operatorClass" : "ReplaceDoBlockWithEmptyBlockOperator",			"mutationStart" : 89,			"method" : "renderTableBodyOn:",			"mutationEnd" : 243		},		{			"operatorDescription" : "Replace do block with [:each |]",			"class" : "MDLTableWidget",			"operatorClass" : "ReplaceDoBlockWithEmptyBlockOperator",			"mutationStart" : 144,			"method" : "renderTableBodyOn:",			"mutationEnd" : 239		}	],	"mutationScoreAfter" : 40,	"mutationScoreBefore" : 40,	"testAmpLoc" : 0,	"amplifiedMethods" : [ ],	"testLoc" : "90",	"amplifiedClass" : "MDLTableWidgetTest145",	"numberOfAllMutationsInOriginal" : 5,	"targetLoc" : 63,	"newCovered" : [ ],	"timeBudgetFinished" : false,	"notCoveredInOriginal" : [		{			"operatorDescription" : "Replace do block with [:each |]",			"class" : "MDLTableWidget",			"operatorClass" : "ReplaceDoBlockWithEmptyBlockOperator",			"mutationStart" : 110,			"method" : "renderTableHeadOn:",			"mutationEnd" : 183		},		{			"operatorDescription" : "Replace do block with [:each |]",			"class" : "MDLTableWidget",			"operatorClass" : "ReplaceDoBlockWithEmptyBlockOperator",			"mutationStart" : 89,			"method" : "renderTableBodyOn:",			"mutationEnd" : 243		},		{			"operatorDescription" : "Replace do block with [:each |]",			"class" : "MDLTableWidget",			"operatorClass" : "ReplaceDoBlockWithEmptyBlockOperator",			"mutationStart" : 144,			"method" : "renderTableBodyOn:",			"mutationEnd" : 239		}	],	"testCase" : "MDLTableWidgetTest",	"unixtime" : 1605019120,	"timeTotal" : 74}