{	"targetClasses" : [		"MDLVerticalToolbar"	],	"testMethodsIgnored" : [ ],	"methodsNotProfiled" : [ ],	"numberOfOriginalTestMethods" : 5,	"timeDetail" : [		"init: % 0.43 (133 milliseconds)",		"assertionAmplification: % 80.40 (25 seconds 79 milliseconds)",		"selection: % 8.33 (2 seconds 599 milliseconds)",		"inputAmplification: % 9.78 (3 seconds 52 milliseconds)",		"finalize: % 1.06 (331 milliseconds)"	],	"notCoveredInAmplified" : [		{			"operatorDescription" : "Replace do block with [:each |]",			"class" : "MDLVerticalToolbar",			"operatorClass" : "ReplaceDoBlockWithEmptyBlockOperator",			"mutationStart" : 78,			"method" : "renderContentOn:",			"mutationEnd" : 211		}	],	"mutationScoreAfter" : 83,	"mutationScoreBefore" : 83,	"testAmpLoc" : 0,	"amplifiedMethods" : [ ],	"testLoc" : "43",	"amplifiedClass" : "MDLVerticalToolbarTest89",	"numberOfAllMutationsInOriginal" : 6,	"targetLoc" : 33,	"newCovered" : [ ],	"timeBudgetFinished" : false,	"notCoveredInOriginal" : [		{			"operatorDescription" : "Replace do block with [:each |]",			"class" : "MDLVerticalToolbar",			"operatorClass" : "ReplaceDoBlockWithEmptyBlockOperator",			"mutationStart" : 78,			"method" : "renderContentOn:",			"mutationEnd" : 211		}	],	"testCase" : "MDLVerticalToolbarTest",	"unixtime" : 1605017670,	"timeTotal" : 31}