{	"targetClasses" : [		"GQLAbstractGrammar"	],	"testMethodsIgnored" : [ ],	"methodsNotProfiled" : [ ],	"numberOfOriginalTestMethods" : 15,	"timeDetail" : [		"init: % 0.33 (13 seconds 777 milliseconds)",		"assertionAmplification: % 88.47 (1 hour 1 minute 11 seconds 362 milliseconds)",		"selection: % 3.98 (2 minutes 45 seconds 5 milliseconds)",		"inputAmplification: % 7.16 (4 minutes 57 seconds 198 milliseconds)",		"finalize: % 0.06 (2 seconds 489 milliseconds)"	],	"notCoveredInAmplified" : [		{			"operatorDescription" : "Remove #not",			"class" : "GQLAbstractGrammar",			"operatorClass" : "RemoveNotOperator",			"mutationStart" : 60,			"method" : "intType",			"mutationEnd" : 77		},		{			"operatorDescription" : "Remove #not",			"class" : "GQLAbstractGrammar",			"operatorClass" : "RemoveNotOperator",			"mutationStart" : 81,			"method" : "intType",			"mutationEnd" : 95		},		{			"operatorDescription" : "Remove #not",			"class" : "GQLAbstractGrammar",			"operatorClass" : "RemoveNotOperator",			"mutationStart" : 59,			"method" : "idType",			"mutationEnd" : 76		},		{			"operatorDescription" : "Remove #not",			"class" : "GQLAbstractGrammar",			"operatorClass" : "RemoveNotOperator",			"mutationStart" : 80,			"method" : "idType",			"mutationEnd" : 94		},		{			"operatorDescription" : "Remove #not",			"class" : "GQLAbstractGrammar",			"operatorClass" : "RemoveNotOperator",			"mutationStart" : 87,			"method" : "booleanType",			"mutationEnd" : 104		},		{			"operatorDescription" : "Remove #not",			"class" : "GQLAbstractGrammar",			"operatorClass" : "RemoveNotOperator",			"mutationStart" : 108,			"method" : "booleanType",			"mutationEnd" : 122		},		{			"operatorDescription" : "Remove #not",			"class" : "GQLAbstractGrammar",			"operatorClass" : "RemoveNotOperator",			"mutationStart" : 69,			"method" : "stringType",			"mutationEnd" : 86		},		{			"operatorDescription" : "Remove #not",			"class" : "GQLAbstractGrammar",			"operatorClass" : "RemoveNotOperator",			"mutationStart" : 90,			"method" : "stringType",			"mutationEnd" : 104		},		{			"operatorDescription" : "Remove #not",			"class" : "GQLAbstractGrammar",			"operatorClass" : "RemoveNotOperator",			"mutationStart" : 67,			"method" : "floatType",			"mutationEnd" : 84		},		{			"operatorDescription" : "Remove #not",			"class" : "GQLAbstractGrammar",			"operatorClass" : "RemoveNotOperator",			"mutationStart" : 88,			"method" : "floatType",			"mutationEnd" : 102		}	],	"mutationScoreAfter" : 89,	"mutationScoreBefore" : 74,	"testAmpLoc" : 8629,	"amplifiedMethods" : [		"GQLAbstractGrammarTest630>>#testBooleanValue_amp_A36",		"GQLAbstractGrammarTest630>>#testComment_amp_A21",		"GQLAbstractGrammarTest630>>#testComment_amp_A15",		"GQLAbstractGrammarTest630>>#testBooleanValue_amp_A18",		"GQLAbstractGrammarTest630>>#testBooleanValue_amp_A1",		"GQLAbstractGrammarTest630>>#testBooleanValue_amp_A11",		"GQLAbstractGrammarTest630>>#testBooleanValue_amp_A35",		"GQLAbstractGrammarTest630>>#testComment_amp_A24",		"GQLAbstractGrammarTest630>>#testComment_amp_A33",		"GQLAbstractGrammarTest630>>#testBooleanValue_amp_A0",		"GQLAbstractGrammarTest630>>#testBooleanValue_amp_A21",		"GQLAbstractGrammarTest630>>#testBooleanValue_amp_A24",		"GQLAbstractGrammarTest630>>#testBooleanValue_amp_A2",		"GQLAbstractGrammarTest630>>#testComment_amp_A5",		"GQLAbstractGrammarTest630>>#testComment_amp_A33_A50",		"GQLAbstractGrammarTest630>>#testBooleanValue_amp_A3",		"GQLAbstractGrammarTest630>>#testBooleanValue_amp_A12",		"GQLAbstractGrammarTest630>>#testComment_amp_A27",		"GQLAbstractGrammarTest630>>#testBooleanValue_amp_A33",		"GQLAbstractGrammarTest630>>#testBooleanValue_amp_A20",		"GQLAbstractGrammarTest630>>#testBooleanValue_amp_A23",		"GQLAbstractGrammarTest630>>#testComment_amp_A8",		"GQLAbstractGrammarTest630>>#testComment_amp_A20",		"GQLAbstractGrammarTest630>>#testComment_amp_A3",		"GQLAbstractGrammarTest630>>#testComment_amp_A22",		"GQLAbstractGrammarTest630>>#testComment_amp_A36",		"GQLAbstractGrammarTest630>>#testComment_amp_A23",		"GQLAbstractGrammarTest630>>#testComment_amp_A2"	],	"testLoc" : "133",	"amplifiedClass" : "GQLAbstractGrammarTest630",	"numberOfAllMutationsInOriginal" : 99,	"targetLoc" : 157,	"newCovered" : [		{			"operatorDescription" : "Remove ^",			"class" : "GQLAbstractGrammar",			"operatorClass" : "RemoveCaretOperator",			"mutationStart" : 83,			"method" : "insignificantToken",			"mutationEnd" : 121		},		{			"operatorDescription" : "Remove ^",			"class" : "GQLAbstractGrammar",			"operatorClass" : "RemoveCaretOperator",			"mutationStart" : 57,			"method" : "whiteSpace",			"mutationEnd" : 73		},		{			"operatorDescription" : "Remove ^",			"class" : "GQLAbstractGrammar",			"operatorClass" : "RemoveCaretOperator",			"mutationStart" : 46,			"method" : "nullValue",			"mutationEnd" : 68		},		{			"operatorDescription" : "Remove ^",			"class" : "GQLAbstractGrammar",			"operatorClass" : "RemoveCaretOperator",			"mutationStart" : 40,			"method" : "intType",			"mutationEnd" : 102		},		{			"operatorDescription" : "Remove ^",			"class" : "GQLAbstractGrammar",			"operatorClass" : "RemoveCaretOperator",			"mutationStart" : 94,			"method" : "start",			"mutationEnd" : 114		},		{			"operatorDescription" : "Remove ^",			"class" : "GQLAbstractGrammar",			"operatorClass" : "RemoveCaretOperator",			"mutationStart" : 104,			"method" : "ignoredNoComment",			"mutationEnd" : 155		},		{			"operatorDescription" : "Remove ^",			"class" : "GQLAbstractGrammar",			"operatorClass" : "RemoveCaretOperator",			"mutationStart" : 60,			"method" : "comments",			"mutationEnd" : 98		},		{			"operatorDescription" : "Remove ^",			"class" : "GQLAbstractGrammar",			"operatorClass" : "RemoveCaretOperator",			"mutationStart" : 48,			"method" : "comma",			"mutationEnd" : 60		},		{			"operatorDescription" : "Remove ^",			"class" : "GQLAbstractGrammar",			"operatorClass" : "RemoveCaretOperator",			"mutationStart" : 40,			"method" : "idType",			"mutationEnd" : 101		},		{			"operatorDescription" : "Remove ^",			"class" : "GQLAbstractGrammar",			"operatorClass" : "RemoveCaretOperator",			"mutationStart" : 63,			"method" : "booleanType",			"mutationEnd" : 129		},		{			"operatorDescription" : "Remove ^",			"class" : "GQLAbstractGrammar",			"operatorClass" : "RemoveCaretOperator",			"mutationStart" : 46,			"method" : "stringType",			"mutationEnd" : 111		},		{			"operatorDescription" : "Remove ^",			"class" : "GQLAbstractGrammar",			"operatorClass" : "RemoveCaretOperator",			"mutationStart" : 45,			"method" : "floatType",			"mutationEnd" : 109		},		{			"operatorDescription" : "Remove ^",			"class" : "GQLAbstractGrammar",			"operatorClass" : "RemoveCaretOperator",			"mutationStart" : 90,			"method" : "scalarType",			"mutationEnd" : 146		},		{			"operatorDescription" : "Remove ^",			"class" : "GQLAbstractGrammar",			"operatorClass" : "RemoveCaretOperator",			"mutationStart" : 103,			"method" : "insignificantTokenNoComment",			"mutationEnd" : 131		},		{			"operatorDescription" : "Remove ^",			"class" : "GQLAbstractGrammar",			"operatorClass" : "RemoveCaretOperator",			"mutationStart" : 41,			"method" : "unicodeBOM",			"mutationEnd" : 59		}	],	"timeBudgetFinished" : false,	"notCoveredInOriginal" : [		{			"operatorDescription" : "Remove ^",			"class" : "GQLAbstractGrammar",			"operatorClass" : "RemoveCaretOperator",			"mutationStart" : 83,			"method" : "insignificantToken",			"mutationEnd" : 121		},		{			"operatorDescription" : "Remove ^",			"class" : "GQLAbstractGrammar",			"operatorClass" : "RemoveCaretOperator",			"mutationStart" : 57,			"method" : "whiteSpace",			"mutationEnd" : 73		},		{			"operatorDescription" : "Remove ^",			"class" : "GQLAbstractGrammar",			"operatorClass" : "RemoveCaretOperator",			"mutationStart" : 46,			"method" : "nullValue",			"mutationEnd" : 68		},		{			"operatorDescription" : "Remove #not",			"class" : "GQLAbstractGrammar",			"operatorClass" : "RemoveNotOperator",			"mutationStart" : 60,			"method" : "intType",			"mutationEnd" : 77		},		{			"operatorDescription" : "Remove #not",			"class" : "GQLAbstractGrammar",			"operatorClass" : "RemoveNotOperator",			"mutationStart" : 81,			"method" : "intType",			"mutationEnd" : 95		},		{			"operatorDescription" : "Remove ^",			"class" : "GQLAbstractGrammar",			"operatorClass" : "RemoveCaretOperator",			"mutationStart" : 40,			"method" : "intType",			"mutationEnd" : 102		},		{			"operatorDescription" : "Remove ^",			"class" : "GQLAbstractGrammar",			"operatorClass" : "RemoveCaretOperator",			"mutationStart" : 94,			"method" : "start",			"mutationEnd" : 114		},		{			"operatorDescription" : "Remove ^",			"class" : "GQLAbstractGrammar",			"operatorClass" : "RemoveCaretOperator",			"mutationStart" : 104,			"method" : "ignoredNoComment",			"mutationEnd" : 155		},		{			"operatorDescription" : "Remove ^",			"class" : "GQLAbstractGrammar",			"operatorClass" : "RemoveCaretOperator",			"mutationStart" : 60,			"method" : "comments",			"mutationEnd" : 98		},		{			"operatorDescription" : "Remove ^",			"class" : "GQLAbstractGrammar",			"operatorClass" : "RemoveCaretOperator",			"mutationStart" : 48,			"method" : "comma",			"mutationEnd" : 60		},		{			"operatorDescription" : "Remove #not",			"class" : "GQLAbstractGrammar",			"operatorClass" : "RemoveNotOperator",			"mutationStart" : 59,			"method" : "idType",			"mutationEnd" : 76		},		{			"operatorDescription" : "Remove #not",			"class" : "GQLAbstractGrammar",			"operatorClass" : "RemoveNotOperator",			"mutationStart" : 80,			"method" : "idType",			"mutationEnd" : 94		},		{			"operatorDescription" : "Remove ^",			"class" : "GQLAbstractGrammar",			"operatorClass" : "RemoveCaretOperator",			"mutationStart" : 40,			"method" : "idType",			"mutationEnd" : 101		},		{			"operatorDescription" : "Remove #not",			"class" : "GQLAbstractGrammar",			"operatorClass" : "RemoveNotOperator",			"mutationStart" : 87,			"method" : "booleanType",			"mutationEnd" : 104		},		{			"operatorDescription" : "Remove #not",			"class" : "GQLAbstractGrammar",			"operatorClass" : "RemoveNotOperator",			"mutationStart" : 108,			"method" : "booleanType",			"mutationEnd" : 122		},		{			"operatorDescription" : "Remove ^",			"class" : "GQLAbstractGrammar",			"operatorClass" : "RemoveCaretOperator",			"mutationStart" : 63,			"method" : "booleanType",			"mutationEnd" : 129		},		{			"operatorDescription" : "Remove #not",			"class" : "GQLAbstractGrammar",			"operatorClass" : "RemoveNotOperator",			"mutationStart" : 69,			"method" : "stringType",			"mutationEnd" : 86		},		{			"operatorDescription" : "Remove #not",			"class" : "GQLAbstractGrammar",			"operatorClass" : "RemoveNotOperator",			"mutationStart" : 90,			"method" : "stringType",			"mutationEnd" : 104		},		{			"operatorDescription" : "Remove ^",			"class" : "GQLAbstractGrammar",			"operatorClass" : "RemoveCaretOperator",			"mutationStart" : 46,			"method" : "stringType",			"mutationEnd" : 111		},		{			"operatorDescription" : "Remove #not",			"class" : "GQLAbstractGrammar",			"operatorClass" : "RemoveNotOperator",			"mutationStart" : 67,			"method" : "floatType",			"mutationEnd" : 84		},		{			"operatorDescription" : "Remove #not",			"class" : "GQLAbstractGrammar",			"operatorClass" : "RemoveNotOperator",			"mutationStart" : 88,			"method" : "floatType",			"mutationEnd" : 102		},		{			"operatorDescription" : "Remove ^",			"class" : "GQLAbstractGrammar",			"operatorClass" : "RemoveCaretOperator",			"mutationStart" : 45,			"method" : "floatType",			"mutationEnd" : 109		},		{			"operatorDescription" : "Remove ^",			"class" : "GQLAbstractGrammar",			"operatorClass" : "RemoveCaretOperator",			"mutationStart" : 90,			"method" : "scalarType",			"mutationEnd" : 146		},		{			"operatorDescription" : "Remove ^",			"class" : "GQLAbstractGrammar",			"operatorClass" : "RemoveCaretOperator",			"mutationStart" : 103,			"method" : "insignificantTokenNoComment",			"mutationEnd" : 131		},		{			"operatorDescription" : "Remove ^",			"class" : "GQLAbstractGrammar",			"operatorClass" : "RemoveCaretOperator",			"mutationStart" : 41,			"method" : "unicodeBOM",			"mutationEnd" : 59		}	],	"testCase" : "GQLAbstractGrammarTest",	"unixtime" : 1604415062,	"timeTotal" : 4149}