{	"targetClasses" : [		"GQLArguments"	],	"testMethodsIgnored" : [ ],	"methodsNotProfiled" : [		"GQLArguments>>#singleStringString:",		"GQLArguments>>#singleIDId:",		"GQLArguments>>#intArgFieldIntArg:",		"GQLArguments>>#optionalNonNullBooleanArgFieldOptionalBooleanArg:",		"GQLArguments>>#nonNullBooleanListFieldNonNullBooleanListArg:",		"GQLArguments>>#booleanListArgFieldBooleanListArg:"	],	"numberOfOriginalTestMethods" : 16,	"timeDetail" : [		"init: % 0.85 (1 minute 48 seconds 613 milliseconds)",		"assertionAmplification: % 38.96 (1 hour 23 minutes 5 seconds 693 milliseconds)",		"selection: % 40.59 (1 hour 26 minutes 35 seconds 288 milliseconds)",		"inputAmplification: % 19.32 (41 minutes 12 seconds 49 milliseconds)",		"finalize: % 0.28 (36 seconds 371 milliseconds)"	],	"notCoveredInAmplified" : [		{			"operatorDescription" : "Remove ^",			"class" : "GQLArguments",			"operatorClass" : "RemoveCaretOperator",			"mutationStart" : 29,			"method" : "singleStringString:",			"mutationEnd" : 36		},		{			"operatorDescription" : "Remove ^",			"class" : "GQLArguments",			"operatorClass" : "RemoveCaretOperator",			"mutationStart" : 18,			"method" : "booleanArgField",			"mutationEnd" : 23		},		{			"operatorDescription" : "Remove ^",			"class" : "GQLArguments",			"operatorClass" : "RemoveCaretOperator",			"mutationStart" : 17,			"method" : "singleIDId:",			"mutationEnd" : 20		},		{			"operatorDescription" : "Remove ^",			"class" : "GQLArguments",			"operatorClass" : "RemoveCaretOperator",			"mutationStart" : 25,			"method" : "intArgFieldIntArg:",			"mutationEnd" : 35		},		{			"operatorDescription" : "Replace #* with #/",			"class" : "GQLArguments",			"operatorClass" : "ReplaceMultiplicationWithDivisionMutantOperator",			"mutationStart" : 27,			"method" : "intArgFieldIntArg:",			"mutationEnd" : 35		},		{			"operatorDescription" : "Remove ^",			"class" : "GQLArguments",			"operatorClass" : "RemoveCaretOperator",			"mutationStart" : 57,			"method" : "optionalNonNullBooleanArgFieldOptionalBooleanArg:",			"mutationEnd" : 62		},		{			"operatorDescription" : "Replace #* with #/",			"class" : "GQLArguments",			"operatorClass" : "ReplaceMultiplicationWithDivisionMutantOperator",			"mutationStart" : 26,			"method" : "multipleReqsX:y:",			"mutationEnd" : 32		},		{			"operatorDescription" : "Remove ^",			"class" : "GQLArguments",			"operatorClass" : "RemoveCaretOperator",			"mutationStart" : 54,			"method" : "nonNullBooleanListFieldNonNullBooleanListArg:",			"mutationEnd" : 60		},		{			"operatorDescription" : "Remove ^",			"class" : "GQLArguments",			"operatorClass" : "RemoveCaretOperator",			"mutationStart" : 42,			"method" : "booleanListArgFieldBooleanListArg:",			"mutationEnd" : 47		}	],	"mutationScoreAfter" : 47,	"mutationScoreBefore" : 47,	"testAmpLoc" : 0,	"amplifiedMethods" : [ ],	"testLoc" : "409",	"amplifiedClass" : "GQLArgumentsTest753",	"numberOfAllMutationsInOriginal" : 17,	"targetLoc" : 23,	"newCovered" : [ ],	"timeBudgetFinished" : false,	"notCoveredInOriginal" : [		{			"operatorDescription" : "Remove ^",			"class" : "GQLArguments",			"operatorClass" : "RemoveCaretOperator",			"mutationStart" : 29,			"method" : "singleStringString:",			"mutationEnd" : 36		},		{			"operatorDescription" : "Remove ^",			"class" : "GQLArguments",			"operatorClass" : "RemoveCaretOperator",			"mutationStart" : 18,			"method" : "booleanArgField",			"mutationEnd" : 23		},		{			"operatorDescription" : "Remove ^",			"class" : "GQLArguments",			"operatorClass" : "RemoveCaretOperator",			"mutationStart" : 17,			"method" : "singleIDId:",			"mutationEnd" : 20		},		{			"operatorDescription" : "Remove ^",			"class" : "GQLArguments",			"operatorClass" : "RemoveCaretOperator",			"mutationStart" : 25,			"method" : "intArgFieldIntArg:",			"mutationEnd" : 35		},		{			"operatorDescription" : "Replace #* with #/",			"class" : "GQLArguments",			"operatorClass" : "ReplaceMultiplicationWithDivisionMutantOperator",			"mutationStart" : 27,			"method" : "intArgFieldIntArg:",			"mutationEnd" : 35		},		{			"operatorDescription" : "Remove ^",			"class" : "GQLArguments",			"operatorClass" : "RemoveCaretOperator",			"mutationStart" : 57,			"method" : "optionalNonNullBooleanArgFieldOptionalBooleanArg:",			"mutationEnd" : 62		},		{			"operatorDescription" : "Replace #* with #/",			"class" : "GQLArguments",			"operatorClass" : "ReplaceMultiplicationWithDivisionMutantOperator",			"mutationStart" : 26,			"method" : "multipleReqsX:y:",			"mutationEnd" : 32		},		{			"operatorDescription" : "Remove ^",			"class" : "GQLArguments",			"operatorClass" : "RemoveCaretOperator",			"mutationStart" : 54,			"method" : "nonNullBooleanListFieldNonNullBooleanListArg:",			"mutationEnd" : 60		},		{			"operatorDescription" : "Remove ^",			"class" : "GQLArguments",			"operatorClass" : "RemoveCaretOperator",			"mutationStart" : 42,			"method" : "booleanListArgFieldBooleanListArg:",			"mutationEnd" : 47		}	],	"testCase" : "GQLArgumentsTest",	"unixtime" : 1604441416,	"timeTotal" : 12798}