{	"targetClasses" : [		"GQLDocumentNode"	],	"testMethodsIgnored" : [ ],	"methodsNotProfiled" : [		"GQLDocumentNode>>#accept:",		"GQLDocumentNode>>#operations:",		"GQLDocumentNode>>#fragments:"	],	"numberOfOriginalTestMethods" : 114,	"timeDetail" : [		"init: % 0.30 (18 minutes 36 seconds 943 milliseconds)",		"assertionAmplification: % 10.66 (11 hours 1 minute 18 seconds 940 milliseconds)",		"selection: % 54.69 (2 days 8 hours 32 minutes 59 seconds 490 milliseconds)",		"inputAmplification: % 34.05 (1 day 11 hours 12 minutes 11 seconds 488 milliseconds)",		"finalize: % 0.30 (18 minutes 39 seconds 670 milliseconds)"	],	"notCoveredInAmplified" : [		{			"operatorDescription" : "Remove ^",			"class" : "GQLDocumentNode",			"operatorClass" : "RemoveCaretOperator",			"mutationStart" : 231,			"method" : "hasCycle:with:",			"mutationEnd" : 237		},		{			"operatorDescription" : "Replace #ifTrue: receiver with false",			"class" : "GQLDocumentNode",			"operatorClass" : "ReplaceIfTrueReceiverWithFalseOperator",			"mutationStart" : 376,			"method" : "hasCycle:with:",			"mutationEnd" : 410		},		{			"operatorDescription" : "Replace #ifTrue: receiver with true",			"class" : "GQLDocumentNode",			"operatorClass" : "ReplaceIfTrueReceiverWithTrueOperator",			"mutationStart" : 376,			"method" : "hasCycle:with:",			"mutationEnd" : 410		},		{			"operatorDescription" : "Replace #ifTrue: with #ifFalse:",			"class" : "GQLDocumentNode",			"operatorClass" : "ReplaceIfTrueWithIfFalseMutantOperator",			"mutationStart" : 376,			"method" : "hasCycle:with:",			"mutationEnd" : 410		},		{			"operatorDescription" : "Remove ^",			"class" : "GQLDocumentNode",			"operatorClass" : "RemoveCaretOperator",			"mutationStart" : 236,			"method" : "variablesOn:",			"mutationEnd" : 243		},		{			"operatorDescription" : "Replace #ifTrue:ifFalse: receiver with false",			"class" : "GQLDocumentNode",			"operatorClass" : "ReplaceIfTrueIfFalseReceiverWithFalseOperator",			"mutationStart" : 189,			"method" : "variablesOn:",			"mutationEnd" : 592		},		{			"operatorDescription" : "Remove ^",			"class" : "GQLDocumentNode",			"operatorClass" : "RemoveCaretOperator",			"mutationStart" : 139,			"method" : "validVariablesDocument:",			"mutationEnd" : 149		},		{			"operatorDescription" : "Remove ^",			"class" : "GQLDocumentNode",			"operatorClass" : "RemoveCaretOperator",			"mutationStart" : 360,			"method" : "validVariablesDocument:",			"mutationEnd" : 461		},		{			"operatorDescription" : "Replace #and: argument with [true]",			"class" : "GQLDocumentNode",			"operatorClass" : "ReplaceAndArgumentWithTrueOperator",			"mutationStart" : 268,			"method" : "validVariablesDocument:",			"mutationEnd" : 340		},		{			"operatorDescription" : "Replace #ifTrue:ifFalse: receiver with false",			"class" : "GQLDocumentNode",			"operatorClass" : "ReplaceIfTrueIfFalseReceiverWithFalseOperator",			"mutationStart" : 90,			"method" : "validVariablesDocument:",			"mutationEnd" : 467		},		{			"operatorDescription" : "Replace #or: with #bXor:",			"class" : "GQLDocumentNode",			"operatorClass" : "ReplaceOrWithXorMutantOperator",			"mutationStart" : 243,			"method" : "validVariablesDocument:",			"mutationEnd" : 342		},		{			"operatorDescription" : "Remove ^",			"class" : "GQLDocumentNode",			"operatorClass" : "RemoveCaretOperator",			"mutationStart" : 200,			"method" : "evaluate",			"mutationEnd" : 276		},		{			"operatorDescription" : "Remove ^",			"class" : "GQLDocumentNode",			"operatorClass" : "RemoveCaretOperator",			"mutationStart" : 395,			"method" : "evaluate",			"mutationEnd" : 480		},		{			"operatorDescription" : "Remove ^",			"class" : "GQLDocumentNode",			"operatorClass" : "RemoveCaretOperator",			"mutationStart" : 532,			"method" : "evaluate",			"mutationEnd" : 599		},		{			"operatorDescription" : "Remove ^",			"class" : "GQLDocumentNode",			"operatorClass" : "RemoveCaretOperator",			"mutationStart" : 712,			"method" : "evaluate",			"mutationEnd" : 798		},		{			"operatorDescription" : "Replace #ifFalse: receiver with true",			"class" : "GQLDocumentNode",			"operatorClass" : "ReplaceIfFalseReceiverWithTrueOperator",			"mutationStart" : 138,			"method" : "evaluate",			"mutationEnd" : 278		},		{			"operatorDescription" : "Remove ^",			"class" : "GQLDocumentNode",			"operatorClass" : "RemoveCaretOperator",			"mutationStart" : 718,			"method" : "executeOn:with:using:",			"mutationEnd" : 725		},		{			"operatorDescription" : "Replace #ifTrue:ifFalse: receiver with false",			"class" : "GQLDocumentNode",			"operatorClass" : "ReplaceIfTrueIfFalseReceiverWithFalseOperator",			"mutationStart" : 362,			"method" : "executeOn:with:using:",			"mutationEnd" : 526		}	],	"mutationScoreAfter" : 77,	"mutationScoreBefore" : 72,	"testAmpLoc" : 153,	"amplifiedMethods" : [		"GQLDocumentNodeTest5545>>#testCyclesFragment_amp",		"GQLDocumentNodeTest5545>>#testComposeRequestArgumentsExcludeWithTwoDirective_amp_L9",		"GQLDocumentNodeTest5545>>#testComposeRequestWithManyOperationMutation_amp_N1",		"GQLDocumentNodeTest5545>>#testComposeRequestArgumentsWithManyVariable_amp_L8"	],	"testLoc" : "2138",	"amplifiedClass" : "GQLDocumentNodeTest5545",	"numberOfAllMutationsInOriginal" : 79,	"targetLoc" : 129,	"newCovered" : [		{			"operatorDescription" : "Remove ^",			"class" : "GQLDocumentNode",			"operatorClass" : "RemoveCaretOperator",			"mutationStart" : 316,			"method" : "executeOperationOn:with:using:",			"mutationEnd" : 434		},		{			"operatorDescription" : "Remove ^",			"class" : "GQLDocumentNode",			"operatorClass" : "RemoveCaretOperator",			"mutationStart" : 38,			"method" : "operations",			"mutationEnd" : 49		},		{			"operatorDescription" : "Remove ^",			"class" : "GQLDocumentNode",			"operatorClass" : "RemoveCaretOperator",			"mutationStart" : 286,			"method" : "executeShorthandOn:with:using:",			"mutationEnd" : 372		},		{			"operatorDescription" : "Replace #ifTrue:ifFalse: receiver with false",			"class" : "GQLDocumentNode",			"operatorClass" : "ReplaceIfTrueIfFalseReceiverWithFalseOperator",			"mutationStart" : 678,			"method" : "executeOn:with:using:",			"mutationEnd" : 791		}	],	"timeBudgetFinished" : false,	"notCoveredInOriginal" : [		{			"operatorDescription" : "Remove ^",			"class" : "GQLDocumentNode",			"operatorClass" : "RemoveCaretOperator",			"mutationStart" : 316,			"method" : "executeOperationOn:with:using:",			"mutationEnd" : 434		},		{			"operatorDescription" : "Remove ^",			"class" : "GQLDocumentNode",			"operatorClass" : "RemoveCaretOperator",			"mutationStart" : 231,			"method" : "hasCycle:with:",			"mutationEnd" : 237		},		{			"operatorDescription" : "Replace #ifTrue: receiver with false",			"class" : "GQLDocumentNode",			"operatorClass" : "ReplaceIfTrueReceiverWithFalseOperator",			"mutationStart" : 376,			"method" : "hasCycle:with:",			"mutationEnd" : 410		},		{			"operatorDescription" : "Replace #ifTrue: receiver with true",			"class" : "GQLDocumentNode",			"operatorClass" : "ReplaceIfTrueReceiverWithTrueOperator",			"mutationStart" : 376,			"method" : "hasCycle:with:",			"mutationEnd" : 410		},		{			"operatorDescription" : "Replace #ifTrue: with #ifFalse:",			"class" : "GQLDocumentNode",			"operatorClass" : "ReplaceIfTrueWithIfFalseMutantOperator",			"mutationStart" : 376,			"method" : "hasCycle:with:",			"mutationEnd" : 410		},		{			"operatorDescription" : "Remove ^",			"class" : "GQLDocumentNode",			"operatorClass" : "RemoveCaretOperator",			"mutationStart" : 236,			"method" : "variablesOn:",			"mutationEnd" : 243		},		{			"operatorDescription" : "Replace #ifTrue:ifFalse: receiver with false",			"class" : "GQLDocumentNode",			"operatorClass" : "ReplaceIfTrueIfFalseReceiverWithFalseOperator",			"mutationStart" : 189,			"method" : "variablesOn:",			"mutationEnd" : 592		},		{			"operatorDescription" : "Remove ^",			"class" : "GQLDocumentNode",			"operatorClass" : "RemoveCaretOperator",			"mutationStart" : 38,			"method" : "operations",			"mutationEnd" : 49		},		{			"operatorDescription" : "Remove ^",			"class" : "GQLDocumentNode",			"operatorClass" : "RemoveCaretOperator",			"mutationStart" : 286,			"method" : "executeShorthandOn:with:using:",			"mutationEnd" : 372		},		{			"operatorDescription" : "Remove ^",			"class" : "GQLDocumentNode",			"operatorClass" : "RemoveCaretOperator",			"mutationStart" : 139,			"method" : "validVariablesDocument:",			"mutationEnd" : 149		},		{			"operatorDescription" : "Remove ^",			"class" : "GQLDocumentNode",			"operatorClass" : "RemoveCaretOperator",			"mutationStart" : 360,			"method" : "validVariablesDocument:",			"mutationEnd" : 461		},		{			"operatorDescription" : "Replace #and: argument with [true]",			"class" : "GQLDocumentNode",			"operatorClass" : "ReplaceAndArgumentWithTrueOperator",			"mutationStart" : 268,			"method" : "validVariablesDocument:",			"mutationEnd" : 340		},		{			"operatorDescription" : "Replace #ifTrue:ifFalse: receiver with false",			"class" : "GQLDocumentNode",			"operatorClass" : "ReplaceIfTrueIfFalseReceiverWithFalseOperator",			"mutationStart" : 90,			"method" : "validVariablesDocument:",			"mutationEnd" : 467		},		{			"operatorDescription" : "Replace #or: with #bXor:",			"class" : "GQLDocumentNode",			"operatorClass" : "ReplaceOrWithXorMutantOperator",			"mutationStart" : 243,			"method" : "validVariablesDocument:",			"mutationEnd" : 342		},		{			"operatorDescription" : "Remove ^",			"class" : "GQLDocumentNode",			"operatorClass" : "RemoveCaretOperator",			"mutationStart" : 200,			"method" : "evaluate",			"mutationEnd" : 276		},		{			"operatorDescription" : "Remove ^",			"class" : "GQLDocumentNode",			"operatorClass" : "RemoveCaretOperator",			"mutationStart" : 395,			"method" : "evaluate",			"mutationEnd" : 480		},		{			"operatorDescription" : "Remove ^",			"class" : "GQLDocumentNode",			"operatorClass" : "RemoveCaretOperator",			"mutationStart" : 532,			"method" : "evaluate",			"mutationEnd" : 599		},		{			"operatorDescription" : "Remove ^",			"class" : "GQLDocumentNode",			"operatorClass" : "RemoveCaretOperator",			"mutationStart" : 712,			"method" : "evaluate",			"mutationEnd" : 798		},		{			"operatorDescription" : "Replace #ifFalse: receiver with true",			"class" : "GQLDocumentNode",			"operatorClass" : "ReplaceIfFalseReceiverWithTrueOperator",			"mutationStart" : 138,			"method" : "evaluate",			"mutationEnd" : 278		},		{			"operatorDescription" : "Remove ^",			"class" : "GQLDocumentNode",			"operatorClass" : "RemoveCaretOperator",			"mutationStart" : 718,			"method" : "executeOn:with:using:",			"mutationEnd" : 725		},		{			"operatorDescription" : "Replace #ifTrue:ifFalse: receiver with false",			"class" : "GQLDocumentNode",			"operatorClass" : "ReplaceIfTrueIfFalseReceiverWithFalseOperator",			"mutationStart" : 362,			"method" : "executeOn:with:using:",			"mutationEnd" : 526		},		{			"operatorDescription" : "Replace #ifTrue:ifFalse: receiver with false",			"class" : "GQLDocumentNode",			"operatorClass" : "ReplaceIfTrueIfFalseReceiverWithFalseOperator",			"mutationStart" : 678,			"method" : "executeOn:with:using:",			"mutationEnd" : 791		}	],	"testCase" : "GQLDocumentNodeTest",	"unixtime" : 1604966371,	"timeTotal" : 372226}