{	"targetClasses" : [		"GQLRequestGrammar"	],	"testMethodsIgnored" : [ ],	"methodsNotProfiled" : [ ],	"numberOfOriginalTestMethods" : 29,	"timeDetail" : [		"init: % 11.64 (1 minute 25 seconds 782 milliseconds)",		"assertionAmplification: % 35.89 (4 minutes 24 seconds 572 milliseconds)",		"selection: % 5.78 (42 seconds 624 milliseconds)",		"inputAmplification: % 34.71 (4 minutes 15 seconds 850 milliseconds)",		"finalize: % 11.99 (1 minute 28 seconds 356 milliseconds)"	],	"notCoveredInAmplified" : [		{			"operatorDescription" : "Remove ^",			"class" : "GQLRequestGrammar",			"operatorClass" : "RemoveCaretOperator",			"mutationStart" : 58,			"method" : "variable",			"mutationEnd" : 98		},		{			"operatorDescription" : "Remove ^",			"class" : "GQLRequestGrammar",			"operatorClass" : "RemoveCaretOperator",			"mutationStart" : 99,			"method" : "start",			"mutationEnd" : 112		}	],	"mutationScoreAfter" : 96,	"mutationScoreBefore" : 96,	"testAmpLoc" : 0,	"amplifiedMethods" : [ ],	"testLoc" : "340",	"amplifiedClass" : "GQLRequestGrammarTest1422",	"numberOfAllMutationsInOriginal" : 58,	"targetLoc" : 199,	"newCovered" : [ ],	"timeBudgetFinished" : false,	"notCoveredInOriginal" : [		{			"operatorDescription" : "Remove ^",			"class" : "GQLRequestGrammar",			"operatorClass" : "RemoveCaretOperator",			"mutationStart" : 58,			"method" : "variable",			"mutationEnd" : 98		},		{			"operatorDescription" : "Remove ^",			"class" : "GQLRequestGrammar",			"operatorClass" : "RemoveCaretOperator",			"mutationStart" : 99,			"method" : "start",			"mutationEnd" : 112		}	],	"testCase" : "GQLRequestGrammarTest",	"unixtime" : 1604428617,	"timeTotal" : 737}