{	"targetClasses" : [		"GQLRequestGrammarEvaluator"	],	"testMethodsIgnored" : [ ],	"methodsNotProfiled" : [ ],	"numberOfOriginalTestMethods" : 40,	"timeDetail" : [		"init: % 3.02 (1 minute 13 seconds 934 milliseconds)",		"assertionAmplification: % 52.48 (21 minutes 22 seconds 670 milliseconds)",		"selection: % 5.05 (2 minutes 3 seconds 524 milliseconds)",		"inputAmplification: % 36.15 (14 minutes 43 seconds 486 milliseconds)",		"finalize: % 3.29 (1 minute 20 seconds 489 milliseconds)"	],	"notCoveredInAmplified" : [		{			"operatorDescription" : "Replace Reject block with [:each | false]",			"class" : "GQLRequestGrammarEvaluator",			"operatorClass" : "ReplaceRejectBlockWithAlwaysFalseBlockOperator",			"mutationStart" : 108,			"method" : "variableDefinitions",			"mutationEnd" : 156		}	],	"mutationScoreAfter" : 97,	"mutationScoreBefore" : 97,	"testAmpLoc" : 0,	"amplifiedMethods" : [ ],	"testLoc" : "860",	"amplifiedClass" : "GQLRequestGrammarEvaluatorTest1980",	"numberOfAllMutationsInOriginal" : 40,	"targetLoc" : 316,	"newCovered" : [ ],	"timeBudgetFinished" : false,	"notCoveredInOriginal" : [		{			"operatorDescription" : "Replace Reject block with [:each | false]",			"class" : "GQLRequestGrammarEvaluator",			"operatorClass" : "ReplaceRejectBlockWithAlwaysFalseBlockOperator",			"mutationStart" : 108,			"method" : "variableDefinitions",			"mutationEnd" : 156		}	],	"testCase" : "GQLRequestGrammarEvaluatorTest",	"unixtime" : 1604541105,	"timeTotal" : 2444}