{	"targetClasses" : [		"GQLSingleAnonimousQueryGrammar"	],	"testMethodsIgnored" : [ ],	"methodsNotProfiled" : [ ],	"numberOfOriginalTestMethods" : 22,	"timeDetail" : [		"init: % 0.22 (28 seconds 45 milliseconds)",		"assertionAmplification: % 94.29 (3 hours 21 minutes 23 seconds 727 milliseconds)",		"selection: % 3.76 (8 minutes 1 second 783 milliseconds)",		"inputAmplification: % 1.54 (3 minutes 16 seconds 943 milliseconds)",		"finalize: % 0.19 (24 seconds 893 milliseconds)"	],	"notCoveredInAmplified" : [ ],	"mutationScoreAfter" : 100,	"mutationScoreBefore" : 85,	"testAmpLoc" : 563,	"amplifiedMethods" : [		"GQLSingleAnonimousQueryGrammarTest1092>>#testComposedDocument_amp_A5"	],	"testLoc" : "267",	"amplifiedClass" : "GQLSingleAnonimousQueryGrammarTest1092",	"numberOfAllMutationsInOriginal" : 14,	"targetLoc" : 44,	"newCovered" : [		{			"operatorDescription" : "Remove ^",			"class" : "GQLSingleAnonimousQueryGrammar",			"operatorClass" : "RemoveCaretOperator",			"mutationStart" : 47,			"method" : "selection",			"mutationEnd" : 87		},		{			"operatorDescription" : "Remove ^",			"class" : "GQLSingleAnonimousQueryGrammar",			"operatorClass" : "RemoveCaretOperator",			"mutationStart" : 77,			"method" : "start",			"mutationEnd" : 90		}	],	"timeBudgetFinished" : false,	"notCoveredInOriginal" : [		{			"operatorDescription" : "Remove ^",			"class" : "GQLSingleAnonimousQueryGrammar",			"operatorClass" : "RemoveCaretOperator",			"mutationStart" : 47,			"method" : "selection",			"mutationEnd" : 87		},		{			"operatorDescription" : "Remove ^",			"class" : "GQLSingleAnonimousQueryGrammar",			"operatorClass" : "RemoveCaretOperator",			"mutationStart" : 77,			"method" : "start",			"mutationEnd" : 90		}	],	"testCase" : "GQLSingleAnonimousQueryGrammarTest",	"unixtime" : 1604427878,	"timeTotal" : 12815}