{	"targetClasses" : [		"GQLSingleAnonimousQueryEvaluator"	],	"testMethodsIgnored" : [ ],	"methodsNotProfiled" : [ ],	"numberOfOriginalTestMethods" : 22,	"timeDetail" : [		"init: % 6.70 (1 minute 18 seconds 613 milliseconds)",		"assertionAmplification: % 48.41 (9 minutes 28 seconds 189 milliseconds)",		"selection: % 19.41 (3 minutes 47 seconds 773 milliseconds)",		"inputAmplification: % 18.76 (3 minutes 40 seconds 132 milliseconds)",		"finalize: % 6.72 (1 minute 18 seconds 918 milliseconds)"	],	"notCoveredInAmplified" : [		{			"operatorDescription" : "Remove ^",			"class" : "GQLSingleAnonimousQueryEvaluator",			"operatorClass" : "RemoveCaretOperator",			"mutationStart" : 42,			"method" : "defaultValue",			"mutationEnd" : 102		},		{			"operatorDescription" : "Remove ^",			"class" : "GQLSingleAnonimousQueryEvaluator",			"operatorClass" : "RemoveCaretOperator",			"mutationStart" : 104,			"method" : "nullValue",			"mutationEnd" : 252		},		{			"operatorDescription" : "Remove ^",			"class" : "GQLSingleAnonimousQueryEvaluator",			"operatorClass" : "RemoveCaretOperator",			"mutationStart" : 104,			"method" : "listValue",			"mutationEnd" : 226		},		{			"operatorDescription" : "Remove ^",			"class" : "GQLSingleAnonimousQueryEvaluator",			"operatorClass" : "RemoveCaretOperator",			"mutationStart" : 48,			"method" : "intType",			"mutationEnd" : 173		},		{			"operatorDescription" : "Remove ^",			"class" : "GQLSingleAnonimousQueryEvaluator",			"operatorClass" : "RemoveCaretOperator",			"mutationStart" : 58,			"method" : "variableDefinitions",			"mutationEnd" : 163		},		{			"operatorDescription" : "Replace #reject: with #select:",			"class" : "GQLSingleAnonimousQueryEvaluator",			"operatorClass" : "ReplaceRejectWithSelectMutantOperator",			"mutationStart" : 113,			"method" : "variableDefinitions",			"mutationEnd" : 161		},		{			"operatorDescription" : "Replace Reject block with [:each | false]",			"class" : "GQLSingleAnonimousQueryEvaluator",			"operatorClass" : "ReplaceRejectBlockWithAlwaysFalseBlockOperator",			"mutationStart" : 113,			"method" : "variableDefinitions",			"mutationEnd" : 161		},		{			"operatorDescription" : "Replace Reject block with [:each | true]",			"class" : "GQLSingleAnonimousQueryEvaluator",			"operatorClass" : "ReplaceRejectBlockWithAlwaysTrueBlockOperator",			"mutationStart" : 113,			"method" : "variableDefinitions",			"mutationEnd" : 161		},		{			"operatorDescription" : "Remove ^",			"class" : "GQLSingleAnonimousQueryEvaluator",			"operatorClass" : "RemoveCaretOperator",			"mutationStart" : 125,			"method" : "variableDefinition",			"mutationEnd" : 385		},		{			"operatorDescription" : "Remove ^",			"class" : "GQLSingleAnonimousQueryEvaluator",			"operatorClass" : "RemoveCaretOperator",			"mutationStart" : 42,			"method" : "idType",			"mutationEnd" : 165		},		{			"operatorDescription" : "Remove ^",			"class" : "GQLSingleAnonimousQueryEvaluator",			"operatorClass" : "RemoveCaretOperator",			"mutationStart" : 83,			"method" : "booleanValue",			"mutationEnd" : 238		},		{			"operatorDescription" : "Remove ^",			"class" : "GQLSingleAnonimousQueryEvaluator",			"operatorClass" : "RemoveCaretOperator",			"mutationStart" : 52,			"method" : "booleanType",			"mutationEnd" : 185		},		{			"operatorDescription" : "Remove ^",			"class" : "GQLSingleAnonimousQueryEvaluator",			"operatorClass" : "RemoveCaretOperator",			"mutationStart" : 109,			"method" : "floatValue",			"mutationEnd" : 260		},		{			"operatorDescription" : "Remove ^",			"class" : "GQLSingleAnonimousQueryEvaluator",			"operatorClass" : "RemoveCaretOperator",			"mutationStart" : 41,			"method" : "nonNullType",			"mutationEnd" : 222		},		{			"operatorDescription" : "Remove ^",			"class" : "GQLSingleAnonimousQueryEvaluator",			"operatorClass" : "RemoveCaretOperator",			"mutationStart" : 32,			"method" : "listType",			"mutationEnd" : 207		},		{			"operatorDescription" : "Remove ^",			"class" : "GQLSingleAnonimousQueryEvaluator",			"operatorClass" : "RemoveCaretOperator",			"mutationStart" : 112,			"method" : "objectValue",			"mutationEnd" : 245		},		{			"operatorDescription" : "Remove ^",			"class" : "GQLSingleAnonimousQueryEvaluator",			"operatorClass" : "RemoveCaretOperator",			"mutationStart" : 52,			"method" : "floatType",			"mutationEnd" : 149		},		{			"operatorDescription" : "Remove ^",			"class" : "GQLSingleAnonimousQueryEvaluator",			"operatorClass" : "RemoveCaretOperator",			"mutationStart" : 96,			"method" : "objectField",			"mutationEnd" : 299		},		{			"operatorDescription" : "Remove ^",			"class" : "GQLSingleAnonimousQueryEvaluator",			"operatorClass" : "RemoveCaretOperator",			"mutationStart" : 50,			"method" : "stringType",			"mutationEnd" : 181		}	],	"mutationScoreAfter" : 56,	"mutationScoreBefore" : 52,	"testAmpLoc" : 68,	"amplifiedMethods" : [		"GQLSingleAnonimousQueryEvaluatorTest1112>>#testDocumentSimpleInlineFragmentDirectives_amp_L1_D1_L2",		"GQLSingleAnonimousQueryEvaluatorTest1112>>#testDocumentComposedWithArguments_amp_L2_A1_L1"	],	"testLoc" : "432",	"amplifiedClass" : "GQLSingleAnonimousQueryEvaluatorTest1112",	"numberOfAllMutationsInOriginal" : 44,	"targetLoc" : 353,	"newCovered" : [		{			"operatorDescription" : "Remove ^",			"class" : "GQLSingleAnonimousQueryEvaluator",			"operatorClass" : "RemoveCaretOperator",			"mutationStart" : 111,			"method" : "variable",			"mutationEnd" : 254		},		{			"operatorDescription" : "Remove ^",			"class" : "GQLSingleAnonimousQueryEvaluator",			"operatorClass" : "RemoveCaretOperator",			"mutationStart" : 87,			"method" : "enumValue",			"mutationEnd" : 240		}	],	"timeBudgetFinished" : false,	"notCoveredInOriginal" : [		{			"operatorDescription" : "Remove ^",			"class" : "GQLSingleAnonimousQueryEvaluator",			"operatorClass" : "RemoveCaretOperator",			"mutationStart" : 111,			"method" : "variable",			"mutationEnd" : 254		},		{			"operatorDescription" : "Remove ^",			"class" : "GQLSingleAnonimousQueryEvaluator",			"operatorClass" : "RemoveCaretOperator",			"mutationStart" : 42,			"method" : "defaultValue",			"mutationEnd" : 102		},		{			"operatorDescription" : "Remove ^",			"class" : "GQLSingleAnonimousQueryEvaluator",			"operatorClass" : "RemoveCaretOperator",			"mutationStart" : 104,			"method" : "nullValue",			"mutationEnd" : 252		},		{			"operatorDescription" : "Remove ^",			"class" : "GQLSingleAnonimousQueryEvaluator",			"operatorClass" : "RemoveCaretOperator",			"mutationStart" : 104,			"method" : "listValue",			"mutationEnd" : 226		},		{			"operatorDescription" : "Remove ^",			"class" : "GQLSingleAnonimousQueryEvaluator",			"operatorClass" : "RemoveCaretOperator",			"mutationStart" : 48,			"method" : "intType",			"mutationEnd" : 173		},		{			"operatorDescription" : "Remove ^",			"class" : "GQLSingleAnonimousQueryEvaluator",			"operatorClass" : "RemoveCaretOperator",			"mutationStart" : 58,			"method" : "variableDefinitions",			"mutationEnd" : 163		},		{			"operatorDescription" : "Replace #reject: with #select:",			"class" : "GQLSingleAnonimousQueryEvaluator",			"operatorClass" : "ReplaceRejectWithSelectMutantOperator",			"mutationStart" : 113,			"method" : "variableDefinitions",			"mutationEnd" : 161		},		{			"operatorDescription" : "Replace Reject block with [:each | false]",			"class" : "GQLSingleAnonimousQueryEvaluator",			"operatorClass" : "ReplaceRejectBlockWithAlwaysFalseBlockOperator",			"mutationStart" : 113,			"method" : "variableDefinitions",			"mutationEnd" : 161		},		{			"operatorDescription" : "Replace Reject block with [:each | true]",			"class" : "GQLSingleAnonimousQueryEvaluator",			"operatorClass" : "ReplaceRejectBlockWithAlwaysTrueBlockOperator",			"mutationStart" : 113,			"method" : "variableDefinitions",			"mutationEnd" : 161		},		{			"operatorDescription" : "Remove ^",			"class" : "GQLSingleAnonimousQueryEvaluator",			"operatorClass" : "RemoveCaretOperator",			"mutationStart" : 87,			"method" : "enumValue",			"mutationEnd" : 240		},		{			"operatorDescription" : "Remove ^",			"class" : "GQLSingleAnonimousQueryEvaluator",			"operatorClass" : "RemoveCaretOperator",			"mutationStart" : 125,			"method" : "variableDefinition",			"mutationEnd" : 385		},		{			"operatorDescription" : "Remove ^",			"class" : "GQLSingleAnonimousQueryEvaluator",			"operatorClass" : "RemoveCaretOperator",			"mutationStart" : 42,			"method" : "idType",			"mutationEnd" : 165		},		{			"operatorDescription" : "Remove ^",			"class" : "GQLSingleAnonimousQueryEvaluator",			"operatorClass" : "RemoveCaretOperator",			"mutationStart" : 83,			"method" : "booleanValue",			"mutationEnd" : 238		},		{			"operatorDescription" : "Remove ^",			"class" : "GQLSingleAnonimousQueryEvaluator",			"operatorClass" : "RemoveCaretOperator",			"mutationStart" : 52,			"method" : "booleanType",			"mutationEnd" : 185		},		{			"operatorDescription" : "Remove ^",			"class" : "GQLSingleAnonimousQueryEvaluator",			"operatorClass" : "RemoveCaretOperator",			"mutationStart" : 109,			"method" : "floatValue",			"mutationEnd" : 260		},		{			"operatorDescription" : "Remove ^",			"class" : "GQLSingleAnonimousQueryEvaluator",			"operatorClass" : "RemoveCaretOperator",			"mutationStart" : 41,			"method" : "nonNullType",			"mutationEnd" : 222		},		{			"operatorDescription" : "Remove ^",			"class" : "GQLSingleAnonimousQueryEvaluator",			"operatorClass" : "RemoveCaretOperator",			"mutationStart" : 32,			"method" : "listType",			"mutationEnd" : 207		},		{			"operatorDescription" : "Remove ^",			"class" : "GQLSingleAnonimousQueryEvaluator",			"operatorClass" : "RemoveCaretOperator",			"mutationStart" : 112,			"method" : "objectValue",			"mutationEnd" : 245		},		{			"operatorDescription" : "Remove ^",			"class" : "GQLSingleAnonimousQueryEvaluator",			"operatorClass" : "RemoveCaretOperator",			"mutationStart" : 52,			"method" : "floatType",			"mutationEnd" : 149		},		{			"operatorDescription" : "Remove ^",			"class" : "GQLSingleAnonimousQueryEvaluator",			"operatorClass" : "RemoveCaretOperator",			"mutationStart" : 96,			"method" : "objectField",			"mutationEnd" : 299		},		{			"operatorDescription" : "Remove ^",			"class" : "GQLSingleAnonimousQueryEvaluator",			"operatorClass" : "RemoveCaretOperator",			"mutationStart" : 50,			"method" : "stringType",			"mutationEnd" : 181		}	],	"testCase" : "GQLSingleAnonimousQueryEvaluatorTest",	"unixtime" : 1604442590,	"timeTotal" : 1173}