{	"targetClasses" : [		"GQLSchemaGrammarEvaluator"	],	"testMethodsIgnored" : [ ],	"methodsNotProfiled" : [ ],	"numberOfOriginalTestMethods" : 41,	"timeDetail" : [		"init: % 3.02 (2 minutes 27 seconds 363 milliseconds)",		"assertionAmplification: % 70.15 (57 minutes 7 seconds 377 milliseconds)",		"selection: % 10.49 (8 minutes 32 seconds 463 milliseconds)",		"inputAmplification: % 13.25 (10 minutes 47 seconds 184 milliseconds)",		"finalize: % 3.10 (2 minutes 31 seconds 614 milliseconds)"	],	"notCoveredInAmplified" : [		{			"operatorDescription" : "Remove ^",			"class" : "GQLSchemaGrammarEvaluator",			"operatorClass" : "RemoveCaretOperator",			"mutationStart" : 42,			"method" : "idType",			"mutationEnd" : 133		},		{			"operatorDescription" : "Remove ^",			"class" : "GQLSchemaGrammarEvaluator",			"operatorClass" : "RemoveCaretOperator",			"mutationStart" : 52,			"method" : "booleanType",			"mutationEnd" : 153		},		{			"operatorDescription" : "Remove ^",			"class" : "GQLSchemaGrammarEvaluator",			"operatorClass" : "RemoveCaretOperator",			"mutationStart" : 48,			"method" : "floatType",			"mutationEnd" : 145		}	],	"mutationScoreAfter" : 93,	"mutationScoreBefore" : 91,	"testAmpLoc" : 283,	"amplifiedMethods" : [		"GQLSchemaGrammarEvaluatorTest2017>>#testSchemaEnumTypeExtension_amp"	],	"testLoc" : "887",	"amplifiedClass" : "GQLSchemaGrammarEvaluatorTest2017",	"numberOfAllMutationsInOriginal" : 48,	"targetLoc" : 355,	"newCovered" : [		{			"operatorDescription" : "Replace Reject block with [:each | false]",			"class" : "GQLSchemaGrammarEvaluator",			"operatorClass" : "ReplaceRejectBlockWithAlwaysFalseBlockOperator",			"mutationStart" : 188,			"method" : "schema",			"mutationEnd" : 239		}	],	"timeBudgetFinished" : false,	"notCoveredInOriginal" : [		{			"operatorDescription" : "Replace Reject block with [:each | false]",			"class" : "GQLSchemaGrammarEvaluator",			"operatorClass" : "ReplaceRejectBlockWithAlwaysFalseBlockOperator",			"mutationStart" : 188,			"method" : "schema",			"mutationEnd" : 239		},		{			"operatorDescription" : "Remove ^",			"class" : "GQLSchemaGrammarEvaluator",			"operatorClass" : "RemoveCaretOperator",			"mutationStart" : 42,			"method" : "idType",			"mutationEnd" : 133		},		{			"operatorDescription" : "Remove ^",			"class" : "GQLSchemaGrammarEvaluator",			"operatorClass" : "RemoveCaretOperator",			"mutationStart" : 52,			"method" : "booleanType",			"mutationEnd" : 153		},		{			"operatorDescription" : "Remove ^",			"class" : "GQLSchemaGrammarEvaluator",			"operatorClass" : "RemoveCaretOperator",			"mutationStart" : 48,			"method" : "floatType",			"mutationEnd" : 145		}	],	"testCase" : "GQLSchemaGrammarEvaluatorTest",	"unixtime" : 1604545992,	"timeTotal" : 4886}