{	"targetClasses" : [		"GQLSchemaGrammar"	],	"testMethodsIgnored" : [ ],	"methodsNotProfiled" : [ ],	"numberOfOriginalTestMethods" : 57,	"timeDetail" : [		"init: % 0.17 (2 minutes 40 seconds 497 milliseconds)",		"assertionAmplification: % 95.21 (1 day 1 hour 24 minutes 17 seconds 442 milliseconds)",		"selection: % 3.42 (54 minutes 48 seconds 53 milliseconds)",		"inputAmplification: % 1.20 (19 minutes 13 seconds 940 milliseconds)",		"finalize: % 0.00 (2 seconds 194 milliseconds)"	],	"notCoveredInAmplified" : [ ],	"mutationScoreAfter" : 100,	"mutationScoreBefore" : 93,	"testAmpLoc" : 9757,	"amplifiedMethods" : [		"GQLSchemaGrammarTest2808>>#testComment_amp_A8",		"GQLSchemaGrammarTest2808>>#testComment_amp_A49",		"GQLSchemaGrammarTest2808>>#testComment_amp_A47",		"GQLSchemaGrammarTest2808>>#testComment_amp_A43",		"GQLSchemaGrammarTest2808>>#testComment_amp_A4",		"GQLSchemaGrammarTest2808>>#testComment_amp_A64",		"GQLSchemaGrammarTest2808>>#testCommentIncorrect_amp_A38"	],	"testLoc" : "623",	"amplifiedClass" : "GQLSchemaGrammarTest2808",	"numberOfAllMutationsInOriginal" : 103,	"targetLoc" : 251,	"newCovered" : [		{			"operatorDescription" : "Remove ^",			"class" : "GQLSchemaGrammar",			"operatorClass" : "RemoveCaretOperator",			"mutationStart" : 40,			"method" : "nonNull",			"mutationEnd" : 52		},		{			"operatorDescription" : "Remove ^",			"class" : "GQLSchemaGrammar",			"operatorClass" : "RemoveCaretOperator",			"mutationStart" : 68,			"method" : "nonNullNamedType",			"mutationEnd" : 104		},		{			"operatorDescription" : "Remove ^",			"class" : "GQLSchemaGrammar",			"operatorClass" : "RemoveCaretOperator",			"mutationStart" : 117,			"method" : "type",			"mutationEnd" : 196		},		{			"operatorDescription" : "Remove ^",			"class" : "GQLSchemaGrammar",			"operatorClass" : "RemoveCaretOperator",			"mutationStart" : 75,			"method" : "start",			"mutationEnd" : 86		},		{			"operatorDescription" : "Remove ^",			"class" : "GQLSchemaGrammar",			"operatorClass" : "RemoveCaretOperator",			"mutationStart" : 88,			"method" : "commentsInterface",			"mutationEnd" : 123		},		{			"operatorDescription" : "Remove ^",			"class" : "GQLSchemaGrammar",			"operatorClass" : "RemoveCaretOperator",			"mutationStart" : 79,			"method" : "ignoreDescriptionAndComments",			"mutationEnd" : 104		},		{			"operatorDescription" : "Remove ^",			"class" : "GQLSchemaGrammar",			"operatorClass" : "RemoveCaretOperator",			"mutationStart" : 70,			"method" : "ignoredInExtensions",			"mutationEnd" : 92		}	],	"timeBudgetFinished" : false,	"notCoveredInOriginal" : [		{			"operatorDescription" : "Remove ^",			"class" : "GQLSchemaGrammar",			"operatorClass" : "RemoveCaretOperator",			"mutationStart" : 40,			"method" : "nonNull",			"mutationEnd" : 52		},		{			"operatorDescription" : "Remove ^",			"class" : "GQLSchemaGrammar",			"operatorClass" : "RemoveCaretOperator",			"mutationStart" : 68,			"method" : "nonNullNamedType",			"mutationEnd" : 104		},		{			"operatorDescription" : "Remove ^",			"class" : "GQLSchemaGrammar",			"operatorClass" : "RemoveCaretOperator",			"mutationStart" : 117,			"method" : "type",			"mutationEnd" : 196		},		{			"operatorDescription" : "Remove ^",			"class" : "GQLSchemaGrammar",			"operatorClass" : "RemoveCaretOperator",			"mutationStart" : 75,			"method" : "start",			"mutationEnd" : 86		},		{			"operatorDescription" : "Remove ^",			"class" : "GQLSchemaGrammar",			"operatorClass" : "RemoveCaretOperator",			"mutationStart" : 88,			"method" : "commentsInterface",			"mutationEnd" : 123		},		{			"operatorDescription" : "Remove ^",			"class" : "GQLSchemaGrammar",			"operatorClass" : "RemoveCaretOperator",			"mutationStart" : 79,			"method" : "ignoreDescriptionAndComments",			"mutationEnd" : 104		},		{			"operatorDescription" : "Remove ^",			"class" : "GQLSchemaGrammar",			"operatorClass" : "RemoveCaretOperator",			"mutationStart" : 70,			"method" : "ignoredInExtensions",			"mutationEnd" : 92		}	],	"testCase" : "GQLSchemaGrammarTest",	"unixtime" : 1604538660,	"timeTotal" : 96062}