{	"targetClasses" : [		"DataFrameJsonWriter"	],	"testMethodsIgnored" : [ ],	"methodsNotProfiled" : [		"DataFrameJsonWriter>>#pretty:",		"DataFrameJsonWriter class>>#convertToRowNames:",		"DataFrameJsonWriter class>>#convertToSplit:",		"DataFrameJsonWriter class>>#convertToColumns:"	],	"numberOfOriginalTestMethods" : 4,	"timeDetail" : [		"init: % 2.40 (233 milliseconds)",		"assertionAmplification: % 41.53 (4 seconds 33 milliseconds)",		"selection: % 29.80 (2 seconds 894 milliseconds)",		"inputAmplification: % 24.22 (2 seconds 352 milliseconds)",		"finalize: % 2.04 (198 milliseconds)"	],	"notCoveredInAmplified" : [		{			"operatorDescription" : "Remove ^",			"class" : "DataFrameJsonWriter class",			"operatorClass" : "RemoveCaretOperator",			"mutationStart" : 423,			"method" : "convertToRowNames:",			"mutationEnd" : 430		},		{			"operatorDescription" : "Remove ^",			"class" : "DataFrameJsonWriter class",			"operatorClass" : "RemoveCaretOperator",			"mutationStart" : 540,			"method" : "convertToSplit:",			"mutationEnd" : 547		},		{			"operatorDescription" : "Replace do block with [:each |]",			"class" : "DataFrameJsonWriter class",			"operatorClass" : "ReplaceDoBlockWithEmptyBlockOperator",			"mutationStart" : 461,			"method" : "convertToSplit:",			"mutationEnd" : 507		},		{			"operatorDescription" : "Remove ^",			"class" : "DataFrameJsonWriter class",			"operatorClass" : "RemoveCaretOperator",			"mutationStart" : 427,			"method" : "convertToColumns:",			"mutationEnd" : 434		}	],	"mutationScoreAfter" : 66,	"mutationScoreBefore" : 50,	"testAmpLoc" : 23,	"amplifiedMethods" : [		"DataFrameJsonWriterTest6209>>#testWriteAsString_amp"	],	"testLoc" : "47",	"amplifiedClass" : "DataFrameJsonWriterTest6209",	"numberOfAllMutationsInOriginal" : 12,	"targetLoc" : 187,	"newCovered" : [		{			"operatorDescription" : "Remove ^",			"class" : "DataFrameJsonWriter",			"operatorClass" : "RemoveCaretOperator",			"mutationStart" : 9,			"method" : "pretty",			"mutationEnd" : 16		},		{			"operatorDescription" : "Remove ^",			"class" : "DataFrameJsonWriter",			"operatorClass" : "RemoveCaretOperator",			"mutationStart" : 9,			"method" : "orient",			"mutationEnd" : 16		}	],	"timeBudgetFinished" : false,	"notCoveredInOriginal" : [		{			"operatorDescription" : "Remove ^",			"class" : "DataFrameJsonWriter",			"operatorClass" : "RemoveCaretOperator",			"mutationStart" : 9,			"method" : "pretty",			"mutationEnd" : 16		},		{			"operatorDescription" : "Remove ^",			"class" : "DataFrameJsonWriter",			"operatorClass" : "RemoveCaretOperator",			"mutationStart" : 9,			"method" : "orient",			"mutationEnd" : 16		},		{			"operatorDescription" : "Remove ^",			"class" : "DataFrameJsonWriter class",			"operatorClass" : "RemoveCaretOperator",			"mutationStart" : 423,			"method" : "convertToRowNames:",			"mutationEnd" : 430		},		{			"operatorDescription" : "Remove ^",			"class" : "DataFrameJsonWriter class",			"operatorClass" : "RemoveCaretOperator",			"mutationStart" : 540,			"method" : "convertToSplit:",			"mutationEnd" : 547		},		{			"operatorDescription" : "Replace do block with [:each |]",			"class" : "DataFrameJsonWriter class",			"operatorClass" : "ReplaceDoBlockWithEmptyBlockOperator",			"mutationStart" : 461,			"method" : "convertToSplit:",			"mutationEnd" : 507		},		{			"operatorDescription" : "Remove ^",			"class" : "DataFrameJsonWriter class",			"operatorClass" : "RemoveCaretOperator",			"mutationStart" : 427,			"method" : "convertToColumns:",			"mutationEnd" : 434		}	],	"testCase" : "DataFrameJsonWriterTest",	"unixtime" : 1606209160,	"timeTotal" : 9}