{	"targetClasses" : [		"DataFrameCsvReader"	],	"testMethodsIgnored" : [ ],	"methodsNotProfiled" : [		"DataFrameCsvReader>>#shouldInferTypes:"	],	"numberOfOriginalTestMethods" : 4,	"timeDetail" : [		"init: % 6.37 (345 milliseconds)",		"assertionAmplification: % 28.93 (1 second 566 milliseconds)",		"selection: % 39.65 (2 seconds 146 milliseconds)",		"inputAmplification: % 19.14 (1 second 36 milliseconds)",		"finalize: % 5.91 (320 milliseconds)"	],	"notCoveredInAmplified" : [		{			"operatorDescription" : "Replace #ifTrue: receiver with true",			"class" : "DataFrameCsvReader",			"operatorClass" : "ReplaceIfTrueReceiverWithTrueOperator",			"mutationStart" : 306,			"method" : "readFrom:",			"mutationEnd" : 387		},		{			"operatorDescription" : "Remove ^",			"class" : "DataFrameCsvReader",			"operatorClass" : "RemoveCaretOperator",			"mutationStart" : 19,			"method" : "shouldInferTypes",			"mutationEnd" : 36		},		{			"operatorDescription" : "Remove ^",			"class" : "DataFrameCsvReader",			"operatorClass" : "RemoveCaretOperator",			"mutationStart" : 24,			"method" : "readRowsWith:",			"mutationEnd" : 143		}	],	"mutationScoreAfter" : 85,	"mutationScoreBefore" : 85,	"testAmpLoc" : 0,	"amplifiedMethods" : [ ],	"testLoc" : "49",	"amplifiedClass" : "DataFrameCsvReaderTest6190",	"numberOfAllMutationsInOriginal" : 20,	"targetLoc" : 65,	"newCovered" : [ ],	"timeBudgetFinished" : false,	"notCoveredInOriginal" : [		{			"operatorDescription" : "Replace #ifTrue: receiver with true",			"class" : "DataFrameCsvReader",			"operatorClass" : "ReplaceIfTrueReceiverWithTrueOperator",			"mutationStart" : 306,			"method" : "readFrom:",			"mutationEnd" : 387		},		{			"operatorDescription" : "Remove ^",			"class" : "DataFrameCsvReader",			"operatorClass" : "RemoveCaretOperator",			"mutationStart" : 19,			"method" : "shouldInferTypes",			"mutationEnd" : 36		},		{			"operatorDescription" : "Remove ^",			"class" : "DataFrameCsvReader",			"operatorClass" : "RemoveCaretOperator",			"mutationStart" : 24,			"method" : "readRowsWith:",			"mutationEnd" : 143		}	],	"testCase" : "DataFrameCsvReaderTest",	"unixtime" : 1606209165,	"timeTotal" : 5}