{	"targetClasses" : [		"DataFrameJsonReader"	],	"testMethodsIgnored" : [ ],	"methodsNotProfiled" : [		"DataFrameJsonReader>>#uniform:",		"DataFrameJsonReader>>#parseFromRowNames:",		"DataFrameJsonReader>>#readFromString:"	],	"numberOfOriginalTestMethods" : 9,	"timeDetail" : [		"init: % 0.12 (527 milliseconds)",		"assertionAmplification: % 94.80 (7 minutes 12 seconds 245 milliseconds)",		"selection: % 3.13 (14 seconds 291 milliseconds)",		"inputAmplification: % 1.83 (8 seconds 337 milliseconds)",		"finalize: % 0.13 (573 milliseconds)"	],	"notCoveredInAmplified" : [		{			"operatorDescription" : "Remove ^",			"class" : "DataFrameJsonReader",			"operatorClass" : "RemoveCaretOperator",			"mutationStart" : 134,			"method" : "readFromString:",			"mutationEnd" : 155		},		{			"operatorDescription" : "Replace #ifTrue:ifFalse: receiver with false",			"class" : "DataFrameJsonReader",			"operatorClass" : "ReplaceIfTrueIfFalseReceiverWithFalseOperator",			"mutationStart" : 36,			"method" : "read:",			"mutationEnd" : 192		}	],	"mutationScoreAfter" : 90,	"mutationScoreBefore" : 72,	"testAmpLoc" : 470,	"amplifiedMethods" : [		"DataFrameJsonReaderTest6280>>#testReadFrom_amp_A29_A21_A9",		"DataFrameJsonReaderTest6280>>#testReadFrom_amp"	],	"testLoc" : "73",	"amplifiedClass" : "DataFrameJsonReaderTest6280",	"numberOfAllMutationsInOriginal" : 22,	"targetLoc" : 142,	"newCovered" : [		{			"operatorDescription" : "Remove ^",			"class" : "DataFrameJsonReader",			"operatorClass" : "RemoveCaretOperator",			"mutationStart" : 10,			"method" : "uniform",			"mutationEnd" : 18		},		{			"operatorDescription" : "Replace #ifTrue: receiver with true",			"class" : "DataFrameJsonReader",			"operatorClass" : "ReplaceIfTrueReceiverWithTrueOperator",			"mutationStart" : 91,			"method" : "read:",			"mutationEnd" : 148		},		{			"operatorDescription" : "Remove ^",			"class" : "DataFrameJsonReader",			"operatorClass" : "RemoveCaretOperator",			"mutationStart" : 22,			"method" : "uniformDefaultValue",			"mutationEnd" : 28		},		{			"operatorDescription" : "Remove ^",			"class" : "DataFrameJsonReader",			"operatorClass" : "RemoveCaretOperator",			"mutationStart" : 9,			"method" : "orient",			"mutationEnd" : 16		}	],	"timeBudgetFinished" : false,	"notCoveredInOriginal" : [		{			"operatorDescription" : "Remove ^",			"class" : "DataFrameJsonReader",			"operatorClass" : "RemoveCaretOperator",			"mutationStart" : 10,			"method" : "uniform",			"mutationEnd" : 18		},		{			"operatorDescription" : "Remove ^",			"class" : "DataFrameJsonReader",			"operatorClass" : "RemoveCaretOperator",			"mutationStart" : 134,			"method" : "readFromString:",			"mutationEnd" : 155		},		{			"operatorDescription" : "Replace #ifTrue: receiver with true",			"class" : "DataFrameJsonReader",			"operatorClass" : "ReplaceIfTrueReceiverWithTrueOperator",			"mutationStart" : 91,			"method" : "read:",			"mutationEnd" : 148		},		{			"operatorDescription" : "Replace #ifTrue:ifFalse: receiver with false",			"class" : "DataFrameJsonReader",			"operatorClass" : "ReplaceIfTrueIfFalseReceiverWithFalseOperator",			"mutationStart" : 36,			"method" : "read:",			"mutationEnd" : 192		},		{			"operatorDescription" : "Remove ^",			"class" : "DataFrameJsonReader",			"operatorClass" : "RemoveCaretOperator",			"mutationStart" : 22,			"method" : "uniformDefaultValue",			"mutationEnd" : 28		},		{			"operatorDescription" : "Remove ^",			"class" : "DataFrameJsonReader",			"operatorClass" : "RemoveCaretOperator",			"mutationStart" : 9,			"method" : "orient",			"mutationEnd" : 16		}	],	"testCase" : "DataFrameJsonReaderTest",	"unixtime" : 1606209621,	"timeTotal" : 455}