{	"targetClasses" : [		"DataFrameInternal"	],	"testMethodsIgnored" : [ ],	"methodsNotProfiled" : [ ],	"numberOfOriginalTestMethods" : 32,	"timeDetail" : [		"init: % 4.03 (14 seconds 501 milliseconds)",		"assertionAmplification: % 65.25 (3 minutes 54 seconds 968 milliseconds)",		"selection: % 13.90 (50 seconds 58 milliseconds)",		"inputAmplification: % 13.13 (47 seconds 290 milliseconds)",		"finalize: % 3.69 (13 seconds 275 milliseconds)"	],	"notCoveredInAmplified" : [		{			"operatorDescription" : "Remove ^",			"class" : "DataFrameInternal",			"operatorClass" : "RemoveCaretOperator",			"mutationStart" : 642,			"method" : "removeColumnsOfRowElementsSatisfing:onRow:",			"mutationEnd" : 647		},		{			"operatorDescription" : "Replace #+ with #-",			"class" : "DataFrameInternal",			"operatorClass" : "ReplacePlusWithMinusMutantOperator",			"mutationStart" : 788,			"method" : "removeColumnsOfRowElementsSatisfing:onRow:",			"mutationEnd" : 792		},		{			"operatorDescription" : "Replace #- with #+",			"class" : "DataFrameInternal",			"operatorClass" : "ReplaceMinusWithPlusMutantOperator",			"mutationStart" : 837,			"method" : "removeColumnsOfRowElementsSatisfing:onRow:",			"mutationEnd" : 841		},		{			"operatorDescription" : "Replace #ifTrue: receiver with false",			"class" : "DataFrameInternal",			"operatorClass" : "ReplaceIfTrueReceiverWithFalseOperator",			"mutationStart" : 553,			"method" : "removeColumnsOfRowElementsSatisfing:onRow:",			"mutationEnd" : 652		},		{			"operatorDescription" : "Remove ^",			"class" : "DataFrameInternal",			"operatorClass" : "RemoveCaretOperator",			"mutationStart" : 159,			"method" : "=",			"mutationEnd" : 165		},		{			"operatorDescription" : "Remove ^",			"class" : "DataFrameInternal",			"operatorClass" : "RemoveCaretOperator",			"mutationStart" : 253,			"method" : "=",			"mutationEnd" : 259		},		{			"operatorDescription" : "Replace #and: argument with [true]",			"class" : "DataFrameInternal",			"operatorClass" : "ReplaceAndArgumentWithTrueOperator",			"mutationStart" : 11,			"method" : "=",			"mutationEnd" : 144		},		{			"operatorDescription" : "Replace #and: argument with [true]",			"class" : "DataFrameInternal",			"operatorClass" : "ReplaceAndArgumentWithTrueOperator",			"mutationStart" : 49,			"method" : "=",			"mutationEnd" : 142		},		{			"operatorDescription" : "Replace #and: receiver with true",			"class" : "DataFrameInternal",			"operatorClass" : "ReplaceAndReceiverWithTrueOperator",			"mutationStart" : 11,			"method" : "=",			"mutationEnd" : 144		},		{			"operatorDescription" : "Replace #and: receiver with true",			"class" : "DataFrameInternal",			"operatorClass" : "ReplaceAndReceiverWithTrueOperator",			"mutationStart" : 49,			"method" : "=",			"mutationEnd" : 142		},		{			"operatorDescription" : "Replace #and: with #bEqv:",			"class" : "DataFrameInternal",			"operatorClass" : "ReplaceAndWithEqvMutantOperator",			"mutationStart" : 11,			"method" : "=",			"mutationEnd" : 144		},		{			"operatorDescription" : "Replace #and: with #bEqv:",			"class" : "DataFrameInternal",			"operatorClass" : "ReplaceAndWithEqvMutantOperator",			"mutationStart" : 49,			"method" : "=",			"mutationEnd" : 142		},		{			"operatorDescription" : "Replace #and: with #or:",			"class" : "DataFrameInternal",			"operatorClass" : "ReplaceAndWithOrMutantOperator",			"mutationStart" : 11,			"method" : "=",			"mutationEnd" : 144		},		{			"operatorDescription" : "Replace #and: with #or:",			"class" : "DataFrameInternal",			"operatorClass" : "ReplaceAndWithOrMutantOperator",			"mutationStart" : 49,			"method" : "=",			"mutationEnd" : 142		},		{			"operatorDescription" : "Replace #ifFalse: receiver with true",			"class" : "DataFrameInternal",			"operatorClass" : "ReplaceIfFalseReceiverWithTrueOperator",			"mutationStart" : 11,			"method" : "=",			"mutationEnd" : 167		},		{			"operatorDescription" : "Replace #ifFalse: receiver with true",			"class" : "DataFrameInternal",			"operatorClass" : "ReplaceIfFalseReceiverWithTrueOperator",			"mutationStart" : 213,			"method" : "=",			"mutationEnd" : 261		},		{			"operatorDescription" : "Remove ^",			"class" : "DataFrameInternal",			"operatorClass" : "RemoveCaretOperator",			"mutationStart" : 85,			"method" : "initialize:",			"mutationEnd" : 90		},		{			"operatorDescription" : "Remove ^",			"class" : "DataFrameInternal",			"operatorClass" : "RemoveCaretOperator",			"mutationStart" : 574,			"method" : "removeRowsOfColumnElementsSatisfing:onColumn:",			"mutationEnd" : 579		},		{			"operatorDescription" : "Replace #ifTrue: receiver with false",			"class" : "DataFrameInternal",			"operatorClass" : "ReplaceIfTrueReceiverWithFalseOperator",			"mutationStart" : 488,			"method" : "removeRowsOfColumnElementsSatisfing:onColumn:",			"mutationEnd" : 584		},		{			"operatorDescription" : "Remove ^",			"class" : "DataFrameInternal",			"operatorClass" : "RemoveCaretOperator",			"mutationStart" : 60,			"method" : "initialize",			"mutationEnd" : 65		}	],	"mutationScoreAfter" : 83,	"mutationScoreBefore" : 77,	"testAmpLoc" : 149,	"amplifiedMethods" : [		"DataFrameInternalTest6652>>#testDo_amp",		"DataFrameInternalTest6652>>#testAddColumnAtPosition_amp_A47_T5",		"DataFrameInternalTest6652>>#testAtAtPut_amp",		"DataFrameInternalTest6652>>#testWithIndicesDo_amp"	],	"testLoc" : "280",	"amplifiedClass" : "DataFrameInternalTest6652",	"numberOfAllMutationsInOriginal" : 119,	"targetLoc" : 299,	"newCovered" : [		{			"operatorDescription" : "Remove ^",			"class" : "DataFrameInternal",			"operatorClass" : "RemoveCaretOperator",			"mutationStart" : 25,			"method" : "withIndicesDo:",			"mutationEnd" : 56		},		{			"operatorDescription" : "Remove ^",			"class" : "DataFrameInternal",			"operatorClass" : "RemoveCaretOperator",			"mutationStart" : 62,			"method" : "numberOfColumns",			"mutationEnd" : 64		},		{			"operatorDescription" : "Replace #ifTrue: receiver with false",			"class" : "DataFrameInternal",			"operatorClass" : "ReplaceIfTrueReceiverWithFalseOperator",			"mutationStart" : 19,			"method" : "numberOfColumns",			"mutationEnd" : 66		},		{			"operatorDescription" : "Remove ^",			"class" : "DataFrameInternal",			"operatorClass" : "RemoveCaretOperator",			"mutationStart" : 43,			"method" : "at:at:put:",			"mutationEnd" : 92		},		{			"operatorDescription" : "Remove ^",			"class" : "DataFrameInternal",			"operatorClass" : "RemoveCaretOperator",			"mutationStart" : 14,			"method" : "do:",			"mutationEnd" : 34		},		{			"operatorDescription" : "Remove ^",			"class" : "DataFrameInternal",			"operatorClass" : "RemoveCaretOperator",			"mutationStart" : 56,			"method" : "numberOfRows",			"mutationEnd" : 58		},		{			"operatorDescription" : "Replace #ifTrue: receiver with false",			"class" : "DataFrameInternal",			"operatorClass" : "ReplaceIfTrueReceiverWithFalseOperator",			"mutationStart" : 16,			"method" : "numberOfRows",			"mutationEnd" : 60		}	],	"timeBudgetFinished" : false,	"notCoveredInOriginal" : [		{			"operatorDescription" : "Remove ^",			"class" : "DataFrameInternal",			"operatorClass" : "RemoveCaretOperator",			"mutationStart" : 642,			"method" : "removeColumnsOfRowElementsSatisfing:onRow:",			"mutationEnd" : 647		},		{			"operatorDescription" : "Replace #+ with #-",			"class" : "DataFrameInternal",			"operatorClass" : "ReplacePlusWithMinusMutantOperator",			"mutationStart" : 788,			"method" : "removeColumnsOfRowElementsSatisfing:onRow:",			"mutationEnd" : 792		},		{			"operatorDescription" : "Replace #- with #+",			"class" : "DataFrameInternal",			"operatorClass" : "ReplaceMinusWithPlusMutantOperator",			"mutationStart" : 837,			"method" : "removeColumnsOfRowElementsSatisfing:onRow:",			"mutationEnd" : 841		},		{			"operatorDescription" : "Replace #ifTrue: receiver with false",			"class" : "DataFrameInternal",			"operatorClass" : "ReplaceIfTrueReceiverWithFalseOperator",			"mutationStart" : 553,			"method" : "removeColumnsOfRowElementsSatisfing:onRow:",			"mutationEnd" : 652		},		{			"operatorDescription" : "Remove ^",			"class" : "DataFrameInternal",			"operatorClass" : "RemoveCaretOperator",			"mutationStart" : 159,			"method" : "=",			"mutationEnd" : 165		},		{			"operatorDescription" : "Remove ^",			"class" : "DataFrameInternal",			"operatorClass" : "RemoveCaretOperator",			"mutationStart" : 253,			"method" : "=",			"mutationEnd" : 259		},		{			"operatorDescription" : "Replace #and: argument with [true]",			"class" : "DataFrameInternal",			"operatorClass" : "ReplaceAndArgumentWithTrueOperator",			"mutationStart" : 11,			"method" : "=",			"mutationEnd" : 144		},		{			"operatorDescription" : "Replace #and: argument with [true]",			"class" : "DataFrameInternal",			"operatorClass" : "ReplaceAndArgumentWithTrueOperator",			"mutationStart" : 49,			"method" : "=",			"mutationEnd" : 142		},		{			"operatorDescription" : "Replace #and: receiver with true",			"class" : "DataFrameInternal",			"operatorClass" : "ReplaceAndReceiverWithTrueOperator",			"mutationStart" : 11,			"method" : "=",			"mutationEnd" : 144		},		{			"operatorDescription" : "Replace #and: receiver with true",			"class" : "DataFrameInternal",			"operatorClass" : "ReplaceAndReceiverWithTrueOperator",			"mutationStart" : 49,			"method" : "=",			"mutationEnd" : 142		},		{			"operatorDescription" : "Replace #and: with #bEqv:",			"class" : "DataFrameInternal",			"operatorClass" : "ReplaceAndWithEqvMutantOperator",			"mutationStart" : 11,			"method" : "=",			"mutationEnd" : 144		},		{			"operatorDescription" : "Replace #and: with #bEqv:",			"class" : "DataFrameInternal",			"operatorClass" : "ReplaceAndWithEqvMutantOperator",			"mutationStart" : 49,			"method" : "=",			"mutationEnd" : 142		},		{			"operatorDescription" : "Replace #and: with #or:",			"class" : "DataFrameInternal",			"operatorClass" : "ReplaceAndWithOrMutantOperator",			"mutationStart" : 11,			"method" : "=",			"mutationEnd" : 144		},		{			"operatorDescription" : "Replace #and: with #or:",			"class" : "DataFrameInternal",			"operatorClass" : "ReplaceAndWithOrMutantOperator",			"mutationStart" : 49,			"method" : "=",			"mutationEnd" : 142		},		{			"operatorDescription" : "Replace #ifFalse: receiver with true",			"class" : "DataFrameInternal",			"operatorClass" : "ReplaceIfFalseReceiverWithTrueOperator",			"mutationStart" : 11,			"method" : "=",			"mutationEnd" : 167		},		{			"operatorDescription" : "Replace #ifFalse: receiver with true",			"class" : "DataFrameInternal",			"operatorClass" : "ReplaceIfFalseReceiverWithTrueOperator",			"mutationStart" : 213,			"method" : "=",			"mutationEnd" : 261		},		{			"operatorDescription" : "Remove ^",			"class" : "DataFrameInternal",			"operatorClass" : "RemoveCaretOperator",			"mutationStart" : 85,			"method" : "initialize:",			"mutationEnd" : 90		},		{			"operatorDescription" : "Remove ^",			"class" : "DataFrameInternal",			"operatorClass" : "RemoveCaretOperator",			"mutationStart" : 574,			"method" : "removeRowsOfColumnElementsSatisfing:onColumn:",			"mutationEnd" : 579		},		{			"operatorDescription" : "Replace #ifTrue: receiver with false",			"class" : "DataFrameInternal",			"operatorClass" : "ReplaceIfTrueReceiverWithFalseOperator",			"mutationStart" : 488,			"method" : "removeRowsOfColumnElementsSatisfing:onColumn:",			"mutationEnd" : 584		},		{			"operatorDescription" : "Remove ^",			"class" : "DataFrameInternal",			"operatorClass" : "RemoveCaretOperator",			"mutationStart" : 60,			"method" : "initialize",			"mutationEnd" : 65		},		{			"operatorDescription" : "Remove ^",			"class" : "DataFrameInternal",			"operatorClass" : "RemoveCaretOperator",			"mutationStart" : 25,			"method" : "withIndicesDo:",			"mutationEnd" : 56		},		{			"operatorDescription" : "Remove ^",			"class" : "DataFrameInternal",			"operatorClass" : "RemoveCaretOperator",			"mutationStart" : 62,			"method" : "numberOfColumns",			"mutationEnd" : 64		},		{			"operatorDescription" : "Replace #ifTrue: receiver with false",			"class" : "DataFrameInternal",			"operatorClass" : "ReplaceIfTrueReceiverWithFalseOperator",			"mutationStart" : 19,			"method" : "numberOfColumns",			"mutationEnd" : 66		},		{			"operatorDescription" : "Remove ^",			"class" : "DataFrameInternal",			"operatorClass" : "RemoveCaretOperator",			"mutationStart" : 43,			"method" : "at:at:put:",			"mutationEnd" : 92		},		{			"operatorDescription" : "Remove ^",			"class" : "DataFrameInternal",			"operatorClass" : "RemoveCaretOperator",			"mutationStart" : 14,			"method" : "do:",			"mutationEnd" : 34		},		{			"operatorDescription" : "Remove ^",			"class" : "DataFrameInternal",			"operatorClass" : "RemoveCaretOperator",			"mutationStart" : 56,			"method" : "numberOfRows",			"mutationEnd" : 58		},		{			"operatorDescription" : "Replace #ifTrue: receiver with false",			"class" : "DataFrameInternal",			"operatorClass" : "ReplaceIfTrueReceiverWithFalseOperator",			"mutationStart" : 16,			"method" : "numberOfRows",			"mutationEnd" : 60		}	],	"testCase" : "DataFrameInternalTest",	"unixtime" : 1606210110,	"timeTotal" : 360}