{	"targetClasses" : [		"DataFrameTypeDetector"	],	"testMethodsIgnored" : [ ],	"methodsNotProfiled" : [		"DataFrameTypeDetector>>#detectTypesAndConvert:"	],	"numberOfOriginalTestMethods" : 15,	"timeDetail" : [		"init: % 0.81 (1 second 31 milliseconds)",		"assertionAmplification: % 69.92 (1 minute 29 seconds 55 milliseconds)",		"selection: % 16.73 (21 seconds 309 milliseconds)",		"inputAmplification: % 11.80 (15 seconds 27 milliseconds)",		"finalize: % 0.74 (944 milliseconds)"	],	"notCoveredInAmplified" : [		{			"operatorDescription" : "Replace do block with [:each |]",			"class" : "DataFrameTypeDetector",			"operatorClass" : "ReplaceDoBlockWithEmptyBlockOperator",			"mutationStart" : 36,			"method" : "detectTypesAndConvert:",			"mutationEnd" : 195		},		{			"operatorDescription" : "Remove Exception Handler Operator",			"class" : "DataFrameTypeDetector",			"operatorClass" : "RemoveExceptionHandlerOperator",			"mutationStart" : 139,			"method" : "canAllBeNumber:",			"mutationEnd" : 234		},		{			"operatorDescription" : "Remove ^",			"class" : "DataFrameTypeDetector",			"operatorClass" : "RemoveCaretOperator",			"mutationStart" : 226,			"method" : "canAllBeNumber:",			"mutationEnd" : 232		},		{			"operatorDescription" : "Replace #ifTrue:ifFalse: receiver with true",			"class" : "DataFrameTypeDetector",			"operatorClass" : "ReplaceIfTrueIfFalseReceiverWithTrueOperator",			"mutationStart" : 90,			"method" : "detectColumnTypeAndConvert:",			"mutationEnd" : 225		}	],	"mutationScoreAfter" : 94,	"mutationScoreBefore" : 94,	"testAmpLoc" : 0,	"amplifiedMethods" : [ ],	"testLoc" : "91",	"amplifiedClass" : "DataFrameTypeDetectorTest6395",	"numberOfAllMutationsInOriginal" : 68,	"targetLoc" : 56,	"newCovered" : [ ],	"timeBudgetFinished" : false,	"notCoveredInOriginal" : [		{			"operatorDescription" : "Replace do block with [:each |]",			"class" : "DataFrameTypeDetector",			"operatorClass" : "ReplaceDoBlockWithEmptyBlockOperator",			"mutationStart" : 36,			"method" : "detectTypesAndConvert:",			"mutationEnd" : 195		},		{			"operatorDescription" : "Remove Exception Handler Operator",			"class" : "DataFrameTypeDetector",			"operatorClass" : "RemoveExceptionHandlerOperator",			"mutationStart" : 139,			"method" : "canAllBeNumber:",			"mutationEnd" : 234		},		{			"operatorDescription" : "Remove ^",			"class" : "DataFrameTypeDetector",			"operatorClass" : "RemoveCaretOperator",			"mutationStart" : 226,			"method" : "canAllBeNumber:",			"mutationEnd" : 232		},		{			"operatorDescription" : "Replace #ifTrue:ifFalse: receiver with true",			"class" : "DataFrameTypeDetector",			"operatorClass" : "ReplaceIfTrueIfFalseReceiverWithTrueOperator",			"mutationStart" : 90,			"method" : "detectColumnTypeAndConvert:",			"mutationEnd" : 225		}	],	"testCase" : "DataFrameTypeDetectorTest",	"unixtime" : 1606209749,	"timeTotal" : 127}