{	"targetClasses" : [		"TLCompositeNode"	],	"testMethodsIgnored" : [ ],	"methodsNotProfiled" : [		"TLCompositeNode>>#addChildNode:",		"TLCompositeNode>>#childrenLayout:",		"TLCompositeNode>>#expanded:",		"TLCompositeNode>>#updateWith:",		"TLCompositeNode>>#connectChildrenFollowingProperty:",		"TLCompositeNode>>#addChildrenNodes:",		"TLCompositeNode>>#generateWith:",		"TLCompositeNode>>#nodesForEntities:",		"TLCompositeNode>>#removeWith:",		"TLCompositeNode class>>#withEntity:childrenProperty:childrenNodeCreationStrategy:"	],	"numberOfOriginalTestMethods" : 5,	"timeDetail" : [		"init: % 0.41 (696 milliseconds)",		"assertionAmplification: % 81.46 (2 minutes 16 seconds 860 milliseconds)",		"selection: % 13.18 (22 seconds 141 milliseconds)",		"inputAmplification: % 4.08 (6 seconds 849 milliseconds)",		"finalize: % 0.87 (1 second 464 milliseconds)"	],	"notCoveredInAmplified" : [		{			"operatorDescription" : "Replace #ifFalse: receiver with false",			"class" : "TLCompositeNode",			"operatorClass" : "ReplaceIfFalseReceiverWithFalseOperator",			"mutationStart" : 191,			"method" : "hierarchyHasChanged",			"mutationEnd" : 308		},		{			"operatorDescription" : "Replace #ifFalse: receiver with true",			"class" : "TLCompositeNode",			"operatorClass" : "ReplaceIfFalseReceiverWithTrueOperator",			"mutationStart" : 191,			"method" : "hierarchyHasChanged",			"mutationEnd" : 308		},		{			"operatorDescription" : "Replace #ifFalse: with #ifTrue:",			"class" : "TLCompositeNode",			"operatorClass" : "ReplaceIfFalseWithIfTrueMutantOperator",			"mutationStart" : 191,			"method" : "hierarchyHasChanged",			"mutationEnd" : 308		},		{			"operatorDescription" : "Replace #ifTrue: receiver with false",			"class" : "TLCompositeNode",			"operatorClass" : "ReplaceIfTrueReceiverWithFalseOperator",			"mutationStart" : 222,			"method" : "hierarchyHasChanged",			"mutationEnd" : 306		},		{			"operatorDescription" : "Replace do block with [:each |]",			"class" : "TLCompositeNode",			"operatorClass" : "ReplaceDoBlockWithEmptyBlockOperator",			"mutationStart" : 262,			"method" : "hierarchyHasChanged",			"mutationEnd" : 304		},		{			"operatorDescription" : "Replace #ifTrue: receiver with false",			"class" : "TLCompositeNode",			"operatorClass" : "ReplaceIfTrueReceiverWithFalseOperator",			"mutationStart" : 127,			"method" : "requireUpdate",			"mutationEnd" : 207		},		{			"operatorDescription" : "Remove ^",			"class" : "TLCompositeNode",			"operatorClass" : "RemoveCaretOperator",			"mutationStart" : 51,			"method" : "connectChildrenFollowingProperty:",			"mutationEnd" : 111		},		{			"operatorDescription" : "Remove ^",			"class" : "TLCompositeNode",			"operatorClass" : "RemoveCaretOperator",			"mutationStart" : 69,			"method" : "isExpanded",			"mutationEnd" : 83		},		{			"operatorDescription" : "Replace do block with [:each |]",			"class" : "TLCompositeNode",			"operatorClass" : "ReplaceDoBlockWithEmptyBlockOperator",			"mutationStart" : 34,			"method" : "addChildrenNodes:",			"mutationEnd" : 86		},		{			"operatorDescription" : "Remove ^",			"class" : "TLCompositeNode",			"operatorClass" : "RemoveCaretOperator",			"mutationStart" : 162,			"method" : "allChildrenCompositeNodes",			"mutationEnd" : 252		},		{			"operatorDescription" : "Replace #= with #'~='",			"class" : "TLCompositeNode",			"operatorClass" : "ReplaceEqualWithNotEqualOperator",			"mutationStart" : 130,			"method" : "allChildrenCompositeNodes",			"mutationEnd" : 157		},		{			"operatorDescription" : "Replace #select: with #reject:",			"class" : "TLCompositeNode",			"operatorClass" : "ReplaceSelectWithRejectMutantOperator",			"mutationStart" : 86,			"method" : "allChildrenCompositeNodes",			"mutationEnd" : 158		},		{			"operatorDescription" : "Replace Select block with [:each | false]",			"class" : "TLCompositeNode",			"operatorClass" : "ReplaceSelectBlockWithAlwaysFalseBlockOperator",			"mutationStart" : 86,			"method" : "allChildrenCompositeNodes",			"mutationEnd" : 158		},		{			"operatorDescription" : "Replace Select block with [:each | true]",			"class" : "TLCompositeNode",			"operatorClass" : "ReplaceSelectBlockWithAlwaysTrueBlockOperator",			"mutationStart" : 86,			"method" : "allChildrenCompositeNodes",			"mutationEnd" : 158		},		{			"operatorDescription" : "Remove ^",			"class" : "TLCompositeNode",			"operatorClass" : "RemoveCaretOperator",			"mutationStart" : 126,			"method" : "generateWith:",			"mutationEnd" : 136		},		{			"operatorDescription" : "Remove ^",			"class" : "TLCompositeNode",			"operatorClass" : "RemoveCaretOperator",			"mutationStart" : 17,			"method" : "childrenLayout",			"mutationEnd" : 57		},		{			"operatorDescription" : "Remove #not",			"class" : "TLCompositeNode",			"operatorClass" : "RemoveNotOperator",			"mutationStart" : 11,			"method" : "isLeaf",			"mutationEnd" : 39		},		{			"operatorDescription" : "Remove ^",			"class" : "TLCompositeNode",			"operatorClass" : "RemoveCaretOperator",			"mutationStart" : 9,			"method" : "isLeaf",			"mutationEnd" : 39		},		{			"operatorDescription" : "Replace #ifTrue: receiver with true",			"class" : "TLCompositeNode",			"operatorClass" : "ReplaceIfTrueReceiverWithTrueOperator",			"mutationStart" : 16,			"method" : "childrenGroup",			"mutationEnd" : 236		},		{			"operatorDescription" : "Remove ^",			"class" : "TLCompositeNode",			"operatorClass" : "RemoveCaretOperator",			"mutationStart" : 126,			"method" : "expanded",			"mutationEnd" : 159		},		{			"operatorDescription" : "Remove ^",			"class" : "TLCompositeNode",			"operatorClass" : "RemoveCaretOperator",			"mutationStart" : 23,			"method" : "hasChildrenToDisplay",			"mutationEnd" : 63		},		{			"operatorDescription" : "Replace #and: argument with [true]",			"class" : "TLCompositeNode",			"operatorClass" : "ReplaceAndArgumentWithTrueOperator",			"mutationStart" : 25,			"method" : "hasChildrenToDisplay",			"mutationEnd" : 63		},		{			"operatorDescription" : "Replace #and: with #bEqv:",			"class" : "TLCompositeNode",			"operatorClass" : "ReplaceAndWithEqvMutantOperator",			"mutationStart" : 25,			"method" : "hasChildrenToDisplay",			"mutationEnd" : 63		},		{			"operatorDescription" : "Replace #and: with #nand:",			"class" : "TLCompositeNode",			"operatorClass" : "ReplaceAndWithNandMutantOperator",			"mutationStart" : 25,			"method" : "hasChildrenToDisplay",			"mutationEnd" : 63		},		{			"operatorDescription" : "Replace #and: with #or:",			"class" : "TLCompositeNode",			"operatorClass" : "ReplaceAndWithOrMutantOperator",			"mutationStart" : 25,			"method" : "hasChildrenToDisplay",			"mutationEnd" : 63		},		{			"operatorDescription" : "Remove ^",			"class" : "TLCompositeNode",			"operatorClass" : "RemoveCaretOperator",			"mutationStart" : 8,			"method" : "leafs",			"mutationEnd" : 109		},		{			"operatorDescription" : "Remove ^",			"class" : "TLCompositeNode",			"operatorClass" : "RemoveCaretOperator",			"mutationStart" : 204,			"method" : "nodesForEntities:",			"mutationEnd" : 211		},		{			"operatorDescription" : "Replace #ifTrue: receiver with false",			"class" : "TLCompositeNode",			"operatorClass" : "ReplaceIfTrueReceiverWithFalseOperator",			"mutationStart" : 125,			"method" : "nodesForEntities:",			"mutationEnd" : 200		},		{			"operatorDescription" : "Replace #ifTrue: receiver with true",			"class" : "TLCompositeNode",			"operatorClass" : "ReplaceIfTrueReceiverWithTrueOperator",			"mutationStart" : 125,			"method" : "nodesForEntities:",			"mutationEnd" : 200		},		{			"operatorDescription" : "Replace #ifTrue: with #ifFalse:",			"class" : "TLCompositeNode",			"operatorClass" : "ReplaceIfTrueWithIfFalseMutantOperator",			"mutationStart" : 125,			"method" : "nodesForEntities:",			"mutationEnd" : 200		},		{			"operatorDescription" : "Replace #reject: with #select:",			"class" : "TLCompositeNode",			"operatorClass" : "ReplaceRejectWithSelectMutantOperator",			"mutationStart" : 59,			"method" : "lowestLevelNodes",			"mutationEnd" : 97		},		{			"operatorDescription" : "Replace Reject block with [:each | false]",			"class" : "TLCompositeNode",			"operatorClass" : "ReplaceRejectBlockWithAlwaysFalseBlockOperator",			"mutationStart" : 59,			"method" : "lowestLevelNodes",			"mutationEnd" : 97		},		{			"operatorDescription" : "Replace Reject block with [:each | true]",			"class" : "TLCompositeNode",			"operatorClass" : "ReplaceRejectBlockWithAlwaysTrueBlockOperator",			"mutationStart" : 59,			"method" : "lowestLevelNodes",			"mutationEnd" : 97		},		{			"operatorDescription" : "Remove ^",			"class" : "TLCompositeNode class",			"operatorClass" : "RemoveCaretOperator",			"mutationStart" : 119,			"method" : "withEntity:childrenProperty:childrenNodeCreationStrategy:",			"mutationEnd" : 262		}	],	"mutationScoreAfter" : 47,	"mutationScoreBefore" : 24,	"testAmpLoc" : 1221,	"amplifiedMethods" : [		"TLCompositeNodeTest83>>#testChildrenCreationWithBlock_amp",		"TLCompositeNodeTest83>>#testChildrenCreationWithBlock_amp_A107_A43",		"TLCompositeNodeTest83>>#testChildrenCreationWithBlock_amp_A107_A23",		"TLCompositeNodeTest83>>#testChildrenCreationWithBlock_amp_A48"	],	"testLoc" : "44",	"amplifiedClass" : "TLCompositeNodeTest83",	"numberOfAllMutationsInOriginal" : 65,	"targetLoc" : 148,	"newCovered" : [		{			"operatorDescription" : "Remove ^",			"class" : "TLCompositeNode",			"operatorClass" : "RemoveCaretOperator",			"mutationStart" : 17,			"method" : "allConnections",			"mutationEnd" : 79		},		{			"operatorDescription" : "Replace #ifTrue: receiver with false",			"class" : "TLCompositeNode",			"operatorClass" : "ReplaceIfTrueReceiverWithFalseOperator",			"mutationStart" : 44,			"method" : "entity:",			"mutationEnd" : 111		},		{			"operatorDescription" : "Remove ^",			"class" : "TLCompositeNode",			"operatorClass" : "RemoveCaretOperator",			"mutationStart" : 18,			"method" : "isCompositeNode",			"mutationEnd" : 23		},		{			"operatorDescription" : "Replace #ifTrue:ifFalse: receiver with false",			"class" : "TLCompositeNode",			"operatorClass" : "ReplaceIfTrueIfFalseReceiverWithFalseOperator",			"mutationStart" : 22,			"method" : "createChildrenNodes",			"mutationEnd" : 153		},		{			"operatorDescription" : "Remove ^",			"class" : "TLCompositeNode",			"operatorClass" : "RemoveCaretOperator",			"mutationStart" : 22,			"method" : "allNodesRecursively",			"mutationEnd" : 101		},		{			"operatorDescription" : "Replace #ifTrue: receiver with false",			"class" : "TLCompositeNode",			"operatorClass" : "ReplaceIfTrueReceiverWithFalseOperator",			"mutationStart" : 16,			"method" : "childrenGroup",			"mutationEnd" : 236		},		{			"operatorDescription" : "Replace #ifTrue: with #ifFalse:",			"class" : "TLCompositeNode",			"operatorClass" : "ReplaceIfTrueWithIfFalseMutantOperator",			"mutationStart" : 16,			"method" : "childrenGroup",			"mutationEnd" : 236		},		{			"operatorDescription" : "Replace #isEmpty with #notEmpty",			"class" : "TLCompositeNode",			"operatorClass" : "ReplaceIsEmptyWithNotEmptyMutantOperator",			"mutationStart" : 16,			"method" : "childrenGroup",			"mutationEnd" : 36		},		{			"operatorDescription" : "Replace #and: receiver with true",			"class" : "TLCompositeNode",			"operatorClass" : "ReplaceAndReceiverWithTrueOperator",			"mutationStart" : 25,			"method" : "hasChildrenToDisplay",			"mutationEnd" : 63		},		{			"operatorDescription" : "Replace #and: with false",			"class" : "TLCompositeNode",			"operatorClass" : "ReplaceAndWithFalseOperator",			"mutationStart" : 25,			"method" : "hasChildrenToDisplay",			"mutationEnd" : 63		},		{			"operatorDescription" : "Replace #ifTrue:ifFalse: receiver with false",			"class" : "TLCompositeNode",			"operatorClass" : "ReplaceIfTrueIfFalseReceiverWithFalseOperator",			"mutationStart" : 10,			"method" : "leafs",			"mutationEnd" : 109		},		{			"operatorDescription" : "Replace #ifTrue:ifFalse: receiver with true",			"class" : "TLCompositeNode",			"operatorClass" : "ReplaceIfTrueIfFalseReceiverWithTrueOperator",			"mutationStart" : 10,			"method" : "leafs",			"mutationEnd" : 109		},		{			"operatorDescription" : "Remove ^",			"class" : "TLCompositeNode",			"operatorClass" : "RemoveCaretOperator",			"mutationStart" : 101,			"method" : "lowestLevelNodes",			"mutationEnd" : 173		},		{			"operatorDescription" : "Remove ^",			"class" : "TLCompositeNode",			"operatorClass" : "RemoveCaretOperator",			"mutationStart" : 14,			"method" : "hasChildren",			"mutationEnd" : 42		},		{			"operatorDescription" : "Remove ^",			"class" : "TLCompositeNode",			"operatorClass" : "RemoveCaretOperator",			"mutationStart" : 14,			"method" : "isComposite",			"mutationEnd" : 19		}	],	"timeBudgetFinished" : false,	"notCoveredInOriginal" : [		{			"operatorDescription" : "Remove ^",			"class" : "TLCompositeNode",			"operatorClass" : "RemoveCaretOperator",			"mutationStart" : 17,			"method" : "allConnections",			"mutationEnd" : 79		},		{			"operatorDescription" : "Replace #ifTrue: receiver with false",			"class" : "TLCompositeNode",			"operatorClass" : "ReplaceIfTrueReceiverWithFalseOperator",			"mutationStart" : 44,			"method" : "entity:",			"mutationEnd" : 111		},		{			"operatorDescription" : "Replace #ifFalse: receiver with false",			"class" : "TLCompositeNode",			"operatorClass" : "ReplaceIfFalseReceiverWithFalseOperator",			"mutationStart" : 191,			"method" : "hierarchyHasChanged",			"mutationEnd" : 308		},		{			"operatorDescription" : "Replace #ifFalse: receiver with true",			"class" : "TLCompositeNode",			"operatorClass" : "ReplaceIfFalseReceiverWithTrueOperator",			"mutationStart" : 191,			"method" : "hierarchyHasChanged",			"mutationEnd" : 308		},		{			"operatorDescription" : "Replace #ifFalse: with #ifTrue:",			"class" : "TLCompositeNode",			"operatorClass" : "ReplaceIfFalseWithIfTrueMutantOperator",			"mutationStart" : 191,			"method" : "hierarchyHasChanged",			"mutationEnd" : 308		},		{			"operatorDescription" : "Replace #ifTrue: receiver with false",			"class" : "TLCompositeNode",			"operatorClass" : "ReplaceIfTrueReceiverWithFalseOperator",			"mutationStart" : 222,			"method" : "hierarchyHasChanged",			"mutationEnd" : 306		},		{			"operatorDescription" : "Replace do block with [:each |]",			"class" : "TLCompositeNode",			"operatorClass" : "ReplaceDoBlockWithEmptyBlockOperator",			"mutationStart" : 262,			"method" : "hierarchyHasChanged",			"mutationEnd" : 304		},		{			"operatorDescription" : "Replace #ifTrue: receiver with false",			"class" : "TLCompositeNode",			"operatorClass" : "ReplaceIfTrueReceiverWithFalseOperator",			"mutationStart" : 127,			"method" : "requireUpdate",			"mutationEnd" : 207		},		{			"operatorDescription" : "Remove ^",			"class" : "TLCompositeNode",			"operatorClass" : "RemoveCaretOperator",			"mutationStart" : 51,			"method" : "connectChildrenFollowingProperty:",			"mutationEnd" : 111		},		{			"operatorDescription" : "Remove ^",			"class" : "TLCompositeNode",			"operatorClass" : "RemoveCaretOperator",			"mutationStart" : 18,			"method" : "isCompositeNode",			"mutationEnd" : 23		},		{			"operatorDescription" : "Remove ^",			"class" : "TLCompositeNode",			"operatorClass" : "RemoveCaretOperator",			"mutationStart" : 69,			"method" : "isExpanded",			"mutationEnd" : 83		},		{			"operatorDescription" : "Replace do block with [:each |]",			"class" : "TLCompositeNode",			"operatorClass" : "ReplaceDoBlockWithEmptyBlockOperator",			"mutationStart" : 34,			"method" : "addChildrenNodes:",			"mutationEnd" : 86		},		{			"operatorDescription" : "Remove ^",			"class" : "TLCompositeNode",			"operatorClass" : "RemoveCaretOperator",			"mutationStart" : 162,			"method" : "allChildrenCompositeNodes",			"mutationEnd" : 252		},		{			"operatorDescription" : "Replace #= with #'~='",			"class" : "TLCompositeNode",			"operatorClass" : "ReplaceEqualWithNotEqualOperator",			"mutationStart" : 130,			"method" : "allChildrenCompositeNodes",			"mutationEnd" : 157		},		{			"operatorDescription" : "Replace #select: with #reject:",			"class" : "TLCompositeNode",			"operatorClass" : "ReplaceSelectWithRejectMutantOperator",			"mutationStart" : 86,			"method" : "allChildrenCompositeNodes",			"mutationEnd" : 158		},		{			"operatorDescription" : "Replace Select block with [:each | false]",			"class" : "TLCompositeNode",			"operatorClass" : "ReplaceSelectBlockWithAlwaysFalseBlockOperator",			"mutationStart" : 86,			"method" : "allChildrenCompositeNodes",			"mutationEnd" : 158		},		{			"operatorDescription" : "Replace Select block with [:each | true]",			"class" : "TLCompositeNode",			"operatorClass" : "ReplaceSelectBlockWithAlwaysTrueBlockOperator",			"mutationStart" : 86,			"method" : "allChildrenCompositeNodes",			"mutationEnd" : 158		},		{			"operatorDescription" : "Remove ^",			"class" : "TLCompositeNode",			"operatorClass" : "RemoveCaretOperator",			"mutationStart" : 126,			"method" : "generateWith:",			"mutationEnd" : 136		},		{			"operatorDescription" : "Remove ^",			"class" : "TLCompositeNode",			"operatorClass" : "RemoveCaretOperator",			"mutationStart" : 17,			"method" : "childrenLayout",			"mutationEnd" : 57		},		{			"operatorDescription" : "Replace #ifTrue:ifFalse: receiver with false",			"class" : "TLCompositeNode",			"operatorClass" : "ReplaceIfTrueIfFalseReceiverWithFalseOperator",			"mutationStart" : 22,			"method" : "createChildrenNodes",			"mutationEnd" : 153		},		{			"operatorDescription" : "Remove #not",			"class" : "TLCompositeNode",			"operatorClass" : "RemoveNotOperator",			"mutationStart" : 11,			"method" : "isLeaf",			"mutationEnd" : 39		},		{			"operatorDescription" : "Remove ^",			"class" : "TLCompositeNode",			"operatorClass" : "RemoveCaretOperator",			"mutationStart" : 9,			"method" : "isLeaf",			"mutationEnd" : 39		},		{			"operatorDescription" : "Remove ^",			"class" : "TLCompositeNode",			"operatorClass" : "RemoveCaretOperator",			"mutationStart" : 22,			"method" : "allNodesRecursively",			"mutationEnd" : 101		},		{			"operatorDescription" : "Replace #ifTrue: receiver with false",			"class" : "TLCompositeNode",			"operatorClass" : "ReplaceIfTrueReceiverWithFalseOperator",			"mutationStart" : 16,			"method" : "childrenGroup",			"mutationEnd" : 236		},		{			"operatorDescription" : "Replace #ifTrue: receiver with true",			"class" : "TLCompositeNode",			"operatorClass" : "ReplaceIfTrueReceiverWithTrueOperator",			"mutationStart" : 16,			"method" : "childrenGroup",			"mutationEnd" : 236		},		{			"operatorDescription" : "Replace #ifTrue: with #ifFalse:",			"class" : "TLCompositeNode",			"operatorClass" : "ReplaceIfTrueWithIfFalseMutantOperator",			"mutationStart" : 16,			"method" : "childrenGroup",			"mutationEnd" : 236		},		{			"operatorDescription" : "Replace #isEmpty with #notEmpty",			"class" : "TLCompositeNode",			"operatorClass" : "ReplaceIsEmptyWithNotEmptyMutantOperator",			"mutationStart" : 16,			"method" : "childrenGroup",			"mutationEnd" : 36		},		{			"operatorDescription" : "Remove ^",			"class" : "TLCompositeNode",			"operatorClass" : "RemoveCaretOperator",			"mutationStart" : 126,			"method" : "expanded",			"mutationEnd" : 159		},		{			"operatorDescription" : "Remove ^",			"class" : "TLCompositeNode",			"operatorClass" : "RemoveCaretOperator",			"mutationStart" : 23,			"method" : "hasChildrenToDisplay",			"mutationEnd" : 63		},		{			"operatorDescription" : "Replace #and: argument with [true]",			"class" : "TLCompositeNode",			"operatorClass" : "ReplaceAndArgumentWithTrueOperator",			"mutationStart" : 25,			"method" : "hasChildrenToDisplay",			"mutationEnd" : 63		},		{			"operatorDescription" : "Replace #and: receiver with true",			"class" : "TLCompositeNode",			"operatorClass" : "ReplaceAndReceiverWithTrueOperator",			"mutationStart" : 25,			"method" : "hasChildrenToDisplay",			"mutationEnd" : 63		},		{			"operatorDescription" : "Replace #and: with #bEqv:",			"class" : "TLCompositeNode",			"operatorClass" : "ReplaceAndWithEqvMutantOperator",			"mutationStart" : 25,			"method" : "hasChildrenToDisplay",			"mutationEnd" : 63		},		{			"operatorDescription" : "Replace #and: with #nand:",			"class" : "TLCompositeNode",			"operatorClass" : "ReplaceAndWithNandMutantOperator",			"mutationStart" : 25,			"method" : "hasChildrenToDisplay",			"mutationEnd" : 63		},		{			"operatorDescription" : "Replace #and: with #or:",			"class" : "TLCompositeNode",			"operatorClass" : "ReplaceAndWithOrMutantOperator",			"mutationStart" : 25,			"method" : "hasChildrenToDisplay",			"mutationEnd" : 63		},		{			"operatorDescription" : "Replace #and: with false",			"class" : "TLCompositeNode",			"operatorClass" : "ReplaceAndWithFalseOperator",			"mutationStart" : 25,			"method" : "hasChildrenToDisplay",			"mutationEnd" : 63		},		{			"operatorDescription" : "Remove ^",			"class" : "TLCompositeNode",			"operatorClass" : "RemoveCaretOperator",			"mutationStart" : 8,			"method" : "leafs",			"mutationEnd" : 109		},		{			"operatorDescription" : "Replace #ifTrue:ifFalse: receiver with false",			"class" : "TLCompositeNode",			"operatorClass" : "ReplaceIfTrueIfFalseReceiverWithFalseOperator",			"mutationStart" : 10,			"method" : "leafs",			"mutationEnd" : 109		},		{			"operatorDescription" : "Replace #ifTrue:ifFalse: receiver with true",			"class" : "TLCompositeNode",			"operatorClass" : "ReplaceIfTrueIfFalseReceiverWithTrueOperator",			"mutationStart" : 10,			"method" : "leafs",			"mutationEnd" : 109		},		{			"operatorDescription" : "Remove ^",			"class" : "TLCompositeNode",			"operatorClass" : "RemoveCaretOperator",			"mutationStart" : 204,			"method" : "nodesForEntities:",			"mutationEnd" : 211		},		{			"operatorDescription" : "Replace #ifTrue: receiver with false",			"class" : "TLCompositeNode",			"operatorClass" : "ReplaceIfTrueReceiverWithFalseOperator",			"mutationStart" : 125,			"method" : "nodesForEntities:",			"mutationEnd" : 200		},		{			"operatorDescription" : "Replace #ifTrue: receiver with true",			"class" : "TLCompositeNode",			"operatorClass" : "ReplaceIfTrueReceiverWithTrueOperator",			"mutationStart" : 125,			"method" : "nodesForEntities:",			"mutationEnd" : 200		},		{			"operatorDescription" : "Replace #ifTrue: with #ifFalse:",			"class" : "TLCompositeNode",			"operatorClass" : "ReplaceIfTrueWithIfFalseMutantOperator",			"mutationStart" : 125,			"method" : "nodesForEntities:",			"mutationEnd" : 200		},		{			"operatorDescription" : "Remove ^",			"class" : "TLCompositeNode",			"operatorClass" : "RemoveCaretOperator",			"mutationStart" : 101,			"method" : "lowestLevelNodes",			"mutationEnd" : 173		},		{			"operatorDescription" : "Replace #reject: with #select:",			"class" : "TLCompositeNode",			"operatorClass" : "ReplaceRejectWithSelectMutantOperator",			"mutationStart" : 59,			"method" : "lowestLevelNodes",			"mutationEnd" : 97		},		{			"operatorDescription" : "Replace Reject block with [:each | false]",			"class" : "TLCompositeNode",			"operatorClass" : "ReplaceRejectBlockWithAlwaysFalseBlockOperator",			"mutationStart" : 59,			"method" : "lowestLevelNodes",			"mutationEnd" : 97		},		{			"operatorDescription" : "Replace Reject block with [:each | true]",			"class" : "TLCompositeNode",			"operatorClass" : "ReplaceRejectBlockWithAlwaysTrueBlockOperator",			"mutationStart" : 59,			"method" : "lowestLevelNodes",			"mutationEnd" : 97		},		{			"operatorDescription" : "Remove ^",			"class" : "TLCompositeNode",			"operatorClass" : "RemoveCaretOperator",			"mutationStart" : 14,			"method" : "hasChildren",			"mutationEnd" : 42		},		{			"operatorDescription" : "Remove ^",			"class" : "TLCompositeNode",			"operatorClass" : "RemoveCaretOperator",			"mutationStart" : 14,			"method" : "isComposite",			"mutationEnd" : 19		},		{			"operatorDescription" : "Remove ^",			"class" : "TLCompositeNode class",			"operatorClass" : "RemoveCaretOperator",			"mutationStart" : 119,			"method" : "withEntity:childrenProperty:childrenNodeCreationStrategy:",			"mutationEnd" : 262		}	],	"testCase" : "TLCompositeNodeTest",	"unixtime" : 1605090513,	"timeTotal" : 168}