{	"targetClasses" : [		"TLDistributionMap"	],	"testMethodsIgnored" : [ ],	"methodsNotProfiled" : [		"TLDistributionMap>>#innerEntities:",		"TLDistributionMap>>#propertySortingBlock:",		"TLDistributionMap>>#innerEntitiesPopupBlock:"	],	"numberOfOriginalTestMethods" : 1,	"timeDetail" : [		"init: % 1.41 (375 milliseconds)",		"assertionAmplification: % 86.16 (22 seconds 899 milliseconds)",		"selection: % 7.22 (1 second 918 milliseconds)",		"inputAmplification: % 3.41 (906 milliseconds)",		"finalize: % 1.80 (479 milliseconds)"	],	"notCoveredInAmplified" : [		{			"operatorDescription" : "Remove ^",			"class" : "TLDistributionMap",			"operatorClass" : "RemoveCaretOperator",			"mutationStart" : 183,			"method" : "innerEntities:",			"mutationEnd" : 220		},		{			"operatorDescription" : "Remove ^",			"class" : "TLDistributionMap",			"operatorClass" : "RemoveCaretOperator",			"mutationStart" : 269,			"method" : "createColorBlock",			"mutationEnd" : 397		},		{			"operatorDescription" : "Remove at:ifAbsent:",			"class" : "TLDistributionMap",			"operatorClass" : "RemoveAtIfAbsentOperator",			"mutationStart" : 307,			"method" : "createColorBlock",			"mutationEnd" : 387		},		{			"operatorDescription" : "Replace #/ with #*",			"class" : "TLDistributionMap",			"operatorClass" : "ReplaceDivisionWithMultiplicationMutantOperator",			"mutationStart" : 73,			"method" : "configLayout",			"mutationEnd" : 76		},		{			"operatorDescription" : "Remove ^",			"class" : "TLDistributionMap",			"operatorClass" : "RemoveCaretOperator",			"mutationStart" : 157,			"method" : "innerEntities",			"mutationEnd" : 184		},		{			"operatorDescription" : "Replace #> with #<",			"class" : "TLDistributionMap",			"operatorClass" : "ReplaceGreaterWithLessMutantOperator",			"mutationStart" : 49,			"method" : "buildVisualization",			"mutationEnd" : 68		},		{			"operatorDescription" : "Replace #> with #<",			"class" : "TLDistributionMap",			"operatorClass" : "ReplaceGreaterWithLessMutantOperator",			"mutationStart" : 482,			"method" : "buildVisualization",			"mutationEnd" : 526		},		{			"operatorDescription" : "Replace #> with #<",			"class" : "TLDistributionMap",			"operatorClass" : "ReplaceGreaterWithLessMutantOperator",			"mutationStart" : 483,			"method" : "buildVisualization",			"mutationEnd" : 502		},		{			"operatorDescription" : "Replace #> with #<",			"class" : "TLDistributionMap",			"operatorClass" : "ReplaceGreaterWithLessMutantOperator",			"mutationStart" : 586,			"method" : "buildVisualization",			"mutationEnd" : 605		},		{			"operatorDescription" : "Replace #> with #<",			"class" : "TLDistributionMap",			"operatorClass" : "ReplaceGreaterWithLessMutantOperator",			"mutationStart" : 691,			"method" : "buildVisualization",			"mutationEnd" : 708		},		{			"operatorDescription" : "Replace #> with #<",			"class" : "TLDistributionMap",			"operatorClass" : "ReplaceGreaterWithLessMutantOperator",			"mutationStart" : 895,			"method" : "buildVisualization",			"mutationEnd" : 912		},		{			"operatorDescription" : "Replace #> with #<",			"class" : "TLDistributionMap",			"operatorClass" : "ReplaceGreaterWithLessMutantOperator",			"mutationStart" : 1002,			"method" : "buildVisualization",			"mutationEnd" : 1021		},		{			"operatorDescription" : "Replace #> with #<",			"class" : "TLDistributionMap",			"operatorClass" : "ReplaceGreaterWithLessMutantOperator",			"mutationStart" : 128,			"method" : "buildLegend",			"mutationEnd" : 147		},		{			"operatorDescription" : "Remove ^",			"class" : "TLDistributionMap",			"operatorClass" : "RemoveCaretOperator",			"mutationStart" : 15,			"method" : "defaultColor",			"mutationEnd" : 26		}	],	"mutationScoreAfter" : 48,	"mutationScoreBefore" : 37,	"testAmpLoc" : 330,	"amplifiedMethods" : [		"TLDistributionMapTest21>>#testObtainPropertyValuesSortedByFrequency_amp",		"TLDistributionMapTest21>>#testObtainPropertyValuesSortedByFrequency_amp_A15"	],	"testLoc" : "5",	"amplifiedClass" : "TLDistributionMapTest21",	"numberOfAllMutationsInOriginal" : 27,	"targetLoc" : 96,	"newCovered" : [		{			"operatorDescription" : "Remove ^",			"class" : "TLDistributionMap",			"operatorClass" : "RemoveCaretOperator",			"mutationStart" : 23,			"method" : "propertySortingBlock",			"mutationEnd" : 44		},		{			"operatorDescription" : "Remove ^",			"class" : "TLDistributionMap",			"operatorClass" : "RemoveCaretOperator",			"mutationStart" : 26,			"method" : "innerEntitiesPopupBlock",			"mutationEnd" : 98		},		{			"operatorDescription" : "Remove ^",			"class" : "TLDistributionMap",			"operatorClass" : "RemoveCaretOperator",			"mutationStart" : 15,			"method" : "defaultTitle",			"mutationEnd" : 34		}	],	"timeBudgetFinished" : false,	"notCoveredInOriginal" : [		{			"operatorDescription" : "Remove ^",			"class" : "TLDistributionMap",			"operatorClass" : "RemoveCaretOperator",			"mutationStart" : 23,			"method" : "propertySortingBlock",			"mutationEnd" : 44		},		{			"operatorDescription" : "Remove ^",			"class" : "TLDistributionMap",			"operatorClass" : "RemoveCaretOperator",			"mutationStart" : 183,			"method" : "innerEntities:",			"mutationEnd" : 220		},		{			"operatorDescription" : "Remove ^",			"class" : "TLDistributionMap",			"operatorClass" : "RemoveCaretOperator",			"mutationStart" : 26,			"method" : "innerEntitiesPopupBlock",			"mutationEnd" : 98		},		{			"operatorDescription" : "Remove ^",			"class" : "TLDistributionMap",			"operatorClass" : "RemoveCaretOperator",			"mutationStart" : 269,			"method" : "createColorBlock",			"mutationEnd" : 397		},		{			"operatorDescription" : "Remove at:ifAbsent:",			"class" : "TLDistributionMap",			"operatorClass" : "RemoveAtIfAbsentOperator",			"mutationStart" : 307,			"method" : "createColorBlock",			"mutationEnd" : 387		},		{			"operatorDescription" : "Replace #/ with #*",			"class" : "TLDistributionMap",			"operatorClass" : "ReplaceDivisionWithMultiplicationMutantOperator",			"mutationStart" : 73,			"method" : "configLayout",			"mutationEnd" : 76		},		{			"operatorDescription" : "Remove ^",			"class" : "TLDistributionMap",			"operatorClass" : "RemoveCaretOperator",			"mutationStart" : 157,			"method" : "innerEntities",			"mutationEnd" : 184		},		{			"operatorDescription" : "Replace #> with #<",			"class" : "TLDistributionMap",			"operatorClass" : "ReplaceGreaterWithLessMutantOperator",			"mutationStart" : 49,			"method" : "buildVisualization",			"mutationEnd" : 68		},		{			"operatorDescription" : "Replace #> with #<",			"class" : "TLDistributionMap",			"operatorClass" : "ReplaceGreaterWithLessMutantOperator",			"mutationStart" : 482,			"method" : "buildVisualization",			"mutationEnd" : 526		},		{			"operatorDescription" : "Replace #> with #<",			"class" : "TLDistributionMap",			"operatorClass" : "ReplaceGreaterWithLessMutantOperator",			"mutationStart" : 483,			"method" : "buildVisualization",			"mutationEnd" : 502		},		{			"operatorDescription" : "Replace #> with #<",			"class" : "TLDistributionMap",			"operatorClass" : "ReplaceGreaterWithLessMutantOperator",			"mutationStart" : 586,			"method" : "buildVisualization",			"mutationEnd" : 605		},		{			"operatorDescription" : "Replace #> with #<",			"class" : "TLDistributionMap",			"operatorClass" : "ReplaceGreaterWithLessMutantOperator",			"mutationStart" : 691,			"method" : "buildVisualization",			"mutationEnd" : 708		},		{			"operatorDescription" : "Replace #> with #<",			"class" : "TLDistributionMap",			"operatorClass" : "ReplaceGreaterWithLessMutantOperator",			"mutationStart" : 895,			"method" : "buildVisualization",			"mutationEnd" : 912		},		{			"operatorDescription" : "Replace #> with #<",			"class" : "TLDistributionMap",			"operatorClass" : "ReplaceGreaterWithLessMutantOperator",			"mutationStart" : 1002,			"method" : "buildVisualization",			"mutationEnd" : 1021		},		{			"operatorDescription" : "Remove ^",			"class" : "TLDistributionMap",			"operatorClass" : "RemoveCaretOperator",			"mutationStart" : 15,			"method" : "defaultTitle",			"mutationEnd" : 34		},		{			"operatorDescription" : "Replace #> with #<",			"class" : "TLDistributionMap",			"operatorClass" : "ReplaceGreaterWithLessMutantOperator",			"mutationStart" : 128,			"method" : "buildLegend",			"mutationEnd" : 147		},		{			"operatorDescription" : "Remove ^",			"class" : "TLDistributionMap",			"operatorClass" : "RemoveCaretOperator",			"mutationStart" : 15,			"method" : "defaultColor",			"mutationEnd" : 26		}	],	"testCase" : "TLDistributionMapTest",	"unixtime" : 1605088202,	"timeTotal" : 26}