{	"targetClasses" : [		"TLExpandCollapseNodesAction"	],	"testMethodsIgnored" : [ ],	"methodsNotProfiled" : [		"TLExpandCollapseNodesAction>>#expandToOrigin:"	],	"numberOfOriginalTestMethods" : 3,	"timeDetail" : [		"init: % 0.54 (340 milliseconds)",		"assertionAmplification: % 82.14 (51 seconds 580 milliseconds)",		"selection: % 11.50 (7 seconds 219 milliseconds)",		"inputAmplification: % 4.87 (3 seconds 59 milliseconds)",		"finalize: % 0.95 (597 milliseconds)"	],	"notCoveredInAmplified" : [		{			"operatorDescription" : "Remove Exception Handler Operator",			"class" : "TLExpandCollapseNodesAction",			"operatorClass" : "RemoveExceptionHandlerOperator",			"mutationStart" : 25,			"method" : "reverseActionOn:",			"mutationEnd" : 394		},		{			"operatorDescription" : "Remove at:ifAbsent:",			"class" : "TLExpandCollapseNodesAction",			"operatorClass" : "RemoveAtIfAbsentOperator",			"mutationStart" : 83,			"method" : "reverseActionOn:",			"mutationEnd" : 140		},		{			"operatorDescription" : "Replace #ifTrue: receiver with false",			"class" : "TLExpandCollapseNodesAction",			"operatorClass" : "ReplaceIfTrueReceiverWithFalseOperator",			"mutationStart" : 83,			"method" : "reverseActionOn:",			"mutationEnd" : 183		},		{			"operatorDescription" : "Replace #ifTrue: receiver with true",			"class" : "TLExpandCollapseNodesAction",			"operatorClass" : "ReplaceIfTrueReceiverWithTrueOperator",			"mutationStart" : 83,			"method" : "reverseActionOn:",			"mutationEnd" : 183		},		{			"operatorDescription" : "Replace #ifTrue: with #ifFalse:",			"class" : "TLExpandCollapseNodesAction",			"operatorClass" : "ReplaceIfTrueWithIfFalseMutantOperator",			"mutationStart" : 83,			"method" : "reverseActionOn:",			"mutationEnd" : 183		}	],	"mutationScoreAfter" : 76,	"mutationScoreBefore" : 66,	"testAmpLoc" : 1100,	"amplifiedMethods" : [		"TLExpandCollapseNodesActionTest49>>#testExpandInAnotherGroup_amp",		"TLExpandCollapseNodesActionTest49>>#testExpandInAnotherGroup_amp_A1_A36"	],	"testLoc" : "30",	"amplifiedClass" : "TLExpandCollapseNodesActionTest49",	"numberOfAllMutationsInOriginal" : 21,	"targetLoc" : 81,	"newCovered" : [		{			"operatorDescription" : "Replace do block with [:each |]",			"class" : "TLExpandCollapseNodesAction",			"operatorClass" : "ReplaceDoBlockWithEmptyBlockOperator",			"mutationStart" : 65,			"method" : "connectNewNodes:toExistingOnesInVisu:",			"mutationEnd" : 194		},		{			"operatorDescription" : "Remove ^",			"class" : "TLExpandCollapseNodesAction",			"operatorClass" : "RemoveCaretOperator",			"mutationStart" : 19,			"method" : "expandIdentifier",			"mutationEnd" : 59		}	],	"timeBudgetFinished" : false,	"notCoveredInOriginal" : [		{			"operatorDescription" : "Replace do block with [:each |]",			"class" : "TLExpandCollapseNodesAction",			"operatorClass" : "ReplaceDoBlockWithEmptyBlockOperator",			"mutationStart" : 65,			"method" : "connectNewNodes:toExistingOnesInVisu:",			"mutationEnd" : 194		},		{			"operatorDescription" : "Remove Exception Handler Operator",			"class" : "TLExpandCollapseNodesAction",			"operatorClass" : "RemoveExceptionHandlerOperator",			"mutationStart" : 25,			"method" : "reverseActionOn:",			"mutationEnd" : 394		},		{			"operatorDescription" : "Remove at:ifAbsent:",			"class" : "TLExpandCollapseNodesAction",			"operatorClass" : "RemoveAtIfAbsentOperator",			"mutationStart" : 83,			"method" : "reverseActionOn:",			"mutationEnd" : 140		},		{			"operatorDescription" : "Replace #ifTrue: receiver with false",			"class" : "TLExpandCollapseNodesAction",			"operatorClass" : "ReplaceIfTrueReceiverWithFalseOperator",			"mutationStart" : 83,			"method" : "reverseActionOn:",			"mutationEnd" : 183		},		{			"operatorDescription" : "Replace #ifTrue: receiver with true",			"class" : "TLExpandCollapseNodesAction",			"operatorClass" : "ReplaceIfTrueReceiverWithTrueOperator",			"mutationStart" : 83,			"method" : "reverseActionOn:",			"mutationEnd" : 183		},		{			"operatorDescription" : "Replace #ifTrue: with #ifFalse:",			"class" : "TLExpandCollapseNodesAction",			"operatorClass" : "ReplaceIfTrueWithIfFalseMutantOperator",			"mutationStart" : 83,			"method" : "reverseActionOn:",			"mutationEnd" : 183		},		{			"operatorDescription" : "Remove ^",			"class" : "TLExpandCollapseNodesAction",			"operatorClass" : "RemoveCaretOperator",			"mutationStart" : 19,			"method" : "expandIdentifier",			"mutationEnd" : 59		}	],	"testCase" : "TLExpandCollapseNodesActionTest",	"unixtime" : 1605089101,	"timeTotal" : 62}