{	"targetClasses" : [		"TLGradient"	],	"testMethodsIgnored" : [ ],	"methodsNotProfiled" : [		"TLGradient>>#printOn:",		"TLGradient>>#cull:cull:",		"TLGradient>>#percentageForLevel:"	],	"numberOfOriginalTestMethods" : 1,	"timeDetail" : [		"init: % 47.26 (12 seconds 347 milliseconds)",		"assertionAmplification: % 46.13 (12 seconds 52 milliseconds)",		"selection: % 2.48 (648 milliseconds)",		"inputAmplification: % 2.60 (679 milliseconds)",		"finalize: % 1.52 (398 milliseconds)"	],	"notCoveredInAmplified" : [ ],	"mutationScoreAfter" : 100,	"mutationScoreBefore" : 75,	"testAmpLoc" : 0,	"amplifiedMethods" : [ ],	"testLoc" : "13",	"amplifiedClass" : "TLGradientTest20",	"numberOfAllMutationsInOriginal" : 32,	"targetLoc" : 38,	"newCovered" : [ ],	"timeBudgetFinished" : false,	"notCoveredInOriginal" : [		{			"operatorDescription" : "Remove ^",			"class" : "TLGradient",			"operatorClass" : "RemoveCaretOperator",			"mutationStart" : 121,			"method" : "percentageForLevel:",			"mutationEnd" : 151		},		{			"operatorDescription" : "Replace #- with #+",			"class" : "TLGradient",			"operatorClass" : "ReplaceMinusWithPlusMutantOperator",			"mutationStart" : 123,			"method" : "percentageForLevel:",			"mutationEnd" : 136		},		{			"operatorDescription" : "Replace #- with #+",			"class" : "TLGradient",			"operatorClass" : "ReplaceMinusWithPlusMutantOperator",			"mutationStart" : 140,			"method" : "percentageForLevel:",			"mutationEnd" : 151		},		{			"operatorDescription" : "Replace #/ with #*",			"class" : "TLGradient",			"operatorClass" : "ReplaceDivisionWithMultiplicationMutantOperator",			"mutationStart" : 123,			"method" : "percentageForLevel:",			"mutationEnd" : 151		},		{			"operatorDescription" : "Replace #'<=' with #<",			"class" : "TLGradient",			"operatorClass" : "ReplaceLessOrEqualWithLessMutantOperator",			"mutationStart" : 102,			"method" : "computeForLevel:",			"mutationEnd" : 129		},		{			"operatorDescription" : "Replace #'>=' with #>",			"class" : "TLGradient",			"operatorClass" : "ReplaceGreaterOrEqualWithGreaterMutantOperator",			"mutationStart" : 206,			"method" : "computeForLevel:",			"mutationEnd" : 233		},		{			"operatorDescription" : "Replace ifNone: block with [] when #detect:ifNone:",			"class" : "TLGradient",			"operatorClass" : "ReplaceDetectIfNoneSecondBlockWithEmptyBlockOperator",			"mutationStart" : 46,			"method" : "computeForLevel:",			"mutationEnd" : 147		},		{			"operatorDescription" : "Replace ifNone: block with [] when #detect:ifNone:",			"class" : "TLGradient",			"operatorClass" : "ReplaceDetectIfNoneSecondBlockWithEmptyBlockOperator",			"mutationStart" : 158,			"method" : "computeForLevel:",			"mutationEnd" : 251		}	],	"testCase" : "TLGradientTest",	"unixtime" : 1605088231,	"timeTotal" : 26}