{	"targetClasses" : [		"TLHideAction"	],	"testMethodsIgnored" : [ ],	"methodsNotProfiled" : [		"TLHideAction>>#reverseActionOn:",		"TLHideAction class>>#on:"	],	"numberOfOriginalTestMethods" : 3,	"timeDetail" : [		"init: % 0.47 (141 milliseconds)",		"assertionAmplification: % 83.48 (25 seconds 214 milliseconds)",		"selection: % 9.81 (2 seconds 962 milliseconds)",		"inputAmplification: % 5.58 (1 second 685 milliseconds)",		"finalize: % 0.67 (201 milliseconds)"	],	"notCoveredInAmplified" : [		{			"operatorDescription" : "Remove ^",			"class" : "TLHideAction class",			"operatorClass" : "RemoveCaretOperator",			"mutationStart" : 18,			"method" : "on:",			"mutationEnd" : 41		}	],	"mutationScoreAfter" : 88,	"mutationScoreBefore" : 55,	"testAmpLoc" : 232,	"amplifiedMethods" : [		"TLHideActionTest47>>#testHideBlock_amp_D4",		"TLHideActionTest47>>#testHideBlock_amp_A5"	],	"testLoc" : "25",	"amplifiedClass" : "TLHideActionTest47",	"numberOfAllMutationsInOriginal" : 9,	"targetLoc" : 33,	"newCovered" : [		{			"operatorDescription" : "Remove ^",			"class" : "TLHideAction",			"operatorClass" : "RemoveCaretOperator",			"mutationStart" : 106,			"method" : "shouldTriggerReverseActionFor:",			"mutationEnd" : 111		},		{			"operatorDescription" : "Remove at:ifAbsent:",			"class" : "TLHideAction",			"operatorClass" : "RemoveAtIfAbsentOperator",			"mutationStart" : 45,			"method" : "shouldTriggerReverseActionFor:",			"mutationEnd" : 102		},		{			"operatorDescription" : "Replace do block with [:each |]",			"class" : "TLHideAction",			"operatorClass" : "ReplaceDoBlockWithEmptyBlockOperator",			"mutationStart" : 31,			"method" : "reverseActionOn:",			"mutationEnd" : 85		}	],	"timeBudgetFinished" : false,	"notCoveredInOriginal" : [		{			"operatorDescription" : "Remove ^",			"class" : "TLHideAction",			"operatorClass" : "RemoveCaretOperator",			"mutationStart" : 106,			"method" : "shouldTriggerReverseActionFor:",			"mutationEnd" : 111		},		{			"operatorDescription" : "Remove at:ifAbsent:",			"class" : "TLHideAction",			"operatorClass" : "RemoveAtIfAbsentOperator",			"mutationStart" : 45,			"method" : "shouldTriggerReverseActionFor:",			"mutationEnd" : 102		},		{			"operatorDescription" : "Replace do block with [:each |]",			"class" : "TLHideAction",			"operatorClass" : "ReplaceDoBlockWithEmptyBlockOperator",			"mutationStart" : 31,			"method" : "reverseActionOn:",			"mutationEnd" : 85		},		{			"operatorDescription" : "Remove ^",			"class" : "TLHideAction class",			"operatorClass" : "RemoveCaretOperator",			"mutationStart" : 18,			"method" : "on:",			"mutationEnd" : 41		}	],	"testCase" : "TLHideActionTest",	"unixtime" : 1605089038,	"timeTotal" : 30}