{	"targetClasses" : [		"TLLegend"	],	"testMethodsIgnored" : [ ],	"methodsNotProfiled" : [		"TLLegend>>#description:forBorderColor:",		"TLLegend>>#parent:",		"TLLegend>>#description:forGradient:",		"TLLegend>>#description:forConnectionStyle:icon:",		"TLLegend>>#descriptionForHeight:",		"TLLegend>>#addLegendEntry:",		"TLLegend>>#nodeShapeDescription:forNodes:",		"TLLegend>>#legendEntries:",		"TLLegend>>#updateWith:",		"TLLegend>>#backgroundDescription:",		"TLLegend>>#generateWith:",		"TLLegend>>#borderColorDescription:forNodes:",		"TLLegend>>#description:forBorderShape:",		"TLLegend>>#description:forConnectionStyle:",		"TLLegend>>#backGroundDescription:forNodes:",		"TLLegend>>#descriptionForWidth:",		"TLLegend>>#removeWith:",		"TLLegend>>#backGroundDescription:",		"TLLegend>>#borderColorDescription:",		"TLLegend>>#description:forColor:",		"TLLegend>>#backgroundDescription:forNodes:",		"TLLegend class>>#parent:"	],	"numberOfOriginalTestMethods" : 2,	"timeDetail" : [		"init: % 5.55 (129 milliseconds)",		"assertionAmplification: % 29.65 (689 milliseconds)",		"selection: % 11.45 (266 milliseconds)",		"inputAmplification: % 46.34 (1 second 77 milliseconds)",		"finalize: % 7.01 (163 milliseconds)"	],	"notCoveredInAmplified" : [ ],	"mutationScoreAfter" : 100,	"mutationScoreBefore" : 0,	"testAmpLoc" : 0,	"amplifiedMethods" : [ ],	"testLoc" : "11",	"amplifiedClass" : "TLLegendTest31",	"numberOfAllMutationsInOriginal" : 4,	"targetLoc" : 62,	"newCovered" : [ ],	"timeBudgetFinished" : false,	"notCoveredInOriginal" : [		{			"operatorDescription" : "Remove ^",			"class" : "TLLegend",			"operatorClass" : "RemoveCaretOperator",			"mutationStart" : 16,			"method" : "legendEntries",			"mutationEnd" : 30		},		{			"operatorDescription" : "Remove ^",			"class" : "TLLegend",			"operatorClass" : "RemoveCaretOperator",			"mutationStart" : 39,			"method" : "generateWith:",			"mutationEnd" : 82		},		{			"operatorDescription" : "Remove ^",			"class" : "TLLegend",			"operatorClass" : "RemoveCaretOperator",			"mutationStart" : 15,			"method" : "defaultStyle",			"mutationEnd" : 23		},		{			"operatorDescription" : "Remove ^",			"class" : "TLLegend class",			"operatorClass" : "RemoveCaretOperator",			"mutationStart" : 27,			"method" : "parent:",			"mutationEnd" : 75		}	],	"testCase" : "TLLegendTest",	"unixtime" : 1605088205,	"timeTotal" : 2}