{	"targetClasses" : [		"TLLinearLayout"	],	"testMethodsIgnored" : [ ],	"methodsNotProfiled" : [		"TLLinearLayout>>#ratio:",		"TLLinearLayout class>>#gap:ratio:",		"TLLinearLayout class>>#perLine:",		"TLLinearLayout class>>#ratio:"	],	"numberOfOriginalTestMethods" : 4,	"timeDetail" : [		"init: % 0.69 (585 milliseconds)",		"assertionAmplification: % 60.40 (51 seconds 173 milliseconds)",		"selection: % 9.71 (8 seconds 229 milliseconds)",		"inputAmplification: % 28.37 (24 seconds 36 milliseconds)",		"finalize: % 0.82 (695 milliseconds)"	],	"notCoveredInAmplified" : [		{			"operatorDescription" : "Replace #+ with #-",			"class" : "TLLinearLayout",			"operatorClass" : "ReplacePlusWithMinusMutantOperator",			"mutationStart" : 490,			"method" : "executeOn:",			"mutationEnd" : 539		},		{			"operatorDescription" : "Replace #+ with #-",			"class" : "TLLinearLayout",			"operatorClass" : "ReplacePlusWithMinusMutantOperator",			"mutationStart" : 491,			"method" : "executeOn:",			"mutationEnd" : 519		},		{			"operatorDescription" : "Replace #+ with #-",			"class" : "TLLinearLayout",			"operatorClass" : "ReplacePlusWithMinusMutantOperator",			"mutationStart" : 768,			"method" : "executeOn:",			"mutationEnd" : 782		},		{			"operatorDescription" : "Replace #+ with #-",			"class" : "TLLinearLayout",			"operatorClass" : "ReplacePlusWithMinusMutantOperator",			"mutationStart" : 827,			"method" : "executeOn:",			"mutationEnd" : 863		},		{			"operatorDescription" : "Replace #+ with #-",			"class" : "TLLinearLayout",			"operatorClass" : "ReplacePlusWithMinusMutantOperator",			"mutationStart" : 907,			"method" : "executeOn:",			"mutationEnd" : 968		},		{			"operatorDescription" : "Replace #+ with #-",			"class" : "TLLinearLayout",			"operatorClass" : "ReplacePlusWithMinusMutantOperator",			"mutationStart" : 926,			"method" : "executeOn:",			"mutationEnd" : 963		},		{			"operatorDescription" : "Replace #/ with #*",			"class" : "TLLinearLayout",			"operatorClass" : "ReplaceDivisionWithMultiplicationMutantOperator",			"mutationStart" : 845,			"method" : "executeOn:",			"mutationEnd" : 863		},		{			"operatorDescription" : "Replace #ifTrue: with #ifFalse:",			"class" : "TLLinearLayout",			"operatorClass" : "ReplaceIfTrueWithIfFalseMutantOperator",			"mutationStart" : 304,			"method" : "executeOn:",			"mutationEnd" : 699		},		{			"operatorDescription" : "Replace #max: with #min:",			"class" : "TLLinearLayout",			"operatorClass" : "ReplaceMaxWithMinMutantOperator",			"mutationStart" : 718,			"method" : "executeOn:",			"mutationEnd" : 747		},		{			"operatorDescription" : "Replace #ifTrue: receiver with false",			"class" : "TLLinearLayout",			"operatorClass" : "ReplaceIfTrueReceiverWithFalseOperator",			"mutationStart" : 140,			"method" : "placeLineOfNodes:maxHeight:",			"mutationEnd" : 239		},		{			"operatorDescription" : "Replace #ifTrue: receiver with true",			"class" : "TLLinearLayout",			"operatorClass" : "ReplaceIfTrueReceiverWithTrueOperator",			"mutationStart" : 140,			"method" : "placeLineOfNodes:maxHeight:",			"mutationEnd" : 239		},		{			"operatorDescription" : "Replace #ifTrue: with #ifFalse:",			"class" : "TLLinearLayout",			"operatorClass" : "ReplaceIfTrueWithIfFalseMutantOperator",			"mutationStart" : 140,			"method" : "placeLineOfNodes:maxHeight:",			"mutationEnd" : 239		},		{			"operatorDescription" : "Replace #+ with #-",			"class" : "TLLinearLayout",			"operatorClass" : "ReplacePlusWithMinusMutantOperator",			"mutationStart" : 83,			"method" : "adjustPosition:withHeight:forMaxHeight:",			"mutationEnd" : 136		},		{			"operatorDescription" : "Replace #- with #+",			"class" : "TLLinearLayout",			"operatorClass" : "ReplaceMinusWithPlusMutantOperator",			"mutationStart" : 107,			"method" : "adjustPosition:withHeight:forMaxHeight:",			"mutationEnd" : 130		},		{			"operatorDescription" : "Replace #/ with #*",			"class" : "TLLinearLayout",			"operatorClass" : "ReplaceDivisionWithMultiplicationMutantOperator",			"mutationStart" : 106,			"method" : "adjustPosition:withHeight:forMaxHeight:",			"mutationEnd" : 135		},		{			"operatorDescription" : "Remove ^",			"class" : "TLLinearLayout class",			"operatorClass" : "RemoveCaretOperator",			"mutationStart" : 31,			"method" : "maximumDimension:",			"mutationEnd" : 83		},		{			"operatorDescription" : "Remove ^",			"class" : "TLLinearLayout class",			"operatorClass" : "RemoveCaretOperator",			"mutationStart" : 21,			"method" : "perLine:",			"mutationEnd" : 74		},		{			"operatorDescription" : "Remove ^",			"class" : "TLLinearLayout class",			"operatorClass" : "RemoveCaretOperator",			"mutationStart" : 16,			"method" : "ratio:",			"mutationEnd" : 53		}	],	"mutationScoreAfter" : 37,	"mutationScoreBefore" : 20,	"testAmpLoc" : 92,	"amplifiedMethods" : [		"TLLinearLayoutTest69>>#testPlaceNodesOverflowingNumberOfElements_amp_A15_N19",		"TLLinearLayoutTest69>>#testPlaceNodesOverflowingNumberOfElements_amp_L51_N1",		"TLLinearLayoutTest69>>#testPlaceNodesOverflowingWidth_amp_O5"	],	"testLoc" : "60",	"amplifiedClass" : "TLLinearLayoutTest69",	"numberOfAllMutationsInOriginal" : 29,	"targetLoc" : 119,	"newCovered" : [		{			"operatorDescription" : "Replace #ifTrue: receiver with false",			"class" : "TLLinearLayout",			"operatorClass" : "ReplaceIfTrueReceiverWithFalseOperator",			"mutationStart" : 304,			"method" : "executeOn:",			"mutationEnd" : 699		},		{			"operatorDescription" : "Replace #ifTrue: receiver with true",			"class" : "TLLinearLayout",			"operatorClass" : "ReplaceIfTrueReceiverWithTrueOperator",			"mutationStart" : 304,			"method" : "executeOn:",			"mutationEnd" : 699		},		{			"operatorDescription" : "Remove ^",			"class" : "TLLinearLayout class",			"operatorClass" : "RemoveCaretOperator",			"mutationStart" : 31,			"method" : "gap:perLine:",			"mutationEnd" : 92		}	],	"timeBudgetFinished" : false,	"notCoveredInOriginal" : [		{			"operatorDescription" : "Replace #+ with #-",			"class" : "TLLinearLayout",			"operatorClass" : "ReplacePlusWithMinusMutantOperator",			"mutationStart" : 490,			"method" : "executeOn:",			"mutationEnd" : 539		},		{			"operatorDescription" : "Replace #+ with #-",			"class" : "TLLinearLayout",			"operatorClass" : "ReplacePlusWithMinusMutantOperator",			"mutationStart" : 491,			"method" : "executeOn:",			"mutationEnd" : 519		},		{			"operatorDescription" : "Replace #+ with #-",			"class" : "TLLinearLayout",			"operatorClass" : "ReplacePlusWithMinusMutantOperator",			"mutationStart" : 768,			"method" : "executeOn:",			"mutationEnd" : 782		},		{			"operatorDescription" : "Replace #+ with #-",			"class" : "TLLinearLayout",			"operatorClass" : "ReplacePlusWithMinusMutantOperator",			"mutationStart" : 827,			"method" : "executeOn:",			"mutationEnd" : 863		},		{			"operatorDescription" : "Replace #+ with #-",			"class" : "TLLinearLayout",			"operatorClass" : "ReplacePlusWithMinusMutantOperator",			"mutationStart" : 907,			"method" : "executeOn:",			"mutationEnd" : 968		},		{			"operatorDescription" : "Replace #+ with #-",			"class" : "TLLinearLayout",			"operatorClass" : "ReplacePlusWithMinusMutantOperator",			"mutationStart" : 926,			"method" : "executeOn:",			"mutationEnd" : 963		},		{			"operatorDescription" : "Replace #/ with #*",			"class" : "TLLinearLayout",			"operatorClass" : "ReplaceDivisionWithMultiplicationMutantOperator",			"mutationStart" : 845,			"method" : "executeOn:",			"mutationEnd" : 863		},		{			"operatorDescription" : "Replace #ifTrue: receiver with false",			"class" : "TLLinearLayout",			"operatorClass" : "ReplaceIfTrueReceiverWithFalseOperator",			"mutationStart" : 304,			"method" : "executeOn:",			"mutationEnd" : 699		},		{			"operatorDescription" : "Replace #ifTrue: receiver with true",			"class" : "TLLinearLayout",			"operatorClass" : "ReplaceIfTrueReceiverWithTrueOperator",			"mutationStart" : 304,			"method" : "executeOn:",			"mutationEnd" : 699		},		{			"operatorDescription" : "Replace #ifTrue: with #ifFalse:",			"class" : "TLLinearLayout",			"operatorClass" : "ReplaceIfTrueWithIfFalseMutantOperator",			"mutationStart" : 304,			"method" : "executeOn:",			"mutationEnd" : 699		},		{			"operatorDescription" : "Replace #max: with #min:",			"class" : "TLLinearLayout",			"operatorClass" : "ReplaceMaxWithMinMutantOperator",			"mutationStart" : 718,			"method" : "executeOn:",			"mutationEnd" : 747		},		{			"operatorDescription" : "Replace #ifTrue: receiver with false",			"class" : "TLLinearLayout",			"operatorClass" : "ReplaceIfTrueReceiverWithFalseOperator",			"mutationStart" : 140,			"method" : "placeLineOfNodes:maxHeight:",			"mutationEnd" : 239		},		{			"operatorDescription" : "Replace #ifTrue: receiver with true",			"class" : "TLLinearLayout",			"operatorClass" : "ReplaceIfTrueReceiverWithTrueOperator",			"mutationStart" : 140,			"method" : "placeLineOfNodes:maxHeight:",			"mutationEnd" : 239		},		{			"operatorDescription" : "Replace #ifTrue: with #ifFalse:",			"class" : "TLLinearLayout",			"operatorClass" : "ReplaceIfTrueWithIfFalseMutantOperator",			"mutationStart" : 140,			"method" : "placeLineOfNodes:maxHeight:",			"mutationEnd" : 239		},		{			"operatorDescription" : "Replace #+ with #-",			"class" : "TLLinearLayout",			"operatorClass" : "ReplacePlusWithMinusMutantOperator",			"mutationStart" : 83,			"method" : "adjustPosition:withHeight:forMaxHeight:",			"mutationEnd" : 136		},		{			"operatorDescription" : "Replace #- with #+",			"class" : "TLLinearLayout",			"operatorClass" : "ReplaceMinusWithPlusMutantOperator",			"mutationStart" : 107,			"method" : "adjustPosition:withHeight:forMaxHeight:",			"mutationEnd" : 130		},		{			"operatorDescription" : "Replace #/ with #*",			"class" : "TLLinearLayout",			"operatorClass" : "ReplaceDivisionWithMultiplicationMutantOperator",			"mutationStart" : 106,			"method" : "adjustPosition:withHeight:forMaxHeight:",			"mutationEnd" : 135		},		{			"operatorDescription" : "Remove ^",			"class" : "TLLinearLayout class",			"operatorClass" : "RemoveCaretOperator",			"mutationStart" : 31,			"method" : "maximumDimension:",			"mutationEnd" : 83		},		{			"operatorDescription" : "Remove ^",			"class" : "TLLinearLayout class",			"operatorClass" : "RemoveCaretOperator",			"mutationStart" : 41,			"method" : "gap:maximumDimension:",			"mutationEnd" : 101		},		{			"operatorDescription" : "Remove ^",			"class" : "TLLinearLayout class",			"operatorClass" : "RemoveCaretOperator",			"mutationStart" : 26,			"method" : "gap:ratio:",			"mutationEnd" : 71		},		{			"operatorDescription" : "Remove ^",			"class" : "TLLinearLayout class",			"operatorClass" : "RemoveCaretOperator",			"mutationStart" : 21,			"method" : "perLine:",			"mutationEnd" : 74		},		{			"operatorDescription" : "Remove ^",			"class" : "TLLinearLayout class",			"operatorClass" : "RemoveCaretOperator",			"mutationStart" : 16,			"method" : "ratio:",			"mutationEnd" : 53		},		{			"operatorDescription" : "Remove ^",			"class" : "TLLinearLayout class",			"operatorClass" : "RemoveCaretOperator",			"mutationStart" : 31,			"method" : "gap:perLine:",			"mutationEnd" : 92		}	],	"testCase" : "TLLinearLayoutTest",	"unixtime" : 1605090598,	"timeTotal" : 84}