{	"targetClasses" : [		"TLNodeCreationStrategy"	],	"testMethodsIgnored" : [ ],	"methodsNotProfiled" : [		"TLNodeCreationStrategy>>#compositeNodesFrom:",		"TLNodeCreationStrategy>>#childrenSortingStrategy:",		"TLNodeCreationStrategy class>>#recursiveComposite:withLayout:"	],	"numberOfOriginalTestMethods" : 5,	"timeDetail" : [		"init: % 0.05 (452 milliseconds)",		"assertionAmplification: % 97.85 (15 minutes 8 seconds 156 milliseconds)",		"selection: % 1.47 (13 seconds 687 milliseconds)",		"inputAmplification: % 0.54 (5 seconds 40 milliseconds)",		"finalize: % 0.09 (795 milliseconds)"	],	"notCoveredInAmplified" : [		{			"operatorDescription" : "Replace #and: argument with [true]",			"class" : "TLNodeCreationStrategy",			"operatorClass" : "ReplaceAndArgumentWithTrueOperator",			"mutationStart" : 22,			"method" : "customizeNode:",			"mutationEnd" : 80		},		{			"operatorDescription" : "Replace #and: receiver with true",			"class" : "TLNodeCreationStrategy",			"operatorClass" : "ReplaceAndReceiverWithTrueOperator",			"mutationStart" : 22,			"method" : "customizeNode:",			"mutationEnd" : 80		},		{			"operatorDescription" : "Replace #and: receiver with true",			"class" : "TLNodeCreationStrategy",			"operatorClass" : "ReplaceAndReceiverWithTrueOperator",			"mutationStart" : 322,			"method" : "customizeNode:",			"mutationEnd" : 380		},		{			"operatorDescription" : "Replace #and: with #or:",			"class" : "TLNodeCreationStrategy",			"operatorClass" : "ReplaceAndWithOrMutantOperator",			"mutationStart" : 22,			"method" : "customizeNode:",			"mutationEnd" : 80		},		{			"operatorDescription" : "Replace #and: with false",			"class" : "TLNodeCreationStrategy",			"operatorClass" : "ReplaceAndWithFalseOperator",			"mutationStart" : 322,			"method" : "customizeNode:",			"mutationEnd" : 380		},		{			"operatorDescription" : "Replace #ifTrue: receiver with false",			"class" : "TLNodeCreationStrategy",			"operatorClass" : "ReplaceIfTrueReceiverWithFalseOperator",			"mutationStart" : 322,			"method" : "customizeNode:",			"mutationEnd" : 459		},		{			"operatorDescription" : "Replace #ifTrue:ifFalse: receiver with false",			"class" : "TLNodeCreationStrategy",			"operatorClass" : "ReplaceIfTrueIfFalseReceiverWithFalseOperator",			"mutationStart" : 201,			"method" : "customizeNode:",			"mutationEnd" : 316		},		{			"operatorDescription" : "Remove ^",			"class" : "TLNodeCreationStrategy class",			"operatorClass" : "RemoveCaretOperator",			"mutationStart" : 61,			"method" : "recursiveComposite:withLayout:",			"mutationEnd" : 144		}	],	"mutationScoreAfter" : 77,	"mutationScoreBefore" : 66,	"testAmpLoc" : 659,	"amplifiedMethods" : [		"TLNodeCreationStrategyTest86>>#testCompositeWithLayout_amp_A18",		"TLNodeCreationStrategyTest86>>#testCompositePropertyFillingAddADefaultChildrenNodeCreationStrategy_amp_A6_A45",		"TLNodeCreationStrategyTest86>>#testCompositeWithLayout_amp"	],	"testLoc" : "37",	"amplifiedClass" : "TLNodeCreationStrategyTest86",	"numberOfAllMutationsInOriginal" : 36,	"targetLoc" : 91,	"newCovered" : [		{			"operatorDescription" : "Remove ^",			"class" : "TLNodeCreationStrategy",			"operatorClass" : "RemoveCaretOperator",			"mutationStart" : 152,			"method" : "copyAsSimpleStrategy",			"mutationEnd" : 224		},		{			"operatorDescription" : "Replace #and: with #bEqv:",			"class" : "TLNodeCreationStrategy",			"operatorClass" : "ReplaceAndWithEqvMutantOperator",			"mutationStart" : 22,			"method" : "customizeNode:",			"mutationEnd" : 80		},		{			"operatorDescription" : "Replace #ifTrue: receiver with true",			"class" : "TLNodeCreationStrategy",			"operatorClass" : "ReplaceIfTrueReceiverWithTrueOperator",			"mutationStart" : 22,			"method" : "customizeNode:",			"mutationEnd" : 144		},		{			"operatorDescription" : "Remove ^",			"class" : "TLNodeCreationStrategy",			"operatorClass" : "RemoveCaretOperator",			"mutationStart" : 67,			"method" : "childrenProperty:",			"mutationEnd" : 99		}	],	"timeBudgetFinished" : false,	"notCoveredInOriginal" : [		{			"operatorDescription" : "Remove ^",			"class" : "TLNodeCreationStrategy",			"operatorClass" : "RemoveCaretOperator",			"mutationStart" : 152,			"method" : "copyAsSimpleStrategy",			"mutationEnd" : 224		},		{			"operatorDescription" : "Replace #and: argument with [true]",			"class" : "TLNodeCreationStrategy",			"operatorClass" : "ReplaceAndArgumentWithTrueOperator",			"mutationStart" : 22,			"method" : "customizeNode:",			"mutationEnd" : 80		},		{			"operatorDescription" : "Replace #and: receiver with true",			"class" : "TLNodeCreationStrategy",			"operatorClass" : "ReplaceAndReceiverWithTrueOperator",			"mutationStart" : 22,			"method" : "customizeNode:",			"mutationEnd" : 80		},		{			"operatorDescription" : "Replace #and: receiver with true",			"class" : "TLNodeCreationStrategy",			"operatorClass" : "ReplaceAndReceiverWithTrueOperator",			"mutationStart" : 322,			"method" : "customizeNode:",			"mutationEnd" : 380		},		{			"operatorDescription" : "Replace #and: with #bEqv:",			"class" : "TLNodeCreationStrategy",			"operatorClass" : "ReplaceAndWithEqvMutantOperator",			"mutationStart" : 22,			"method" : "customizeNode:",			"mutationEnd" : 80		},		{			"operatorDescription" : "Replace #and: with #or:",			"class" : "TLNodeCreationStrategy",			"operatorClass" : "ReplaceAndWithOrMutantOperator",			"mutationStart" : 22,			"method" : "customizeNode:",			"mutationEnd" : 80		},		{			"operatorDescription" : "Replace #and: with false",			"class" : "TLNodeCreationStrategy",			"operatorClass" : "ReplaceAndWithFalseOperator",			"mutationStart" : 322,			"method" : "customizeNode:",			"mutationEnd" : 380		},		{			"operatorDescription" : "Replace #ifTrue: receiver with false",			"class" : "TLNodeCreationStrategy",			"operatorClass" : "ReplaceIfTrueReceiverWithFalseOperator",			"mutationStart" : 322,			"method" : "customizeNode:",			"mutationEnd" : 459		},		{			"operatorDescription" : "Replace #ifTrue: receiver with true",			"class" : "TLNodeCreationStrategy",			"operatorClass" : "ReplaceIfTrueReceiverWithTrueOperator",			"mutationStart" : 22,			"method" : "customizeNode:",			"mutationEnd" : 144		},		{			"operatorDescription" : "Replace #ifTrue:ifFalse: receiver with false",			"class" : "TLNodeCreationStrategy",			"operatorClass" : "ReplaceIfTrueIfFalseReceiverWithFalseOperator",			"mutationStart" : 201,			"method" : "customizeNode:",			"mutationEnd" : 316		},		{			"operatorDescription" : "Remove ^",			"class" : "TLNodeCreationStrategy",			"operatorClass" : "RemoveCaretOperator",			"mutationStart" : 67,			"method" : "childrenProperty:",			"mutationEnd" : 99		},		{			"operatorDescription" : "Remove ^",			"class" : "TLNodeCreationStrategy class",			"operatorClass" : "RemoveCaretOperator",			"mutationStart" : 61,			"method" : "recursiveComposite:withLayout:",			"mutationEnd" : 144		}	],	"testCase" : "TLNodeCreationStrategyTest",	"unixtime" : 1605090044,	"timeTotal" : 928}