{	"targetClasses" : [		"TLObject"	],	"testMethodsIgnored" : [ ],	"methodsNotProfiled" : [ ],	"numberOfOriginalTestMethods" : 5,	"timeDetail" : [		"init: % 1.05 (112 milliseconds)",		"assertionAmplification: % 62.81 (6 seconds 676 milliseconds)",		"selection: % 7.37 (783 milliseconds)",		"inputAmplification: % 27.67 (2 seconds 941 milliseconds)",		"finalize: % 1.10 (117 milliseconds)"	],	"notCoveredInAmplified" : [ ],	"mutationScoreAfter" : 100,	"mutationScoreBefore" : 77,	"testAmpLoc" : 0,	"amplifiedMethods" : [ ],	"testLoc" : "13",	"amplifiedClass" : "TLObjectTest87",	"numberOfAllMutationsInOriginal" : 9,	"targetLoc" : 8,	"newCovered" : [ ],	"timeBudgetFinished" : false,	"notCoveredInOriginal" : [		{			"operatorDescription" : "Replace #or: with #bXor:",			"class" : "TLObject",			"operatorClass" : "ReplaceOrWithXorMutantOperator",			"mutationStart" : 204,			"method" : "obtain:on:",			"mutationEnd" : 265		},		{			"operatorDescription" : "Remove ^",			"class" : "TLObject",			"operatorClass" : "RemoveCaretOperator",			"mutationStart" : 55,			"method" : "error:",			"mutationEnd" : 83		}	],	"testCase" : "TLObjectTest",	"unixtime" : 1605088242,	"timeTotal" : 10}