{	"targetClasses" : [		"TLSimpleNode"	],	"testMethodsIgnored" : [ ],	"methodsNotProfiled" : [		"TLSimpleNode>>#generateWith:",		"TLSimpleNode>>#removeWith:",		"TLSimpleNode>>#updateWith:"	],	"numberOfOriginalTestMethods" : 7,	"timeDetail" : [		"init: % 0.04 (133 milliseconds)",		"assertionAmplification: % 92.36 (4 minutes 37 seconds 590 milliseconds)",		"selection: % 6.41 (19 seconds 281 milliseconds)",		"inputAmplification: % 1.04 (3 seconds 115 milliseconds)",		"finalize: % 0.15 (448 milliseconds)"	],	"notCoveredInAmplified" : [		{			"operatorDescription" : "Remove ^",			"class" : "TLSimpleNode",			"operatorClass" : "RemoveCaretOperator",			"mutationStart" : 123,			"method" : "generateWith:",			"mutationEnd" : 133		}	],	"mutationScoreAfter" : 85,	"mutationScoreBefore" : 14,	"testAmpLoc" : 2196,	"amplifiedMethods" : [		"TLSimpleNodeTest113>>#testAddStyleRequireUpdate_amp_A1",		"TLSimpleNodeTest113>>#testAdjacentNodes_amp_A41_A48_A23",		"TLSimpleNodeTest113>>#testAddStyleRequireUpdate_amp"	],	"testLoc" : "42",	"amplifiedClass" : "TLSimpleNodeTest113",	"numberOfAllMutationsInOriginal" : 7,	"targetLoc" : 30,	"newCovered" : [		{			"operatorDescription" : "Remove ^",			"class" : "TLSimpleNode",			"operatorClass" : "RemoveCaretOperator",			"mutationStart" : 9,			"method" : "isLeaf",			"mutationEnd" : 14		},		{			"operatorDescription" : "Remove ^",			"class" : "TLSimpleNode",			"operatorClass" : "RemoveCaretOperator",			"mutationStart" : 22,			"method" : "allNodesRecursively",			"mutationEnd" : 29		},		{			"operatorDescription" : "Remove ^",			"class" : "TLSimpleNode",			"operatorClass" : "RemoveCaretOperator",			"mutationStart" : 8,			"method" : "leafs",			"mutationEnd" : 15		},		{			"operatorDescription" : "Replace #> with #<",			"class" : "TLSimpleNode",			"operatorClass" : "ReplaceGreaterWithLessMutantOperator",			"mutationStart" : 107,			"method" : "becomeComposite",			"mutationEnd" : 115		},		{			"operatorDescription" : "Remove ^",			"class" : "TLSimpleNode",			"operatorClass" : "RemoveCaretOperator",			"mutationStart" : 15,			"method" : "isSimpleNode",			"mutationEnd" : 20		}	],	"timeBudgetFinished" : false,	"notCoveredInOriginal" : [		{			"operatorDescription" : "Remove ^",			"class" : "TLSimpleNode",			"operatorClass" : "RemoveCaretOperator",			"mutationStart" : 123,			"method" : "generateWith:",			"mutationEnd" : 133		},		{			"operatorDescription" : "Remove ^",			"class" : "TLSimpleNode",			"operatorClass" : "RemoveCaretOperator",			"mutationStart" : 9,			"method" : "isLeaf",			"mutationEnd" : 14		},		{			"operatorDescription" : "Remove ^",			"class" : "TLSimpleNode",			"operatorClass" : "RemoveCaretOperator",			"mutationStart" : 22,			"method" : "allNodesRecursively",			"mutationEnd" : 29		},		{			"operatorDescription" : "Remove ^",			"class" : "TLSimpleNode",			"operatorClass" : "RemoveCaretOperator",			"mutationStart" : 8,			"method" : "leafs",			"mutationEnd" : 15		},		{			"operatorDescription" : "Replace #> with #<",			"class" : "TLSimpleNode",			"operatorClass" : "ReplaceGreaterWithLessMutantOperator",			"mutationStart" : 107,			"method" : "becomeComposite",			"mutationEnd" : 115		},		{			"operatorDescription" : "Remove ^",			"class" : "TLSimpleNode",			"operatorClass" : "RemoveCaretOperator",			"mutationStart" : 15,			"method" : "isSimpleNode",			"mutationEnd" : 20		}	],	"testCase" : "TLSimpleNodeTest",	"unixtime" : 1605090345,	"timeTotal" : 300}