{	"targetClasses" : [		"TLStyleSheet"	],	"testMethodsIgnored" : [ ],	"methodsNotProfiled" : [		"TLStyleSheet>>#adaptNodeWidthFromLabelWithDefault:",		"TLStyleSheet>>#curveStyle:",		"TLStyleSheet>>#childrenLayout:",		"TLStyleSheet>>#compositeExpandedByDefault:",		"TLStyleSheet>>#nodeLabelWrap:",		"TLStyleSheet>>#nodeLabel:position:",		"TLStyleSheet>>#textColor:",		"TLStyleSheet>>#layout:",		"TLStyleSheet>>#labelSize:",		"TLStyleSheet>>#height:",		"TLStyleSheet>>#triggerPosition:",		"TLStyleSheet>>#borderColor:",		"TLStyleSheet>>#connectionLineStyle:",		"TLStyleSheet>>#connectionStyle:",		"TLStyleSheet>>#nodeLabelPosition:",		"TLStyleSheet>>#position:",		"TLStyleSheet>>#backgroundColor:",		"TLStyleSheet>>#borderWidth:",		"TLStyleSheet>>#connectionLabel:",		"TLStyleSheet>>#connectionLabelSize:",		"TLStyleSheet>>#shape:",		"TLStyleSheet>>#fontSize:",		"TLStyleSheet>>#includesAnySubstyles:",		"TLStyleSheet>>#borderStyle:",		"TLStyleSheet>>#nodeLabelMaxWidth:",		"TLStyleSheet>>#takeAllSpace:",		"TLStyleSheet>>#width:"	],	"numberOfOriginalTestMethods" : 8,	"timeDetail" : [		"init: % 2.91 (1 second 483 milliseconds)",		"assertionAmplification: % 58.05 (29 seconds 550 milliseconds)",		"selection: % 26.05 (13 seconds 259 milliseconds)",		"inputAmplification: % 11.71 (5 seconds 962 milliseconds)",		"finalize: % 1.27 (647 milliseconds)"	],	"notCoveredInAmplified" : [		{			"operatorDescription" : "Remove ^",			"class" : "TLStyleSheet",			"operatorClass" : "RemoveCaretOperator",			"mutationStart" : 26,			"method" : "curveStyle:",			"mutationEnd" : 64		},		{			"operatorDescription" : "Replace #> with #<",			"class" : "TLStyleSheet",			"operatorClass" : "ReplaceGreaterWithLessMutantOperator",			"mutationStart" : 26,			"method" : "childrenLayout:",			"mutationEnd" : 43		},		{			"operatorDescription" : "Remove ^",			"class" : "TLStyleSheet",			"operatorClass" : "RemoveCaretOperator",			"mutationStart" : 22,			"method" : "connectionLabelSize",			"mutationEnd" : 53		},		{			"operatorDescription" : "Remove ^",			"class" : "TLStyleSheet",			"operatorClass" : "RemoveCaretOperator",			"mutationStart" : 14,			"method" : "borderStyle",			"mutationEnd" : 37		},		{			"operatorDescription" : "Remove ^",			"class" : "TLStyleSheet",			"operatorClass" : "RemoveCaretOperator",			"mutationStart" : 18,			"method" : "connectionStyle",			"mutationEnd" : 45		},		{			"operatorDescription" : "Remove ^",			"class" : "TLStyleSheet",			"operatorClass" : "RemoveCaretOperator",			"mutationStart" : 9,			"method" : "height",			"mutationEnd" : 27		},		{			"operatorDescription" : "Remove ^",			"class" : "TLStyleSheet",			"operatorClass" : "RemoveCaretOperator",			"mutationStart" : 16,			"method" : "nodeLabelWrap",			"mutationEnd" : 41		},		{			"operatorDescription" : "Remove ^",			"class" : "TLStyleSheet",			"operatorClass" : "RemoveCaretOperator",			"mutationStart" : 18,			"method" : "triggerPosition",			"mutationEnd" : 45		},		{			"operatorDescription" : "Remove ^",			"class" : "TLStyleSheet",			"operatorClass" : "RemoveCaretOperator",			"mutationStart" : 17,			"method" : "childrenLayout",			"mutationEnd" : 43		},		{			"operatorDescription" : "Replace #> with #<",			"class" : "TLStyleSheet",			"operatorClass" : "ReplaceGreaterWithLessMutantOperator",			"mutationStart" : 19,			"method" : "childrenLayout",			"mutationEnd" : 36		},		{			"operatorDescription" : "Remove ^",			"class" : "TLStyleSheet",			"operatorClass" : "RemoveCaretOperator",			"mutationStart" : 29,			"method" : "compositeExpandedByDefault",			"mutationEnd" : 67		},		{			"operatorDescription" : "Remove ^",			"class" : "TLStyleSheet",			"operatorClass" : "RemoveCaretOperator",			"mutationStart" : 26,			"method" : "color:",			"mutationEnd" : 64		},		{			"operatorDescription" : "Remove ^",			"class" : "TLStyleSheet",			"operatorClass" : "RemoveCaretOperator",			"mutationStart" : 15,			"method" : "takeAllSpace",			"mutationEnd" : 39		},		{			"operatorDescription" : "Remove ^",			"class" : "TLStyleSheet",			"operatorClass" : "RemoveCaretOperator",			"mutationStart" : 8,			"method" : "width",			"mutationEnd" : 25		},		{			"operatorDescription" : "Remove ^",			"class" : "TLStyleSheet",			"operatorClass" : "RemoveCaretOperator",			"mutationStart" : 11,			"method" : "fontSize",			"mutationEnd" : 31		},		{			"operatorDescription" : "Remove ^",			"class" : "TLStyleSheet",			"operatorClass" : "RemoveCaretOperator",			"mutationStart" : 34,			"method" : "connectionLineStyle:",			"mutationEnd" : 80		},		{			"operatorDescription" : "Remove ^",			"class" : "TLStyleSheet",			"operatorClass" : "RemoveCaretOperator",			"mutationStart" : 12,			"method" : "labelSize",			"mutationEnd" : 33		},		{			"operatorDescription" : "Remove ^",			"class" : "TLStyleSheet",			"operatorClass" : "RemoveCaretOperator",			"mutationStart" : 36,			"method" : "connectionStyle:",			"mutationEnd" : 84		},		{			"operatorDescription" : "Replace #ifTrue:ifFalse: receiver with false",			"class" : "TLStyleSheet",			"operatorClass" : "ReplaceIfTrueIfFalseReceiverWithFalseOperator",			"mutationStart" : 80,			"method" : "nodeLabelPosition:",			"mutationEnd" : 194		},		{			"operatorDescription" : "Replace #ifTrue:ifFalse: receiver with true",			"class" : "TLStyleSheet",			"operatorClass" : "ReplaceIfTrueIfFalseReceiverWithTrueOperator",			"mutationStart" : 80,			"method" : "nodeLabelPosition:",			"mutationEnd" : 194		},		{			"operatorDescription" : "Remove ^",			"class" : "TLStyleSheet",			"operatorClass" : "RemoveCaretOperator",			"mutationStart" : 18,			"method" : "backgroundColor",			"mutationEnd" : 45		},		{			"operatorDescription" : "Remove ^",			"class" : "TLStyleSheet",			"operatorClass" : "RemoveCaretOperator",			"mutationStart" : 14,			"method" : "borderColor",			"mutationEnd" : 37		},		{			"operatorDescription" : "Remove ^",			"class" : "TLStyleSheet",			"operatorClass" : "RemoveCaretOperator",			"mutationStart" : 20,			"method" : "nodeLabelPosition",			"mutationEnd" : 49		},		{			"operatorDescription" : "Remove ^",			"class" : "TLStyleSheet",			"operatorClass" : "RemoveCaretOperator",			"mutationStart" : 35,			"method" : "connectionLabel:",			"mutationEnd" : 82		},		{			"operatorDescription" : "Remove ^",			"class" : "TLStyleSheet",			"operatorClass" : "RemoveCaretOperator",			"mutationStart" : 42,			"method" : "connectionLabelSize:",			"mutationEnd" : 96		},		{			"operatorDescription" : "Remove ^",			"class" : "TLStyleSheet",			"operatorClass" : "RemoveCaretOperator",			"mutationStart" : 20,			"method" : "nodeLabelMaxWidth",			"mutationEnd" : 49		},		{			"operatorDescription" : "Remove ^",			"class" : "TLStyleSheet",			"operatorClass" : "RemoveCaretOperator",			"mutationStart" : 13,			"method" : "curveStyle",			"mutationEnd" : 35		},		{			"operatorDescription" : "Remove ^",			"class" : "TLStyleSheet",			"operatorClass" : "RemoveCaretOperator",			"mutationStart" : 11,			"method" : "position",			"mutationEnd" : 31		},		{			"operatorDescription" : "Remove ^",			"class" : "TLStyleSheet",			"operatorClass" : "RemoveCaretOperator",			"mutationStart" : 8,			"method" : "shape",			"mutationEnd" : 25		},		{			"operatorDescription" : "Remove ^",			"class" : "TLStyleSheet",			"operatorClass" : "RemoveCaretOperator",			"mutationStart" : 21,			"method" : "occupyMaximumSpace",			"mutationEnd" : 45		},		{			"operatorDescription" : "Remove ^",			"class" : "TLStyleSheet",			"operatorClass" : "RemoveCaretOperator",			"mutationStart" : 66,			"method" : "includesAnySubstyles:",			"mutationEnd" : 117		},		{			"operatorDescription" : "Replace #> with #<",			"class" : "TLStyleSheet",			"operatorClass" : "ReplaceGreaterWithLessMutantOperator",			"mutationStart" : 47,			"method" : "includesAnySubstyles:",			"mutationEnd" : 62		},		{			"operatorDescription" : "Remove ^",			"class" : "TLStyleSheet",			"operatorClass" : "RemoveCaretOperator",			"mutationStart" : 12,			"method" : "textColor",			"mutationEnd" : 33		},		{			"operatorDescription" : "Remove ^",			"class" : "TLStyleSheet",			"operatorClass" : "RemoveCaretOperator",			"mutationStart" : 14,			"method" : "borderWidth",			"mutationEnd" : 37		},		{			"operatorDescription" : "Remove ^",			"class" : "TLStyleSheet",			"operatorClass" : "RemoveCaretOperator",			"mutationStart" : 22,			"method" : "connectionLineStyle",			"mutationEnd" : 53		},		{			"operatorDescription" : "Remove ^",			"class" : "TLStyleSheet",			"operatorClass" : "RemoveCaretOperator",			"mutationStart" : 18,			"method" : "connectionLabel",			"mutationEnd" : 45		},		{			"operatorDescription" : "Remove ^",			"class" : "TLStyleSheet",			"operatorClass" : "RemoveCaretOperator",			"mutationStart" : 9,			"method" : "layout",			"mutationEnd" : 27		},		{			"operatorDescription" : "Remove ^",			"class" : "TLStyleSheet class",			"operatorClass" : "RemoveCaretOperator",			"mutationStart" : 19,			"method" : "defaultLabelSize",			"mutationEnd" : 22		},		{			"operatorDescription" : "Remove ^",			"class" : "TLStyleSheet class",			"operatorClass" : "RemoveCaretOperator",			"mutationStart" : 820,			"method" : "default",			"mutationEnd" : 838		},		{			"operatorDescription" : "Replace #> with #<",			"class" : "TLStyleSheet class",			"operatorClass" : "ReplaceGreaterWithLessMutantOperator",			"mutationStart" : 526,			"method" : "default",			"mutationEnd" : 564		},		{			"operatorDescription" : "Replace #> with #<",			"class" : "TLStyleSheet class",			"operatorClass" : "ReplaceGreaterWithLessMutantOperator",			"mutationStart" : 663,			"method" : "default",			"mutationEnd" : 695		}	],	"mutationScoreAfter" : 18,	"mutationScoreBefore" : 20,	"testAmpLoc" : 0,	"amplifiedMethods" : [ ],	"testLoc" : "24",	"amplifiedClass" : "TLStyleSheetTest136",	"numberOfAllMutationsInOriginal" : 50,	"targetLoc" : 214,	"newCovered" : [ ],	"timeBudgetFinished" : false,	"notCoveredInOriginal" : [		{			"operatorDescription" : "Remove ^",			"class" : "TLStyleSheet",			"operatorClass" : "RemoveCaretOperator",			"mutationStart" : 26,			"method" : "curveStyle:",			"mutationEnd" : 64		},		{			"operatorDescription" : "Replace #> with #<",			"class" : "TLStyleSheet",			"operatorClass" : "ReplaceGreaterWithLessMutantOperator",			"mutationStart" : 26,			"method" : "childrenLayout:",			"mutationEnd" : 43		},		{			"operatorDescription" : "Remove ^",			"class" : "TLStyleSheet",			"operatorClass" : "RemoveCaretOperator",			"mutationStart" : 22,			"method" : "connectionLabelSize",			"mutationEnd" : 53		},		{			"operatorDescription" : "Remove ^",			"class" : "TLStyleSheet",			"operatorClass" : "RemoveCaretOperator",			"mutationStart" : 14,			"method" : "borderStyle",			"mutationEnd" : 37		},		{			"operatorDescription" : "Remove ^",			"class" : "TLStyleSheet",			"operatorClass" : "RemoveCaretOperator",			"mutationStart" : 18,			"method" : "connectionStyle",			"mutationEnd" : 45		},		{			"operatorDescription" : "Remove ^",			"class" : "TLStyleSheet",			"operatorClass" : "RemoveCaretOperator",			"mutationStart" : 9,			"method" : "height",			"mutationEnd" : 27		},		{			"operatorDescription" : "Remove ^",			"class" : "TLStyleSheet",			"operatorClass" : "RemoveCaretOperator",			"mutationStart" : 16,			"method" : "nodeLabelWrap",			"mutationEnd" : 41		},		{			"operatorDescription" : "Remove ^",			"class" : "TLStyleSheet",			"operatorClass" : "RemoveCaretOperator",			"mutationStart" : 18,			"method" : "triggerPosition",			"mutationEnd" : 45		},		{			"operatorDescription" : "Remove ^",			"class" : "TLStyleSheet",			"operatorClass" : "RemoveCaretOperator",			"mutationStart" : 17,			"method" : "childrenLayout",			"mutationEnd" : 43		},		{			"operatorDescription" : "Replace #> with #<",			"class" : "TLStyleSheet",			"operatorClass" : "ReplaceGreaterWithLessMutantOperator",			"mutationStart" : 19,			"method" : "childrenLayout",			"mutationEnd" : 36		},		{			"operatorDescription" : "Remove ^",			"class" : "TLStyleSheet",			"operatorClass" : "RemoveCaretOperator",			"mutationStart" : 29,			"method" : "compositeExpandedByDefault",			"mutationEnd" : 67		},		{			"operatorDescription" : "Remove ^",			"class" : "TLStyleSheet",			"operatorClass" : "RemoveCaretOperator",			"mutationStart" : 26,			"method" : "color:",			"mutationEnd" : 64		},		{			"operatorDescription" : "Remove ^",			"class" : "TLStyleSheet",			"operatorClass" : "RemoveCaretOperator",			"mutationStart" : 15,			"method" : "takeAllSpace",			"mutationEnd" : 39		},		{			"operatorDescription" : "Remove ^",			"class" : "TLStyleSheet",			"operatorClass" : "RemoveCaretOperator",			"mutationStart" : 8,			"method" : "width",			"mutationEnd" : 25		},		{			"operatorDescription" : "Remove ^",			"class" : "TLStyleSheet",			"operatorClass" : "RemoveCaretOperator",			"mutationStart" : 11,			"method" : "fontSize",			"mutationEnd" : 31		},		{			"operatorDescription" : "Remove ^",			"class" : "TLStyleSheet",			"operatorClass" : "RemoveCaretOperator",			"mutationStart" : 34,			"method" : "connectionLineStyle:",			"mutationEnd" : 80		},		{			"operatorDescription" : "Remove ^",			"class" : "TLStyleSheet",			"operatorClass" : "RemoveCaretOperator",			"mutationStart" : 12,			"method" : "labelSize",			"mutationEnd" : 33		},		{			"operatorDescription" : "Remove ^",			"class" : "TLStyleSheet",			"operatorClass" : "RemoveCaretOperator",			"mutationStart" : 36,			"method" : "connectionStyle:",			"mutationEnd" : 84		},		{			"operatorDescription" : "Replace #ifTrue:ifFalse: receiver with false",			"class" : "TLStyleSheet",			"operatorClass" : "ReplaceIfTrueIfFalseReceiverWithFalseOperator",			"mutationStart" : 80,			"method" : "nodeLabelPosition:",			"mutationEnd" : 194		},		{			"operatorDescription" : "Replace #ifTrue:ifFalse: receiver with true",			"class" : "TLStyleSheet",			"operatorClass" : "ReplaceIfTrueIfFalseReceiverWithTrueOperator",			"mutationStart" : 80,			"method" : "nodeLabelPosition:",			"mutationEnd" : 194		},		{			"operatorDescription" : "Remove ^",			"class" : "TLStyleSheet",			"operatorClass" : "RemoveCaretOperator",			"mutationStart" : 18,			"method" : "backgroundColor",			"mutationEnd" : 45		},		{			"operatorDescription" : "Remove ^",			"class" : "TLStyleSheet",			"operatorClass" : "RemoveCaretOperator",			"mutationStart" : 14,			"method" : "borderColor",			"mutationEnd" : 37		},		{			"operatorDescription" : "Remove ^",			"class" : "TLStyleSheet",			"operatorClass" : "RemoveCaretOperator",			"mutationStart" : 20,			"method" : "nodeLabelPosition",			"mutationEnd" : 49		},		{			"operatorDescription" : "Remove ^",			"class" : "TLStyleSheet",			"operatorClass" : "RemoveCaretOperator",			"mutationStart" : 35,			"method" : "connectionLabel:",			"mutationEnd" : 82		},		{			"operatorDescription" : "Remove ^",			"class" : "TLStyleSheet",			"operatorClass" : "RemoveCaretOperator",			"mutationStart" : 42,			"method" : "connectionLabelSize:",			"mutationEnd" : 96		},		{			"operatorDescription" : "Remove ^",			"class" : "TLStyleSheet",			"operatorClass" : "RemoveCaretOperator",			"mutationStart" : 20,			"method" : "nodeLabelMaxWidth",			"mutationEnd" : 49		},		{			"operatorDescription" : "Remove ^",			"class" : "TLStyleSheet",			"operatorClass" : "RemoveCaretOperator",			"mutationStart" : 13,			"method" : "curveStyle",			"mutationEnd" : 35		},		{			"operatorDescription" : "Remove ^",			"class" : "TLStyleSheet",			"operatorClass" : "RemoveCaretOperator",			"mutationStart" : 11,			"method" : "position",			"mutationEnd" : 31		},		{			"operatorDescription" : "Remove ^",			"class" : "TLStyleSheet",			"operatorClass" : "RemoveCaretOperator",			"mutationStart" : 8,			"method" : "shape",			"mutationEnd" : 25		},		{			"operatorDescription" : "Remove ^",			"class" : "TLStyleSheet",			"operatorClass" : "RemoveCaretOperator",			"mutationStart" : 21,			"method" : "occupyMaximumSpace",			"mutationEnd" : 45		},		{			"operatorDescription" : "Remove ^",			"class" : "TLStyleSheet",			"operatorClass" : "RemoveCaretOperator",			"mutationStart" : 66,			"method" : "includesAnySubstyles:",			"mutationEnd" : 117		},		{			"operatorDescription" : "Replace #> with #<",			"class" : "TLStyleSheet",			"operatorClass" : "ReplaceGreaterWithLessMutantOperator",			"mutationStart" : 47,			"method" : "includesAnySubstyles:",			"mutationEnd" : 62		},		{			"operatorDescription" : "Remove ^",			"class" : "TLStyleSheet",			"operatorClass" : "RemoveCaretOperator",			"mutationStart" : 12,			"method" : "textColor",			"mutationEnd" : 33		},		{			"operatorDescription" : "Remove ^",			"class" : "TLStyleSheet",			"operatorClass" : "RemoveCaretOperator",			"mutationStart" : 14,			"method" : "borderWidth",			"mutationEnd" : 37		},		{			"operatorDescription" : "Remove ^",			"class" : "TLStyleSheet",			"operatorClass" : "RemoveCaretOperator",			"mutationStart" : 22,			"method" : "connectionLineStyle",			"mutationEnd" : 53		},		{			"operatorDescription" : "Remove ^",			"class" : "TLStyleSheet",			"operatorClass" : "RemoveCaretOperator",			"mutationStart" : 18,			"method" : "connectionLabel",			"mutationEnd" : 45		},		{			"operatorDescription" : "Remove ^",			"class" : "TLStyleSheet",			"operatorClass" : "RemoveCaretOperator",			"mutationStart" : 9,			"method" : "layout",			"mutationEnd" : 27		},		{			"operatorDescription" : "Remove ^",			"class" : "TLStyleSheet class",			"operatorClass" : "RemoveCaretOperator",			"mutationStart" : 19,			"method" : "defaultLabelSize",			"mutationEnd" : 22		},		{			"operatorDescription" : "Remove ^",			"class" : "TLStyleSheet class",			"operatorClass" : "RemoveCaretOperator",			"mutationStart" : 820,			"method" : "default",			"mutationEnd" : 838		},		{			"operatorDescription" : "Replace #> with #<",			"class" : "TLStyleSheet class",			"operatorClass" : "ReplaceGreaterWithLessMutantOperator",			"mutationStart" : 526,			"method" : "default",			"mutationEnd" : 564		}	],	"testCase" : "TLStyleSheetTest",	"unixtime" : 1605089007,	"timeTotal" : 50}