{	"targetClasses" : [		"TLTreeLayout"	],	"testMethodsIgnored" : [ ],	"methodsNotProfiled" : [ ],	"numberOfOriginalTestMethods" : 7,	"timeDetail" : [		"init: % 0.89 (514 milliseconds)",		"assertionAmplification: % 63.21 (36 seconds 509 milliseconds)",		"selection: % 5.95 (3 seconds 434 milliseconds)",		"inputAmplification: % 28.90 (16 seconds 695 milliseconds)",		"finalize: % 1.05 (608 milliseconds)"	],	"notCoveredInAmplified" : [		{			"operatorDescription" : "Replace #ifTrue: receiver with false",			"class" : "TLTreeLayout",			"operatorClass" : "ReplaceIfTrueReceiverWithFalseOperator",			"mutationStart" : 104,			"method" : "obtainTreesFromNodes:",			"mutationEnd" : 179		},		{			"operatorDescription" : "Replace #ifTrue: receiver with true",			"class" : "TLTreeLayout",			"operatorClass" : "ReplaceIfTrueReceiverWithTrueOperator",			"mutationStart" : 104,			"method" : "obtainTreesFromNodes:",			"mutationEnd" : 179		},		{			"operatorDescription" : "Replace #ifTrue: with #ifFalse:",			"class" : "TLTreeLayout",			"operatorClass" : "ReplaceIfTrueWithIfFalseMutantOperator",			"mutationStart" : 104,			"method" : "obtainTreesFromNodes:",			"mutationEnd" : 179		},		{			"operatorDescription" : "Replace a == b with (a == b) not",			"class" : "TLTreeLayout",			"operatorClass" : "ReplaceIdentityWithNegationOfIdentity",			"mutationStart" : 104,			"method" : "obtainTreesFromNodes:",			"mutationEnd" : 127		},		{			"operatorDescription" : "Replace #+ with #-",			"class" : "TLTreeLayout",			"operatorClass" : "ReplacePlusWithMinusMutantOperator",			"mutationStart" : 410,			"method" : "positionNodesInTree:yDec:level:xStart:",			"mutationEnd" : 433		},		{			"operatorDescription" : "Replace #+ with #-",			"class" : "TLTreeLayout",			"operatorClass" : "ReplacePlusWithMinusMutantOperator",			"mutationStart" : 437,			"method" : "positionNodesInTree:yDec:level:xStart:",			"mutationEnd" : 484		},		{			"operatorDescription" : "Replace #+ with #-",			"class" : "TLTreeLayout",			"operatorClass" : "ReplacePlusWithMinusMutantOperator",			"mutationStart" : 513,			"method" : "positionNodesInTree:yDec:level:xStart:",			"mutationEnd" : 545		},		{			"operatorDescription" : "Replace #+ with #-",			"class" : "TLTreeLayout",			"operatorClass" : "ReplacePlusWithMinusMutantOperator",			"mutationStart" : 513,			"method" : "positionNodesInTree:yDec:level:xStart:",			"mutationEnd" : 528		},		{			"operatorDescription" : "Replace #- with #+",			"class" : "TLTreeLayout",			"operatorClass" : "ReplaceMinusWithPlusMutantOperator",			"mutationStart" : 553,			"method" : "positionNodesInTree:yDec:level:xStart:",			"mutationEnd" : 582		},		{			"operatorDescription" : "Replace #- with #+",			"class" : "TLTreeLayout",			"operatorClass" : "ReplaceMinusWithPlusMutantOperator",			"mutationStart" : 553,			"method" : "positionNodesInTree:yDec:level:xStart:",			"mutationEnd" : 565		},		{			"operatorDescription" : "Replace #max: with #min:",			"class" : "TLTreeLayout",			"operatorClass" : "ReplaceMaxWithMinMutantOperator",			"mutationStart" : 248,			"method" : "positionNodesInTree:yDec:level:xStart:",			"mutationEnd" : 383		},		{			"operatorDescription" : "Replace #ifTrue:ifFalse: receiver with false",			"class" : "TLTreeLayout",			"operatorClass" : "ReplaceIfTrueIfFalseReceiverWithFalseOperator",			"mutationStart" : 42,			"method" : "obtainTargetedAdjacentNodesFor:",			"mutationEnd" : 143		},		{			"operatorDescription" : "Remove ^",			"class" : "TLTreeLayout class",			"operatorClass" : "RemoveCaretOperator",			"mutationStart" : 141,			"method" : "isConnectionDependant",			"mutationEnd" : 146		}	],	"mutationScoreAfter" : 60,	"mutationScoreBefore" : 54,	"testAmpLoc" : 0,	"amplifiedMethods" : [ ],	"testLoc" : "87",	"amplifiedClass" : "TLTreeLayoutTest102",	"numberOfAllMutationsInOriginal" : 33,	"targetLoc" : 111,	"newCovered" : [ ],	"timeBudgetFinished" : false,	"notCoveredInOriginal" : [		{			"operatorDescription" : "Replace #ifTrue: receiver with false",			"class" : "TLTreeLayout",			"operatorClass" : "ReplaceIfTrueReceiverWithFalseOperator",			"mutationStart" : 104,			"method" : "obtainTreesFromNodes:",			"mutationEnd" : 179		},		{			"operatorDescription" : "Replace #ifTrue: receiver with true",			"class" : "TLTreeLayout",			"operatorClass" : "ReplaceIfTrueReceiverWithTrueOperator",			"mutationStart" : 104,			"method" : "obtainTreesFromNodes:",			"mutationEnd" : 179		},		{			"operatorDescription" : "Replace #ifTrue: with #ifFalse:",			"class" : "TLTreeLayout",			"operatorClass" : "ReplaceIfTrueWithIfFalseMutantOperator",			"mutationStart" : 104,			"method" : "obtainTreesFromNodes:",			"mutationEnd" : 179		},		{			"operatorDescription" : "Replace a == b with (a == b) not",			"class" : "TLTreeLayout",			"operatorClass" : "ReplaceIdentityWithNegationOfIdentity",			"mutationStart" : 104,			"method" : "obtainTreesFromNodes:",			"mutationEnd" : 127		},		{			"operatorDescription" : "Replace #+ with #-",			"class" : "TLTreeLayout",			"operatorClass" : "ReplacePlusWithMinusMutantOperator",			"mutationStart" : 410,			"method" : "positionNodesInTree:yDec:level:xStart:",			"mutationEnd" : 433		},		{			"operatorDescription" : "Replace #+ with #-",			"class" : "TLTreeLayout",			"operatorClass" : "ReplacePlusWithMinusMutantOperator",			"mutationStart" : 437,			"method" : "positionNodesInTree:yDec:level:xStart:",			"mutationEnd" : 484		},		{			"operatorDescription" : "Replace #+ with #-",			"class" : "TLTreeLayout",			"operatorClass" : "ReplacePlusWithMinusMutantOperator",			"mutationStart" : 513,			"method" : "positionNodesInTree:yDec:level:xStart:",			"mutationEnd" : 545		},		{			"operatorDescription" : "Replace #+ with #-",			"class" : "TLTreeLayout",			"operatorClass" : "ReplacePlusWithMinusMutantOperator",			"mutationStart" : 513,			"method" : "positionNodesInTree:yDec:level:xStart:",			"mutationEnd" : 528		},		{			"operatorDescription" : "Replace #- with #+",			"class" : "TLTreeLayout",			"operatorClass" : "ReplaceMinusWithPlusMutantOperator",			"mutationStart" : 553,			"method" : "positionNodesInTree:yDec:level:xStart:",			"mutationEnd" : 582		},		{			"operatorDescription" : "Replace #- with #+",			"class" : "TLTreeLayout",			"operatorClass" : "ReplaceMinusWithPlusMutantOperator",			"mutationStart" : 553,			"method" : "positionNodesInTree:yDec:level:xStart:",			"mutationEnd" : 565		},		{			"operatorDescription" : "Replace #/ with #*",			"class" : "TLTreeLayout",			"operatorClass" : "ReplaceDivisionWithMultiplicationMutantOperator",			"mutationStart" : 418,			"method" : "positionNodesInTree:yDec:level:xStart:",			"mutationEnd" : 432		},		{			"operatorDescription" : "Replace #/ with #*",			"class" : "TLTreeLayout",			"operatorClass" : "ReplaceDivisionWithMultiplicationMutantOperator",			"mutationStart" : 463,			"method" : "positionNodesInTree:yDec:level:xStart:",			"mutationEnd" : 483		},		{			"operatorDescription" : "Replace #max: with #min:",			"class" : "TLTreeLayout",			"operatorClass" : "ReplaceMaxWithMinMutantOperator",			"mutationStart" : 248,			"method" : "positionNodesInTree:yDec:level:xStart:",			"mutationEnd" : 383		},		{			"operatorDescription" : "Replace #ifTrue:ifFalse: receiver with false",			"class" : "TLTreeLayout",			"operatorClass" : "ReplaceIfTrueIfFalseReceiverWithFalseOperator",			"mutationStart" : 42,			"method" : "obtainTargetedAdjacentNodesFor:",			"mutationEnd" : 143		},		{			"operatorDescription" : "Remove ^",			"class" : "TLTreeLayout class",			"operatorClass" : "RemoveCaretOperator",			"mutationStart" : 141,			"method" : "isConnectionDependant",			"mutationEnd" : 146		}	],	"testCase" : "TLTreeLayoutTest",	"unixtime" : 1605090656,	"timeTotal" : 57}