{	"targetClasses" : [		"PP2BufferStreamValidator"	],	"testMethodsIgnored" : [ ],	"methodsNotProfiled" : [ ],	"numberOfOriginalTestMethods" : 4,	"timeDetail" : [		"init: % 0.13 (174 milliseconds)",		"assertionAmplification: % 75.49 (1 minute 39 seconds 885 milliseconds)",		"selection: % 22.48 (29 seconds 743 milliseconds)",		"inputAmplification: % 1.53 (2 seconds 26 milliseconds)",		"finalize: % 0.37 (488 milliseconds)"	],	"notCoveredInAmplified" : [		{			"operatorDescription" : "Remove Exception Handler Operator",			"class" : "PP2BufferStreamValidator",			"operatorClass" : "RemoveExceptionHandlerOperator",			"mutationStart" : 40,			"method" : "actualForSource:",			"mutationEnd" : 231		}	],	"mutationScoreAfter" : 88,	"mutationScoreBefore" : 66,	"testAmpLoc" : 54,	"amplifiedMethods" : [		"PP2BufferStreamValidatorTest72>>#testActualForSource_amp"	],	"testLoc" : "25",	"amplifiedClass" : "PP2BufferStreamValidatorTest72",	"numberOfAllMutationsInOriginal" : 9,	"targetLoc" : 31,	"newCovered" : [		{			"operatorDescription" : "Remove ^",			"class" : "PP2BufferStreamValidator",			"operatorClass" : "RemoveCaretOperator",			"mutationStart" : 7,			"method" : "name",			"mutationEnd" : 25		},		{			"operatorDescription" : "Remove ^",			"class" : "PP2BufferStreamValidator",			"operatorClass" : "RemoveCaretOperator",			"mutationStart" : 10,			"method" : "sources",			"mutationEnd" : 86		}	],	"timeBudgetFinished" : false,	"notCoveredInOriginal" : [		{			"operatorDescription" : "Remove ^",			"class" : "PP2BufferStreamValidator",			"operatorClass" : "RemoveCaretOperator",			"mutationStart" : 7,			"method" : "name",			"mutationEnd" : 25		},		{			"operatorDescription" : "Remove ^",			"class" : "PP2BufferStreamValidator",			"operatorClass" : "RemoveCaretOperator",			"mutationStart" : 10,			"method" : "sources",			"mutationEnd" : 86		},		{			"operatorDescription" : "Remove Exception Handler Operator",			"class" : "PP2BufferStreamValidator",			"operatorClass" : "RemoveExceptionHandlerOperator",			"mutationStart" : 40,			"method" : "actualForSource:",			"mutationEnd" : 231		}	],	"testCase" : "PP2BufferStreamValidatorTest",	"unixtime" : 1604937768,	"timeTotal" : 132}