{	"targetClasses" : [		"PP2Benchmark"	],	"testMethodsIgnored" : [ ],	"methodsNotProfiled" : [		"PP2Benchmark>>#propertyAt:ifAbsent:",		"PP2Benchmark>>#setupSelector:",		"PP2Benchmark>>#reportInput:time:gcTime:name:",		"PP2Benchmark>>#testSelector:",		"PP2Benchmark>>#propertyAt:put:",		"PP2Benchmark>>#parser:",		"PP2Benchmark>>#propertyAt:",		"PP2Benchmark>>#input:",		"PP2Benchmark>>#propertyAt:ifAbsentPut:",		"PP2Benchmark>>#testSetupAndRun:",		"PP2Benchmark>>#resources:",		"PP2Benchmark>>#saveReport:",		"PP2Benchmark>>#sourcesSize:",		"PP2Benchmark>>#contextClass:",		"PP2Benchmark>>#repetitionsIfNotSet:",		"PP2Benchmark>>#repetitions:",		"PP2Benchmark>>#smartSetupAndRun:",		"PP2Benchmark>>#teardownSelector:",		"PP2Benchmark>>#setupMock:",		"PP2Benchmark>>#reportInput:time:name:",		"PP2Benchmark>>#runTimeout:",		"PP2Benchmark>>#hasProperty:",		"PP2Benchmark>>#properties:"	],	"numberOfOriginalTestMethods" : 3,	"timeDetail" : [		"init: % 1.35 (12 seconds 850 milliseconds)",		"assertionAmplification: % 83.57 (13 minutes 14 seconds 569 milliseconds)",		"selection: % 12.44 (1 minute 58 seconds 273 milliseconds)",		"inputAmplification: % 2.29 (21 seconds 748 milliseconds)",		"finalize: % 0.35 (3 seconds 287 milliseconds)"	],	"notCoveredInAmplified" : [		{			"operatorDescription" : "Remove ^",			"class" : "PP2Benchmark",			"operatorClass" : "RemoveCaretOperator",			"mutationStart" : 153,			"method" : "propertyAt:ifAbsent:",			"mutationEnd" : 249		},		{			"operatorDescription" : "Remove at:ifAbsent:",			"class" : "PP2Benchmark",			"operatorClass" : "RemoveAtIfAbsentOperator",			"mutationStart" : 212,			"method" : "propertyAt:ifAbsent:",			"mutationEnd" : 247		},		{			"operatorDescription" : "Replace #ifTrue:ifFalse: receiver with false",			"class" : "PP2Benchmark",			"operatorClass" : "ReplaceIfTrueIfFalseReceiverWithFalseOperator",			"mutationStart" : 155,			"method" : "propertyAt:ifAbsent:",			"mutationEnd" : 249		},		{			"operatorDescription" : "Replace #ifTrue:ifFalse: receiver with true",			"class" : "PP2Benchmark",			"operatorClass" : "ReplaceIfTrueIfFalseReceiverWithTrueOperator",			"mutationStart" : 155,			"method" : "propertyAt:ifAbsent:",			"mutationEnd" : 249		},		{			"operatorDescription" : "Replace #ifTrue:ifFalse: receiver with true",			"class" : "PP2Benchmark",			"operatorClass" : "ReplaceIfTrueIfFalseReceiverWithTrueOperator",			"mutationStart" : 16,			"method" : "repetitions",			"mutationEnd" : 91		},		{			"operatorDescription" : "Replace #+ with #-",			"class" : "PP2Benchmark",			"operatorClass" : "ReplacePlusWithMinusMutantOperator",			"mutationStart" : 121,			"method" : "reportInput:time:gcTime:name:",			"mutationEnd" : 130		},		{			"operatorDescription" : "Replace #ifTrue:ifFalse: receiver with false",			"class" : "PP2Benchmark",			"operatorClass" : "ReplaceIfTrueIfFalseReceiverWithFalseOperator",			"mutationStart" : 147,			"method" : "reportInput:time:gcTime:name:",			"mutationEnd" : 226		},		{			"operatorDescription" : "Replace #ifTrue:ifFalse: receiver with true",			"class" : "PP2Benchmark",			"operatorClass" : "ReplaceIfTrueIfFalseReceiverWithTrueOperator",			"mutationStart" : 147,			"method" : "reportInput:time:gcTime:name:",			"mutationEnd" : 226		},		{			"operatorDescription" : "Replace inject:aValue into:aBlock with aValue",			"class" : "PP2Benchmark",			"operatorClass" : "RemoveInjectIntoOperator",			"mutationStart" : 88,			"method" : "reportInput:time:gcTime:name:",			"mutationEnd" : 133		},		{			"operatorDescription" : "Replace do block with [:each |]",			"class" : "PP2Benchmark",			"operatorClass" : "ReplaceDoBlockWithEmptyBlockOperator",			"mutationStart" : 99,			"method" : "benchmarkRBParser",			"mutationEnd" : 202		},		{			"operatorDescription" : "Remove ^",			"class" : "PP2Benchmark",			"operatorClass" : "RemoveCaretOperator",			"mutationStart" : 175,			"method" : "propertyAt:put:",			"mutationEnd" : 256		},		{			"operatorDescription" : "Remove ^",			"class" : "PP2Benchmark",			"operatorClass" : "RemoveCaretOperator",			"mutationStart" : 20,			"method" : "propertyAt:",			"mutationEnd" : 61		},		{			"operatorDescription" : "Remove ^",			"class" : "PP2Benchmark",			"operatorClass" : "RemoveCaretOperator",			"mutationStart" : 161,			"method" : "propertyAt:ifAbsentPut:",			"mutationEnd" : 237		},		{			"operatorDescription" : "Replace #- with #+",			"class" : "PP2Benchmark",			"operatorClass" : "ReplaceMinusWithPlusMutantOperator",			"mutationStart" : 344,			"method" : "benchmarkSmalltalkParserSmacc",			"mutationEnd" : 378		},		{			"operatorDescription" : "Replace do block with [:each |]",			"class" : "PP2Benchmark",			"operatorClass" : "ReplaceDoBlockWithEmptyBlockOperator",			"mutationStart" : 217,			"method" : "benchmarkSmalltalkParserSmacc",			"mutationEnd" : 266		},		{			"operatorDescription" : "Remove ^",			"class" : "PP2Benchmark",			"operatorClass" : "RemoveCaretOperator",			"mutationStart" : 23,			"method" : "contextClass:",			"mutationEnd" : 46		},		{			"operatorDescription" : "Replace #- with #+",			"class" : "PP2Benchmark",			"operatorClass" : "ReplaceMinusWithPlusMutantOperator",			"mutationStart" : 379,			"method" : "run",			"mutationEnd" : 413		},		{			"operatorDescription" : "Replace do block with [:each |]",			"class" : "PP2Benchmark",			"operatorClass" : "ReplaceDoBlockWithEmptyBlockOperator",			"mutationStart" : 153,			"method" : "run",			"mutationEnd" : 301		},		{			"operatorDescription" : "Remove ^",			"class" : "PP2Benchmark",			"operatorClass" : "RemoveCaretOperator",			"mutationStart" : 38,			"method" : "smartSetupAndRun:",			"mutationEnd" : 107		},		{			"operatorDescription" : "Replace #ifTrue: receiver with false",			"class" : "PP2Benchmark",			"operatorClass" : "ReplaceIfTrueReceiverWithFalseOperator",			"mutationStart" : 103,			"method" : "teardownSelector:",			"mutationEnd" : 165		},		{			"operatorDescription" : "Replace #ifTrue: receiver with true",			"class" : "PP2Benchmark",			"operatorClass" : "ReplaceIfTrueReceiverWithTrueOperator",			"mutationStart" : 103,			"method" : "teardownSelector:",			"mutationEnd" : 165		},		{			"operatorDescription" : "Replace #ifTrue: with #ifFalse:",			"class" : "PP2Benchmark",			"operatorClass" : "ReplaceIfTrueWithIfFalseMutantOperator",			"mutationStart" : 103,			"method" : "teardownSelector:",			"mutationEnd" : 165		},		{			"operatorDescription" : "Replace #- with #+",			"class" : "PP2Benchmark",			"operatorClass" : "ReplaceMinusWithPlusMutantOperator",			"mutationStart" : 409,			"method" : "runTimeout:",			"mutationEnd" : 443		},		{			"operatorDescription" : "Replace do block with [:each |]",			"class" : "PP2Benchmark",			"operatorClass" : "ReplaceDoBlockWithEmptyBlockOperator",			"mutationStart" : 169,			"method" : "runTimeout:",			"mutationEnd" : 333		},		{			"operatorDescription" : "Remove ^",			"class" : "PP2Benchmark",			"operatorClass" : "RemoveCaretOperator",			"mutationStart" : 63,			"method" : "hasProperty:",			"mutationEnd" : 119		},		{			"operatorDescription" : "Replace #and: argument with [true]",			"class" : "PP2Benchmark",			"operatorClass" : "ReplaceAndArgumentWithTrueOperator",			"mutationStart" : 65,			"method" : "hasProperty:",			"mutationEnd" : 119		},		{			"operatorDescription" : "Replace #and: receiver with true",			"class" : "PP2Benchmark",			"operatorClass" : "ReplaceAndReceiverWithTrueOperator",			"mutationStart" : 65,			"method" : "hasProperty:",			"mutationEnd" : 119		},		{			"operatorDescription" : "Replace #and: with #bEqv:",			"class" : "PP2Benchmark",			"operatorClass" : "ReplaceAndWithEqvMutantOperator",			"mutationStart" : 65,			"method" : "hasProperty:",			"mutationEnd" : 119		},		{			"operatorDescription" : "Replace #and: with #nand:",			"class" : "PP2Benchmark",			"operatorClass" : "ReplaceAndWithNandMutantOperator",			"mutationStart" : 65,			"method" : "hasProperty:",			"mutationEnd" : 119		},		{			"operatorDescription" : "Replace #and: with #or:",			"class" : "PP2Benchmark",			"operatorClass" : "ReplaceAndWithOrMutantOperator",			"mutationStart" : 65,			"method" : "hasProperty:",			"mutationEnd" : 119		},		{			"operatorDescription" : "Replace #and: with false",			"class" : "PP2Benchmark",			"operatorClass" : "ReplaceAndWithFalseOperator",			"mutationStart" : 65,			"method" : "hasProperty:",			"mutationEnd" : 119		}	],	"mutationScoreAfter" : 29,	"mutationScoreBefore" : 15,	"testAmpLoc" : 1611,	"amplifiedMethods" : [		"PP2BenchmarkTest50>>#testExpressionGrammar_amp"	],	"testLoc" : "85",	"amplifiedClass" : "PP2BenchmarkTest50",	"numberOfAllMutationsInOriginal" : 44,	"targetLoc" : 271,	"newCovered" : [		{			"operatorDescription" : "Remove ^",			"class" : "PP2Benchmark",			"operatorClass" : "RemoveCaretOperator",			"mutationStart" : 14,			"method" : "repetitions",			"mutationEnd" : 91		},		{			"operatorDescription" : "Replace #ifTrue:ifFalse: receiver with false",			"class" : "PP2Benchmark",			"operatorClass" : "ReplaceIfTrueIfFalseReceiverWithFalseOperator",			"mutationStart" : 16,			"method" : "repetitions",			"mutationEnd" : 91		},		{			"operatorDescription" : "Remove ^",			"class" : "PP2Benchmark",			"operatorClass" : "RemoveCaretOperator",			"mutationStart" : 12,			"method" : "resources",			"mutationEnd" : 22		},		{			"operatorDescription" : "Remove ^",			"class" : "PP2Benchmark",			"operatorClass" : "RemoveCaretOperator",			"mutationStart" : 13,			"method" : "properties",			"mutationEnd" : 24		},		{			"operatorDescription" : "Remove ^",			"class" : "PP2Benchmark",			"operatorClass" : "RemoveCaretOperator",			"mutationStart" : 9,			"method" : "report",			"mutationEnd" : 16		},		{			"operatorDescription" : "Remove ^",			"class" : "PP2Benchmark",			"operatorClass" : "RemoveCaretOperator",			"mutationStart" : 12,			"method" : "testClass",			"mutationEnd" : 29		}	],	"timeBudgetFinished" : false,	"notCoveredInOriginal" : [		{			"operatorDescription" : "Remove ^",			"class" : "PP2Benchmark",			"operatorClass" : "RemoveCaretOperator",			"mutationStart" : 153,			"method" : "propertyAt:ifAbsent:",			"mutationEnd" : 249		},		{			"operatorDescription" : "Remove at:ifAbsent:",			"class" : "PP2Benchmark",			"operatorClass" : "RemoveAtIfAbsentOperator",			"mutationStart" : 212,			"method" : "propertyAt:ifAbsent:",			"mutationEnd" : 247		},		{			"operatorDescription" : "Replace #ifTrue:ifFalse: receiver with false",			"class" : "PP2Benchmark",			"operatorClass" : "ReplaceIfTrueIfFalseReceiverWithFalseOperator",			"mutationStart" : 155,			"method" : "propertyAt:ifAbsent:",			"mutationEnd" : 249		},		{			"operatorDescription" : "Replace #ifTrue:ifFalse: receiver with true",			"class" : "PP2Benchmark",			"operatorClass" : "ReplaceIfTrueIfFalseReceiverWithTrueOperator",			"mutationStart" : 155,			"method" : "propertyAt:ifAbsent:",			"mutationEnd" : 249		},		{			"operatorDescription" : "Remove ^",			"class" : "PP2Benchmark",			"operatorClass" : "RemoveCaretOperator",			"mutationStart" : 14,			"method" : "repetitions",			"mutationEnd" : 91		},		{			"operatorDescription" : "Replace #ifTrue:ifFalse: receiver with false",			"class" : "PP2Benchmark",			"operatorClass" : "ReplaceIfTrueIfFalseReceiverWithFalseOperator",			"mutationStart" : 16,			"method" : "repetitions",			"mutationEnd" : 91		},		{			"operatorDescription" : "Replace #ifTrue:ifFalse: receiver with true",			"class" : "PP2Benchmark",			"operatorClass" : "ReplaceIfTrueIfFalseReceiverWithTrueOperator",			"mutationStart" : 16,			"method" : "repetitions",			"mutationEnd" : 91		},		{			"operatorDescription" : "Remove ^",			"class" : "PP2Benchmark",			"operatorClass" : "RemoveCaretOperator",			"mutationStart" : 12,			"method" : "resources",			"mutationEnd" : 22		},		{			"operatorDescription" : "Replace #+ with #-",			"class" : "PP2Benchmark",			"operatorClass" : "ReplacePlusWithMinusMutantOperator",			"mutationStart" : 121,			"method" : "reportInput:time:gcTime:name:",			"mutationEnd" : 130		},		{			"operatorDescription" : "Replace #ifTrue:ifFalse: receiver with false",			"class" : "PP2Benchmark",			"operatorClass" : "ReplaceIfTrueIfFalseReceiverWithFalseOperator",			"mutationStart" : 147,			"method" : "reportInput:time:gcTime:name:",			"mutationEnd" : 226		},		{			"operatorDescription" : "Replace #ifTrue:ifFalse: receiver with true",			"class" : "PP2Benchmark",			"operatorClass" : "ReplaceIfTrueIfFalseReceiverWithTrueOperator",			"mutationStart" : 147,			"method" : "reportInput:time:gcTime:name:",			"mutationEnd" : 226		},		{			"operatorDescription" : "Replace inject:aValue into:aBlock with aValue",			"class" : "PP2Benchmark",			"operatorClass" : "RemoveInjectIntoOperator",			"mutationStart" : 88,			"method" : "reportInput:time:gcTime:name:",			"mutationEnd" : 133		},		{			"operatorDescription" : "Replace do block with [:each |]",			"class" : "PP2Benchmark",			"operatorClass" : "ReplaceDoBlockWithEmptyBlockOperator",			"mutationStart" : 99,			"method" : "benchmarkRBParser",			"mutationEnd" : 202		},		{			"operatorDescription" : "Remove ^",			"class" : "PP2Benchmark",			"operatorClass" : "RemoveCaretOperator",			"mutationStart" : 13,			"method" : "properties",			"mutationEnd" : 24		},		{			"operatorDescription" : "Remove ^",			"class" : "PP2Benchmark",			"operatorClass" : "RemoveCaretOperator",			"mutationStart" : 175,			"method" : "propertyAt:put:",			"mutationEnd" : 256		},		{			"operatorDescription" : "Remove ^",			"class" : "PP2Benchmark",			"operatorClass" : "RemoveCaretOperator",			"mutationStart" : 20,			"method" : "propertyAt:",			"mutationEnd" : 61		},		{			"operatorDescription" : "Remove ^",			"class" : "PP2Benchmark",			"operatorClass" : "RemoveCaretOperator",			"mutationStart" : 161,			"method" : "propertyAt:ifAbsentPut:",			"mutationEnd" : 237		},		{			"operatorDescription" : "Replace #- with #+",			"class" : "PP2Benchmark",			"operatorClass" : "ReplaceMinusWithPlusMutantOperator",			"mutationStart" : 344,			"method" : "benchmarkSmalltalkParserSmacc",			"mutationEnd" : 378		},		{			"operatorDescription" : "Replace do block with [:each |]",			"class" : "PP2Benchmark",			"operatorClass" : "ReplaceDoBlockWithEmptyBlockOperator",			"mutationStart" : 217,			"method" : "benchmarkSmalltalkParserSmacc",			"mutationEnd" : 266		},		{			"operatorDescription" : "Remove ^",			"class" : "PP2Benchmark",			"operatorClass" : "RemoveCaretOperator",			"mutationStart" : 23,			"method" : "contextClass:",			"mutationEnd" : 46		},		{			"operatorDescription" : "Remove ^",			"class" : "PP2Benchmark",			"operatorClass" : "RemoveCaretOperator",			"mutationStart" : 9,			"method" : "report",			"mutationEnd" : 16		},		{			"operatorDescription" : "Replace #- with #+",			"class" : "PP2Benchmark",			"operatorClass" : "ReplaceMinusWithPlusMutantOperator",			"mutationStart" : 379,			"method" : "run",			"mutationEnd" : 413		},		{			"operatorDescription" : "Replace do block with [:each |]",			"class" : "PP2Benchmark",			"operatorClass" : "ReplaceDoBlockWithEmptyBlockOperator",			"mutationStart" : 153,			"method" : "run",			"mutationEnd" : 301		},		{			"operatorDescription" : "Remove ^",			"class" : "PP2Benchmark",			"operatorClass" : "RemoveCaretOperator",			"mutationStart" : 12,			"method" : "testClass",			"mutationEnd" : 29		},		{			"operatorDescription" : "Remove ^",			"class" : "PP2Benchmark",			"operatorClass" : "RemoveCaretOperator",			"mutationStart" : 38,			"method" : "smartSetupAndRun:",			"mutationEnd" : 107		},		{			"operatorDescription" : "Replace #ifTrue: receiver with false",			"class" : "PP2Benchmark",			"operatorClass" : "ReplaceIfTrueReceiverWithFalseOperator",			"mutationStart" : 103,			"method" : "teardownSelector:",			"mutationEnd" : 165		},		{			"operatorDescription" : "Replace #ifTrue: receiver with true",			"class" : "PP2Benchmark",			"operatorClass" : "ReplaceIfTrueReceiverWithTrueOperator",			"mutationStart" : 103,			"method" : "teardownSelector:",			"mutationEnd" : 165		},		{			"operatorDescription" : "Replace #ifTrue: with #ifFalse:",			"class" : "PP2Benchmark",			"operatorClass" : "ReplaceIfTrueWithIfFalseMutantOperator",			"mutationStart" : 103,			"method" : "teardownSelector:",			"mutationEnd" : 165		},		{			"operatorDescription" : "Replace #- with #+",			"class" : "PP2Benchmark",			"operatorClass" : "ReplaceMinusWithPlusMutantOperator",			"mutationStart" : 409,			"method" : "runTimeout:",			"mutationEnd" : 443		},		{			"operatorDescription" : "Replace do block with [:each |]",			"class" : "PP2Benchmark",			"operatorClass" : "ReplaceDoBlockWithEmptyBlockOperator",			"mutationStart" : 169,			"method" : "runTimeout:",			"mutationEnd" : 333		},		{			"operatorDescription" : "Remove ^",			"class" : "PP2Benchmark",			"operatorClass" : "RemoveCaretOperator",			"mutationStart" : 63,			"method" : "hasProperty:",			"mutationEnd" : 119		},		{			"operatorDescription" : "Replace #and: argument with [true]",			"class" : "PP2Benchmark",			"operatorClass" : "ReplaceAndArgumentWithTrueOperator",			"mutationStart" : 65,			"method" : "hasProperty:",			"mutationEnd" : 119		},		{			"operatorDescription" : "Replace #and: receiver with true",			"class" : "PP2Benchmark",			"operatorClass" : "ReplaceAndReceiverWithTrueOperator",			"mutationStart" : 65,			"method" : "hasProperty:",			"mutationEnd" : 119		},		{			"operatorDescription" : "Replace #and: with #bEqv:",			"class" : "PP2Benchmark",			"operatorClass" : "ReplaceAndWithEqvMutantOperator",			"mutationStart" : 65,			"method" : "hasProperty:",			"mutationEnd" : 119		},		{			"operatorDescription" : "Replace #and: with #nand:",			"class" : "PP2Benchmark",			"operatorClass" : "ReplaceAndWithNandMutantOperator",			"mutationStart" : 65,			"method" : "hasProperty:",			"mutationEnd" : 119		},		{			"operatorDescription" : "Replace #and: with #or:",			"class" : "PP2Benchmark",			"operatorClass" : "ReplaceAndWithOrMutantOperator",			"mutationStart" : 65,			"method" : "hasProperty:",			"mutationEnd" : 119		},		{			"operatorDescription" : "Replace #and: with false",			"class" : "PP2Benchmark",			"operatorClass" : "ReplaceAndWithFalseOperator",			"mutationStart" : 65,			"method" : "hasProperty:",			"mutationEnd" : 119		}	],	"testCase" : "PP2BenchmarkTest",	"unixtime" : 1604963093,	"timeTotal" : 950}