{	"targetClasses" : [		"PP2BufferStream"	],	"testMethodsIgnored" : [ ],	"methodsNotProfiled" : [		"PP2BufferStream>>#printOn:position:"	],	"numberOfOriginalTestMethods" : 16,	"timeDetail" : [		"init: % 4.86 (1 second 526 milliseconds)",		"assertionAmplification: % 31.61 (9 seconds 921 milliseconds)",		"selection: % 39.63 (12 seconds 436 milliseconds)",		"inputAmplification: % 19.44 (6 seconds 101 milliseconds)",		"finalize: % 4.45 (1 second 398 milliseconds)"	],	"notCoveredInAmplified" : [		{			"operatorDescription" : "Remove ^",			"class" : "PP2BufferStream",			"operatorClass" : "RemoveCaretOperator",			"mutationStart" : 67,			"method" : "atPosition:",			"mutationEnd" : 77		},		{			"operatorDescription" : "Remove ^",			"class" : "PP2BufferStream",			"operatorClass" : "RemoveCaretOperator",			"mutationStart" : 249,			"method" : "atPosition:",			"mutationEnd" : 259		},		{			"operatorDescription" : "Replace #> with #<",			"class" : "PP2BufferStream",			"operatorClass" : "ReplaceGreaterWithLessMutantOperator",			"mutationStart" : 160,			"method" : "atPosition:",			"mutationEnd" : 184		},		{			"operatorDescription" : "Replace #ifTrue: receiver with false",			"class" : "PP2BufferStream",			"operatorClass" : "ReplaceIfTrueReceiverWithFalseOperator",			"mutationStart" : 27,			"method" : "atPosition:",			"mutationEnd" : 81		},		{			"operatorDescription" : "Replace #ifTrue: receiver with false",			"class" : "PP2BufferStream",			"operatorClass" : "ReplaceIfTrueReceiverWithFalseOperator",			"mutationStart" : 160,			"method" : "atPosition:",			"mutationEnd" : 244		},		{			"operatorDescription" : "Remove ^",			"class" : "PP2BufferStream",			"operatorClass" : "RemoveCaretOperator",			"mutationStart" : 16,			"method" : "asPetitStream",			"mutationEnd" : 37		},		{			"operatorDescription" : "Remove ^",			"class" : "PP2BufferStream",			"operatorClass" : "RemoveCaretOperator",			"mutationStart" : 18,			"method" : "asPetit2Context",			"mutationEnd" : 38		},		{			"operatorDescription" : "Replace #and: with #bEqv:",			"class" : "PP2BufferStream",			"operatorClass" : "ReplaceAndWithEqvMutantOperator",			"mutationStart" : 60,			"method" : "atEnd:",			"mutationEnd" : 107		},		{			"operatorDescription" : "Replace #'<=' with #<",			"class" : "PP2BufferStream",			"operatorClass" : "ReplaceLessOrEqualWithLessMutantOperator",			"mutationStart" : 544,			"method" : "copyFrom:to:",			"mutationEnd" : 570		},		{			"operatorDescription" : "Replace #'<=' with #=",			"class" : "PP2BufferStream",			"operatorClass" : "ReplaceLessOrEqualWithEqualMutantOperator",			"mutationStart" : 544,			"method" : "copyFrom:to:",			"mutationEnd" : 570		},		{			"operatorDescription" : "Replace #'>=' with #=",			"class" : "PP2BufferStream",			"operatorClass" : "ReplaceGreaterOrEqualWithEqualMutantOperator",			"mutationStart" : 100,			"method" : "copyFrom:to:",			"mutationEnd" : 128		},		{			"operatorDescription" : "Replace #'>=' with #=",			"class" : "PP2BufferStream",			"operatorClass" : "ReplaceGreaterOrEqualWithEqualMutantOperator",			"mutationStart" : 220,			"method" : "copyFrom:to:",			"mutationEnd" : 251		},		{			"operatorDescription" : "Replace #ifTrue:ifFalse: receiver with false",			"class" : "PP2BufferStream",			"operatorClass" : "ReplaceIfTrueIfFalseReceiverWithFalseOperator",			"mutationStart" : 544,			"method" : "copyFrom:to:",			"mutationEnd" : 838		},		{			"operatorDescription" : "Remove ^",			"class" : "PP2BufferStream class",			"operatorClass" : "RemoveCaretOperator",			"mutationStart" : 35,			"method" : "new",			"mutationEnd" : 62		}	],	"mutationScoreAfter" : 84,	"mutationScoreBefore" : 83,	"testAmpLoc" : 0,	"amplifiedMethods" : [ ],	"testLoc" : "77",	"amplifiedClass" : "PP2BufferStreamTest259",	"numberOfAllMutationsInOriginal" : 93,	"targetLoc" : 113,	"newCovered" : [ ],	"timeBudgetFinished" : false,	"notCoveredInOriginal" : [		{			"operatorDescription" : "Remove ^",			"class" : "PP2BufferStream",			"operatorClass" : "RemoveCaretOperator",			"mutationStart" : 67,			"method" : "atPosition:",			"mutationEnd" : 77		},		{			"operatorDescription" : "Remove ^",			"class" : "PP2BufferStream",			"operatorClass" : "RemoveCaretOperator",			"mutationStart" : 249,			"method" : "atPosition:",			"mutationEnd" : 259		},		{			"operatorDescription" : "Replace #> with #<",			"class" : "PP2BufferStream",			"operatorClass" : "ReplaceGreaterWithLessMutantOperator",			"mutationStart" : 160,			"method" : "atPosition:",			"mutationEnd" : 184		},		{			"operatorDescription" : "Replace #ifTrue: receiver with false",			"class" : "PP2BufferStream",			"operatorClass" : "ReplaceIfTrueReceiverWithFalseOperator",			"mutationStart" : 27,			"method" : "atPosition:",			"mutationEnd" : 81		},		{			"operatorDescription" : "Replace #ifTrue: receiver with false",			"class" : "PP2BufferStream",			"operatorClass" : "ReplaceIfTrueReceiverWithFalseOperator",			"mutationStart" : 160,			"method" : "atPosition:",			"mutationEnd" : 244		},		{			"operatorDescription" : "Remove ^",			"class" : "PP2BufferStream",			"operatorClass" : "RemoveCaretOperator",			"mutationStart" : 16,			"method" : "asPetitStream",			"mutationEnd" : 37		},		{			"operatorDescription" : "Remove ^",			"class" : "PP2BufferStream",			"operatorClass" : "RemoveCaretOperator",			"mutationStart" : 18,			"method" : "asPetit2Context",			"mutationEnd" : 38		},		{			"operatorDescription" : "Replace #and: with #bEqv:",			"class" : "PP2BufferStream",			"operatorClass" : "ReplaceAndWithEqvMutantOperator",			"mutationStart" : 60,			"method" : "atEnd:",			"mutationEnd" : 107		},		{			"operatorDescription" : "Replace #'<=' with #<",			"class" : "PP2BufferStream",			"operatorClass" : "ReplaceLessOrEqualWithLessMutantOperator",			"mutationStart" : 544,			"method" : "copyFrom:to:",			"mutationEnd" : 570		},		{			"operatorDescription" : "Replace #'<=' with #=",			"class" : "PP2BufferStream",			"operatorClass" : "ReplaceLessOrEqualWithEqualMutantOperator",			"mutationStart" : 544,			"method" : "copyFrom:to:",			"mutationEnd" : 570		},		{			"operatorDescription" : "Replace #'>=' with #=",			"class" : "PP2BufferStream",			"operatorClass" : "ReplaceGreaterOrEqualWithEqualMutantOperator",			"mutationStart" : 100,			"method" : "copyFrom:to:",			"mutationEnd" : 128		},		{			"operatorDescription" : "Replace #'>=' with #=",			"class" : "PP2BufferStream",			"operatorClass" : "ReplaceGreaterOrEqualWithEqualMutantOperator",			"mutationStart" : 220,			"method" : "copyFrom:to:",			"mutationEnd" : 251		},		{			"operatorDescription" : "Replace #ifTrue:ifFalse: receiver with false",			"class" : "PP2BufferStream",			"operatorClass" : "ReplaceIfTrueIfFalseReceiverWithFalseOperator",			"mutationStart" : 544,			"method" : "copyFrom:to:",			"mutationEnd" : 838		},		{			"operatorDescription" : "Remove ^",			"class" : "PP2BufferStream",			"operatorClass" : "RemoveCaretOperator",			"mutationStart" : 13,			"method" : "isBuffered",			"mutationEnd" : 18		},		{			"operatorDescription" : "Remove ^",			"class" : "PP2BufferStream class",			"operatorClass" : "RemoveCaretOperator",			"mutationStart" : 35,			"method" : "new",			"mutationEnd" : 62		}	],	"testCase" : "PP2BufferStreamTest",	"unixtime" : 1604950267,	"timeTotal" : 31}