{	"targetClasses" : [		"PP2BypassVisitor"	],	"testMethodsIgnored" : [ ],	"methodsNotProfiled" : [		"PP2BypassVisitor>>#doPass:",		"PP2BypassVisitor>>#visitComposite:"	],	"numberOfOriginalTestMethods" : 5,	"timeDetail" : [		"init: % 1.49 (183 milliseconds)",		"assertionAmplification: % 58.68 (7 seconds 223 milliseconds)",		"selection: % 9.99 (1 second 230 milliseconds)",		"inputAmplification: % 28.50 (3 seconds 508 milliseconds)",		"finalize: % 1.35 (166 milliseconds)"	],	"notCoveredInAmplified" : [		{			"operatorDescription" : "Remove ^",			"class" : "PP2BypassVisitor",			"operatorClass" : "RemoveCaretOperator",			"mutationStart" : 15,			"method" : "doPass:",			"mutationEnd" : 32		},		{			"operatorDescription" : "Replace #and: receiver with true",			"class" : "PP2BypassVisitor",			"operatorClass" : "ReplaceAndReceiverWithTrueOperator",			"mutationStart" : 65,			"method" : "visitPP2Node:",			"mutationEnd" : 140		}	],	"mutationScoreAfter" : 84,	"mutationScoreBefore" : 84,	"testAmpLoc" : 0,	"amplifiedMethods" : [ ],	"testLoc" : "36",	"amplifiedClass" : "PP2BypassVisitorTest86",	"numberOfAllMutationsInOriginal" : 13,	"targetLoc" : 13,	"newCovered" : [ ],	"timeBudgetFinished" : false,	"notCoveredInOriginal" : [		{			"operatorDescription" : "Remove ^",			"class" : "PP2BypassVisitor",			"operatorClass" : "RemoveCaretOperator",			"mutationStart" : 15,			"method" : "doPass:",			"mutationEnd" : 32		},		{			"operatorDescription" : "Replace #and: receiver with true",			"class" : "PP2BypassVisitor",			"operatorClass" : "ReplaceAndReceiverWithTrueOperator",			"mutationStart" : 65,			"method" : "visitPP2Node:",			"mutationEnd" : 140		}	],	"testCase" : "PP2BypassVisitorTest",	"unixtime" : 1604940463,	"timeTotal" : 12}