{	"targetClasses" : [		"PP2ContextChangesVisitor"	],	"testMethodsIgnored" : [ ],	"methodsNotProfiled" : [		"PP2ContextChangesVisitor>>#visitAction:",		"PP2ContextChangesVisitor>>#visitPP2Node:",		"PP2ContextChangesVisitor>>#visitEndOfInput:",		"PP2ContextChangesVisitor>>#visitComposite:",		"PP2ContextChangesVisitor>>#visitPluggable:",		"PP2ContextChangesVisitor>>#visitWater:",		"PP2ContextChangesVisitor>>#visitNewLine:",		"PP2ContextChangesVisitor>>#visitPredicateSequence:",		"PP2ContextChangesVisitor>>#visitLiteralSequence:",		"PP2ContextChangesVisitor>>#visitNonEpsilon:",		"PP2ContextChangesVisitor>>#visitToken:",		"PP2ContextChangesVisitor>>#visitAdaptable:",		"PP2ContextChangesVisitor>>#openedResultFor:",		"PP2ContextChangesVisitor>>#visitEnd:",		"PP2ContextChangesVisitor>>#visitSmalltalkWhitespace:",		"PP2ContextChangesVisitor>>#visitPredicateObject:",		"PP2ContextChangesVisitor>>#visitFlatten:",		"PP2ContextChangesVisitor>>#visitStartOfLine:",		"PP2ContextChangesVisitor>>#visitTrimming:",		"PP2ContextChangesVisitor>>#visitEndOfLine:",		"PP2ContextChangesVisitor>>#visitMapping:",		"PP2ContextChangesVisitor>>#visitSea:",		"PP2ContextChangesVisitor>>#visitFailing:",		"PP2ContextChangesVisitor>>#visitNot:"	],	"numberOfOriginalTestMethods" : 30,	"timeDetail" : [		"init: % 1.44 (2 seconds 168 milliseconds)",		"assertionAmplification: % 41.45 (1 minute 2 seconds 343 milliseconds)",		"selection: % 42.45 (1 minute 3 seconds 852 milliseconds)",		"inputAmplification: % 12.91 (19 seconds 414 milliseconds)",		"finalize: % 1.75 (2 seconds 629 milliseconds)"	],	"notCoveredInAmplified" : [		{			"operatorDescription" : "Remove ^",			"class" : "PP2ContextChangesVisitor",			"operatorClass" : "RemoveCaretOperator",			"mutationStart" : 20,			"method" : "visitAction:",			"mutationEnd" : 45		},		{			"operatorDescription" : "Remove ^",			"class" : "PP2ContextChangesVisitor",			"operatorClass" : "RemoveCaretOperator",			"mutationStart" : 24,			"method" : "visitEndOfInput:",			"mutationEnd" : 97		},		{			"operatorDescription" : "Remove ^",			"class" : "PP2ContextChangesVisitor",			"operatorClass" : "RemoveCaretOperator",			"mutationStart" : 23,			"method" : "visitComposite:",			"mutationEnd" : 48		},		{			"operatorDescription" : "Remove ^",			"class" : "PP2ContextChangesVisitor",			"operatorClass" : "RemoveCaretOperator",			"mutationStart" : 23,			"method" : "visitPluggable:",			"mutationEnd" : 95		},		{			"operatorDescription" : "Remove ^",			"class" : "PP2ContextChangesVisitor",			"operatorClass" : "RemoveCaretOperator",			"mutationStart" : 73,			"method" : "visitPluggable:",			"mutationEnd" : 92		},		{			"operatorDescription" : "Remove #not",			"class" : "PP2ContextChangesVisitor",			"operatorClass" : "RemoveNotOperator",			"mutationStart" : 82,			"method" : "visitWater:",			"mutationEnd" : 130		},		{			"operatorDescription" : "Remove #not",			"class" : "PP2ContextChangesVisitor",			"operatorClass" : "RemoveNotOperator",			"mutationStart" : 148,			"method" : "visitWater:",			"mutationEnd" : 194		},		{			"operatorDescription" : "Remove ^",			"class" : "PP2ContextChangesVisitor",			"operatorClass" : "RemoveCaretOperator",			"mutationStart" : 19,			"method" : "visitWater:",			"mutationEnd" : 222		},		{			"operatorDescription" : "Remove ^",			"class" : "PP2ContextChangesVisitor",			"operatorClass" : "RemoveCaretOperator",			"mutationStart" : 21,			"method" : "visitNewLine:",			"mutationEnd" : 94		},		{			"operatorDescription" : "Remove ^",			"class" : "PP2ContextChangesVisitor",			"operatorClass" : "RemoveCaretOperator",			"mutationStart" : 31,			"method" : "visitPredicateSequence:",			"mutationEnd" : 104		},		{			"operatorDescription" : "Remove ^",			"class" : "PP2ContextChangesVisitor",			"operatorClass" : "RemoveCaretOperator",			"mutationStart" : 319,			"method" : "sequenceResult:",			"mutationEnd" : 338		},		{			"operatorDescription" : "Remove ^",			"class" : "PP2ContextChangesVisitor",			"operatorClass" : "RemoveCaretOperator",			"mutationStart" : 537,			"method" : "sequenceResult:",			"mutationEnd" : 556		},		{			"operatorDescription" : "Remove ^",			"class" : "PP2ContextChangesVisitor",			"operatorClass" : "RemoveCaretOperator",			"mutationStart" : 586,			"method" : "sequenceResult:",			"mutationEnd" : 605		},		{			"operatorDescription" : "Replace #and: argument with [true]",			"class" : "PP2ContextChangesVisitor",			"operatorClass" : "ReplaceAndArgumentWithTrueOperator",			"mutationStart" : 767,			"method" : "sequenceResult:",			"mutationEnd" : 806		},		{			"operatorDescription" : "Replace #and: receiver with true",			"class" : "PP2ContextChangesVisitor",			"operatorClass" : "ReplaceAndReceiverWithTrueOperator",			"mutationStart" : 613,			"method" : "sequenceResult:",			"mutationEnd" : 654		},		{			"operatorDescription" : "Replace #and: receiver with true",			"class" : "PP2ContextChangesVisitor",			"operatorClass" : "ReplaceAndReceiverWithTrueOperator",			"mutationStart" : 690,			"method" : "sequenceResult:",			"mutationEnd" : 731		},		{			"operatorDescription" : "Replace #and: receiver with true",			"class" : "PP2ContextChangesVisitor",			"operatorClass" : "ReplaceAndReceiverWithTrueOperator",			"mutationStart" : 767,			"method" : "sequenceResult:",			"mutationEnd" : 806		},		{			"operatorDescription" : "Replace #and: with #bEqv:",			"class" : "PP2ContextChangesVisitor",			"operatorClass" : "ReplaceAndWithEqvMutantOperator",			"mutationStart" : 690,			"method" : "sequenceResult:",			"mutationEnd" : 731		},		{			"operatorDescription" : "Replace #and: with #or:",			"class" : "PP2ContextChangesVisitor",			"operatorClass" : "ReplaceAndWithOrMutantOperator",			"mutationStart" : 767,			"method" : "sequenceResult:",			"mutationEnd" : 806		},		{			"operatorDescription" : "Replace #ifTrue: receiver with false",			"class" : "PP2ContextChangesVisitor",			"operatorClass" : "ReplaceIfTrueReceiverWithFalseOperator",			"mutationStart" : 240,			"method" : "sequenceResult:",			"mutationEnd" : 341		},		{			"operatorDescription" : "Replace #ifTrue: receiver with false",			"class" : "PP2ContextChangesVisitor",			"operatorClass" : "ReplaceIfTrueReceiverWithFalseOperator",			"mutationStart" : 511,			"method" : "sequenceResult:",			"mutationEnd" : 558		},		{			"operatorDescription" : "Replace #ifTrue: receiver with false",			"class" : "PP2ContextChangesVisitor",			"operatorClass" : "ReplaceIfTrueReceiverWithFalseOperator",			"mutationStart" : 562,			"method" : "sequenceResult:",			"mutationEnd" : 607		},		{			"operatorDescription" : "Replace #ifTrue: receiver with true",			"class" : "PP2ContextChangesVisitor",			"operatorClass" : "ReplaceIfTrueReceiverWithTrueOperator",			"mutationStart" : 767,			"method" : "sequenceResult:",			"mutationEnd" : 1042		},		{			"operatorDescription" : "Remove ^",			"class" : "PP2ContextChangesVisitor",			"operatorClass" : "RemoveCaretOperator",			"mutationStart" : 29,			"method" : "visitLiteralSequence:",			"mutationEnd" : 102		},		{			"operatorDescription" : "Remove ^",			"class" : "PP2ContextChangesVisitor",			"operatorClass" : "RemoveCaretOperator",			"mutationStart" : 24,			"method" : "visitNonEpsilon:",			"mutationEnd" : 49		},		{			"operatorDescription" : "Remove ^",			"class" : "PP2ContextChangesVisitor",			"operatorClass" : "RemoveCaretOperator",			"mutationStart" : 19,			"method" : "visitToken:",			"mutationEnd" : 44		},		{			"operatorDescription" : "Remove ^",			"class" : "PP2ContextChangesVisitor",			"operatorClass" : "RemoveCaretOperator",			"mutationStart" : 23,			"method" : "visitAdaptable:",			"mutationEnd" : 93		},		{			"operatorDescription" : "Remove ^",			"class" : "PP2ContextChangesVisitor",			"operatorClass" : "RemoveCaretOperator",			"mutationStart" : 27,			"method" : "openedResultFor:",			"mutationEnd" : 48		},		{			"operatorDescription" : "Remove ^",			"class" : "PP2ContextChangesVisitor",			"operatorClass" : "RemoveCaretOperator",			"mutationStart" : 17,			"method" : "visitEnd:",			"mutationEnd" : 42		},		{			"operatorDescription" : "Remove ^",			"class" : "PP2ContextChangesVisitor",			"operatorClass" : "RemoveCaretOperator",			"mutationStart" : 33,			"method" : "visitSmalltalkWhitespace:",			"mutationEnd" : 54		},		{			"operatorDescription" : "Remove ^",			"class" : "PP2ContextChangesVisitor",			"operatorClass" : "RemoveCaretOperator",			"mutationStart" : 29,			"method" : "visitPredicateObject:",			"mutationEnd" : 102		},		{			"operatorDescription" : "Remove ^",			"class" : "PP2ContextChangesVisitor",			"operatorClass" : "RemoveCaretOperator",			"mutationStart" : 21,			"method" : "visitFlatten:",			"mutationEnd" : 46		},		{			"operatorDescription" : "Remove ^",			"class" : "PP2ContextChangesVisitor",			"operatorClass" : "RemoveCaretOperator",			"mutationStart" : 25,			"method" : "visitStartOfLine:",			"mutationEnd" : 98		},		{			"operatorDescription" : "Remove #not",			"class" : "PP2ContextChangesVisitor",			"operatorClass" : "RemoveNotOperator",			"mutationStart" : 85,			"method" : "visitTrimming:",			"mutationEnd" : 130		},		{			"operatorDescription" : "Remove ^",			"class" : "PP2ContextChangesVisitor",			"operatorClass" : "RemoveCaretOperator",			"mutationStart" : 22,			"method" : "visitTrimming:",			"mutationEnd" : 159		},		{			"operatorDescription" : "Remove ^",			"class" : "PP2ContextChangesVisitor",			"operatorClass" : "RemoveCaretOperator",			"mutationStart" : 23,			"method" : "visitEndOfLine:",			"mutationEnd" : 96		},		{			"operatorDescription" : "Remove ^",			"class" : "PP2ContextChangesVisitor",			"operatorClass" : "RemoveCaretOperator",			"mutationStart" : 21,			"method" : "visitMapping:",			"mutationEnd" : 46		},		{			"operatorDescription" : "Remove #not",			"class" : "PP2ContextChangesVisitor",			"operatorClass" : "RemoveNotOperator",			"mutationStart" : 237,			"method" : "visitSea:",			"mutationEnd" : 286		},		{			"operatorDescription" : "Remove #not",			"class" : "PP2ContextChangesVisitor",			"operatorClass" : "RemoveNotOperator",			"mutationStart" : 304,			"method" : "visitSea:",			"mutationEnd" : 352		},		{			"operatorDescription" : "Remove ^",			"class" : "PP2ContextChangesVisitor",			"operatorClass" : "RemoveCaretOperator",			"mutationStart" : 17,			"method" : "visitSea:",			"mutationEnd" : 384		},		{			"operatorDescription" : "Remove ^",			"class" : "PP2ContextChangesVisitor",			"operatorClass" : "RemoveCaretOperator",			"mutationStart" : 357,			"method" : "visitSea:",			"mutationEnd" : 381		},		{			"operatorDescription" : "Remove ^",			"class" : "PP2ContextChangesVisitor",			"operatorClass" : "RemoveCaretOperator",			"mutationStart" : 21,			"method" : "visitFailing:",			"mutationEnd" : 94		},		{			"operatorDescription" : "Remove ^",			"class" : "PP2ContextChangesVisitor",			"operatorClass" : "RemoveCaretOperator",			"mutationStart" : 17,			"method" : "visitNot:",			"mutationEnd" : 90		},		{			"operatorDescription" : "Remove ^",			"class" : "PP2ContextChangesVisitor",			"operatorClass" : "RemoveCaretOperator",			"mutationStart" : 72,			"method" : "visitWrapping:",			"mutationEnd" : 91		}	],	"mutationScoreAfter" : 61,	"mutationScoreBefore" : 63,	"testAmpLoc" : 0,	"amplifiedMethods" : [ ],	"testLoc" : "121",	"amplifiedClass" : "PP2ContextChangesVisitorTest504",	"numberOfAllMutationsInOriginal" : 114,	"targetLoc" : 189,	"newCovered" : [		{			"operatorDescription" : "Replace #ifTrue: receiver with true",			"class" : "PP2ContextChangesVisitor",			"operatorClass" : "ReplaceIfTrueReceiverWithTrueOperator",			"mutationStart" : 131,			"method" : "sequenceResult:",			"mutationEnd" : 235		},		{			"operatorDescription" : "Replace #ifTrue: receiver with true",			"class" : "PP2ContextChangesVisitor",			"operatorClass" : "ReplaceIfTrueReceiverWithTrueOperator",			"mutationStart" : 240,			"method" : "sequenceResult:",			"mutationEnd" : 341		},		{			"operatorDescription" : "Replace #ifTrue: receiver with true",			"class" : "PP2ContextChangesVisitor",			"operatorClass" : "ReplaceIfTrueReceiverWithTrueOperator",			"mutationStart" : 511,			"method" : "sequenceResult:",			"mutationEnd" : 558		},		{			"operatorDescription" : "Replace #ifTrue: receiver with true",			"class" : "PP2ContextChangesVisitor",			"operatorClass" : "ReplaceIfTrueReceiverWithTrueOperator",			"mutationStart" : 562,			"method" : "sequenceResult:",			"mutationEnd" : 607		},		{			"operatorDescription" : "Replace #ifTrue: receiver with true",			"class" : "PP2ContextChangesVisitor",			"operatorClass" : "ReplaceIfTrueReceiverWithTrueOperator",			"mutationStart" : 613,			"method" : "sequenceResult:",			"mutationEnd" : 686		},		{			"operatorDescription" : "Replace #ifTrue: receiver with true",			"class" : "PP2ContextChangesVisitor",			"operatorClass" : "ReplaceIfTrueReceiverWithTrueOperator",			"mutationStart" : 690,			"method" : "sequenceResult:",			"mutationEnd" : 761		},		{			"operatorDescription" : "Replace #ifTrue: with #ifFalse:",			"class" : "PP2ContextChangesVisitor",			"operatorClass" : "ReplaceIfTrueWithIfFalseMutantOperator",			"mutationStart" : 131,			"method" : "sequenceResult:",			"mutationEnd" : 235		},		{			"operatorDescription" : "Replace #ifTrue: with #ifFalse:",			"class" : "PP2ContextChangesVisitor",			"operatorClass" : "ReplaceIfTrueWithIfFalseMutantOperator",			"mutationStart" : 240,			"method" : "sequenceResult:",			"mutationEnd" : 341		}	],	"timeBudgetFinished" : false,	"notCoveredInOriginal" : [		{			"operatorDescription" : "Remove ^",			"class" : "PP2ContextChangesVisitor",			"operatorClass" : "RemoveCaretOperator",			"mutationStart" : 20,			"method" : "visitAction:",			"mutationEnd" : 45		},		{			"operatorDescription" : "Remove ^",			"class" : "PP2ContextChangesVisitor",			"operatorClass" : "RemoveCaretOperator",			"mutationStart" : 24,			"method" : "visitEndOfInput:",			"mutationEnd" : 97		},		{			"operatorDescription" : "Remove ^",			"class" : "PP2ContextChangesVisitor",			"operatorClass" : "RemoveCaretOperator",			"mutationStart" : 23,			"method" : "visitComposite:",			"mutationEnd" : 48		},		{			"operatorDescription" : "Remove ^",			"class" : "PP2ContextChangesVisitor",			"operatorClass" : "RemoveCaretOperator",			"mutationStart" : 23,			"method" : "visitPluggable:",			"mutationEnd" : 95		},		{			"operatorDescription" : "Remove ^",			"class" : "PP2ContextChangesVisitor",			"operatorClass" : "RemoveCaretOperator",			"mutationStart" : 73,			"method" : "visitPluggable:",			"mutationEnd" : 92		},		{			"operatorDescription" : "Remove #not",			"class" : "PP2ContextChangesVisitor",			"operatorClass" : "RemoveNotOperator",			"mutationStart" : 82,			"method" : "visitWater:",			"mutationEnd" : 130		},		{			"operatorDescription" : "Remove #not",			"class" : "PP2ContextChangesVisitor",			"operatorClass" : "RemoveNotOperator",			"mutationStart" : 148,			"method" : "visitWater:",			"mutationEnd" : 194		},		{			"operatorDescription" : "Remove ^",			"class" : "PP2ContextChangesVisitor",			"operatorClass" : "RemoveCaretOperator",			"mutationStart" : 19,			"method" : "visitWater:",			"mutationEnd" : 222		},		{			"operatorDescription" : "Remove ^",			"class" : "PP2ContextChangesVisitor",			"operatorClass" : "RemoveCaretOperator",			"mutationStart" : 21,			"method" : "visitNewLine:",			"mutationEnd" : 94		},		{			"operatorDescription" : "Remove ^",			"class" : "PP2ContextChangesVisitor",			"operatorClass" : "RemoveCaretOperator",			"mutationStart" : 31,			"method" : "visitPredicateSequence:",			"mutationEnd" : 104		},		{			"operatorDescription" : "Remove ^",			"class" : "PP2ContextChangesVisitor",			"operatorClass" : "RemoveCaretOperator",			"mutationStart" : 319,			"method" : "sequenceResult:",			"mutationEnd" : 338		},		{			"operatorDescription" : "Remove ^",			"class" : "PP2ContextChangesVisitor",			"operatorClass" : "RemoveCaretOperator",			"mutationStart" : 537,			"method" : "sequenceResult:",			"mutationEnd" : 556		},		{			"operatorDescription" : "Remove ^",			"class" : "PP2ContextChangesVisitor",			"operatorClass" : "RemoveCaretOperator",			"mutationStart" : 586,			"method" : "sequenceResult:",			"mutationEnd" : 605		},		{			"operatorDescription" : "Replace #and: argument with [true]",			"class" : "PP2ContextChangesVisitor",			"operatorClass" : "ReplaceAndArgumentWithTrueOperator",			"mutationStart" : 767,			"method" : "sequenceResult:",			"mutationEnd" : 806		},		{			"operatorDescription" : "Replace #and: receiver with true",			"class" : "PP2ContextChangesVisitor",			"operatorClass" : "ReplaceAndReceiverWithTrueOperator",			"mutationStart" : 613,			"method" : "sequenceResult:",			"mutationEnd" : 654		},		{			"operatorDescription" : "Replace #and: receiver with true",			"class" : "PP2ContextChangesVisitor",			"operatorClass" : "ReplaceAndReceiverWithTrueOperator",			"mutationStart" : 690,			"method" : "sequenceResult:",			"mutationEnd" : 731		},		{			"operatorDescription" : "Replace #and: receiver with true",			"class" : "PP2ContextChangesVisitor",			"operatorClass" : "ReplaceAndReceiverWithTrueOperator",			"mutationStart" : 767,			"method" : "sequenceResult:",			"mutationEnd" : 806		},		{			"operatorDescription" : "Replace #and: with #bEqv:",			"class" : "PP2ContextChangesVisitor",			"operatorClass" : "ReplaceAndWithEqvMutantOperator",			"mutationStart" : 690,			"method" : "sequenceResult:",			"mutationEnd" : 731		},		{			"operatorDescription" : "Replace #and: with #bEqv:",			"class" : "PP2ContextChangesVisitor",			"operatorClass" : "ReplaceAndWithEqvMutantOperator",			"mutationStart" : 767,			"method" : "sequenceResult:",			"mutationEnd" : 806		},		{			"operatorDescription" : "Replace #and: with #or:",			"class" : "PP2ContextChangesVisitor",			"operatorClass" : "ReplaceAndWithOrMutantOperator",			"mutationStart" : 767,			"method" : "sequenceResult:",			"mutationEnd" : 806		},		{			"operatorDescription" : "Replace #ifTrue: receiver with false",			"class" : "PP2ContextChangesVisitor",			"operatorClass" : "ReplaceIfTrueReceiverWithFalseOperator",			"mutationStart" : 240,			"method" : "sequenceResult:",			"mutationEnd" : 341		},		{			"operatorDescription" : "Remove ^",			"class" : "PP2ContextChangesVisitor",			"operatorClass" : "RemoveCaretOperator",			"mutationStart" : 29,			"method" : "visitLiteralSequence:",			"mutationEnd" : 102		},		{			"operatorDescription" : "Remove ^",			"class" : "PP2ContextChangesVisitor",			"operatorClass" : "RemoveCaretOperator",			"mutationStart" : 24,			"method" : "visitNonEpsilon:",			"mutationEnd" : 49		},		{			"operatorDescription" : "Remove ^",			"class" : "PP2ContextChangesVisitor",			"operatorClass" : "RemoveCaretOperator",			"mutationStart" : 19,			"method" : "visitToken:",			"mutationEnd" : 44		},		{			"operatorDescription" : "Remove ^",			"class" : "PP2ContextChangesVisitor",			"operatorClass" : "RemoveCaretOperator",			"mutationStart" : 23,			"method" : "visitAdaptable:",			"mutationEnd" : 93		},		{			"operatorDescription" : "Remove ^",			"class" : "PP2ContextChangesVisitor",			"operatorClass" : "RemoveCaretOperator",			"mutationStart" : 27,			"method" : "openedResultFor:",			"mutationEnd" : 48		},		{			"operatorDescription" : "Remove ^",			"class" : "PP2ContextChangesVisitor",			"operatorClass" : "RemoveCaretOperator",			"mutationStart" : 17,			"method" : "visitEnd:",			"mutationEnd" : 42		},		{			"operatorDescription" : "Remove ^",			"class" : "PP2ContextChangesVisitor",			"operatorClass" : "RemoveCaretOperator",			"mutationStart" : 33,			"method" : "visitSmalltalkWhitespace:",			"mutationEnd" : 54		},		{			"operatorDescription" : "Remove ^",			"class" : "PP2ContextChangesVisitor",			"operatorClass" : "RemoveCaretOperator",			"mutationStart" : 29,			"method" : "visitPredicateObject:",			"mutationEnd" : 102		},		{			"operatorDescription" : "Remove ^",			"class" : "PP2ContextChangesVisitor",			"operatorClass" : "RemoveCaretOperator",			"mutationStart" : 21,			"method" : "visitFlatten:",			"mutationEnd" : 46		},		{			"operatorDescription" : "Remove ^",			"class" : "PP2ContextChangesVisitor",			"operatorClass" : "RemoveCaretOperator",			"mutationStart" : 25,			"method" : "visitStartOfLine:",			"mutationEnd" : 98		},		{			"operatorDescription" : "Remove #not",			"class" : "PP2ContextChangesVisitor",			"operatorClass" : "RemoveNotOperator",			"mutationStart" : 85,			"method" : "visitTrimming:",			"mutationEnd" : 130		},		{			"operatorDescription" : "Remove ^",			"class" : "PP2ContextChangesVisitor",			"operatorClass" : "RemoveCaretOperator",			"mutationStart" : 22,			"method" : "visitTrimming:",			"mutationEnd" : 159		},		{			"operatorDescription" : "Remove ^",			"class" : "PP2ContextChangesVisitor",			"operatorClass" : "RemoveCaretOperator",			"mutationStart" : 23,			"method" : "visitEndOfLine:",			"mutationEnd" : 96		},		{			"operatorDescription" : "Remove ^",			"class" : "PP2ContextChangesVisitor",			"operatorClass" : "RemoveCaretOperator",			"mutationStart" : 21,			"method" : "visitMapping:",			"mutationEnd" : 46		},		{			"operatorDescription" : "Remove #not",			"class" : "PP2ContextChangesVisitor",			"operatorClass" : "RemoveNotOperator",			"mutationStart" : 237,			"method" : "visitSea:",			"mutationEnd" : 286		},		{			"operatorDescription" : "Remove #not",			"class" : "PP2ContextChangesVisitor",			"operatorClass" : "RemoveNotOperator",			"mutationStart" : 304,			"method" : "visitSea:",			"mutationEnd" : 352		},		{			"operatorDescription" : "Remove ^",			"class" : "PP2ContextChangesVisitor",			"operatorClass" : "RemoveCaretOperator",			"mutationStart" : 17,			"method" : "visitSea:",			"mutationEnd" : 384		},		{			"operatorDescription" : "Remove ^",			"class" : "PP2ContextChangesVisitor",			"operatorClass" : "RemoveCaretOperator",			"mutationStart" : 357,			"method" : "visitSea:",			"mutationEnd" : 381		},		{			"operatorDescription" : "Remove ^",			"class" : "PP2ContextChangesVisitor",			"operatorClass" : "RemoveCaretOperator",			"mutationStart" : 21,			"method" : "visitFailing:",			"mutationEnd" : 94		},		{			"operatorDescription" : "Remove ^",			"class" : "PP2ContextChangesVisitor",			"operatorClass" : "RemoveCaretOperator",			"mutationStart" : 17,			"method" : "visitNot:",			"mutationEnd" : 90		},		{			"operatorDescription" : "Remove ^",			"class" : "PP2ContextChangesVisitor",			"operatorClass" : "RemoveCaretOperator",			"mutationStart" : 72,			"method" : "visitWrapping:",			"mutationEnd" : 91		}	],	"testCase" : "PP2ContextChangesVisitorTest",	"unixtime" : 1604963657,	"timeTotal" : 150}