{	"targetClasses" : [		"PP2Context"	],	"testMethodsIgnored" : [ ],	"methodsNotProfiled" : [		"PP2Context>>#globalAt:ifAbsentPut:",		"PP2Context>>#waterPosition:",		"PP2Context>>#removeGlobal:ifAbsent:",		"PP2Context>>#applyChange:",		"PP2Context>>#globalAt:ifAbsent:",		"PP2Context>>#newToken:from:",		"PP2Context>>#stackNamed:",		"PP2Context>>#globalAt:put:",		"PP2Context>>#propertyAt:ifAbsentPut:",		"PP2Context>>#peekFor:",		"PP2Context>>#currentDebugResult:",		"PP2Context>>#removeProperty:",		"PP2Context>>#globalAt:",		"PP2Context>>#hasGlobal:",		"PP2Context>>#removeGlobal:",		"PP2Context>>#restorePosition:",		"PP2Context>>#nextFor:",		"PP2Context>>#removeProperty:ifAbsent:",		"PP2Context>>#printOn:",		"PP2Context>>#copyFrom:to:",		"PP2Context class>>#fileOutLocalMethodsInCategory:on:",		"PP2Context class>>#addSelector:withMethod:",		"PP2Context class>>#findOriginClassOf:",		"PP2Context class>>#addAndClassifySelector:withMethod:inProtocol:",		"PP2Context class>>#includesLocalSelector:",		"PP2Context class>>#removeFromComposition:",		"PP2Context class>>#recategorizeSelector:from:to:",		"PP2Context class>>#removeFromSystem:",		"PP2Context class>>#findOriginMethodOf:",		"PP2Context class>>#addSelector:withMethod:notifying:",		"PP2Context class>>#isLocalSelector:",		"PP2Context class>>#isLocalAliasSelector:",		"PP2Context class>>#removeSelector:",		"PP2Context class>>#traitComposition:",		"PP2Context class>>#isAliasSelector:",		"PP2Context class>>#localMethodDict:",		"PP2Context class>>#isLocalMethodsProtocol:"	],	"numberOfOriginalTestMethods" : 22,	"timeDetail" : [		"init: % 3.73 (11 seconds 114 milliseconds)",		"assertionAmplification: % 64.37 (3 minutes 11 seconds 630 milliseconds)",		"selection: % 13.55 (40 seconds 353 milliseconds)",		"inputAmplification: % 14.63 (43 seconds 555 milliseconds)",		"finalize: % 3.72 (11 seconds 71 milliseconds)"	],	"notCoveredInAmplified" : [		{			"operatorDescription" : "Remove ^",			"class" : "PP2Context",			"operatorClass" : "RemoveCaretOperator",			"mutationStart" : 20,			"method" : "globals:",			"mutationEnd" : 40		},		{			"operatorDescription" : "Remove ^",			"class" : "PP2Context",			"operatorClass" : "RemoveCaretOperator",			"mutationStart" : 14,			"method" : "debugResult",			"mutationEnd" : 232		},		{			"operatorDescription" : "Remove ^",			"class" : "PP2Context",			"operatorClass" : "RemoveCaretOperator",			"mutationStart" : 35,			"method" : "newToken:from:",			"mutationEnd" : 92		},		{			"operatorDescription" : "Replace #+ with #-",			"class" : "PP2Context",			"operatorClass" : "ReplacePlusWithMinusMutantOperator",			"mutationStart" : 71,			"method" : "newToken:from:",			"mutationEnd" : 79		},		{			"operatorDescription" : "Remove ^",			"class" : "PP2Context",			"operatorClass" : "RemoveCaretOperator",			"mutationStart" : 302,			"method" : "peekFor:",			"mutationEnd" : 307		},		{			"operatorDescription" : "Remove ^",			"class" : "PP2Context",			"operatorClass" : "RemoveCaretOperator",			"mutationStart" : 398,			"method" : "peekFor:",			"mutationEnd" : 402		},		{			"operatorDescription" : "Remove ^",			"class" : "PP2Context",			"operatorClass" : "RemoveCaretOperator",			"mutationStart" : 456,			"method" : "peekFor:",			"mutationEnd" : 461		},		{			"operatorDescription" : "Replace #- with #+",			"class" : "PP2Context",			"operatorClass" : "ReplaceMinusWithPlusMutantOperator",			"mutationStart" : 441,			"method" : "peekFor:",			"mutationEnd" : 452		},		{			"operatorDescription" : "Replace #= with #'~='",			"class" : "PP2Context",			"operatorClass" : "ReplaceEqualWithNotEqualOperator",			"mutationStart" : 367,			"method" : "peekFor:",			"mutationEnd" : 387		},		{			"operatorDescription" : "Replace #ifTrue: receiver with false",			"class" : "PP2Context",			"operatorClass" : "ReplaceIfTrueReceiverWithFalseOperator",			"mutationStart" : 282,			"method" : "peekFor:",			"mutationEnd" : 308		},		{			"operatorDescription" : "Replace #ifTrue: receiver with false",			"class" : "PP2Context",			"operatorClass" : "ReplaceIfTrueReceiverWithFalseOperator",			"mutationStart" : 367,			"method" : "peekFor:",			"mutationEnd" : 403		},		{			"operatorDescription" : "Replace #ifTrue: receiver with true",			"class" : "PP2Context",			"operatorClass" : "ReplaceIfTrueReceiverWithTrueOperator",			"mutationStart" : 282,			"method" : "peekFor:",			"mutationEnd" : 308		},		{			"operatorDescription" : "Replace #ifTrue: receiver with true",			"class" : "PP2Context",			"operatorClass" : "ReplaceIfTrueReceiverWithTrueOperator",			"mutationStart" : 367,			"method" : "peekFor:",			"mutationEnd" : 403		},		{			"operatorDescription" : "Replace #ifTrue: with #ifFalse:",			"class" : "PP2Context",			"operatorClass" : "ReplaceIfTrueWithIfFalseMutantOperator",			"mutationStart" : 282,			"method" : "peekFor:",			"mutationEnd" : 308		},		{			"operatorDescription" : "Replace #ifTrue: with #ifFalse:",			"class" : "PP2Context",			"operatorClass" : "ReplaceIfTrueWithIfFalseMutantOperator",			"mutationStart" : 367,			"method" : "peekFor:",			"mutationEnd" : 403		},		{			"operatorDescription" : "Remove #not",			"class" : "PP2Context",			"operatorClass" : "RemoveNotOperator",			"mutationStart" : 24,			"method" : "nextFor:",			"mutationEnd" : 51		},		{			"operatorDescription" : "Remove ^",			"class" : "PP2Context",			"operatorClass" : "RemoveCaretOperator",			"mutationStart" : 22,			"method" : "nextFor:",			"mutationEnd" : 237		},		{			"operatorDescription" : "Remove ^",			"class" : "PP2Context",			"operatorClass" : "RemoveCaretOperator",			"mutationStart" : 94,			"method" : "nextFor:",			"mutationEnd" : 209		},		{			"operatorDescription" : "Replace #+ with #-",			"class" : "PP2Context",			"operatorClass" : "ReplacePlusWithMinusMutantOperator",			"mutationStart" : 78,			"method" : "nextFor:",			"mutationEnd" : 89		},		{			"operatorDescription" : "Replace #- with #+",			"class" : "PP2Context",			"operatorClass" : "ReplaceMinusWithPlusMutantOperator",			"mutationStart" : 188,			"method" : "nextFor:",			"mutationEnd" : 199		},		{			"operatorDescription" : "Replace #ifTrue:ifFalse: receiver with false",			"class" : "PP2Context",			"operatorClass" : "ReplaceIfTrueIfFalseReceiverWithFalseOperator",			"mutationStart" : 24,			"method" : "nextFor:",			"mutationEnd" : 237		},		{			"operatorDescription" : "Replace #ifTrue:ifFalse: receiver with false",			"class" : "PP2Context",			"operatorClass" : "ReplaceIfTrueIfFalseReceiverWithFalseOperator",			"mutationStart" : 96,			"method" : "nextFor:",			"mutationEnd" : 209		},		{			"operatorDescription" : "Replace #ifTrue:ifFalse: receiver with true",			"class" : "PP2Context",			"operatorClass" : "ReplaceIfTrueIfFalseReceiverWithTrueOperator",			"mutationStart" : 24,			"method" : "nextFor:",			"mutationEnd" : 237		},		{			"operatorDescription" : "Replace #ifTrue:ifFalse: receiver with true",			"class" : "PP2Context",			"operatorClass" : "ReplaceIfTrueIfFalseReceiverWithTrueOperator",			"mutationStart" : 96,			"method" : "nextFor:",			"mutationEnd" : 209		},		{			"operatorDescription" : "Replace a == b with (a == b) not",			"class" : "PP2Context",			"operatorClass" : "ReplaceIdentityWithNegationOfIdentity",			"mutationStart" : 96,			"method" : "nextFor:",			"mutationEnd" : 141		},		{			"operatorDescription" : "Remove ^",			"class" : "PP2Context",			"operatorClass" : "RemoveCaretOperator",			"mutationStart" : 26,			"method" : "copyFrom:to:",			"mutationEnd" : 57		},		{			"operatorDescription" : "Remove ^",			"class" : "PP2Context",			"operatorClass" : "RemoveCaretOperator",			"mutationStart" : 23,			"method" : "asPositionableStream",			"mutationEnd" : 91		}	],	"mutationScoreAfter" : 65,	"mutationScoreBefore" : 67,	"testAmpLoc" : 138,	"amplifiedMethods" : [		"PP2ContextTest364>>#testAtEnd_amp_A12_A94",		"PP2ContextTest364>>#testAtEnd_amp_A27"	],	"testLoc" : "27",	"amplifiedClass" : "PP2ContextTest364",	"numberOfAllMutationsInOriginal" : 79,	"targetLoc" : 160,	"newCovered" : [		{			"operatorDescription" : "Remove ^",			"class" : "PP2Context",			"operatorClass" : "RemoveCaretOperator",			"mutationStart" : 18,			"method" : "isPetit2Context",			"mutationEnd" : 23		},		{			"operatorDescription" : "Replace #+ with #-",			"class" : "PP2Context",			"operatorClass" : "ReplacePlusWithMinusMutantOperator",			"mutationStart" : 20,			"method" : "shift",			"mutationEnd" : 31		},		{			"operatorDescription" : "Remove ^",			"class" : "PP2Context",			"operatorClass" : "RemoveCaretOperator",			"mutationStart" : 19,			"method" : "rememberPosition",			"mutationEnd" : 28		}	],	"timeBudgetFinished" : false,	"notCoveredInOriginal" : [		{			"operatorDescription" : "Remove ^",			"class" : "PP2Context",			"operatorClass" : "RemoveCaretOperator",			"mutationStart" : 20,			"method" : "globals:",			"mutationEnd" : 40		},		{			"operatorDescription" : "Remove ^",			"class" : "PP2Context",			"operatorClass" : "RemoveCaretOperator",			"mutationStart" : 18,			"method" : "isPetit2Context",			"mutationEnd" : 23		},		{			"operatorDescription" : "Remove ^",			"class" : "PP2Context",			"operatorClass" : "RemoveCaretOperator",			"mutationStart" : 14,			"method" : "debugResult",			"mutationEnd" : 232		},		{			"operatorDescription" : "Remove ^",			"class" : "PP2Context",			"operatorClass" : "RemoveCaretOperator",			"mutationStart" : 35,			"method" : "newToken:from:",			"mutationEnd" : 92		},		{			"operatorDescription" : "Replace #+ with #-",			"class" : "PP2Context",			"operatorClass" : "ReplacePlusWithMinusMutantOperator",			"mutationStart" : 71,			"method" : "newToken:from:",			"mutationEnd" : 79		},		{			"operatorDescription" : "Remove ^",			"class" : "PP2Context",			"operatorClass" : "RemoveCaretOperator",			"mutationStart" : 302,			"method" : "peekFor:",			"mutationEnd" : 307		},		{			"operatorDescription" : "Remove ^",			"class" : "PP2Context",			"operatorClass" : "RemoveCaretOperator",			"mutationStart" : 398,			"method" : "peekFor:",			"mutationEnd" : 402		},		{			"operatorDescription" : "Remove ^",			"class" : "PP2Context",			"operatorClass" : "RemoveCaretOperator",			"mutationStart" : 456,			"method" : "peekFor:",			"mutationEnd" : 461		},		{			"operatorDescription" : "Replace #- with #+",			"class" : "PP2Context",			"operatorClass" : "ReplaceMinusWithPlusMutantOperator",			"mutationStart" : 441,			"method" : "peekFor:",			"mutationEnd" : 452		},		{			"operatorDescription" : "Replace #= with #'~='",			"class" : "PP2Context",			"operatorClass" : "ReplaceEqualWithNotEqualOperator",			"mutationStart" : 367,			"method" : "peekFor:",			"mutationEnd" : 387		},		{			"operatorDescription" : "Replace #ifTrue: receiver with false",			"class" : "PP2Context",			"operatorClass" : "ReplaceIfTrueReceiverWithFalseOperator",			"mutationStart" : 282,			"method" : "peekFor:",			"mutationEnd" : 308		},		{			"operatorDescription" : "Replace #ifTrue: receiver with false",			"class" : "PP2Context",			"operatorClass" : "ReplaceIfTrueReceiverWithFalseOperator",			"mutationStart" : 367,			"method" : "peekFor:",			"mutationEnd" : 403		},		{			"operatorDescription" : "Replace #ifTrue: receiver with true",			"class" : "PP2Context",			"operatorClass" : "ReplaceIfTrueReceiverWithTrueOperator",			"mutationStart" : 282,			"method" : "peekFor:",			"mutationEnd" : 308		},		{			"operatorDescription" : "Replace #ifTrue: receiver with true",			"class" : "PP2Context",			"operatorClass" : "ReplaceIfTrueReceiverWithTrueOperator",			"mutationStart" : 367,			"method" : "peekFor:",			"mutationEnd" : 403		},		{			"operatorDescription" : "Replace #ifTrue: with #ifFalse:",			"class" : "PP2Context",			"operatorClass" : "ReplaceIfTrueWithIfFalseMutantOperator",			"mutationStart" : 282,			"method" : "peekFor:",			"mutationEnd" : 308		},		{			"operatorDescription" : "Replace #ifTrue: with #ifFalse:",			"class" : "PP2Context",			"operatorClass" : "ReplaceIfTrueWithIfFalseMutantOperator",			"mutationStart" : 367,			"method" : "peekFor:",			"mutationEnd" : 403		},		{			"operatorDescription" : "Replace #+ with #-",			"class" : "PP2Context",			"operatorClass" : "ReplacePlusWithMinusMutantOperator",			"mutationStart" : 20,			"method" : "shift",			"mutationEnd" : 31		},		{			"operatorDescription" : "Remove #not",			"class" : "PP2Context",			"operatorClass" : "RemoveNotOperator",			"mutationStart" : 24,			"method" : "nextFor:",			"mutationEnd" : 51		},		{			"operatorDescription" : "Remove ^",			"class" : "PP2Context",			"operatorClass" : "RemoveCaretOperator",			"mutationStart" : 22,			"method" : "nextFor:",			"mutationEnd" : 237		},		{			"operatorDescription" : "Remove ^",			"class" : "PP2Context",			"operatorClass" : "RemoveCaretOperator",			"mutationStart" : 94,			"method" : "nextFor:",			"mutationEnd" : 209		},		{			"operatorDescription" : "Replace #+ with #-",			"class" : "PP2Context",			"operatorClass" : "ReplacePlusWithMinusMutantOperator",			"mutationStart" : 78,			"method" : "nextFor:",			"mutationEnd" : 89		},		{			"operatorDescription" : "Replace #- with #+",			"class" : "PP2Context",			"operatorClass" : "ReplaceMinusWithPlusMutantOperator",			"mutationStart" : 188,			"method" : "nextFor:",			"mutationEnd" : 199		},		{			"operatorDescription" : "Replace a == b with (a == b) not",			"class" : "PP2Context",			"operatorClass" : "ReplaceIdentityWithNegationOfIdentity",			"mutationStart" : 96,			"method" : "nextFor:",			"mutationEnd" : 141		},		{			"operatorDescription" : "Remove ^",			"class" : "PP2Context",			"operatorClass" : "RemoveCaretOperator",			"mutationStart" : 19,			"method" : "rememberPosition",			"mutationEnd" : 28		},		{			"operatorDescription" : "Remove ^",			"class" : "PP2Context",			"operatorClass" : "RemoveCaretOperator",			"mutationStart" : 26,			"method" : "copyFrom:to:",			"mutationEnd" : 57		},		{			"operatorDescription" : "Remove ^",			"class" : "PP2Context",			"operatorClass" : "RemoveCaretOperator",			"mutationStart" : 23,			"method" : "asPositionableStream",			"mutationEnd" : 91		}	],	"testCase" : "PP2ContextTest",	"unixtime" : 1604938077,	"timeTotal" : 297}