{	"targetClasses" : [		"PP2ContextMemoizationVisitor"	],	"testMethodsIgnored" : [ ],	"methodsNotProfiled" : [		"PP2ContextMemoizationVisitor>>#doPass:",		"PP2ContextMemoizationVisitor>>#visitFlatten:",		"PP2ContextMemoizationVisitor>>#visitWater:",		"PP2ContextMemoizationVisitor>>#visitSea:"	],	"numberOfOriginalTestMethods" : 11,	"timeDetail" : [		"init: % 2.25 (838 milliseconds)",		"assertionAmplification: % 32.25 (11 seconds 995 milliseconds)",		"selection: % 48.94 (18 seconds 203 milliseconds)",		"inputAmplification: % 14.11 (5 seconds 246 milliseconds)",		"finalize: % 2.44 (909 milliseconds)"	],	"notCoveredInAmplified" : [		{			"operatorDescription" : "Remove ^",			"class" : "PP2ContextMemoizationVisitor",			"operatorClass" : "RemoveCaretOperator",			"mutationStart" : 15,			"method" : "doPass:",			"mutationEnd" : 32		},		{			"operatorDescription" : "Remove ^",			"class" : "PP2ContextMemoizationVisitor",			"operatorClass" : "RemoveCaretOperator",			"mutationStart" : 163,			"method" : "visitSequence:",			"mutationEnd" : 190		},		{			"operatorDescription" : "Remove ^",			"class" : "PP2ContextMemoizationVisitor",			"operatorClass" : "RemoveCaretOperator",			"mutationStart" : 295,			"method" : "visitSequence:",			"mutationEnd" : 322		},		{			"operatorDescription" : "Remove ^",			"class" : "PP2ContextMemoizationVisitor",			"operatorClass" : "RemoveCaretOperator",			"mutationStart" : 429,			"method" : "visitSequence:",			"mutationEnd" : 456		},		{			"operatorDescription" : "Remove ^",			"class" : "PP2ContextMemoizationVisitor",			"operatorClass" : "RemoveCaretOperator",			"mutationStart" : 748,			"method" : "visitSequence:",			"mutationEnd" : 775		},		{			"operatorDescription" : "Remove ^",			"class" : "PP2ContextMemoizationVisitor",			"operatorClass" : "RemoveCaretOperator",			"mutationStart" : 784,			"method" : "visitSequence:",			"mutationEnd" : 811		},		{			"operatorDescription" : "Replace #and: argument with [true]",			"class" : "PP2ContextMemoizationVisitor",			"operatorClass" : "ReplaceAndArgumentWithTrueOperator",			"mutationStart" : 464,			"method" : "visitSequence:",			"mutationEnd" : 594		},		{			"operatorDescription" : "Replace #and: receiver with true",			"class" : "PP2ContextMemoizationVisitor",			"operatorClass" : "ReplaceAndReceiverWithTrueOperator",			"mutationStart" : 464,			"method" : "visitSequence:",			"mutationEnd" : 594		},		{			"operatorDescription" : "Replace #and: with #bEqv:",			"class" : "PP2ContextMemoizationVisitor",			"operatorClass" : "ReplaceAndWithEqvMutantOperator",			"mutationStart" : 464,			"method" : "visitSequence:",			"mutationEnd" : 594		},		{			"operatorDescription" : "Replace #and: with #nand:",			"class" : "PP2ContextMemoizationVisitor",			"operatorClass" : "ReplaceAndWithNandMutantOperator",			"mutationStart" : 464,			"method" : "visitSequence:",			"mutationEnd" : 594		},		{			"operatorDescription" : "Replace #and: with #or:",			"class" : "PP2ContextMemoizationVisitor",			"operatorClass" : "ReplaceAndWithOrMutantOperator",			"mutationStart" : 464,			"method" : "visitSequence:",			"mutationEnd" : 594		},		{			"operatorDescription" : "Replace #and: with false",			"class" : "PP2ContextMemoizationVisitor",			"operatorClass" : "ReplaceAndWithFalseOperator",			"mutationStart" : 464,			"method" : "visitSequence:",			"mutationEnd" : 594		},		{			"operatorDescription" : "Replace #ifTrue: receiver with false",			"class" : "PP2ContextMemoizationVisitor",			"operatorClass" : "ReplaceIfTrueReceiverWithFalseOperator",			"mutationStart" : 464,			"method" : "visitSequence:",			"mutationEnd" : 778		},		{			"operatorDescription" : "Replace #ifTrue: receiver with true",			"class" : "PP2ContextMemoizationVisitor",			"operatorClass" : "ReplaceIfTrueReceiverWithTrueOperator",			"mutationStart" : 330,			"method" : "visitSequence:",			"mutationEnd" : 459		},		{			"operatorDescription" : "Replace #ifTrue: receiver with true",			"class" : "PP2ContextMemoizationVisitor",			"operatorClass" : "ReplaceIfTrueReceiverWithTrueOperator",			"mutationStart" : 464,			"method" : "visitSequence:",			"mutationEnd" : 778		},		{			"operatorDescription" : "Replace #ifTrue: with #ifFalse:",			"class" : "PP2ContextMemoizationVisitor",			"operatorClass" : "ReplaceIfTrueWithIfFalseMutantOperator",			"mutationStart" : 464,			"method" : "visitSequence:",			"mutationEnd" : 778		},		{			"operatorDescription" : "Replace #ifFalse: receiver with false",			"class" : "PP2ContextMemoizationVisitor",			"operatorClass" : "ReplaceIfFalseReceiverWithFalseOperator",			"mutationStart" : 21,			"method" : "visitFlatten:",			"mutationEnd" : 119		},		{			"operatorDescription" : "Replace #ifFalse: receiver with true",			"class" : "PP2ContextMemoizationVisitor",			"operatorClass" : "ReplaceIfFalseReceiverWithTrueOperator",			"mutationStart" : 21,			"method" : "visitFlatten:",			"mutationEnd" : 119		},		{			"operatorDescription" : "Replace #ifFalse: with #ifTrue:",			"class" : "PP2ContextMemoizationVisitor",			"operatorClass" : "ReplaceIfFalseWithIfTrueMutantOperator",			"mutationStart" : 21,			"method" : "visitFlatten:",			"mutationEnd" : 119		},		{			"operatorDescription" : "Remove ^",			"class" : "PP2ContextMemoizationVisitor",			"operatorClass" : "RemoveCaretOperator",			"mutationStart" : 133,			"method" : "visitWater:",			"mutationEnd" : 157		},		{			"operatorDescription" : "Replace #ifFalse: receiver with false",			"class" : "PP2ContextMemoizationVisitor",			"operatorClass" : "ReplaceIfFalseReceiverWithFalseOperator",			"mutationStart" : 19,			"method" : "visitWater:",			"mutationEnd" : 128		},		{			"operatorDescription" : "Replace #ifFalse: receiver with true",			"class" : "PP2ContextMemoizationVisitor",			"operatorClass" : "ReplaceIfFalseReceiverWithTrueOperator",			"mutationStart" : 19,			"method" : "visitWater:",			"mutationEnd" : 128		},		{			"operatorDescription" : "Replace #ifFalse: with #ifTrue:",			"class" : "PP2ContextMemoizationVisitor",			"operatorClass" : "ReplaceIfFalseWithIfTrueMutantOperator",			"mutationStart" : 19,			"method" : "visitWater:",			"mutationEnd" : 128		},		{			"operatorDescription" : "Remove ^",			"class" : "PP2ContextMemoizationVisitor",			"operatorClass" : "RemoveCaretOperator",			"mutationStart" : 120,			"method" : "visitSea:",			"mutationEnd" : 142		},		{			"operatorDescription" : "Replace #ifFalse: receiver with false",			"class" : "PP2ContextMemoizationVisitor",			"operatorClass" : "ReplaceIfFalseReceiverWithFalseOperator",			"mutationStart" : 17,			"method" : "visitSea:",			"mutationEnd" : 115		},		{			"operatorDescription" : "Replace #ifFalse: receiver with true",			"class" : "PP2ContextMemoizationVisitor",			"operatorClass" : "ReplaceIfFalseReceiverWithTrueOperator",			"mutationStart" : 17,			"method" : "visitSea:",			"mutationEnd" : 115		},		{			"operatorDescription" : "Replace #ifFalse: with #ifTrue:",			"class" : "PP2ContextMemoizationVisitor",			"operatorClass" : "ReplaceIfFalseWithIfTrueMutantOperator",			"mutationStart" : 17,			"method" : "visitSea:",			"mutationEnd" : 115		},		{			"operatorDescription" : "Remove ^",			"class" : "PP2ContextMemoizationVisitor",			"operatorClass" : "RemoveCaretOperator",			"mutationStart" : 125,			"method" : "visitNot:",			"mutationEnd" : 147		},		{			"operatorDescription" : "Remove ^",			"class" : "PP2ContextMemoizationVisitor",			"operatorClass" : "RemoveCaretOperator",			"mutationStart" : 259,			"method" : "visitNot:",			"mutationEnd" : 281		},		{			"operatorDescription" : "Remove ^",			"class" : "PP2ContextMemoizationVisitor",			"operatorClass" : "RemoveCaretOperator",			"mutationStart" : 395,			"method" : "visitNot:",			"mutationEnd" : 417		},		{			"operatorDescription" : "Remove ^",			"class" : "PP2ContextMemoizationVisitor",			"operatorClass" : "RemoveCaretOperator",			"mutationStart" : 426,			"method" : "visitNot:",			"mutationEnd" : 448		},		{			"operatorDescription" : "Replace #ifTrue: receiver with false",			"class" : "PP2ContextMemoizationVisitor",			"operatorClass" : "ReplaceIfTrueReceiverWithFalseOperator",			"mutationStart" : 156,			"method" : "visitNot:",			"mutationEnd" : 285		},		{			"operatorDescription" : "Replace #ifTrue: receiver with false",			"class" : "PP2ContextMemoizationVisitor",			"operatorClass" : "ReplaceIfTrueReceiverWithFalseOperator",			"mutationStart" : 290,			"method" : "visitNot:",			"mutationEnd" : 421		},		{			"operatorDescription" : "Replace #ifTrue: receiver with true",			"class" : "PP2ContextMemoizationVisitor",			"operatorClass" : "ReplaceIfTrueReceiverWithTrueOperator",			"mutationStart" : 156,			"method" : "visitNot:",			"mutationEnd" : 285		},		{			"operatorDescription" : "Replace #ifTrue: receiver with true",			"class" : "PP2ContextMemoizationVisitor",			"operatorClass" : "ReplaceIfTrueReceiverWithTrueOperator",			"mutationStart" : 290,			"method" : "visitNot:",			"mutationEnd" : 421		},		{			"operatorDescription" : "Replace #ifTrue: with #ifFalse:",			"class" : "PP2ContextMemoizationVisitor",			"operatorClass" : "ReplaceIfTrueWithIfFalseMutantOperator",			"mutationStart" : 156,			"method" : "visitNot:",			"mutationEnd" : 285		},		{			"operatorDescription" : "Replace #ifTrue: with #ifFalse:",			"class" : "PP2ContextMemoizationVisitor",			"operatorClass" : "ReplaceIfTrueWithIfFalseMutantOperator",			"mutationStart" : 290,			"method" : "visitNot:",			"mutationEnd" : 421		},		{			"operatorDescription" : "Remove ^",			"class" : "PP2ContextMemoizationVisitor",			"operatorClass" : "RemoveCaretOperator",			"mutationStart" : 125,			"method" : "visitAnd:",			"mutationEnd" : 147		},		{			"operatorDescription" : "Remove ^",			"class" : "PP2ContextMemoizationVisitor",			"operatorClass" : "RemoveCaretOperator",			"mutationStart" : 259,			"method" : "visitAnd:",			"mutationEnd" : 281		},		{			"operatorDescription" : "Remove ^",			"class" : "PP2ContextMemoizationVisitor",			"operatorClass" : "RemoveCaretOperator",			"mutationStart" : 395,			"method" : "visitAnd:",			"mutationEnd" : 417		},		{			"operatorDescription" : "Remove ^",			"class" : "PP2ContextMemoizationVisitor",			"operatorClass" : "RemoveCaretOperator",			"mutationStart" : 426,			"method" : "visitAnd:",			"mutationEnd" : 448		},		{			"operatorDescription" : "Replace #ifTrue: receiver with true",			"class" : "PP2ContextMemoizationVisitor",			"operatorClass" : "ReplaceIfTrueReceiverWithTrueOperator",			"mutationStart" : 290,			"method" : "visitAnd:",			"mutationEnd" : 421		},		{			"operatorDescription" : "Remove ^",			"class" : "PP2ContextMemoizationVisitor",			"operatorClass" : "RemoveCaretOperator",			"mutationStart" : 130,			"method" : "visitMatch:",			"mutationEnd" : 154		},		{			"operatorDescription" : "Replace #ifTrue: receiver with false",			"class" : "PP2ContextMemoizationVisitor",			"operatorClass" : "ReplaceIfTrueReceiverWithFalseOperator",			"mutationStart" : 19,			"method" : "visitMatch:",			"mutationEnd" : 125		},		{			"operatorDescription" : "Replace #ifTrue: receiver with true",			"class" : "PP2ContextMemoizationVisitor",			"operatorClass" : "ReplaceIfTrueReceiverWithTrueOperator",			"mutationStart" : 19,			"method" : "visitMatch:",			"mutationEnd" : 125		},		{			"operatorDescription" : "Replace #ifTrue: with #ifFalse:",			"class" : "PP2ContextMemoizationVisitor",			"operatorClass" : "ReplaceIfTrueWithIfFalseMutantOperator",			"mutationStart" : 19,			"method" : "visitMatch:",			"mutationEnd" : 125		},		{			"operatorDescription" : "Remove ^",			"class" : "PP2ContextMemoizationVisitor",			"operatorClass" : "RemoveCaretOperator",			"mutationStart" : 132,			"method" : "visitNonEpsilon:",			"mutationEnd" : 154		},		{			"operatorDescription" : "Remove ^",			"class" : "PP2ContextMemoizationVisitor",			"operatorClass" : "RemoveCaretOperator",			"mutationStart" : 163,			"method" : "visitNonEpsilon:",			"mutationEnd" : 185		},		{			"operatorDescription" : "Replace #ifTrue: receiver with true",			"class" : "PP2ContextMemoizationVisitor",			"operatorClass" : "ReplaceIfTrueReceiverWithTrueOperator",			"mutationStart" : 24,			"method" : "visitNonEpsilon:",			"mutationEnd" : 158		}	],	"mutationScoreAfter" : 30,	"mutationScoreBefore" : 30,	"testAmpLoc" : 0,	"amplifiedMethods" : [ ],	"testLoc" : "50",	"amplifiedClass" : "PP2ContextMemoizationVisitorTest183",	"numberOfAllMutationsInOriginal" : 70,	"targetLoc" : 76,	"newCovered" : [ ],	"timeBudgetFinished" : false,	"notCoveredInOriginal" : [		{			"operatorDescription" : "Remove ^",			"class" : "PP2ContextMemoizationVisitor",			"operatorClass" : "RemoveCaretOperator",			"mutationStart" : 15,			"method" : "doPass:",			"mutationEnd" : 32		},		{			"operatorDescription" : "Remove ^",			"class" : "PP2ContextMemoizationVisitor",			"operatorClass" : "RemoveCaretOperator",			"mutationStart" : 163,			"method" : "visitSequence:",			"mutationEnd" : 190		},		{			"operatorDescription" : "Remove ^",			"class" : "PP2ContextMemoizationVisitor",			"operatorClass" : "RemoveCaretOperator",			"mutationStart" : 295,			"method" : "visitSequence:",			"mutationEnd" : 322		},		{			"operatorDescription" : "Remove ^",			"class" : "PP2ContextMemoizationVisitor",			"operatorClass" : "RemoveCaretOperator",			"mutationStart" : 429,			"method" : "visitSequence:",			"mutationEnd" : 456		},		{			"operatorDescription" : "Remove ^",			"class" : "PP2ContextMemoizationVisitor",			"operatorClass" : "RemoveCaretOperator",			"mutationStart" : 748,			"method" : "visitSequence:",			"mutationEnd" : 775		},		{			"operatorDescription" : "Remove ^",			"class" : "PP2ContextMemoizationVisitor",			"operatorClass" : "RemoveCaretOperator",			"mutationStart" : 784,			"method" : "visitSequence:",			"mutationEnd" : 811		},		{			"operatorDescription" : "Replace #and: argument with [true]",			"class" : "PP2ContextMemoizationVisitor",			"operatorClass" : "ReplaceAndArgumentWithTrueOperator",			"mutationStart" : 464,			"method" : "visitSequence:",			"mutationEnd" : 594		},		{			"operatorDescription" : "Replace #and: receiver with true",			"class" : "PP2ContextMemoizationVisitor",			"operatorClass" : "ReplaceAndReceiverWithTrueOperator",			"mutationStart" : 464,			"method" : "visitSequence:",			"mutationEnd" : 594		},		{			"operatorDescription" : "Replace #and: with #bEqv:",			"class" : "PP2ContextMemoizationVisitor",			"operatorClass" : "ReplaceAndWithEqvMutantOperator",			"mutationStart" : 464,			"method" : "visitSequence:",			"mutationEnd" : 594		},		{			"operatorDescription" : "Replace #and: with #nand:",			"class" : "PP2ContextMemoizationVisitor",			"operatorClass" : "ReplaceAndWithNandMutantOperator",			"mutationStart" : 464,			"method" : "visitSequence:",			"mutationEnd" : 594		},		{			"operatorDescription" : "Replace #and: with #or:",			"class" : "PP2ContextMemoizationVisitor",			"operatorClass" : "ReplaceAndWithOrMutantOperator",			"mutationStart" : 464,			"method" : "visitSequence:",			"mutationEnd" : 594		},		{			"operatorDescription" : "Replace #and: with false",			"class" : "PP2ContextMemoizationVisitor",			"operatorClass" : "ReplaceAndWithFalseOperator",			"mutationStart" : 464,			"method" : "visitSequence:",			"mutationEnd" : 594		},		{			"operatorDescription" : "Replace #ifTrue: receiver with false",			"class" : "PP2ContextMemoizationVisitor",			"operatorClass" : "ReplaceIfTrueReceiverWithFalseOperator",			"mutationStart" : 464,			"method" : "visitSequence:",			"mutationEnd" : 778		},		{			"operatorDescription" : "Replace #ifTrue: receiver with true",			"class" : "PP2ContextMemoizationVisitor",			"operatorClass" : "ReplaceIfTrueReceiverWithTrueOperator",			"mutationStart" : 330,			"method" : "visitSequence:",			"mutationEnd" : 459		},		{			"operatorDescription" : "Replace #ifTrue: receiver with true",			"class" : "PP2ContextMemoizationVisitor",			"operatorClass" : "ReplaceIfTrueReceiverWithTrueOperator",			"mutationStart" : 464,			"method" : "visitSequence:",			"mutationEnd" : 778		},		{			"operatorDescription" : "Replace #ifTrue: with #ifFalse:",			"class" : "PP2ContextMemoizationVisitor",			"operatorClass" : "ReplaceIfTrueWithIfFalseMutantOperator",			"mutationStart" : 464,			"method" : "visitSequence:",			"mutationEnd" : 778		},		{			"operatorDescription" : "Replace #ifFalse: receiver with false",			"class" : "PP2ContextMemoizationVisitor",			"operatorClass" : "ReplaceIfFalseReceiverWithFalseOperator",			"mutationStart" : 21,			"method" : "visitFlatten:",			"mutationEnd" : 119		},		{			"operatorDescription" : "Replace #ifFalse: receiver with true",			"class" : "PP2ContextMemoizationVisitor",			"operatorClass" : "ReplaceIfFalseReceiverWithTrueOperator",			"mutationStart" : 21,			"method" : "visitFlatten:",			"mutationEnd" : 119		},		{			"operatorDescription" : "Replace #ifFalse: with #ifTrue:",			"class" : "PP2ContextMemoizationVisitor",			"operatorClass" : "ReplaceIfFalseWithIfTrueMutantOperator",			"mutationStart" : 21,			"method" : "visitFlatten:",			"mutationEnd" : 119		},		{			"operatorDescription" : "Remove ^",			"class" : "PP2ContextMemoizationVisitor",			"operatorClass" : "RemoveCaretOperator",			"mutationStart" : 133,			"method" : "visitWater:",			"mutationEnd" : 157		},		{			"operatorDescription" : "Replace #ifFalse: receiver with false",			"class" : "PP2ContextMemoizationVisitor",			"operatorClass" : "ReplaceIfFalseReceiverWithFalseOperator",			"mutationStart" : 19,			"method" : "visitWater:",			"mutationEnd" : 128		},		{			"operatorDescription" : "Replace #ifFalse: receiver with true",			"class" : "PP2ContextMemoizationVisitor",			"operatorClass" : "ReplaceIfFalseReceiverWithTrueOperator",			"mutationStart" : 19,			"method" : "visitWater:",			"mutationEnd" : 128		},		{			"operatorDescription" : "Replace #ifFalse: with #ifTrue:",			"class" : "PP2ContextMemoizationVisitor",			"operatorClass" : "ReplaceIfFalseWithIfTrueMutantOperator",			"mutationStart" : 19,			"method" : "visitWater:",			"mutationEnd" : 128		},		{			"operatorDescription" : "Remove ^",			"class" : "PP2ContextMemoizationVisitor",			"operatorClass" : "RemoveCaretOperator",			"mutationStart" : 120,			"method" : "visitSea:",			"mutationEnd" : 142		},		{			"operatorDescription" : "Replace #ifFalse: receiver with false",			"class" : "PP2ContextMemoizationVisitor",			"operatorClass" : "ReplaceIfFalseReceiverWithFalseOperator",			"mutationStart" : 17,			"method" : "visitSea:",			"mutationEnd" : 115		},		{			"operatorDescription" : "Replace #ifFalse: receiver with true",			"class" : "PP2ContextMemoizationVisitor",			"operatorClass" : "ReplaceIfFalseReceiverWithTrueOperator",			"mutationStart" : 17,			"method" : "visitSea:",			"mutationEnd" : 115		},		{			"operatorDescription" : "Replace #ifFalse: with #ifTrue:",			"class" : "PP2ContextMemoizationVisitor",			"operatorClass" : "ReplaceIfFalseWithIfTrueMutantOperator",			"mutationStart" : 17,			"method" : "visitSea:",			"mutationEnd" : 115		},		{			"operatorDescription" : "Remove ^",			"class" : "PP2ContextMemoizationVisitor",			"operatorClass" : "RemoveCaretOperator",			"mutationStart" : 125,			"method" : "visitNot:",			"mutationEnd" : 147		},		{			"operatorDescription" : "Remove ^",			"class" : "PP2ContextMemoizationVisitor",			"operatorClass" : "RemoveCaretOperator",			"mutationStart" : 259,			"method" : "visitNot:",			"mutationEnd" : 281		},		{			"operatorDescription" : "Remove ^",			"class" : "PP2ContextMemoizationVisitor",			"operatorClass" : "RemoveCaretOperator",			"mutationStart" : 395,			"method" : "visitNot:",			"mutationEnd" : 417		},		{			"operatorDescription" : "Remove ^",			"class" : "PP2ContextMemoizationVisitor",			"operatorClass" : "RemoveCaretOperator",			"mutationStart" : 426,			"method" : "visitNot:",			"mutationEnd" : 448		},		{			"operatorDescription" : "Replace #ifTrue: receiver with false",			"class" : "PP2ContextMemoizationVisitor",			"operatorClass" : "ReplaceIfTrueReceiverWithFalseOperator",			"mutationStart" : 156,			"method" : "visitNot:",			"mutationEnd" : 285		},		{			"operatorDescription" : "Replace #ifTrue: receiver with false",			"class" : "PP2ContextMemoizationVisitor",			"operatorClass" : "ReplaceIfTrueReceiverWithFalseOperator",			"mutationStart" : 290,			"method" : "visitNot:",			"mutationEnd" : 421		},		{			"operatorDescription" : "Replace #ifTrue: receiver with true",			"class" : "PP2ContextMemoizationVisitor",			"operatorClass" : "ReplaceIfTrueReceiverWithTrueOperator",			"mutationStart" : 156,			"method" : "visitNot:",			"mutationEnd" : 285		},		{			"operatorDescription" : "Replace #ifTrue: receiver with true",			"class" : "PP2ContextMemoizationVisitor",			"operatorClass" : "ReplaceIfTrueReceiverWithTrueOperator",			"mutationStart" : 290,			"method" : "visitNot:",			"mutationEnd" : 421		},		{			"operatorDescription" : "Replace #ifTrue: with #ifFalse:",			"class" : "PP2ContextMemoizationVisitor",			"operatorClass" : "ReplaceIfTrueWithIfFalseMutantOperator",			"mutationStart" : 156,			"method" : "visitNot:",			"mutationEnd" : 285		},		{			"operatorDescription" : "Replace #ifTrue: with #ifFalse:",			"class" : "PP2ContextMemoizationVisitor",			"operatorClass" : "ReplaceIfTrueWithIfFalseMutantOperator",			"mutationStart" : 290,			"method" : "visitNot:",			"mutationEnd" : 421		},		{			"operatorDescription" : "Remove ^",			"class" : "PP2ContextMemoizationVisitor",			"operatorClass" : "RemoveCaretOperator",			"mutationStart" : 125,			"method" : "visitAnd:",			"mutationEnd" : 147		},		{			"operatorDescription" : "Remove ^",			"class" : "PP2ContextMemoizationVisitor",			"operatorClass" : "RemoveCaretOperator",			"mutationStart" : 259,			"method" : "visitAnd:",			"mutationEnd" : 281		},		{			"operatorDescription" : "Remove ^",			"class" : "PP2ContextMemoizationVisitor",			"operatorClass" : "RemoveCaretOperator",			"mutationStart" : 395,			"method" : "visitAnd:",			"mutationEnd" : 417		},		{			"operatorDescription" : "Remove ^",			"class" : "PP2ContextMemoizationVisitor",			"operatorClass" : "RemoveCaretOperator",			"mutationStart" : 426,			"method" : "visitAnd:",			"mutationEnd" : 448		},		{			"operatorDescription" : "Replace #ifTrue: receiver with true",			"class" : "PP2ContextMemoizationVisitor",			"operatorClass" : "ReplaceIfTrueReceiverWithTrueOperator",			"mutationStart" : 290,			"method" : "visitAnd:",			"mutationEnd" : 421		},		{			"operatorDescription" : "Remove ^",			"class" : "PP2ContextMemoizationVisitor",			"operatorClass" : "RemoveCaretOperator",			"mutationStart" : 130,			"method" : "visitMatch:",			"mutationEnd" : 154		},		{			"operatorDescription" : "Replace #ifTrue: receiver with false",			"class" : "PP2ContextMemoizationVisitor",			"operatorClass" : "ReplaceIfTrueReceiverWithFalseOperator",			"mutationStart" : 19,			"method" : "visitMatch:",			"mutationEnd" : 125		},		{			"operatorDescription" : "Replace #ifTrue: receiver with true",			"class" : "PP2ContextMemoizationVisitor",			"operatorClass" : "ReplaceIfTrueReceiverWithTrueOperator",			"mutationStart" : 19,			"method" : "visitMatch:",			"mutationEnd" : 125		},		{			"operatorDescription" : "Replace #ifTrue: with #ifFalse:",			"class" : "PP2ContextMemoizationVisitor",			"operatorClass" : "ReplaceIfTrueWithIfFalseMutantOperator",			"mutationStart" : 19,			"method" : "visitMatch:",			"mutationEnd" : 125		},		{			"operatorDescription" : "Remove ^",			"class" : "PP2ContextMemoizationVisitor",			"operatorClass" : "RemoveCaretOperator",			"mutationStart" : 132,			"method" : "visitNonEpsilon:",			"mutationEnd" : 154		},		{			"operatorDescription" : "Remove ^",			"class" : "PP2ContextMemoizationVisitor",			"operatorClass" : "RemoveCaretOperator",			"mutationStart" : 163,			"method" : "visitNonEpsilon:",			"mutationEnd" : 185		},		{			"operatorDescription" : "Replace #ifTrue: receiver with true",			"class" : "PP2ContextMemoizationVisitor",			"operatorClass" : "ReplaceIfTrueReceiverWithTrueOperator",			"mutationStart" : 24,			"method" : "visitNonEpsilon:",			"mutationEnd" : 158		}	],	"testCase" : "PP2ContextMemoizationVisitorTest",	"unixtime" : 1604943312,	"timeTotal" : 37}