{	"targetClasses" : [		"PP2ContextSensitivityVisitor"	],	"testMethodsIgnored" : [ ],	"methodsNotProfiled" : [		"PP2ContextSensitivityVisitor>>#openedResultFor:",		"PP2ContextSensitivityVisitor>>#visitTerminal:"	],	"numberOfOriginalTestMethods" : 10,	"timeDetail" : [		"init: % 1.41 (409 milliseconds)",		"assertionAmplification: % 62.51 (18 seconds 118 milliseconds)",		"selection: % 17.73 (5 seconds 139 milliseconds)",		"inputAmplification: % 16.82 (4 seconds 874 milliseconds)",		"finalize: % 1.53 (442 milliseconds)"	],	"notCoveredInAmplified" : [		{			"operatorDescription" : "Remove ^",			"class" : "PP2ContextSensitivityVisitor",			"operatorClass" : "RemoveCaretOperator",			"mutationStart" : 27,			"method" : "openedResultFor:",			"mutationEnd" : 33		},		{			"operatorDescription" : "Remove ^",			"class" : "PP2ContextSensitivityVisitor",			"operatorClass" : "RemoveCaretOperator",			"mutationStart" : 22,			"method" : "visitTerminal:",			"mutationEnd" : 83		},		{			"operatorDescription" : "Remove ^",			"class" : "PP2ContextSensitivityVisitor",			"operatorClass" : "RemoveCaretOperator",			"mutationStart" : 460,			"method" : "sequenceResult:",			"mutationEnd" : 465		},		{			"operatorDescription" : "Replace #> with #<",			"class" : "PP2ContextSensitivityVisitor",			"operatorClass" : "ReplaceGreaterWithLessMutantOperator",			"mutationStart" : 434,			"method" : "sequenceResult:",			"mutationEnd" : 448		},		{			"operatorDescription" : "Replace #ifTrue: receiver with false",			"class" : "PP2ContextSensitivityVisitor",			"operatorClass" : "ReplaceIfTrueReceiverWithFalseOperator",			"mutationStart" : 434,			"method" : "sequenceResult:",			"mutationEnd" : 467		}	],	"mutationScoreAfter" : 80,	"mutationScoreBefore" : 80,	"testAmpLoc" : 0,	"amplifiedMethods" : [ ],	"testLoc" : "36",	"amplifiedClass" : "PP2ContextSensitivityVisitorTest173",	"numberOfAllMutationsInOriginal" : 25,	"targetLoc" : 38,	"newCovered" : [ ],	"timeBudgetFinished" : false,	"notCoveredInOriginal" : [		{			"operatorDescription" : "Remove ^",			"class" : "PP2ContextSensitivityVisitor",			"operatorClass" : "RemoveCaretOperator",			"mutationStart" : 27,			"method" : "openedResultFor:",			"mutationEnd" : 33		},		{			"operatorDescription" : "Remove ^",			"class" : "PP2ContextSensitivityVisitor",			"operatorClass" : "RemoveCaretOperator",			"mutationStart" : 22,			"method" : "visitTerminal:",			"mutationEnd" : 83		},		{			"operatorDescription" : "Remove ^",			"class" : "PP2ContextSensitivityVisitor",			"operatorClass" : "RemoveCaretOperator",			"mutationStart" : 460,			"method" : "sequenceResult:",			"mutationEnd" : 465		},		{			"operatorDescription" : "Replace #> with #<",			"class" : "PP2ContextSensitivityVisitor",			"operatorClass" : "ReplaceGreaterWithLessMutantOperator",			"mutationStart" : 434,			"method" : "sequenceResult:",			"mutationEnd" : 448		},		{			"operatorDescription" : "Replace #ifTrue: receiver with false",			"class" : "PP2ContextSensitivityVisitor",			"operatorClass" : "ReplaceIfTrueReceiverWithFalseOperator",			"mutationStart" : 434,			"method" : "sequenceResult:",			"mutationEnd" : 467		}	],	"testCase" : "PP2ContextSensitivityVisitorTest",	"unixtime" : 1604940492,	"timeTotal" : 28}