{	"targetClasses" : [		"PP2CommonPrefixVisitor"	],	"testMethodsIgnored" : [ ],	"methodsNotProfiled" : [		"PP2CommonPrefixVisitor>>#doPass:",		"PP2CommonPrefixVisitor>>#cacheIfMakesSense:"	],	"numberOfOriginalTestMethods" : 5,	"timeDetail" : [		"init: % 2.15 (775 milliseconds)",		"assertionAmplification: % 40.53 (14 seconds 625 milliseconds)",		"selection: % 33.29 (12 seconds 12 milliseconds)",		"inputAmplification: % 21.32 (7 seconds 693 milliseconds)",		"finalize: % 2.72 (981 milliseconds)"	],	"notCoveredInAmplified" : [		{			"operatorDescription" : "Remove ^",			"class" : "PP2CommonPrefixVisitor",			"operatorClass" : "RemoveCaretOperator",			"mutationStart" : 15,			"method" : "doPass:",			"mutationEnd" : 32		},		{			"operatorDescription" : "Replace #ifTrue: receiver with false",			"class" : "PP2CommonPrefixVisitor",			"operatorClass" : "ReplaceIfTrueReceiverWithFalseOperator",			"mutationStart" : 21,			"method" : "visitPP2Node:",			"mutationEnd" : 69		},		{			"operatorDescription" : "Replace #ifTrue: receiver with true",			"class" : "PP2CommonPrefixVisitor",			"operatorClass" : "ReplaceIfTrueReceiverWithTrueOperator",			"mutationStart" : 21,			"method" : "visitPP2Node:",			"mutationEnd" : 69		},		{			"operatorDescription" : "Replace #ifTrue: with #ifFalse:",			"class" : "PP2CommonPrefixVisitor",			"operatorClass" : "ReplaceIfTrueWithIfFalseMutantOperator",			"mutationStart" : 21,			"method" : "visitPP2Node:",			"mutationEnd" : 69		},		{			"operatorDescription" : "Remove ^",			"class" : "PP2CommonPrefixVisitor",			"operatorClass" : "RemoveCaretOperator",			"mutationStart" : 83,			"method" : "cache:production:",			"mutationEnd" : 88		},		{			"operatorDescription" : "Replace #ifTrue: receiver with false",			"class" : "PP2CommonPrefixVisitor",			"operatorClass" : "ReplaceIfTrueReceiverWithFalseOperator",			"mutationStart" : 51,			"method" : "cache:production:",			"mutationEnd" : 90		},		{			"operatorDescription" : "Remove ^",			"class" : "PP2CommonPrefixVisitor",			"operatorClass" : "RemoveCaretOperator",			"mutationStart" : 198,			"method" : "visitSequence:",			"mutationEnd" : 203		},		{			"operatorDescription" : "Replace #ifFalse: receiver with true",			"class" : "PP2CommonPrefixVisitor",			"operatorClass" : "ReplaceIfFalseReceiverWithTrueOperator",			"mutationStart" : 156,			"method" : "visitSequence:",			"mutationEnd" : 205		},		{			"operatorDescription" : "Replace #ifTrue: receiver with false",			"class" : "PP2CommonPrefixVisitor",			"operatorClass" : "ReplaceIfTrueReceiverWithFalseOperator",			"mutationStart" : 211,			"method" : "cacheMakesSense:",			"mutationEnd" : 258		},		{			"operatorDescription" : "Replace #ifTrue: receiver with false",			"class" : "PP2CommonPrefixVisitor",			"operatorClass" : "ReplaceIfTrueReceiverWithFalseOperator",			"mutationStart" : 262,			"method" : "cacheMakesSense:",			"mutationEnd" : 320		},		{			"operatorDescription" : "Replace #ifTrue: receiver with true",			"class" : "PP2CommonPrefixVisitor",			"operatorClass" : "ReplaceIfTrueReceiverWithTrueOperator",			"mutationStart" : 211,			"method" : "cacheMakesSense:",			"mutationEnd" : 258		},		{			"operatorDescription" : "Replace #ifTrue: receiver with true",			"class" : "PP2CommonPrefixVisitor",			"operatorClass" : "ReplaceIfTrueReceiverWithTrueOperator",			"mutationStart" : 262,			"method" : "cacheMakesSense:",			"mutationEnd" : 320		},		{			"operatorDescription" : "Replace #ifTrue: with #ifFalse:",			"class" : "PP2CommonPrefixVisitor",			"operatorClass" : "ReplaceIfTrueWithIfFalseMutantOperator",			"mutationStart" : 211,			"method" : "cacheMakesSense:",			"mutationEnd" : 258		},		{			"operatorDescription" : "Replace #ifTrue: with #ifFalse:",			"class" : "PP2CommonPrefixVisitor",			"operatorClass" : "ReplaceIfTrueWithIfFalseMutantOperator",			"mutationStart" : 262,			"method" : "cacheMakesSense:",			"mutationEnd" : 320		},		{			"operatorDescription" : "Replace #ifTrue:ifFalse: receiver with false",			"class" : "PP2CommonPrefixVisitor",			"operatorClass" : "ReplaceIfTrueIfFalseReceiverWithFalseOperator",			"mutationStart" : 55,			"method" : "cacheMakesSense:",			"mutationEnd" : 132		},		{			"operatorDescription" : "Replace #ifTrue:ifFalse: receiver with true",			"class" : "PP2CommonPrefixVisitor",			"operatorClass" : "ReplaceIfTrueIfFalseReceiverWithTrueOperator",			"mutationStart" : 55,			"method" : "cacheMakesSense:",			"mutationEnd" : 132		},		{			"operatorDescription" : "Replace #ifTrue: receiver with false",			"class" : "PP2CommonPrefixVisitor",			"operatorClass" : "ReplaceIfTrueReceiverWithFalseOperator",			"mutationStart" : 26,			"method" : "cacheIfMakesSense:",			"mutationEnd" : 87		},		{			"operatorDescription" : "Replace #ifTrue: receiver with true",			"class" : "PP2CommonPrefixVisitor",			"operatorClass" : "ReplaceIfTrueReceiverWithTrueOperator",			"mutationStart" : 26,			"method" : "cacheIfMakesSense:",			"mutationEnd" : 87		},		{			"operatorDescription" : "Replace #ifTrue: with #ifFalse:",			"class" : "PP2CommonPrefixVisitor",			"operatorClass" : "ReplaceIfTrueWithIfFalseMutantOperator",			"mutationStart" : 26,			"method" : "cacheIfMakesSense:",			"mutationEnd" : 87		},		{			"operatorDescription" : "Remove ^",			"class" : "PP2CommonPrefixVisitor",			"operatorClass" : "RemoveCaretOperator",			"mutationStart" : 46,			"method" : "cache:",			"mutationEnd" : 51		},		{			"operatorDescription" : "Remove ^",			"class" : "PP2CommonPrefixVisitor",			"operatorClass" : "RemoveCaretOperator",			"mutationStart" : 103,			"method" : "cache:",			"mutationEnd" : 108		},		{			"operatorDescription" : "Remove ^",			"class" : "PP2CommonPrefixVisitor",			"operatorClass" : "RemoveCaretOperator",			"mutationStart" : 140,			"method" : "cache:",			"mutationEnd" : 145		},		{			"operatorDescription" : "Replace #ifTrue: receiver with false",			"class" : "PP2CommonPrefixVisitor",			"operatorClass" : "ReplaceIfTrueReceiverWithFalseOperator",			"mutationStart" : 14,			"method" : "cache:",			"mutationEnd" : 53		},		{			"operatorDescription" : "Replace #ifTrue: receiver with false",			"class" : "PP2CommonPrefixVisitor",			"operatorClass" : "ReplaceIfTrueReceiverWithFalseOperator",			"mutationStart" : 57,			"method" : "cache:",			"mutationEnd" : 110		},		{			"operatorDescription" : "Replace #ifTrue: receiver with false",			"class" : "PP2CommonPrefixVisitor",			"operatorClass" : "ReplaceIfTrueReceiverWithFalseOperator",			"mutationStart" : 114,			"method" : "cache:",			"mutationEnd" : 147		},		{			"operatorDescription" : "Replace #and: argument with [true]",			"class" : "PP2CommonPrefixVisitor",			"operatorClass" : "ReplaceAndArgumentWithTrueOperator",			"mutationStart" : 417,			"method" : "cacheProductions:",			"mutationEnd" : 478		},		{			"operatorDescription" : "Replace #and: receiver with true",			"class" : "PP2CommonPrefixVisitor",			"operatorClass" : "ReplaceAndReceiverWithTrueOperator",			"mutationStart" : 417,			"method" : "cacheProductions:",			"mutationEnd" : 478		},		{			"operatorDescription" : "Replace #and: with #bEqv:",			"class" : "PP2CommonPrefixVisitor",			"operatorClass" : "ReplaceAndWithEqvMutantOperator",			"mutationStart" : 417,			"method" : "cacheProductions:",			"mutationEnd" : 478		},		{			"operatorDescription" : "Replace #and: with #or:",			"class" : "PP2CommonPrefixVisitor",			"operatorClass" : "ReplaceAndWithOrMutantOperator",			"mutationStart" : 417,			"method" : "cacheProductions:",			"mutationEnd" : 478		},		{			"operatorDescription" : "Replace #ifTrue: receiver with true",			"class" : "PP2CommonPrefixVisitor",			"operatorClass" : "ReplaceIfTrueReceiverWithTrueOperator",			"mutationStart" : 417,			"method" : "cacheProductions:",			"mutationEnd" : 642		},		{			"operatorDescription" : "Replace Select block with [:each | true]",			"class" : "PP2CommonPrefixVisitor",			"operatorClass" : "ReplaceSelectBlockWithAlwaysTrueBlockOperator",			"mutationStart" : 334,			"method" : "cacheProductions:",			"mutationEnd" : 375		},		{			"operatorDescription" : "Replace #ifFalse: receiver with false",			"class" : "PP2CommonPrefixVisitor",			"operatorClass" : "ReplaceIfFalseReceiverWithFalseOperator",			"mutationStart" : 45,			"method" : "visitSea:",			"mutationEnd" : 228		}	],	"mutationScoreAfter" : 45,	"mutationScoreBefore" : 45,	"testAmpLoc" : 0,	"amplifiedMethods" : [ ],	"testLoc" : "60",	"amplifiedClass" : "PP2CommonPrefixVisitorTest86",	"numberOfAllMutationsInOriginal" : 59,	"targetLoc" : 73,	"newCovered" : [ ],	"timeBudgetFinished" : false,	"notCoveredInOriginal" : [		{			"operatorDescription" : "Remove ^",			"class" : "PP2CommonPrefixVisitor",			"operatorClass" : "RemoveCaretOperator",			"mutationStart" : 15,			"method" : "doPass:",			"mutationEnd" : 32		},		{			"operatorDescription" : "Replace #ifTrue: receiver with false",			"class" : "PP2CommonPrefixVisitor",			"operatorClass" : "ReplaceIfTrueReceiverWithFalseOperator",			"mutationStart" : 21,			"method" : "visitPP2Node:",			"mutationEnd" : 69		},		{			"operatorDescription" : "Replace #ifTrue: receiver with true",			"class" : "PP2CommonPrefixVisitor",			"operatorClass" : "ReplaceIfTrueReceiverWithTrueOperator",			"mutationStart" : 21,			"method" : "visitPP2Node:",			"mutationEnd" : 69		},		{			"operatorDescription" : "Replace #ifTrue: with #ifFalse:",			"class" : "PP2CommonPrefixVisitor",			"operatorClass" : "ReplaceIfTrueWithIfFalseMutantOperator",			"mutationStart" : 21,			"method" : "visitPP2Node:",			"mutationEnd" : 69		},		{			"operatorDescription" : "Remove ^",			"class" : "PP2CommonPrefixVisitor",			"operatorClass" : "RemoveCaretOperator",			"mutationStart" : 83,			"method" : "cache:production:",			"mutationEnd" : 88		},		{			"operatorDescription" : "Replace #ifTrue: receiver with false",			"class" : "PP2CommonPrefixVisitor",			"operatorClass" : "ReplaceIfTrueReceiverWithFalseOperator",			"mutationStart" : 51,			"method" : "cache:production:",			"mutationEnd" : 90		},		{			"operatorDescription" : "Remove ^",			"class" : "PP2CommonPrefixVisitor",			"operatorClass" : "RemoveCaretOperator",			"mutationStart" : 198,			"method" : "visitSequence:",			"mutationEnd" : 203		},		{			"operatorDescription" : "Replace #ifFalse: receiver with true",			"class" : "PP2CommonPrefixVisitor",			"operatorClass" : "ReplaceIfFalseReceiverWithTrueOperator",			"mutationStart" : 156,			"method" : "visitSequence:",			"mutationEnd" : 205		},		{			"operatorDescription" : "Replace #ifTrue: receiver with false",			"class" : "PP2CommonPrefixVisitor",			"operatorClass" : "ReplaceIfTrueReceiverWithFalseOperator",			"mutationStart" : 211,			"method" : "cacheMakesSense:",			"mutationEnd" : 258		},		{			"operatorDescription" : "Replace #ifTrue: receiver with false",			"class" : "PP2CommonPrefixVisitor",			"operatorClass" : "ReplaceIfTrueReceiverWithFalseOperator",			"mutationStart" : 262,			"method" : "cacheMakesSense:",			"mutationEnd" : 320		},		{			"operatorDescription" : "Replace #ifTrue: receiver with true",			"class" : "PP2CommonPrefixVisitor",			"operatorClass" : "ReplaceIfTrueReceiverWithTrueOperator",			"mutationStart" : 211,			"method" : "cacheMakesSense:",			"mutationEnd" : 258		},		{			"operatorDescription" : "Replace #ifTrue: receiver with true",			"class" : "PP2CommonPrefixVisitor",			"operatorClass" : "ReplaceIfTrueReceiverWithTrueOperator",			"mutationStart" : 262,			"method" : "cacheMakesSense:",			"mutationEnd" : 320		},		{			"operatorDescription" : "Replace #ifTrue: with #ifFalse:",			"class" : "PP2CommonPrefixVisitor",			"operatorClass" : "ReplaceIfTrueWithIfFalseMutantOperator",			"mutationStart" : 211,			"method" : "cacheMakesSense:",			"mutationEnd" : 258		},		{			"operatorDescription" : "Replace #ifTrue: with #ifFalse:",			"class" : "PP2CommonPrefixVisitor",			"operatorClass" : "ReplaceIfTrueWithIfFalseMutantOperator",			"mutationStart" : 262,			"method" : "cacheMakesSense:",			"mutationEnd" : 320		},		{			"operatorDescription" : "Replace #ifTrue:ifFalse: receiver with false",			"class" : "PP2CommonPrefixVisitor",			"operatorClass" : "ReplaceIfTrueIfFalseReceiverWithFalseOperator",			"mutationStart" : 55,			"method" : "cacheMakesSense:",			"mutationEnd" : 132		},		{			"operatorDescription" : "Replace #ifTrue:ifFalse: receiver with true",			"class" : "PP2CommonPrefixVisitor",			"operatorClass" : "ReplaceIfTrueIfFalseReceiverWithTrueOperator",			"mutationStart" : 55,			"method" : "cacheMakesSense:",			"mutationEnd" : 132		},		{			"operatorDescription" : "Replace #ifTrue: receiver with false",			"class" : "PP2CommonPrefixVisitor",			"operatorClass" : "ReplaceIfTrueReceiverWithFalseOperator",			"mutationStart" : 26,			"method" : "cacheIfMakesSense:",			"mutationEnd" : 87		},		{			"operatorDescription" : "Replace #ifTrue: receiver with true",			"class" : "PP2CommonPrefixVisitor",			"operatorClass" : "ReplaceIfTrueReceiverWithTrueOperator",			"mutationStart" : 26,			"method" : "cacheIfMakesSense:",			"mutationEnd" : 87		},		{			"operatorDescription" : "Replace #ifTrue: with #ifFalse:",			"class" : "PP2CommonPrefixVisitor",			"operatorClass" : "ReplaceIfTrueWithIfFalseMutantOperator",			"mutationStart" : 26,			"method" : "cacheIfMakesSense:",			"mutationEnd" : 87		},		{			"operatorDescription" : "Remove ^",			"class" : "PP2CommonPrefixVisitor",			"operatorClass" : "RemoveCaretOperator",			"mutationStart" : 46,			"method" : "cache:",			"mutationEnd" : 51		},		{			"operatorDescription" : "Remove ^",			"class" : "PP2CommonPrefixVisitor",			"operatorClass" : "RemoveCaretOperator",			"mutationStart" : 103,			"method" : "cache:",			"mutationEnd" : 108		},		{			"operatorDescription" : "Remove ^",			"class" : "PP2CommonPrefixVisitor",			"operatorClass" : "RemoveCaretOperator",			"mutationStart" : 140,			"method" : "cache:",			"mutationEnd" : 145		},		{			"operatorDescription" : "Replace #ifTrue: receiver with false",			"class" : "PP2CommonPrefixVisitor",			"operatorClass" : "ReplaceIfTrueReceiverWithFalseOperator",			"mutationStart" : 14,			"method" : "cache:",			"mutationEnd" : 53		},		{			"operatorDescription" : "Replace #ifTrue: receiver with false",			"class" : "PP2CommonPrefixVisitor",			"operatorClass" : "ReplaceIfTrueReceiverWithFalseOperator",			"mutationStart" : 57,			"method" : "cache:",			"mutationEnd" : 110		},		{			"operatorDescription" : "Replace #ifTrue: receiver with false",			"class" : "PP2CommonPrefixVisitor",			"operatorClass" : "ReplaceIfTrueReceiverWithFalseOperator",			"mutationStart" : 114,			"method" : "cache:",			"mutationEnd" : 147		},		{			"operatorDescription" : "Replace #and: argument with [true]",			"class" : "PP2CommonPrefixVisitor",			"operatorClass" : "ReplaceAndArgumentWithTrueOperator",			"mutationStart" : 417,			"method" : "cacheProductions:",			"mutationEnd" : 478		},		{			"operatorDescription" : "Replace #and: receiver with true",			"class" : "PP2CommonPrefixVisitor",			"operatorClass" : "ReplaceAndReceiverWithTrueOperator",			"mutationStart" : 417,			"method" : "cacheProductions:",			"mutationEnd" : 478		},		{			"operatorDescription" : "Replace #and: with #bEqv:",			"class" : "PP2CommonPrefixVisitor",			"operatorClass" : "ReplaceAndWithEqvMutantOperator",			"mutationStart" : 417,			"method" : "cacheProductions:",			"mutationEnd" : 478		},		{			"operatorDescription" : "Replace #and: with #or:",			"class" : "PP2CommonPrefixVisitor",			"operatorClass" : "ReplaceAndWithOrMutantOperator",			"mutationStart" : 417,			"method" : "cacheProductions:",			"mutationEnd" : 478		},		{			"operatorDescription" : "Replace #ifTrue: receiver with true",			"class" : "PP2CommonPrefixVisitor",			"operatorClass" : "ReplaceIfTrueReceiverWithTrueOperator",			"mutationStart" : 417,			"method" : "cacheProductions:",			"mutationEnd" : 642		},		{			"operatorDescription" : "Replace Select block with [:each | true]",			"class" : "PP2CommonPrefixVisitor",			"operatorClass" : "ReplaceSelectBlockWithAlwaysTrueBlockOperator",			"mutationStart" : 334,			"method" : "cacheProductions:",			"mutationEnd" : 375		},		{			"operatorDescription" : "Replace #ifFalse: receiver with false",			"class" : "PP2CommonPrefixVisitor",			"operatorClass" : "ReplaceIfFalseReceiverWithFalseOperator",			"mutationStart" : 45,			"method" : "visitSea:",			"mutationEnd" : 228		}	],	"testCase" : "PP2CommonPrefixVisitorTest",	"unixtime" : 1604947971,	"timeTotal" : 36}