{	"targetClasses" : [		"PP2ContextMemento"	],	"testMethodsIgnored" : [ ],	"methodsNotProfiled" : [		"PP2ContextMemento>>#propertyAt:ifAbsent:",		"PP2ContextMemento>>#propertyAt:ifAbsentPut:",		"PP2ContextMemento>>#removeProperty:ifAbsent:",		"PP2ContextMemento>>#stream:",		"PP2ContextMemento>>#hasProperty:",		"PP2ContextMemento>>#removeProperty:",		"PP2ContextMemento class>>#fileOutLocalMethodsInCategory:on:",		"PP2ContextMemento class>>#addSelector:withMethod:",		"PP2ContextMemento class>>#findOriginClassOf:",		"PP2ContextMemento class>>#addAndClassifySelector:withMethod:inProtocol:",		"PP2ContextMemento class>>#includesLocalSelector:",		"PP2ContextMemento class>>#removeFromComposition:",		"PP2ContextMemento class>>#recategorizeSelector:from:to:",		"PP2ContextMemento class>>#removeFromSystem:",		"PP2ContextMemento class>>#findOriginMethodOf:",		"PP2ContextMemento class>>#addSelector:withMethod:notifying:",		"PP2ContextMemento class>>#isLocalSelector:",		"PP2ContextMemento class>>#isLocalAliasSelector:",		"PP2ContextMemento class>>#removeSelector:",		"PP2ContextMemento class>>#traitComposition:",		"PP2ContextMemento class>>#isAliasSelector:",		"PP2ContextMemento class>>#localMethodDict:",		"PP2ContextMemento class>>#isLocalMethodsProtocol:"	],	"numberOfOriginalTestMethods" : 5,	"timeDetail" : [		"init: % 0.82 (339 milliseconds)",		"assertionAmplification: % 72.59 (30 seconds 161 milliseconds)",		"selection: % 10.15 (4 seconds 217 milliseconds)",		"inputAmplification: % 15.53 (6 seconds 455 milliseconds)",		"finalize: % 0.91 (380 milliseconds)"	],	"notCoveredInAmplified" : [		{			"operatorDescription" : "Remove ^",			"class" : "PP2ContextMemento",			"operatorClass" : "RemoveCaretOperator",			"mutationStart" : 65,			"method" : "=",			"mutationEnd" : 71		},		{			"operatorDescription" : "Remove ^",			"class" : "PP2ContextMemento",			"operatorClass" : "RemoveCaretOperator",			"mutationStart" : 191,			"method" : "=",			"mutationEnd" : 197		},		{			"operatorDescription" : "Replace #ifFalse: receiver with true",			"class" : "PP2ContextMemento",			"operatorClass" : "ReplaceIfFalseReceiverWithTrueOperator",			"mutationStart" : 19,			"method" : "=",			"mutationEnd" : 73		},		{			"operatorDescription" : "Replace #ifFalse: receiver with true",			"class" : "PP2ContextMemento",			"operatorClass" : "ReplaceIfFalseReceiverWithTrueOperator",			"mutationStart" : 143,			"method" : "=",			"mutationEnd" : 199		}	],	"mutationScoreAfter" : 84,	"mutationScoreBefore" : 73,	"testAmpLoc" : 227,	"amplifiedMethods" : [		"PP2ContextMementoTest89>>#testEquals_amp_R5_A10",		"PP2ContextMementoTest89>>#testEqualsWithStack_amp_A26"	],	"testLoc" : "45",	"amplifiedClass" : "PP2ContextMementoTest89",	"numberOfAllMutationsInOriginal" : 26,	"targetLoc" : 29,	"newCovered" : [		{			"operatorDescription" : "Remove ^",			"class" : "PP2ContextMemento",			"operatorClass" : "RemoveCaretOperator",			"mutationStart" : 131,			"method" : "=",			"mutationEnd" : 137		},		{			"operatorDescription" : "Replace #ifFalse: receiver with true",			"class" : "PP2ContextMemento",			"operatorClass" : "ReplaceIfFalseReceiverWithTrueOperator",			"mutationStart" : 79,			"method" : "=",			"mutationEnd" : 139		},		{			"operatorDescription" : "Remove ^",			"class" : "PP2ContextMemento",			"operatorClass" : "RemoveCaretOperator",			"mutationStart" : 7,			"method" : "hash",			"mutationEnd" : 26		}	],	"timeBudgetFinished" : false,	"notCoveredInOriginal" : [		{			"operatorDescription" : "Remove ^",			"class" : "PP2ContextMemento",			"operatorClass" : "RemoveCaretOperator",			"mutationStart" : 65,			"method" : "=",			"mutationEnd" : 71		},		{			"operatorDescription" : "Remove ^",			"class" : "PP2ContextMemento",			"operatorClass" : "RemoveCaretOperator",			"mutationStart" : 131,			"method" : "=",			"mutationEnd" : 137		},		{			"operatorDescription" : "Remove ^",			"class" : "PP2ContextMemento",			"operatorClass" : "RemoveCaretOperator",			"mutationStart" : 191,			"method" : "=",			"mutationEnd" : 197		},		{			"operatorDescription" : "Replace #ifFalse: receiver with true",			"class" : "PP2ContextMemento",			"operatorClass" : "ReplaceIfFalseReceiverWithTrueOperator",			"mutationStart" : 19,			"method" : "=",			"mutationEnd" : 73		},		{			"operatorDescription" : "Replace #ifFalse: receiver with true",			"class" : "PP2ContextMemento",			"operatorClass" : "ReplaceIfFalseReceiverWithTrueOperator",			"mutationStart" : 79,			"method" : "=",			"mutationEnd" : 139		},		{			"operatorDescription" : "Replace #ifFalse: receiver with true",			"class" : "PP2ContextMemento",			"operatorClass" : "ReplaceIfFalseReceiverWithTrueOperator",			"mutationStart" : 143,			"method" : "=",			"mutationEnd" : 199		},		{			"operatorDescription" : "Remove ^",			"class" : "PP2ContextMemento",			"operatorClass" : "RemoveCaretOperator",			"mutationStart" : 7,			"method" : "hash",			"mutationEnd" : 26		}	],	"testCase" : "PP2ContextMementoTest",	"unixtime" : 1604943275,	"timeTotal" : 41}