{	"targetClasses" : [		"PP2DebuggingStrategy"	],	"testMethodsIgnored" : [ ],	"methodsNotProfiled" : [		"PP2DebuggingStrategy>>#cacheIfNeeded:debugResult:",		"PP2DebuggingStrategy>>#parseOn:"	],	"numberOfOriginalTestMethods" : 5,	"timeDetail" : [		"init: % 1.19 (286 milliseconds)",		"assertionAmplification: % 59.35 (14 seconds 267 milliseconds)",		"selection: % 28.38 (6 seconds 823 milliseconds)",		"inputAmplification: % 9.41 (2 seconds 262 milliseconds)",		"finalize: % 1.67 (402 milliseconds)"	],	"notCoveredInAmplified" : [		{			"operatorDescription" : "Replace #= with #'~='",			"class" : "PP2DebuggingStrategy",			"operatorClass" : "ReplaceEqualWithNotEqualOperator",			"mutationStart" : 504,			"method" : "cacheIfNeeded:debugResult:",			"mutationEnd" : 537		},		{			"operatorDescription" : "Replace #and: argument with [true]",			"class" : "PP2DebuggingStrategy",			"operatorClass" : "ReplaceAndArgumentWithTrueOperator",			"mutationStart" : 462,			"method" : "cacheIfNeeded:debugResult:",			"mutationEnd" : 539		},		{			"operatorDescription" : "Replace #and: receiver with true",			"class" : "PP2DebuggingStrategy",			"operatorClass" : "ReplaceAndReceiverWithTrueOperator",			"mutationStart" : 462,			"method" : "cacheIfNeeded:debugResult:",			"mutationEnd" : 539		},		{			"operatorDescription" : "Replace #and: with #bEqv:",			"class" : "PP2DebuggingStrategy",			"operatorClass" : "ReplaceAndWithEqvMutantOperator",			"mutationStart" : 462,			"method" : "cacheIfNeeded:debugResult:",			"mutationEnd" : 539		},		{			"operatorDescription" : "Replace #and: with #nand:",			"class" : "PP2DebuggingStrategy",			"operatorClass" : "ReplaceAndWithNandMutantOperator",			"mutationStart" : 462,			"method" : "cacheIfNeeded:debugResult:",			"mutationEnd" : 539		},		{			"operatorDescription" : "Replace #and: with #or:",			"class" : "PP2DebuggingStrategy",			"operatorClass" : "ReplaceAndWithOrMutantOperator",			"mutationStart" : 462,			"method" : "cacheIfNeeded:debugResult:",			"mutationEnd" : 539		},		{			"operatorDescription" : "Replace #and: with false",			"class" : "PP2DebuggingStrategy",			"operatorClass" : "ReplaceAndWithFalseOperator",			"mutationStart" : 462,			"method" : "cacheIfNeeded:debugResult:",			"mutationEnd" : 539		},		{			"operatorDescription" : "Replace #ifFalse: receiver with false",			"class" : "PP2DebuggingStrategy",			"operatorClass" : "ReplaceIfFalseReceiverWithFalseOperator",			"mutationStart" : 49,			"method" : "cacheIfNeeded:debugResult:",			"mutationEnd" : 97		},		{			"operatorDescription" : "Replace #ifFalse: receiver with true",			"class" : "PP2DebuggingStrategy",			"operatorClass" : "ReplaceIfFalseReceiverWithTrueOperator",			"mutationStart" : 49,			"method" : "cacheIfNeeded:debugResult:",			"mutationEnd" : 97		},		{			"operatorDescription" : "Replace #ifFalse: with #ifTrue:",			"class" : "PP2DebuggingStrategy",			"operatorClass" : "ReplaceIfFalseWithIfTrueMutantOperator",			"mutationStart" : 49,			"method" : "cacheIfNeeded:debugResult:",			"mutationEnd" : 97		},		{			"operatorDescription" : "Replace #ifTrue: receiver with false",			"class" : "PP2DebuggingStrategy",			"operatorClass" : "ReplaceIfTrueReceiverWithFalseOperator",			"mutationStart" : 283,			"method" : "cacheIfNeeded:debugResult:",			"mutationEnd" : 313		},		{			"operatorDescription" : "Replace #ifTrue: receiver with true",			"class" : "PP2DebuggingStrategy",			"operatorClass" : "ReplaceIfTrueReceiverWithTrueOperator",			"mutationStart" : 283,			"method" : "cacheIfNeeded:debugResult:",			"mutationEnd" : 313		},		{			"operatorDescription" : "Replace #ifTrue: with #ifFalse:",			"class" : "PP2DebuggingStrategy",			"operatorClass" : "ReplaceIfTrueWithIfFalseMutantOperator",			"mutationStart" : 283,			"method" : "cacheIfNeeded:debugResult:",			"mutationEnd" : 313		},		{			"operatorDescription" : "Replace #ifTrue:ifFalse: receiver with false",			"class" : "PP2DebuggingStrategy",			"operatorClass" : "ReplaceIfTrueIfFalseReceiverWithFalseOperator",			"mutationStart" : 462,			"method" : "cacheIfNeeded:debugResult:",			"mutationEnd" : 696		},		{			"operatorDescription" : "Replace #ifTrue:ifFalse: receiver with true",			"class" : "PP2DebuggingStrategy",			"operatorClass" : "ReplaceIfTrueIfFalseReceiverWithTrueOperator",			"mutationStart" : 462,			"method" : "cacheIfNeeded:debugResult:",			"mutationEnd" : 696		},		{			"operatorDescription" : "Remove ^",			"class" : "PP2DebuggingStrategy",			"operatorClass" : "RemoveCaretOperator",			"mutationStart" : 536,			"method" : "parseOn:",			"mutationEnd" : 543		},		{			"operatorDescription" : "Replace #+ with #-",			"class" : "PP2DebuggingStrategy",			"operatorClass" : "ReplacePlusWithMinusMutantOperator",			"mutationStart" : 177,			"method" : "parseOn:",			"mutationEnd" : 196		}	],	"mutationScoreAfter" : 26,	"mutationScoreBefore" : 4,	"testAmpLoc" : 83,	"amplifiedMethods" : [		"PP2DebuggingStrategyTest86>>#testCache_amp"	],	"testLoc" : "35",	"amplifiedClass" : "PP2DebuggingStrategyTest86",	"numberOfAllMutationsInOriginal" : 23,	"targetLoc" : 56,	"newCovered" : [		{			"operatorDescription" : "Remove ^",			"class" : "PP2DebuggingStrategy",			"operatorClass" : "RemoveCaretOperator",			"mutationStart" : 23,			"method" : "withoutDebugStrategy",			"mutationEnd" : 53		},		{			"operatorDescription" : "Remove ^",			"class" : "PP2DebuggingStrategy",			"operatorClass" : "RemoveCaretOperator",			"mutationStart" : 14,			"method" : "isDebugging",			"mutationEnd" : 19		}	],	"timeBudgetFinished" : false,	"notCoveredInOriginal" : [		{			"operatorDescription" : "Remove ^",			"class" : "PP2DebuggingStrategy",			"operatorClass" : "RemoveCaretOperator",			"mutationStart" : 12,			"method" : "recording",			"mutationEnd" : 55		},		{			"operatorDescription" : "Remove ^",			"class" : "PP2DebuggingStrategy",			"operatorClass" : "RemoveCaretOperator",			"mutationStart" : 89,			"method" : "cacheIfNeeded:debugResult:",			"mutationEnd" : 94		},		{			"operatorDescription" : "Remove ^",			"class" : "PP2DebuggingStrategy",			"operatorClass" : "RemoveCaretOperator",			"mutationStart" : 306,			"method" : "cacheIfNeeded:debugResult:",			"mutationEnd" : 311		},		{			"operatorDescription" : "Replace #= with #'~='",			"class" : "PP2DebuggingStrategy",			"operatorClass" : "ReplaceEqualWithNotEqualOperator",			"mutationStart" : 504,			"method" : "cacheIfNeeded:debugResult:",			"mutationEnd" : 537		},		{			"operatorDescription" : "Replace #and: argument with [true]",			"class" : "PP2DebuggingStrategy",			"operatorClass" : "ReplaceAndArgumentWithTrueOperator",			"mutationStart" : 462,			"method" : "cacheIfNeeded:debugResult:",			"mutationEnd" : 539		},		{			"operatorDescription" : "Replace #and: receiver with true",			"class" : "PP2DebuggingStrategy",			"operatorClass" : "ReplaceAndReceiverWithTrueOperator",			"mutationStart" : 462,			"method" : "cacheIfNeeded:debugResult:",			"mutationEnd" : 539		},		{			"operatorDescription" : "Replace #and: with #bEqv:",			"class" : "PP2DebuggingStrategy",			"operatorClass" : "ReplaceAndWithEqvMutantOperator",			"mutationStart" : 462,			"method" : "cacheIfNeeded:debugResult:",			"mutationEnd" : 539		},		{			"operatorDescription" : "Replace #and: with #nand:",			"class" : "PP2DebuggingStrategy",			"operatorClass" : "ReplaceAndWithNandMutantOperator",			"mutationStart" : 462,			"method" : "cacheIfNeeded:debugResult:",			"mutationEnd" : 539		},		{			"operatorDescription" : "Replace #and: with #or:",			"class" : "PP2DebuggingStrategy",			"operatorClass" : "ReplaceAndWithOrMutantOperator",			"mutationStart" : 462,			"method" : "cacheIfNeeded:debugResult:",			"mutationEnd" : 539		},		{			"operatorDescription" : "Replace #and: with false",			"class" : "PP2DebuggingStrategy",			"operatorClass" : "ReplaceAndWithFalseOperator",			"mutationStart" : 462,			"method" : "cacheIfNeeded:debugResult:",			"mutationEnd" : 539		},		{			"operatorDescription" : "Replace #ifFalse: receiver with false",			"class" : "PP2DebuggingStrategy",			"operatorClass" : "ReplaceIfFalseReceiverWithFalseOperator",			"mutationStart" : 49,			"method" : "cacheIfNeeded:debugResult:",			"mutationEnd" : 97		},		{			"operatorDescription" : "Replace #ifFalse: receiver with true",			"class" : "PP2DebuggingStrategy",			"operatorClass" : "ReplaceIfFalseReceiverWithTrueOperator",			"mutationStart" : 49,			"method" : "cacheIfNeeded:debugResult:",			"mutationEnd" : 97		},		{			"operatorDescription" : "Replace #ifFalse: with #ifTrue:",			"class" : "PP2DebuggingStrategy",			"operatorClass" : "ReplaceIfFalseWithIfTrueMutantOperator",			"mutationStart" : 49,			"method" : "cacheIfNeeded:debugResult:",			"mutationEnd" : 97		},		{			"operatorDescription" : "Replace #ifTrue: receiver with false",			"class" : "PP2DebuggingStrategy",			"operatorClass" : "ReplaceIfTrueReceiverWithFalseOperator",			"mutationStart" : 283,			"method" : "cacheIfNeeded:debugResult:",			"mutationEnd" : 313		},		{			"operatorDescription" : "Replace #ifTrue: receiver with true",			"class" : "PP2DebuggingStrategy",			"operatorClass" : "ReplaceIfTrueReceiverWithTrueOperator",			"mutationStart" : 283,			"method" : "cacheIfNeeded:debugResult:",			"mutationEnd" : 313		},		{			"operatorDescription" : "Replace #ifTrue: with #ifFalse:",			"class" : "PP2DebuggingStrategy",			"operatorClass" : "ReplaceIfTrueWithIfFalseMutantOperator",			"mutationStart" : 283,			"method" : "cacheIfNeeded:debugResult:",			"mutationEnd" : 313		},		{			"operatorDescription" : "Replace #ifTrue:ifFalse: receiver with false",			"class" : "PP2DebuggingStrategy",			"operatorClass" : "ReplaceIfTrueIfFalseReceiverWithFalseOperator",			"mutationStart" : 462,			"method" : "cacheIfNeeded:debugResult:",			"mutationEnd" : 696		},		{			"operatorDescription" : "Replace #ifTrue:ifFalse: receiver with true",			"class" : "PP2DebuggingStrategy",			"operatorClass" : "ReplaceIfTrueIfFalseReceiverWithTrueOperator",			"mutationStart" : 462,			"method" : "cacheIfNeeded:debugResult:",			"mutationEnd" : 696		},		{			"operatorDescription" : "Remove ^",			"class" : "PP2DebuggingStrategy",			"operatorClass" : "RemoveCaretOperator",			"mutationStart" : 23,			"method" : "withoutDebugStrategy",			"mutationEnd" : 53		},		{			"operatorDescription" : "Remove ^",			"class" : "PP2DebuggingStrategy",			"operatorClass" : "RemoveCaretOperator",			"mutationStart" : 14,			"method" : "isDebugging",			"mutationEnd" : 19		},		{			"operatorDescription" : "Remove ^",			"class" : "PP2DebuggingStrategy",			"operatorClass" : "RemoveCaretOperator",			"mutationStart" : 536,			"method" : "parseOn:",			"mutationEnd" : 543		},		{			"operatorDescription" : "Replace #+ with #-",			"class" : "PP2DebuggingStrategy",			"operatorClass" : "ReplacePlusWithMinusMutantOperator",			"mutationStart" : 177,			"method" : "parseOn:",			"mutationEnd" : 196		}	],	"testCase" : "PP2DebuggingStrategyTest",	"unixtime" : 1604940450,	"timeTotal" : 24}