{	"targetClasses" : [		"PP2ExpressionParser"	],	"testMethodsIgnored" : [ ],	"methodsNotProfiled" : [ ],	"numberOfOriginalTestMethods" : 6,	"timeDetail" : [		"init: % 0.10 (47 milliseconds)",		"assertionAmplification: % 86.27 (39 seconds 373 milliseconds)",		"selection: % 5.04 (2 seconds 298 milliseconds)",		"inputAmplification: % 8.24 (3 seconds 759 milliseconds)",		"finalize: % 0.36 (163 milliseconds)"	],	"notCoveredInAmplified" : [ ],	"mutationScoreAfter" : 100,	"mutationScoreBefore" : 0,	"testAmpLoc" : 712,	"amplifiedMethods" : [		"PP2ExpressionParserTest102>>#testAddition_amp_N5_O3_A0"	],	"testLoc" : "2",	"amplifiedClass" : "PP2ExpressionParserTest102",	"numberOfAllMutationsInOriginal" : 1,	"targetLoc" : 2,	"newCovered" : [		{			"operatorDescription" : "Remove ^",			"class" : "PP2ExpressionParser",			"operatorClass" : "RemoveCaretOperator",			"mutationStart" : 9,			"method" : "number",			"mutationEnd" : 36		}	],	"timeBudgetFinished" : false,	"notCoveredInOriginal" : [		{			"operatorDescription" : "Remove ^",			"class" : "PP2ExpressionParser",			"operatorClass" : "RemoveCaretOperator",			"mutationStart" : 9,			"method" : "number",			"mutationEnd" : 36		}	],	"testCase" : "PP2ExpressionParserTest",	"unixtime" : 1604935561,	"timeTotal" : 45}