{	"targetClasses" : [		"PP2ExpressionGrammar"	],	"testMethodsIgnored" : [ ],	"methodsNotProfiled" : [ ],	"numberOfOriginalTestMethods" : 6,	"timeDetail" : [		"init: % 0.04 (163 milliseconds)",		"assertionAmplification: % 94.95 (5 minutes 56 seconds 180 milliseconds)",		"selection: % 3.77 (14 seconds 145 milliseconds)",		"inputAmplification: % 1.10 (4 seconds 122 milliseconds)",		"finalize: % 0.13 (498 milliseconds)"	],	"notCoveredInAmplified" : [ ],	"mutationScoreAfter" : 100,	"mutationScoreBefore" : 85,	"testAmpLoc" : 1919,	"amplifiedMethods" : [		"PP2ExpressionGrammarTest101>>#testAddition_amp_A5",		"PP2ExpressionGrammarTest101>>#testAddition_amp_A1"	],	"testLoc" : "4",	"amplifiedClass" : "PP2ExpressionGrammarTest101",	"numberOfAllMutationsInOriginal" : 14,	"targetLoc" : 22,	"newCovered" : [		{			"operatorDescription" : "Remove ^",			"class" : "PP2ExpressionGrammar",			"operatorClass" : "RemoveCaretOperator",			"mutationStart" : 17,			"method" : "multiplication",			"mutationEnd" : 43		},		{			"operatorDescription" : "Remove ^",			"class" : "PP2ExpressionGrammar",			"operatorClass" : "RemoveCaretOperator",			"mutationStart" : 8,			"method" : "start",			"mutationEnd" : 18		}	],	"timeBudgetFinished" : false,	"notCoveredInOriginal" : [		{			"operatorDescription" : "Remove ^",			"class" : "PP2ExpressionGrammar",			"operatorClass" : "RemoveCaretOperator",			"mutationStart" : 17,			"method" : "multiplication",			"mutationEnd" : 43		},		{			"operatorDescription" : "Remove ^",			"class" : "PP2ExpressionGrammar",			"operatorClass" : "RemoveCaretOperator",			"mutationStart" : 8,			"method" : "start",			"mutationEnd" : 18		}	],	"testCase" : "PP2ExpressionGrammarTest",	"unixtime" : 1604935936,	"timeTotal" : 375}