{	"targetClasses" : [		"PP2FirstSetVisitor"	],	"testMethodsIgnored" : [ ],	"methodsNotProfiled" : [		"PP2FirstSetVisitor>>#visitAction:",		"PP2FirstSetVisitor>>#visitPP2Node:",		"PP2FirstSetVisitor>>#visitComposite:",		"PP2FirstSetVisitor>>#visitPop:",		"PP2FirstSetVisitor>>#visitNewLine:",		"PP2FirstSetVisitor>>#warn:",		"PP2FirstSetVisitor>>#visitPredicateSequence:",		"PP2FirstSetVisitor>>#visitEnd:",		"PP2FirstSetVisitor>>#visitPush:",		"PP2FirstSetVisitor>>#visitFlatten:",		"PP2FirstSetVisitor>>#visitEndOfLine:",		"PP2FirstSetVisitor>>#visitMapping:",		"PP2FirstSetVisitor>>#visitFailing:",		"PP2FirstSetVisitor>>#visitMatch:"	],	"numberOfOriginalTestMethods" : 45,	"timeDetail" : [		"init: % 1.09 (2 seconds 724 milliseconds)",		"assertionAmplification: % 19.49 (48 seconds 493 milliseconds)",		"selection: % 65.83 (2 minutes 43 seconds 837 milliseconds)",		"inputAmplification: % 12.40 (30 seconds 856 milliseconds)",		"finalize: % 1.19 (2 seconds 956 milliseconds)"	],	"notCoveredInAmplified" : [		{			"operatorDescription" : "Remove ^",			"class" : "PP2FirstSetVisitor",			"operatorClass" : "RemoveCaretOperator",			"mutationStart" : 20,			"method" : "visitAction:",			"mutationEnd" : 45		},		{			"operatorDescription" : "Replace #ifTrue: receiver with true",			"class" : "PP2FirstSetVisitor",			"operatorClass" : "ReplaceIfTrueReceiverWithTrueOperator",			"mutationStart" : 24,			"method" : "visitEndOfInput:",			"mutationEnd" : 87		},		{			"operatorDescription" : "Remove ^",			"class" : "PP2FirstSetVisitor",			"operatorClass" : "RemoveCaretOperator",			"mutationStart" : 23,			"method" : "visitComposite:",			"mutationEnd" : 48		},		{			"operatorDescription" : "Replace #ifTrue: receiver with true",			"class" : "PP2FirstSetVisitor",			"operatorClass" : "ReplaceIfTrueReceiverWithTrueOperator",			"mutationStart" : 37,			"method" : "addIfPossible:to:",			"mutationEnd" : 97		},		{			"operatorDescription" : "Remove ^",			"class" : "PP2FirstSetVisitor",			"operatorClass" : "RemoveCaretOperator",			"mutationStart" : 17,			"method" : "visitPop:",			"mutationEnd" : 42		},		{			"operatorDescription" : "Remove ^",			"class" : "PP2FirstSetVisitor",			"operatorClass" : "RemoveCaretOperator",			"mutationStart" : 16,			"method" : "terminalBlock",			"mutationEnd" : 30		},		{			"operatorDescription" : "Remove ^",			"class" : "PP2FirstSetVisitor",			"operatorClass" : "RemoveCaretOperator",			"mutationStart" : 65,			"method" : "visitOptional:",			"mutationEnd" : 92		},		{			"operatorDescription" : "Replace #ifTrue: receiver with false",			"class" : "PP2FirstSetVisitor",			"operatorClass" : "ReplaceIfTrueReceiverWithFalseOperator",			"mutationStart" : 31,			"method" : "visitOptional:",			"mutationEnd" : 94		},		{			"operatorDescription" : "Remove ^",			"class" : "PP2FirstSetVisitor",			"operatorClass" : "RemoveCaretOperator",			"mutationStart" : 74,			"method" : "visitWater:",			"mutationEnd" : 101		},		{			"operatorDescription" : "Replace #ifTrue: receiver with false",			"class" : "PP2FirstSetVisitor",			"operatorClass" : "ReplaceIfTrueReceiverWithFalseOperator",			"mutationStart" : 40,			"method" : "visitWater:",			"mutationEnd" : 103		},		{			"operatorDescription" : "Remove ^",			"class" : "PP2FirstSetVisitor",			"operatorClass" : "RemoveCaretOperator",			"mutationStart" : 55,			"method" : "visitNewLine:",			"mutationEnd" : 82		},		{			"operatorDescription" : "Replace #ifTrue: receiver with false",			"class" : "PP2FirstSetVisitor",			"operatorClass" : "ReplaceIfTrueReceiverWithFalseOperator",			"mutationStart" : 21,			"method" : "visitNewLine:",			"mutationEnd" : 84		},		{			"operatorDescription" : "Replace #ifTrue: receiver with true",			"class" : "PP2FirstSetVisitor",			"operatorClass" : "ReplaceIfTrueReceiverWithTrueOperator",			"mutationStart" : 21,			"method" : "visitNewLine:",			"mutationEnd" : 84		},		{			"operatorDescription" : "Replace #ifTrue: with #ifFalse:",			"class" : "PP2FirstSetVisitor",			"operatorClass" : "ReplaceIfTrueWithIfFalseMutantOperator",			"mutationStart" : 21,			"method" : "visitNewLine:",			"mutationEnd" : 84		},		{			"operatorDescription" : "Remove ^",			"class" : "PP2FirstSetVisitor",			"operatorClass" : "RemoveCaretOperator",			"mutationStart" : 65,			"method" : "visitPredicateSequence:",			"mutationEnd" : 92		},		{			"operatorDescription" : "Replace #ifTrue: receiver with false",			"class" : "PP2FirstSetVisitor",			"operatorClass" : "ReplaceIfTrueReceiverWithFalseOperator",			"mutationStart" : 31,			"method" : "visitPredicateSequence:",			"mutationEnd" : 94		},		{			"operatorDescription" : "Replace #ifTrue: receiver with true",			"class" : "PP2FirstSetVisitor",			"operatorClass" : "ReplaceIfTrueReceiverWithTrueOperator",			"mutationStart" : 31,			"method" : "visitPredicateSequence:",			"mutationEnd" : 94		},		{			"operatorDescription" : "Replace #ifTrue: with #ifFalse:",			"class" : "PP2FirstSetVisitor",			"operatorClass" : "ReplaceIfTrueWithIfFalseMutantOperator",			"mutationStart" : 31,			"method" : "visitPredicateSequence:",			"mutationEnd" : 94		},		{			"operatorDescription" : "Remove ^",			"class" : "PP2FirstSetVisitor",			"operatorClass" : "RemoveCaretOperator",			"mutationStart" : 75,			"method" : "visitPossesiveRepeating:",			"mutationEnd" : 102		},		{			"operatorDescription" : "Replace #ifTrue: receiver with false",			"class" : "PP2FirstSetVisitor",			"operatorClass" : "ReplaceIfTrueReceiverWithFalseOperator",			"mutationStart" : 41,			"method" : "visitPossesiveRepeating:",			"mutationEnd" : 104		},		{			"operatorDescription" : "Replace #ifTrue: receiver with true",			"class" : "PP2FirstSetVisitor",			"operatorClass" : "ReplaceIfTrueReceiverWithTrueOperator",			"mutationStart" : 29,			"method" : "visitLiteralSequence:",			"mutationEnd" : 92		},		{			"operatorDescription" : "Remove ^",			"class" : "PP2FirstSetVisitor",			"operatorClass" : "RemoveCaretOperator",			"mutationStart" : 67,			"method" : "visitNonEpsilon:",			"mutationEnd" : 94		},		{			"operatorDescription" : "Replace #ifTrue: receiver with false",			"class" : "PP2FirstSetVisitor",			"operatorClass" : "ReplaceIfTrueReceiverWithFalseOperator",			"mutationStart" : 33,			"method" : "visitNonEpsilon:",			"mutationEnd" : 96		},		{			"operatorDescription" : "Replace #ifTrue: receiver with true",			"class" : "PP2FirstSetVisitor",			"operatorClass" : "ReplaceIfTrueReceiverWithTrueOperator",			"mutationStart" : 27,			"method" : "visitLiteralObject:",			"mutationEnd" : 90		},		{			"operatorDescription" : "Remove ^",			"class" : "PP2FirstSetVisitor",			"operatorClass" : "RemoveCaretOperator",			"mutationStart" : 61,			"method" : "openedResultFor:",			"mutationEnd" : 92		},		{			"operatorDescription" : "Replace #ifTrue: receiver with false",			"class" : "PP2FirstSetVisitor",			"operatorClass" : "ReplaceIfTrueReceiverWithFalseOperator",			"mutationStart" : 27,			"method" : "openedResultFor:",			"mutationEnd" : 95		},		{			"operatorDescription" : "Replace #ifTrue: receiver with true",			"class" : "PP2FirstSetVisitor",			"operatorClass" : "ReplaceIfTrueReceiverWithTrueOperator",			"mutationStart" : 27,			"method" : "openedResultFor:",			"mutationEnd" : 95		},		{			"operatorDescription" : "Replace #ifTrue: with #ifFalse:",			"class" : "PP2FirstSetVisitor",			"operatorClass" : "ReplaceIfTrueWithIfFalseMutantOperator",			"mutationStart" : 27,			"method" : "openedResultFor:",			"mutationEnd" : 95		},		{			"operatorDescription" : "Remove ^",			"class" : "PP2FirstSetVisitor",			"operatorClass" : "RemoveCaretOperator",			"mutationStart" : 17,			"method" : "predicateBlock",			"mutationEnd" : 32		},		{			"operatorDescription" : "Remove ^",			"class" : "PP2FirstSetVisitor",			"operatorClass" : "RemoveCaretOperator",			"mutationStart" : 17,			"method" : "visitEnd:",			"mutationEnd" : 42		},		{			"operatorDescription" : "Replace #ifTrue: receiver with true",			"class" : "PP2FirstSetVisitor",			"operatorClass" : "ReplaceIfTrueReceiverWithTrueOperator",			"mutationStart" : 21,			"method" : "visitEpsilon:",			"mutationEnd" : 84		},		{			"operatorDescription" : "Remove ^",			"class" : "PP2FirstSetVisitor",			"operatorClass" : "RemoveCaretOperator",			"mutationStart" : 18,			"method" : "visitPush:",			"mutationEnd" : 43		},		{			"operatorDescription" : "Replace #ifTrue: receiver with true",			"class" : "PP2FirstSetVisitor",			"operatorClass" : "ReplaceIfTrueReceiverWithTrueOperator",			"mutationStart" : 29,			"method" : "visitPredicateObject:",			"mutationEnd" : 92		},		{			"operatorDescription" : "Remove ^",			"class" : "PP2FirstSetVisitor",			"operatorClass" : "RemoveCaretOperator",			"mutationStart" : 71,			"method" : "visitSequence:",			"mutationEnd" : 98		},		{			"operatorDescription" : "Replace #ifTrue: receiver with false",			"class" : "PP2FirstSetVisitor",			"operatorClass" : "ReplaceIfTrueReceiverWithFalseOperator",			"mutationStart" : 37,			"method" : "visitSequence:",			"mutationEnd" : 100		},		{			"operatorDescription" : "Remove ^",			"class" : "PP2FirstSetVisitor",			"operatorClass" : "RemoveCaretOperator",			"mutationStart" : 55,			"method" : "visitFlatten:",			"mutationEnd" : 82		},		{			"operatorDescription" : "Remove ^",			"class" : "PP2FirstSetVisitor",			"operatorClass" : "RemoveCaretOperator",			"mutationStart" : 89,			"method" : "visitFlatten:",			"mutationEnd" : 150		},		{			"operatorDescription" : "Replace #ifTrue: receiver with false",			"class" : "PP2FirstSetVisitor",			"operatorClass" : "ReplaceIfTrueReceiverWithFalseOperator",			"mutationStart" : 21,			"method" : "visitFlatten:",			"mutationEnd" : 84		},		{			"operatorDescription" : "Replace #ifTrue: receiver with true",			"class" : "PP2FirstSetVisitor",			"operatorClass" : "ReplaceIfTrueReceiverWithTrueOperator",			"mutationStart" : 21,			"method" : "visitFlatten:",			"mutationEnd" : 84		},		{			"operatorDescription" : "Replace #ifTrue: with #ifFalse:",			"class" : "PP2FirstSetVisitor",			"operatorClass" : "ReplaceIfTrueWithIfFalseMutantOperator",			"mutationStart" : 21,			"method" : "visitFlatten:",			"mutationEnd" : 84		},		{			"operatorDescription" : "Remove ^",			"class" : "PP2FirstSetVisitor",			"operatorClass" : "RemoveCaretOperator",			"mutationStart" : 82,			"method" : "visitSmalltalkWhitespace:",			"mutationEnd" : 109		},		{			"operatorDescription" : "Replace #ifTrue: receiver with false",			"class" : "PP2FirstSetVisitor",			"operatorClass" : "ReplaceIfTrueReceiverWithFalseOperator",			"mutationStart" : 48,			"method" : "visitSmalltalkWhitespace:",			"mutationEnd" : 111		},		{			"operatorDescription" : "Remove ^",			"class" : "PP2FirstSetVisitor",			"operatorClass" : "RemoveCaretOperator",			"mutationStart" : 69,			"method" : "visitChoice:",			"mutationEnd" : 96		},		{			"operatorDescription" : "Replace #ifTrue: receiver with false",			"class" : "PP2FirstSetVisitor",			"operatorClass" : "ReplaceIfTrueReceiverWithFalseOperator",			"mutationStart" : 35,			"method" : "visitChoice:",			"mutationEnd" : 98		},		{			"operatorDescription" : "Replace #ifTrue: receiver with true",			"class" : "PP2FirstSetVisitor",			"operatorClass" : "ReplaceIfTrueReceiverWithTrueOperator",			"mutationStart" : 25,			"method" : "visitStartOfLine:",			"mutationEnd" : 88		},		{			"operatorDescription" : "Remove ^",			"class" : "PP2FirstSetVisitor",			"operatorClass" : "RemoveCaretOperator",			"mutationStart" : 56,			"method" : "visitTrimming:",			"mutationEnd" : 83		},		{			"operatorDescription" : "Replace #ifTrue: receiver with false",			"class" : "PP2FirstSetVisitor",			"operatorClass" : "ReplaceIfTrueReceiverWithFalseOperator",			"mutationStart" : 22,			"method" : "visitTrimming:",			"mutationEnd" : 85		},		{			"operatorDescription" : "Remove ^",			"class" : "PP2FirstSetVisitor",			"operatorClass" : "RemoveCaretOperator",			"mutationStart" : 57,			"method" : "visitEndOfLine:",			"mutationEnd" : 84		},		{			"operatorDescription" : "Replace #ifTrue: receiver with false",			"class" : "PP2FirstSetVisitor",			"operatorClass" : "ReplaceIfTrueReceiverWithFalseOperator",			"mutationStart" : 23,			"method" : "visitEndOfLine:",			"mutationEnd" : 86		},		{			"operatorDescription" : "Replace #ifTrue: receiver with true",			"class" : "PP2FirstSetVisitor",			"operatorClass" : "ReplaceIfTrueReceiverWithTrueOperator",			"mutationStart" : 23,			"method" : "visitEndOfLine:",			"mutationEnd" : 86		},		{			"operatorDescription" : "Replace #ifTrue: with #ifFalse:",			"class" : "PP2FirstSetVisitor",			"operatorClass" : "ReplaceIfTrueWithIfFalseMutantOperator",			"mutationStart" : 23,			"method" : "visitEndOfLine:",			"mutationEnd" : 86		},		{			"operatorDescription" : "Remove ^",			"class" : "PP2FirstSetVisitor",			"operatorClass" : "RemoveCaretOperator",			"mutationStart" : 55,			"method" : "visitMapping:",			"mutationEnd" : 82		},		{			"operatorDescription" : "Remove ^",			"class" : "PP2FirstSetVisitor",			"operatorClass" : "RemoveCaretOperator",			"mutationStart" : 89,			"method" : "visitMapping:",			"mutationEnd" : 150		},		{			"operatorDescription" : "Replace #ifTrue: receiver with false",			"class" : "PP2FirstSetVisitor",			"operatorClass" : "ReplaceIfTrueReceiverWithFalseOperator",			"mutationStart" : 21,			"method" : "visitMapping:",			"mutationEnd" : 84		},		{			"operatorDescription" : "Replace #ifTrue: receiver with true",			"class" : "PP2FirstSetVisitor",			"operatorClass" : "ReplaceIfTrueReceiverWithTrueOperator",			"mutationStart" : 21,			"method" : "visitMapping:",			"mutationEnd" : 84		},		{			"operatorDescription" : "Replace #ifTrue: with #ifFalse:",			"class" : "PP2FirstSetVisitor",			"operatorClass" : "ReplaceIfTrueWithIfFalseMutantOperator",			"mutationStart" : 21,			"method" : "visitMapping:",			"mutationEnd" : 84		},		{			"operatorDescription" : "Remove ^",			"class" : "PP2FirstSetVisitor",			"operatorClass" : "RemoveCaretOperator",			"mutationStart" : 55,			"method" : "visitFailing:",			"mutationEnd" : 82		},		{			"operatorDescription" : "Replace #ifTrue: receiver with false",			"class" : "PP2FirstSetVisitor",			"operatorClass" : "ReplaceIfTrueReceiverWithFalseOperator",			"mutationStart" : 21,			"method" : "visitFailing:",			"mutationEnd" : 84		},		{			"operatorDescription" : "Replace #ifTrue: receiver with true",			"class" : "PP2FirstSetVisitor",			"operatorClass" : "ReplaceIfTrueReceiverWithTrueOperator",			"mutationStart" : 21,			"method" : "visitFailing:",			"mutationEnd" : 84		},		{			"operatorDescription" : "Replace #ifTrue: with #ifFalse:",			"class" : "PP2FirstSetVisitor",			"operatorClass" : "ReplaceIfTrueWithIfFalseMutantOperator",			"mutationStart" : 21,			"method" : "visitFailing:",			"mutationEnd" : 84		},		{			"operatorDescription" : "Remove ^",			"class" : "PP2FirstSetVisitor",			"operatorClass" : "RemoveCaretOperator",			"mutationStart" : 19,			"method" : "visitMatch:",			"mutationEnd" : 44		},		{			"operatorDescription" : "Replace #or: with #bXor:",			"class" : "PP2FirstSetVisitor class",			"operatorClass" : "ReplaceOrWithXorMutantOperator",			"mutationStart" : 42,			"method" : "seasOrTerminalsSet",			"mutationEnd" : 77		},		{			"operatorDescription" : "Replace #or: with #bXor:",			"class" : "PP2FirstSetVisitor class",			"operatorClass" : "ReplaceOrWithXorMutantOperator",			"mutationStart" : 95,			"method" : "seasOrTerminalsSet",			"mutationEnd" : 130		},		{			"operatorDescription" : "Remove ^",			"class" : "PP2FirstSetVisitor class",			"operatorClass" : "RemoveCaretOperator",			"mutationStart" : 6,			"method" : "new",			"mutationEnd" : 20		},		{			"operatorDescription" : "Replace #or: with #bXor:",			"class" : "PP2FirstSetVisitor class",			"operatorClass" : "ReplaceOrWithXorMutantOperator",			"mutationStart" : 29,			"method" : "tokenSet",			"mutationEnd" : 67		}	],	"mutationScoreAfter" : 62,	"mutationScoreBefore" : 63,	"testAmpLoc" : 0,	"amplifiedMethods" : [ ],	"testLoc" : "371",	"amplifiedClass" : "PP2FirstSetVisitorTest734",	"numberOfAllMutationsInOriginal" : 172,	"targetLoc" : 231,	"newCovered" : [		{			"operatorDescription" : "Remove ^",			"class" : "PP2FirstSetVisitor",			"operatorClass" : "RemoveCaretOperator",			"mutationStart" : 248,			"method" : "visitSequence:",			"mutationEnd" : 287		},		{			"operatorDescription" : "Remove ^",			"class" : "PP2FirstSetVisitor",			"operatorClass" : "RemoveCaretOperator",			"mutationStart" : 357,			"method" : "visitSequence:",			"mutationEnd" : 367		},		{			"operatorDescription" : "Replace #ifFalse: receiver with false",			"class" : "PP2FirstSetVisitor",			"operatorClass" : "ReplaceIfFalseReceiverWithFalseOperator",			"mutationStart" : 220,			"method" : "visitSequence:",			"mutationEnd" : 289		},		{			"operatorDescription" : "Replace #ifFalse: receiver with true",			"class" : "PP2FirstSetVisitor",			"operatorClass" : "ReplaceIfFalseReceiverWithTrueOperator",			"mutationStart" : 220,			"method" : "visitSequence:",			"mutationEnd" : 289		},		{			"operatorDescription" : "Replace #ifFalse: with #ifTrue:",			"class" : "PP2FirstSetVisitor",			"operatorClass" : "ReplaceIfFalseWithIfTrueMutantOperator",			"mutationStart" : 220,			"method" : "visitSequence:",			"mutationEnd" : 289		},		{			"operatorDescription" : "Replace #ifTrue: receiver with true",			"class" : "PP2FirstSetVisitor",			"operatorClass" : "ReplaceIfTrueReceiverWithTrueOperator",			"mutationStart" : 37,			"method" : "visitSequence:",			"mutationEnd" : 100		},		{			"operatorDescription" : "Replace #ifTrue: with #ifFalse:",			"class" : "PP2FirstSetVisitor",			"operatorClass" : "ReplaceIfTrueWithIfFalseMutantOperator",			"mutationStart" : 37,			"method" : "visitSequence:",			"mutationEnd" : 100		},		{			"operatorDescription" : "Replace #reject: with #select:",			"class" : "PP2FirstSetVisitor",			"operatorClass" : "ReplaceRejectWithSelectMutantOperator",			"mutationStart" : 250,			"method" : "visitSequence:",			"mutationEnd" : 287		},		{			"operatorDescription" : "Replace Reject block with [:each | false]",			"class" : "PP2FirstSetVisitor",			"operatorClass" : "ReplaceRejectBlockWithAlwaysFalseBlockOperator",			"mutationStart" : 250,			"method" : "visitSequence:",			"mutationEnd" : 287		},		{			"operatorDescription" : "Replace Reject block with [:each | true]",			"class" : "PP2FirstSetVisitor",			"operatorClass" : "ReplaceRejectBlockWithAlwaysTrueBlockOperator",			"mutationStart" : 250,			"method" : "visitSequence:",			"mutationEnd" : 287		},		{			"operatorDescription" : "Replace do block with [:each |]",			"class" : "PP2FirstSetVisitor",			"operatorClass" : "ReplaceDoBlockWithEmptyBlockOperator",			"mutationStart" : 147,			"method" : "visitSequence:",			"mutationEnd" : 292		}	],	"timeBudgetFinished" : false,	"notCoveredInOriginal" : [		{			"operatorDescription" : "Remove ^",			"class" : "PP2FirstSetVisitor",			"operatorClass" : "RemoveCaretOperator",			"mutationStart" : 20,			"method" : "visitAction:",			"mutationEnd" : 45		},		{			"operatorDescription" : "Replace #ifTrue: receiver with true",			"class" : "PP2FirstSetVisitor",			"operatorClass" : "ReplaceIfTrueReceiverWithTrueOperator",			"mutationStart" : 24,			"method" : "visitEndOfInput:",			"mutationEnd" : 87		},		{			"operatorDescription" : "Remove ^",			"class" : "PP2FirstSetVisitor",			"operatorClass" : "RemoveCaretOperator",			"mutationStart" : 23,			"method" : "visitComposite:",			"mutationEnd" : 48		},		{			"operatorDescription" : "Replace #ifTrue: receiver with true",			"class" : "PP2FirstSetVisitor",			"operatorClass" : "ReplaceIfTrueReceiverWithTrueOperator",			"mutationStart" : 37,			"method" : "addIfPossible:to:",			"mutationEnd" : 97		},		{			"operatorDescription" : "Remove ^",			"class" : "PP2FirstSetVisitor",			"operatorClass" : "RemoveCaretOperator",			"mutationStart" : 17,			"method" : "visitPop:",			"mutationEnd" : 42		},		{			"operatorDescription" : "Remove ^",			"class" : "PP2FirstSetVisitor",			"operatorClass" : "RemoveCaretOperator",			"mutationStart" : 16,			"method" : "terminalBlock",			"mutationEnd" : 30		},		{			"operatorDescription" : "Remove ^",			"class" : "PP2FirstSetVisitor",			"operatorClass" : "RemoveCaretOperator",			"mutationStart" : 65,			"method" : "visitOptional:",			"mutationEnd" : 92		},		{			"operatorDescription" : "Replace #ifTrue: receiver with false",			"class" : "PP2FirstSetVisitor",			"operatorClass" : "ReplaceIfTrueReceiverWithFalseOperator",			"mutationStart" : 31,			"method" : "visitOptional:",			"mutationEnd" : 94		},		{			"operatorDescription" : "Remove ^",			"class" : "PP2FirstSetVisitor",			"operatorClass" : "RemoveCaretOperator",			"mutationStart" : 74,			"method" : "visitWater:",			"mutationEnd" : 101		},		{			"operatorDescription" : "Replace #ifTrue: receiver with false",			"class" : "PP2FirstSetVisitor",			"operatorClass" : "ReplaceIfTrueReceiverWithFalseOperator",			"mutationStart" : 40,			"method" : "visitWater:",			"mutationEnd" : 103		},		{			"operatorDescription" : "Remove ^",			"class" : "PP2FirstSetVisitor",			"operatorClass" : "RemoveCaretOperator",			"mutationStart" : 55,			"method" : "visitNewLine:",			"mutationEnd" : 82		},		{			"operatorDescription" : "Replace #ifTrue: receiver with false",			"class" : "PP2FirstSetVisitor",			"operatorClass" : "ReplaceIfTrueReceiverWithFalseOperator",			"mutationStart" : 21,			"method" : "visitNewLine:",			"mutationEnd" : 84		},		{			"operatorDescription" : "Replace #ifTrue: receiver with true",			"class" : "PP2FirstSetVisitor",			"operatorClass" : "ReplaceIfTrueReceiverWithTrueOperator",			"mutationStart" : 21,			"method" : "visitNewLine:",			"mutationEnd" : 84		},		{			"operatorDescription" : "Replace #ifTrue: with #ifFalse:",			"class" : "PP2FirstSetVisitor",			"operatorClass" : "ReplaceIfTrueWithIfFalseMutantOperator",			"mutationStart" : 21,			"method" : "visitNewLine:",			"mutationEnd" : 84		},		{			"operatorDescription" : "Remove ^",			"class" : "PP2FirstSetVisitor",			"operatorClass" : "RemoveCaretOperator",			"mutationStart" : 65,			"method" : "visitPredicateSequence:",			"mutationEnd" : 92		},		{			"operatorDescription" : "Replace #ifTrue: receiver with false",			"class" : "PP2FirstSetVisitor",			"operatorClass" : "ReplaceIfTrueReceiverWithFalseOperator",			"mutationStart" : 31,			"method" : "visitPredicateSequence:",			"mutationEnd" : 94		},		{			"operatorDescription" : "Replace #ifTrue: receiver with true",			"class" : "PP2FirstSetVisitor",			"operatorClass" : "ReplaceIfTrueReceiverWithTrueOperator",			"mutationStart" : 31,			"method" : "visitPredicateSequence:",			"mutationEnd" : 94		},		{			"operatorDescription" : "Replace #ifTrue: with #ifFalse:",			"class" : "PP2FirstSetVisitor",			"operatorClass" : "ReplaceIfTrueWithIfFalseMutantOperator",			"mutationStart" : 31,			"method" : "visitPredicateSequence:",			"mutationEnd" : 94		},		{			"operatorDescription" : "Remove ^",			"class" : "PP2FirstSetVisitor",			"operatorClass" : "RemoveCaretOperator",			"mutationStart" : 75,			"method" : "visitPossesiveRepeating:",			"mutationEnd" : 102		},		{			"operatorDescription" : "Replace #ifTrue: receiver with false",			"class" : "PP2FirstSetVisitor",			"operatorClass" : "ReplaceIfTrueReceiverWithFalseOperator",			"mutationStart" : 41,			"method" : "visitPossesiveRepeating:",			"mutationEnd" : 104		},		{			"operatorDescription" : "Replace #ifTrue: receiver with true",			"class" : "PP2FirstSetVisitor",			"operatorClass" : "ReplaceIfTrueReceiverWithTrueOperator",			"mutationStart" : 29,			"method" : "visitLiteralSequence:",			"mutationEnd" : 92		},		{			"operatorDescription" : "Remove ^",			"class" : "PP2FirstSetVisitor",			"operatorClass" : "RemoveCaretOperator",			"mutationStart" : 67,			"method" : "visitNonEpsilon:",			"mutationEnd" : 94		},		{			"operatorDescription" : "Replace #ifTrue: receiver with false",			"class" : "PP2FirstSetVisitor",			"operatorClass" : "ReplaceIfTrueReceiverWithFalseOperator",			"mutationStart" : 33,			"method" : "visitNonEpsilon:",			"mutationEnd" : 96		},		{			"operatorDescription" : "Replace #ifTrue: receiver with true",			"class" : "PP2FirstSetVisitor",			"operatorClass" : "ReplaceIfTrueReceiverWithTrueOperator",			"mutationStart" : 27,			"method" : "visitLiteralObject:",			"mutationEnd" : 90		},		{			"operatorDescription" : "Remove ^",			"class" : "PP2FirstSetVisitor",			"operatorClass" : "RemoveCaretOperator",			"mutationStart" : 61,			"method" : "openedResultFor:",			"mutationEnd" : 92		},		{			"operatorDescription" : "Replace #ifTrue: receiver with false",			"class" : "PP2FirstSetVisitor",			"operatorClass" : "ReplaceIfTrueReceiverWithFalseOperator",			"mutationStart" : 27,			"method" : "openedResultFor:",			"mutationEnd" : 95		},		{			"operatorDescription" : "Replace #ifTrue: receiver with true",			"class" : "PP2FirstSetVisitor",			"operatorClass" : "ReplaceIfTrueReceiverWithTrueOperator",			"mutationStart" : 27,			"method" : "openedResultFor:",			"mutationEnd" : 95		},		{			"operatorDescription" : "Replace #ifTrue: with #ifFalse:",			"class" : "PP2FirstSetVisitor",			"operatorClass" : "ReplaceIfTrueWithIfFalseMutantOperator",			"mutationStart" : 27,			"method" : "openedResultFor:",			"mutationEnd" : 95		},		{			"operatorDescription" : "Remove ^",			"class" : "PP2FirstSetVisitor",			"operatorClass" : "RemoveCaretOperator",			"mutationStart" : 17,			"method" : "predicateBlock",			"mutationEnd" : 32		},		{			"operatorDescription" : "Remove ^",			"class" : "PP2FirstSetVisitor",			"operatorClass" : "RemoveCaretOperator",			"mutationStart" : 17,			"method" : "visitEnd:",			"mutationEnd" : 42		},		{			"operatorDescription" : "Replace #ifTrue: receiver with true",			"class" : "PP2FirstSetVisitor",			"operatorClass" : "ReplaceIfTrueReceiverWithTrueOperator",			"mutationStart" : 21,			"method" : "visitEpsilon:",			"mutationEnd" : 84		},		{			"operatorDescription" : "Remove ^",			"class" : "PP2FirstSetVisitor",			"operatorClass" : "RemoveCaretOperator",			"mutationStart" : 18,			"method" : "visitPush:",			"mutationEnd" : 43		},		{			"operatorDescription" : "Replace #ifTrue: receiver with true",			"class" : "PP2FirstSetVisitor",			"operatorClass" : "ReplaceIfTrueReceiverWithTrueOperator",			"mutationStart" : 29,			"method" : "visitPredicateObject:",			"mutationEnd" : 92		},		{			"operatorDescription" : "Remove ^",			"class" : "PP2FirstSetVisitor",			"operatorClass" : "RemoveCaretOperator",			"mutationStart" : 55,			"method" : "visitFlatten:",			"mutationEnd" : 82		},		{			"operatorDescription" : "Remove ^",			"class" : "PP2FirstSetVisitor",			"operatorClass" : "RemoveCaretOperator",			"mutationStart" : 89,			"method" : "visitFlatten:",			"mutationEnd" : 150		},		{			"operatorDescription" : "Replace #ifTrue: receiver with false",			"class" : "PP2FirstSetVisitor",			"operatorClass" : "ReplaceIfTrueReceiverWithFalseOperator",			"mutationStart" : 21,			"method" : "visitFlatten:",			"mutationEnd" : 84		},		{			"operatorDescription" : "Replace #ifTrue: receiver with true",			"class" : "PP2FirstSetVisitor",			"operatorClass" : "ReplaceIfTrueReceiverWithTrueOperator",			"mutationStart" : 21,			"method" : "visitFlatten:",			"mutationEnd" : 84		},		{			"operatorDescription" : "Replace #ifTrue: with #ifFalse:",			"class" : "PP2FirstSetVisitor",			"operatorClass" : "ReplaceIfTrueWithIfFalseMutantOperator",			"mutationStart" : 21,			"method" : "visitFlatten:",			"mutationEnd" : 84		},		{			"operatorDescription" : "Remove ^",			"class" : "PP2FirstSetVisitor",			"operatorClass" : "RemoveCaretOperator",			"mutationStart" : 82,			"method" : "visitSmalltalkWhitespace:",			"mutationEnd" : 109		},		{			"operatorDescription" : "Replace #ifTrue: receiver with false",			"class" : "PP2FirstSetVisitor",			"operatorClass" : "ReplaceIfTrueReceiverWithFalseOperator",			"mutationStart" : 48,			"method" : "visitSmalltalkWhitespace:",			"mutationEnd" : 111		},		{			"operatorDescription" : "Remove ^",			"class" : "PP2FirstSetVisitor",			"operatorClass" : "RemoveCaretOperator",			"mutationStart" : 69,			"method" : "visitChoice:",			"mutationEnd" : 96		},		{			"operatorDescription" : "Replace #ifTrue: receiver with false",			"class" : "PP2FirstSetVisitor",			"operatorClass" : "ReplaceIfTrueReceiverWithFalseOperator",			"mutationStart" : 35,			"method" : "visitChoice:",			"mutationEnd" : 98		},		{			"operatorDescription" : "Replace #ifTrue: receiver with true",			"class" : "PP2FirstSetVisitor",			"operatorClass" : "ReplaceIfTrueReceiverWithTrueOperator",			"mutationStart" : 25,			"method" : "visitStartOfLine:",			"mutationEnd" : 88		},		{			"operatorDescription" : "Remove ^",			"class" : "PP2FirstSetVisitor",			"operatorClass" : "RemoveCaretOperator",			"mutationStart" : 56,			"method" : "visitTrimming:",			"mutationEnd" : 83		},		{			"operatorDescription" : "Replace #ifTrue: receiver with false",			"class" : "PP2FirstSetVisitor",			"operatorClass" : "ReplaceIfTrueReceiverWithFalseOperator",			"mutationStart" : 22,			"method" : "visitTrimming:",			"mutationEnd" : 85		},		{			"operatorDescription" : "Remove ^",			"class" : "PP2FirstSetVisitor",			"operatorClass" : "RemoveCaretOperator",			"mutationStart" : 57,			"method" : "visitEndOfLine:",			"mutationEnd" : 84		},		{			"operatorDescription" : "Replace #ifTrue: receiver with false",			"class" : "PP2FirstSetVisitor",			"operatorClass" : "ReplaceIfTrueReceiverWithFalseOperator",			"mutationStart" : 23,			"method" : "visitEndOfLine:",			"mutationEnd" : 86		},		{			"operatorDescription" : "Replace #ifTrue: receiver with true",			"class" : "PP2FirstSetVisitor",			"operatorClass" : "ReplaceIfTrueReceiverWithTrueOperator",			"mutationStart" : 23,			"method" : "visitEndOfLine:",			"mutationEnd" : 86		},		{			"operatorDescription" : "Replace #ifTrue: with #ifFalse:",			"class" : "PP2FirstSetVisitor",			"operatorClass" : "ReplaceIfTrueWithIfFalseMutantOperator",			"mutationStart" : 23,			"method" : "visitEndOfLine:",			"mutationEnd" : 86		},		{			"operatorDescription" : "Remove ^",			"class" : "PP2FirstSetVisitor",			"operatorClass" : "RemoveCaretOperator",			"mutationStart" : 55,			"method" : "visitMapping:",			"mutationEnd" : 82		},		{			"operatorDescription" : "Remove ^",			"class" : "PP2FirstSetVisitor",			"operatorClass" : "RemoveCaretOperator",			"mutationStart" : 89,			"method" : "visitMapping:",			"mutationEnd" : 150		},		{			"operatorDescription" : "Replace #ifTrue: receiver with false",			"class" : "PP2FirstSetVisitor",			"operatorClass" : "ReplaceIfTrueReceiverWithFalseOperator",			"mutationStart" : 21,			"method" : "visitMapping:",			"mutationEnd" : 84		},		{			"operatorDescription" : "Replace #ifTrue: receiver with true",			"class" : "PP2FirstSetVisitor",			"operatorClass" : "ReplaceIfTrueReceiverWithTrueOperator",			"mutationStart" : 21,			"method" : "visitMapping:",			"mutationEnd" : 84		},		{			"operatorDescription" : "Replace #ifTrue: with #ifFalse:",			"class" : "PP2FirstSetVisitor",			"operatorClass" : "ReplaceIfTrueWithIfFalseMutantOperator",			"mutationStart" : 21,			"method" : "visitMapping:",			"mutationEnd" : 84		},		{			"operatorDescription" : "Remove ^",			"class" : "PP2FirstSetVisitor",			"operatorClass" : "RemoveCaretOperator",			"mutationStart" : 55,			"method" : "visitFailing:",			"mutationEnd" : 82		},		{			"operatorDescription" : "Replace #ifTrue: receiver with false",			"class" : "PP2FirstSetVisitor",			"operatorClass" : "ReplaceIfTrueReceiverWithFalseOperator",			"mutationStart" : 21,			"method" : "visitFailing:",			"mutationEnd" : 84		},		{			"operatorDescription" : "Replace #ifTrue: receiver with true",			"class" : "PP2FirstSetVisitor",			"operatorClass" : "ReplaceIfTrueReceiverWithTrueOperator",			"mutationStart" : 21,			"method" : "visitFailing:",			"mutationEnd" : 84		},		{			"operatorDescription" : "Replace #ifTrue: with #ifFalse:",			"class" : "PP2FirstSetVisitor",			"operatorClass" : "ReplaceIfTrueWithIfFalseMutantOperator",			"mutationStart" : 21,			"method" : "visitFailing:",			"mutationEnd" : 84		},		{			"operatorDescription" : "Remove ^",			"class" : "PP2FirstSetVisitor",			"operatorClass" : "RemoveCaretOperator",			"mutationStart" : 19,			"method" : "visitMatch:",			"mutationEnd" : 44		},		{			"operatorDescription" : "Replace #or: with #bXor:",			"class" : "PP2FirstSetVisitor class",			"operatorClass" : "ReplaceOrWithXorMutantOperator",			"mutationStart" : 42,			"method" : "seasOrTerminalsSet",			"mutationEnd" : 77		},		{			"operatorDescription" : "Replace #or: with #bXor:",			"class" : "PP2FirstSetVisitor class",			"operatorClass" : "ReplaceOrWithXorMutantOperator",			"mutationStart" : 95,			"method" : "seasOrTerminalsSet",			"mutationEnd" : 130		},		{			"operatorDescription" : "Remove ^",			"class" : "PP2FirstSetVisitor class",			"operatorClass" : "RemoveCaretOperator",			"mutationStart" : 6,			"method" : "new",			"mutationEnd" : 20		},		{			"operatorDescription" : "Replace #or: with #bXor:",			"class" : "PP2FirstSetVisitor class",			"operatorClass" : "ReplaceOrWithXorMutantOperator",			"mutationStart" : 29,			"method" : "tokenSet",			"mutationEnd" : 67		}	],	"testCase" : "PP2FirstSetVisitorTest",	"unixtime" : 1604965880,	"timeTotal" : 248}