{	"targetClasses" : [		"PP2GuardVisitor"	],	"testMethodsIgnored" : [ ],	"methodsNotProfiled" : [		"PP2GuardVisitor>>#visitSequence:"	],	"numberOfOriginalTestMethods" : 12,	"timeDetail" : [		"init: % 1.46 (1 second 776 milliseconds)",		"assertionAmplification: % 23.39 (28 seconds 354 milliseconds)",		"selection: % 29.34 (35 seconds 576 milliseconds)",		"inputAmplification: % 44.45 (53 seconds 894 milliseconds)",		"finalize: % 1.35 (1 second 636 milliseconds)"	],	"notCoveredInAmplified" : [		{			"operatorDescription" : "Remove ^",			"class" : "PP2GuardVisitor",			"operatorClass" : "RemoveCaretOperator",			"mutationStart" : 23,			"method" : "visitUnguarded:",			"mutationEnd" : 76		},		{			"operatorDescription" : "Replace do block with [:each |]",			"class" : "PP2GuardVisitor",			"operatorClass" : "ReplaceDoBlockWithEmptyBlockOperator",			"mutationStart" : 54,			"method" : "visitSequence:",			"mutationEnd" : 126		},		{			"operatorDescription" : "Remove ^",			"class" : "PP2GuardVisitor",			"operatorClass" : "RemoveCaretOperator",			"mutationStart" : 258,			"method" : "guardOf:makesSenseFor:",			"mutationEnd" : 264		},		{			"operatorDescription" : "Remove ^",			"class" : "PP2GuardVisitor",			"operatorClass" : "RemoveCaretOperator",			"mutationStart" : 488,			"method" : "guardOf:makesSenseFor:",			"mutationEnd" : 494		},		{			"operatorDescription" : "Remove ^",			"class" : "PP2GuardVisitor",			"operatorClass" : "RemoveCaretOperator",			"mutationStart" : 579,			"method" : "guardOf:makesSenseFor:",			"mutationEnd" : 585		},		{			"operatorDescription" : "Replace #< with #>",			"class" : "PP2GuardVisitor",			"operatorClass" : "ReplaceLessWithGreaterMutantOperator",			"mutationStart" : 531,			"method" : "guardOf:makesSenseFor:",			"mutationEnd" : 547		},		{			"operatorDescription" : "Replace #and: receiver with true",			"class" : "PP2GuardVisitor",			"operatorClass" : "ReplaceAndReceiverWithTrueOperator",			"mutationStart" : 530,			"method" : "guardOf:makesSenseFor:",			"mutationEnd" : 567		},		{			"operatorDescription" : "Replace #and: with #bEqv:",			"class" : "PP2GuardVisitor",			"operatorClass" : "ReplaceAndWithEqvMutantOperator",			"mutationStart" : 530,			"method" : "guardOf:makesSenseFor:",			"mutationEnd" : 567		},		{			"operatorDescription" : "Replace #and: with false",			"class" : "PP2GuardVisitor",			"operatorClass" : "ReplaceAndWithFalseOperator",			"mutationStart" : 530,			"method" : "guardOf:makesSenseFor:",			"mutationEnd" : 567		},		{			"operatorDescription" : "Replace #ifTrue: receiver with false",			"class" : "PP2GuardVisitor",			"operatorClass" : "ReplaceIfTrueReceiverWithFalseOperator",			"mutationStart" : 229,			"method" : "guardOf:makesSenseFor:",			"mutationEnd" : 266		},		{			"operatorDescription" : "Replace #ifTrue: receiver with false",			"class" : "PP2GuardVisitor",			"operatorClass" : "ReplaceIfTrueReceiverWithFalseOperator",			"mutationStart" : 465,			"method" : "guardOf:makesSenseFor:",			"mutationEnd" : 496		},		{			"operatorDescription" : "Replace #ifTrue: receiver with false",			"class" : "PP2GuardVisitor",			"operatorClass" : "ReplaceIfTrueReceiverWithFalseOperator",			"mutationStart" : 530,			"method" : "guardOf:makesSenseFor:",			"mutationEnd" : 587		},		{			"operatorDescription" : "Replace #ifTrue:ifFalse: receiver with false",			"class" : "PP2GuardVisitor",			"operatorClass" : "ReplaceIfTrueIfFalseReceiverWithFalseOperator",			"mutationStart" : 181,			"method" : "visitChoice:",			"mutationEnd" : 430		},		{			"operatorDescription" : "Remove #not",			"class" : "PP2GuardVisitor",			"operatorClass" : "RemoveNotOperator",			"mutationStart" : 465,			"method" : "visitTrimming:",			"mutationEnd" : 474		},		{			"operatorDescription" : "Replace #and: argument with [true]",			"class" : "PP2GuardVisitor",			"operatorClass" : "ReplaceAndArgumentWithTrueOperator",			"mutationStart" : 464,			"method" : "visitTrimming:",			"mutationEnd" : 485		},		{			"operatorDescription" : "Replace #and: receiver with true",			"class" : "PP2GuardVisitor",			"operatorClass" : "ReplaceAndReceiverWithTrueOperator",			"mutationStart" : 464,			"method" : "visitTrimming:",			"mutationEnd" : 485		},		{			"operatorDescription" : "Replace #and: with #bEqv:",			"class" : "PP2GuardVisitor",			"operatorClass" : "ReplaceAndWithEqvMutantOperator",			"mutationStart" : 464,			"method" : "visitTrimming:",			"mutationEnd" : 485		},		{			"operatorDescription" : "Replace #and: with #nand:",			"class" : "PP2GuardVisitor",			"operatorClass" : "ReplaceAndWithNandMutantOperator",			"mutationStart" : 464,			"method" : "visitTrimming:",			"mutationEnd" : 485		},		{			"operatorDescription" : "Replace #and: with #or:",			"class" : "PP2GuardVisitor",			"operatorClass" : "ReplaceAndWithOrMutantOperator",			"mutationStart" : 464,			"method" : "visitTrimming:",			"mutationEnd" : 485		},		{			"operatorDescription" : "Replace #and: with false",			"class" : "PP2GuardVisitor",			"operatorClass" : "ReplaceAndWithFalseOperator",			"mutationStart" : 464,			"method" : "visitTrimming:",			"mutationEnd" : 485		},		{			"operatorDescription" : "Replace #ifTrue: receiver with false",			"class" : "PP2GuardVisitor",			"operatorClass" : "ReplaceIfTrueReceiverWithFalseOperator",			"mutationStart" : 464,			"method" : "visitTrimming:",			"mutationEnd" : 594		},		{			"operatorDescription" : "Replace #ifTrue: receiver with false",			"class" : "PP2GuardVisitor",			"operatorClass" : "ReplaceIfTrueReceiverWithFalseOperator",			"mutationStart" : 535,			"method" : "visitTrimming:",			"mutationEnd" : 590		},		{			"operatorDescription" : "Replace #ifTrue: receiver with true",			"class" : "PP2GuardVisitor",			"operatorClass" : "ReplaceIfTrueReceiverWithTrueOperator",			"mutationStart" : 464,			"method" : "visitTrimming:",			"mutationEnd" : 594		},		{			"operatorDescription" : "Replace #ifTrue: receiver with true",			"class" : "PP2GuardVisitor",			"operatorClass" : "ReplaceIfTrueReceiverWithTrueOperator",			"mutationStart" : 535,			"method" : "visitTrimming:",			"mutationEnd" : 590		},		{			"operatorDescription" : "Replace #ifTrue: with #ifFalse:",			"class" : "PP2GuardVisitor",			"operatorClass" : "ReplaceIfTrueWithIfFalseMutantOperator",			"mutationStart" : 464,			"method" : "visitTrimming:",			"mutationEnd" : 594		},		{			"operatorDescription" : "Replace #ifTrue: with #ifFalse:",			"class" : "PP2GuardVisitor",			"operatorClass" : "ReplaceIfTrueWithIfFalseMutantOperator",			"mutationStart" : 535,			"method" : "visitTrimming:",			"mutationEnd" : 590		},		{			"operatorDescription" : "Replace #ifTrue:ifFalse: receiver with true",			"class" : "PP2GuardVisitor",			"operatorClass" : "ReplaceIfTrueIfFalseReceiverWithTrueOperator",			"mutationStart" : 227,			"method" : "visitOptional:",			"mutationEnd" : 446		},		{			"operatorDescription" : "Replace #+ with #-",			"class" : "PP2GuardVisitor",			"operatorClass" : "ReplacePlusWithMinusMutantOperator",			"mutationStart" : 299,			"method" : "isWellGuarded:",			"mutationEnd" : 309		},		{			"operatorDescription" : "Replace #and: with #bEqv:",			"class" : "PP2GuardVisitor",			"operatorClass" : "ReplaceAndWithEqvMutantOperator",			"mutationStart" : 250,			"method" : "isWellGuarded:",			"mutationEnd" : 271		},		{			"operatorDescription" : "Replace #ifTrue: receiver with false",			"class" : "PP2GuardVisitor",			"operatorClass" : "ReplaceIfTrueReceiverWithFalseOperator",			"mutationStart" : 178,			"method" : "isWellGuarded:",			"mutationEnd" : 213		},		{			"operatorDescription" : "Replace #ifTrue: receiver with true",			"class" : "PP2GuardVisitor",			"operatorClass" : "ReplaceIfTrueReceiverWithTrueOperator",			"mutationStart" : 109,			"method" : "visitPossesiveRepeating:",			"mutationEnd" : 235		},		{			"operatorDescription" : "Remove ^",			"class" : "PP2GuardVisitor",			"operatorClass" : "RemoveCaretOperator",			"mutationStart" : 78,			"method" : "visitDelegate:",			"mutationEnd" : 104		},		{			"operatorDescription" : "Replace #ifFalse: receiver with true",			"class" : "PP2GuardVisitor",			"operatorClass" : "ReplaceIfFalseReceiverWithTrueOperator",			"mutationStart" : 42,			"method" : "visitDelegate:",			"mutationEnd" : 106		}	],	"mutationScoreAfter" : 60,	"mutationScoreBefore" : 60,	"testAmpLoc" : 24,	"amplifiedMethods" : [		"PP2GuardVisitorTest196>>#testChoice_amp_A9"	],	"testLoc" : "100",	"amplifiedClass" : "PP2GuardVisitorTest196",	"numberOfAllMutationsInOriginal" : 84,	"targetLoc" : 127,	"newCovered" : [		{			"operatorDescription" : "Remove ^",			"class" : "PP2GuardVisitor",			"operatorClass" : "RemoveCaretOperator",			"mutationStart" : 12,			"method" : "isGuarded",			"mutationEnd" : 28		},		{			"operatorDescription" : "Replace #isEmpty with #notEmpty",			"class" : "PP2GuardVisitor",			"operatorClass" : "ReplaceIsEmptyWithNotEmptyMutantOperator",			"mutationStart" : 14,			"method" : "isGuarded",			"mutationEnd" : 28		},		{			"operatorDescription" : "Replace #and: receiver with true",			"class" : "PP2GuardVisitor",			"operatorClass" : "ReplaceAndReceiverWithTrueOperator",			"mutationStart" : 250,			"method" : "isWellGuarded:",			"mutationEnd" : 271		},		{			"operatorDescription" : "Replace #and: with #nand:",			"class" : "PP2GuardVisitor",			"operatorClass" : "ReplaceAndWithNandMutantOperator",			"mutationStart" : 250,			"method" : "isWellGuarded:",			"mutationEnd" : 271		},		{			"operatorDescription" : "Replace #and: with #or:",			"class" : "PP2GuardVisitor",			"operatorClass" : "ReplaceAndWithOrMutantOperator",			"mutationStart" : 250,			"method" : "isWellGuarded:",			"mutationEnd" : 271		}	],	"timeBudgetFinished" : false,	"notCoveredInOriginal" : [		{			"operatorDescription" : "Remove ^",			"class" : "PP2GuardVisitor",			"operatorClass" : "RemoveCaretOperator",			"mutationStart" : 23,			"method" : "visitUnguarded:",			"mutationEnd" : 76		},		{			"operatorDescription" : "Replace do block with [:each |]",			"class" : "PP2GuardVisitor",			"operatorClass" : "ReplaceDoBlockWithEmptyBlockOperator",			"mutationStart" : 54,			"method" : "visitSequence:",			"mutationEnd" : 126		},		{			"operatorDescription" : "Remove ^",			"class" : "PP2GuardVisitor",			"operatorClass" : "RemoveCaretOperator",			"mutationStart" : 258,			"method" : "guardOf:makesSenseFor:",			"mutationEnd" : 264		},		{			"operatorDescription" : "Remove ^",			"class" : "PP2GuardVisitor",			"operatorClass" : "RemoveCaretOperator",			"mutationStart" : 488,			"method" : "guardOf:makesSenseFor:",			"mutationEnd" : 494		},		{			"operatorDescription" : "Remove ^",			"class" : "PP2GuardVisitor",			"operatorClass" : "RemoveCaretOperator",			"mutationStart" : 579,			"method" : "guardOf:makesSenseFor:",			"mutationEnd" : 585		},		{			"operatorDescription" : "Replace #< with #>",			"class" : "PP2GuardVisitor",			"operatorClass" : "ReplaceLessWithGreaterMutantOperator",			"mutationStart" : 531,			"method" : "guardOf:makesSenseFor:",			"mutationEnd" : 547		},		{			"operatorDescription" : "Replace #and: receiver with true",			"class" : "PP2GuardVisitor",			"operatorClass" : "ReplaceAndReceiverWithTrueOperator",			"mutationStart" : 530,			"method" : "guardOf:makesSenseFor:",			"mutationEnd" : 567		},		{			"operatorDescription" : "Replace #and: with #bEqv:",			"class" : "PP2GuardVisitor",			"operatorClass" : "ReplaceAndWithEqvMutantOperator",			"mutationStart" : 530,			"method" : "guardOf:makesSenseFor:",			"mutationEnd" : 567		},		{			"operatorDescription" : "Replace #and: with false",			"class" : "PP2GuardVisitor",			"operatorClass" : "ReplaceAndWithFalseOperator",			"mutationStart" : 530,			"method" : "guardOf:makesSenseFor:",			"mutationEnd" : 567		},		{			"operatorDescription" : "Replace #ifTrue: receiver with false",			"class" : "PP2GuardVisitor",			"operatorClass" : "ReplaceIfTrueReceiverWithFalseOperator",			"mutationStart" : 229,			"method" : "guardOf:makesSenseFor:",			"mutationEnd" : 266		},		{			"operatorDescription" : "Replace #ifTrue: receiver with false",			"class" : "PP2GuardVisitor",			"operatorClass" : "ReplaceIfTrueReceiverWithFalseOperator",			"mutationStart" : 465,			"method" : "guardOf:makesSenseFor:",			"mutationEnd" : 496		},		{			"operatorDescription" : "Replace #ifTrue: receiver with false",			"class" : "PP2GuardVisitor",			"operatorClass" : "ReplaceIfTrueReceiverWithFalseOperator",			"mutationStart" : 530,			"method" : "guardOf:makesSenseFor:",			"mutationEnd" : 587		},		{			"operatorDescription" : "Replace #ifTrue:ifFalse: receiver with false",			"class" : "PP2GuardVisitor",			"operatorClass" : "ReplaceIfTrueIfFalseReceiverWithFalseOperator",			"mutationStart" : 181,			"method" : "visitChoice:",			"mutationEnd" : 430		},		{			"operatorDescription" : "Remove #not",			"class" : "PP2GuardVisitor",			"operatorClass" : "RemoveNotOperator",			"mutationStart" : 465,			"method" : "visitTrimming:",			"mutationEnd" : 474		},		{			"operatorDescription" : "Replace #and: argument with [true]",			"class" : "PP2GuardVisitor",			"operatorClass" : "ReplaceAndArgumentWithTrueOperator",			"mutationStart" : 464,			"method" : "visitTrimming:",			"mutationEnd" : 485		},		{			"operatorDescription" : "Replace #and: receiver with true",			"class" : "PP2GuardVisitor",			"operatorClass" : "ReplaceAndReceiverWithTrueOperator",			"mutationStart" : 464,			"method" : "visitTrimming:",			"mutationEnd" : 485		},		{			"operatorDescription" : "Replace #and: with #bEqv:",			"class" : "PP2GuardVisitor",			"operatorClass" : "ReplaceAndWithEqvMutantOperator",			"mutationStart" : 464,			"method" : "visitTrimming:",			"mutationEnd" : 485		},		{			"operatorDescription" : "Replace #and: with #nand:",			"class" : "PP2GuardVisitor",			"operatorClass" : "ReplaceAndWithNandMutantOperator",			"mutationStart" : 464,			"method" : "visitTrimming:",			"mutationEnd" : 485		},		{			"operatorDescription" : "Replace #and: with #or:",			"class" : "PP2GuardVisitor",			"operatorClass" : "ReplaceAndWithOrMutantOperator",			"mutationStart" : 464,			"method" : "visitTrimming:",			"mutationEnd" : 485		},		{			"operatorDescription" : "Replace #and: with false",			"class" : "PP2GuardVisitor",			"operatorClass" : "ReplaceAndWithFalseOperator",			"mutationStart" : 464,			"method" : "visitTrimming:",			"mutationEnd" : 485		},		{			"operatorDescription" : "Replace #ifTrue: receiver with false",			"class" : "PP2GuardVisitor",			"operatorClass" : "ReplaceIfTrueReceiverWithFalseOperator",			"mutationStart" : 464,			"method" : "visitTrimming:",			"mutationEnd" : 594		},		{			"operatorDescription" : "Replace #ifTrue: receiver with false",			"class" : "PP2GuardVisitor",			"operatorClass" : "ReplaceIfTrueReceiverWithFalseOperator",			"mutationStart" : 535,			"method" : "visitTrimming:",			"mutationEnd" : 590		},		{			"operatorDescription" : "Replace #ifTrue: receiver with true",			"class" : "PP2GuardVisitor",			"operatorClass" : "ReplaceIfTrueReceiverWithTrueOperator",			"mutationStart" : 464,			"method" : "visitTrimming:",			"mutationEnd" : 594		},		{			"operatorDescription" : "Replace #ifTrue: receiver with true",			"class" : "PP2GuardVisitor",			"operatorClass" : "ReplaceIfTrueReceiverWithTrueOperator",			"mutationStart" : 535,			"method" : "visitTrimming:",			"mutationEnd" : 590		},		{			"operatorDescription" : "Replace #ifTrue: with #ifFalse:",			"class" : "PP2GuardVisitor",			"operatorClass" : "ReplaceIfTrueWithIfFalseMutantOperator",			"mutationStart" : 464,			"method" : "visitTrimming:",			"mutationEnd" : 594		},		{			"operatorDescription" : "Replace #ifTrue: with #ifFalse:",			"class" : "PP2GuardVisitor",			"operatorClass" : "ReplaceIfTrueWithIfFalseMutantOperator",			"mutationStart" : 535,			"method" : "visitTrimming:",			"mutationEnd" : 590		},		{			"operatorDescription" : "Replace #ifTrue:ifFalse: receiver with true",			"class" : "PP2GuardVisitor",			"operatorClass" : "ReplaceIfTrueIfFalseReceiverWithTrueOperator",			"mutationStart" : 227,			"method" : "visitOptional:",			"mutationEnd" : 446		},		{			"operatorDescription" : "Remove ^",			"class" : "PP2GuardVisitor",			"operatorClass" : "RemoveCaretOperator",			"mutationStart" : 12,			"method" : "isGuarded",			"mutationEnd" : 28		},		{			"operatorDescription" : "Replace #isEmpty with #notEmpty",			"class" : "PP2GuardVisitor",			"operatorClass" : "ReplaceIsEmptyWithNotEmptyMutantOperator",			"mutationStart" : 14,			"method" : "isGuarded",			"mutationEnd" : 28		},		{			"operatorDescription" : "Replace #+ with #-",			"class" : "PP2GuardVisitor",			"operatorClass" : "ReplacePlusWithMinusMutantOperator",			"mutationStart" : 299,			"method" : "isWellGuarded:",			"mutationEnd" : 309		},		{			"operatorDescription" : "Replace #ifTrue: receiver with true",			"class" : "PP2GuardVisitor",			"operatorClass" : "ReplaceIfTrueReceiverWithTrueOperator",			"mutationStart" : 109,			"method" : "visitPossesiveRepeating:",			"mutationEnd" : 235		},		{			"operatorDescription" : "Remove ^",			"class" : "PP2GuardVisitor",			"operatorClass" : "RemoveCaretOperator",			"mutationStart" : 78,			"method" : "visitDelegate:",			"mutationEnd" : 104		},		{			"operatorDescription" : "Replace #ifFalse: receiver with true",			"class" : "PP2GuardVisitor",			"operatorClass" : "ReplaceIfFalseReceiverWithTrueOperator",			"mutationStart" : 42,			"method" : "visitDelegate:",			"mutationEnd" : 106		}	],	"testCase" : "PP2GuardVisitorTest",	"unixtime" : 1604963215,	"timeTotal" : 121}