{	"targetClasses" : [		"PP2InMemoryContext"	],	"testMethodsIgnored" : [ ],	"methodsNotProfiled" : [		"PP2InMemoryContext>>#globalAt:ifAbsentPut:",		"PP2InMemoryContext>>#waterPosition:",		"PP2InMemoryContext>>#removeGlobal:ifAbsent:",		"PP2InMemoryContext>>#applyChange:",		"PP2InMemoryContext>>#globalAt:ifAbsent:",		"PP2InMemoryContext>>#newToken:from:",		"PP2InMemoryContext>>#stackNamed:",		"PP2InMemoryContext>>#shift:",		"PP2InMemoryContext>>#globalAt:put:",		"PP2InMemoryContext>>#propertyAt:ifAbsentPut:",		"PP2InMemoryContext>>#currentDebugResult:",		"PP2InMemoryContext>>#removeProperty:",		"PP2InMemoryContext>>#globalAt:",		"PP2InMemoryContext>>#hasGlobal:",		"PP2InMemoryContext>>#removeGlobal:",		"PP2InMemoryContext>>#restorePosition:",		"PP2InMemoryContext>>#nextFor:",		"PP2InMemoryContext>>#removeProperty:ifAbsent:",		"PP2InMemoryContext>>#copyFrom:to:",		"PP2InMemoryContext>>#adoptString:",		"PP2InMemoryContext class>>#fileOutLocalMethodsInCategory:on:",		"PP2InMemoryContext class>>#addSelector:withMethod:",		"PP2InMemoryContext class>>#findOriginClassOf:",		"PP2InMemoryContext class>>#addAndClassifySelector:withMethod:inProtocol:",		"PP2InMemoryContext class>>#includesLocalSelector:",		"PP2InMemoryContext class>>#removeFromComposition:",		"PP2InMemoryContext class>>#recategorizeSelector:from:to:",		"PP2InMemoryContext class>>#removeFromSystem:",		"PP2InMemoryContext class>>#findOriginMethodOf:",		"PP2InMemoryContext class>>#addSelector:withMethod:notifying:",		"PP2InMemoryContext class>>#isLocalSelector:",		"PP2InMemoryContext class>>#isLocalAliasSelector:",		"PP2InMemoryContext class>>#removeSelector:",		"PP2InMemoryContext class>>#traitComposition:",		"PP2InMemoryContext class>>#isAliasSelector:",		"PP2InMemoryContext class>>#localMethodDict:",		"PP2InMemoryContext class>>#isLocalMethodsProtocol:"	],	"numberOfOriginalTestMethods" : 23,	"timeDetail" : [		"init: % 0.30 (841 milliseconds)",		"assertionAmplification: % 74.12 (3 minutes 29 seconds 947 milliseconds)",		"selection: % 11.19 (31 seconds 705 milliseconds)",		"inputAmplification: % 14.06 (39 seconds 819 milliseconds)",		"finalize: % 0.33 (923 milliseconds)"	],	"notCoveredInAmplified" : [		{			"operatorDescription" : "Remove ^",			"class" : "PP2InMemoryContext",			"operatorClass" : "RemoveCaretOperator",			"mutationStart" : 14,			"method" : "debugResult",			"mutationEnd" : 232		},		{			"operatorDescription" : "Remove ^",			"class" : "PP2InMemoryContext",			"operatorClass" : "RemoveCaretOperator",			"mutationStart" : 35,			"method" : "newToken:from:",			"mutationEnd" : 100		},		{			"operatorDescription" : "Replace #+ with #-",			"class" : "PP2InMemoryContext",			"operatorClass" : "ReplacePlusWithMinusMutantOperator",			"mutationStart" : 75,			"method" : "newToken:from:",			"mutationEnd" : 83		},		{			"operatorDescription" : "Replace #+ with #-",			"class" : "PP2InMemoryContext",			"operatorClass" : "ReplacePlusWithMinusMutantOperator",			"mutationStart" : 29,			"method" : "shift:",			"mutationEnd" : 46		},		{			"operatorDescription" : "Replace #or: argument with [false]",			"class" : "PP2InMemoryContext",			"operatorClass" : "ReplaceOrArgumentWithFalseOperator",			"mutationStart" : 208,			"method" : "upTo:",			"mutationEnd" : 238		},		{			"operatorDescription" : "Replace #or: with #bXor:",			"class" : "PP2InMemoryContext",			"operatorClass" : "ReplaceOrWithXorMutantOperator",			"mutationStart" : 208,			"method" : "upTo:",			"mutationEnd" : 238		},		{			"operatorDescription" : "Replace #'<=' with #=",			"class" : "PP2InMemoryContext",			"operatorClass" : "ReplaceLessOrEqualWithEqualMutantOperator",			"mutationStart" : 77,			"method" : "next:",			"mutationEnd" : 102		},		{			"operatorDescription" : "Replace #+ with #-",			"class" : "PP2InMemoryContext",			"operatorClass" : "ReplacePlusWithMinusMutantOperator",			"mutationStart" : 20,			"method" : "shift",			"mutationEnd" : 31		},		{			"operatorDescription" : "Remove ^",			"class" : "PP2InMemoryContext",			"operatorClass" : "RemoveCaretOperator",			"mutationStart" : 54,			"method" : "nextFor:",			"mutationEnd" : 60		},		{			"operatorDescription" : "Remove ^",			"class" : "PP2InMemoryContext",			"operatorClass" : "RemoveCaretOperator",			"mutationStart" : 93,			"method" : "nextFor:",			"mutationEnd" : 201		},		{			"operatorDescription" : "Replace #+ with #-",			"class" : "PP2InMemoryContext",			"operatorClass" : "ReplacePlusWithMinusMutantOperator",			"mutationStart" : 78,			"method" : "nextFor:",			"mutationEnd" : 89		},		{			"operatorDescription" : "Replace #- with #+",			"class" : "PP2InMemoryContext",			"operatorClass" : "ReplaceMinusWithPlusMutantOperator",			"mutationStart" : 180,			"method" : "nextFor:",			"mutationEnd" : 191		},		{			"operatorDescription" : "Replace #ifTrue: receiver with false",			"class" : "PP2InMemoryContext",			"operatorClass" : "ReplaceIfTrueReceiverWithFalseOperator",			"mutationStart" : 22,			"method" : "nextFor:",			"mutationEnd" : 62		},		{			"operatorDescription" : "Replace #ifTrue: receiver with true",			"class" : "PP2InMemoryContext",			"operatorClass" : "ReplaceIfTrueReceiverWithTrueOperator",			"mutationStart" : 22,			"method" : "nextFor:",			"mutationEnd" : 62		},		{			"operatorDescription" : "Replace #ifTrue: with #ifFalse:",			"class" : "PP2InMemoryContext",			"operatorClass" : "ReplaceIfTrueWithIfFalseMutantOperator",			"mutationStart" : 22,			"method" : "nextFor:",			"mutationEnd" : 62		},		{			"operatorDescription" : "Replace #ifTrue:ifFalse: receiver with false",			"class" : "PP2InMemoryContext",			"operatorClass" : "ReplaceIfTrueIfFalseReceiverWithFalseOperator",			"mutationStart" : 95,			"method" : "nextFor:",			"mutationEnd" : 201		},		{			"operatorDescription" : "Replace #ifTrue:ifFalse: receiver with true",			"class" : "PP2InMemoryContext",			"operatorClass" : "ReplaceIfTrueIfFalseReceiverWithTrueOperator",			"mutationStart" : 95,			"method" : "nextFor:",			"mutationEnd" : 201		},		{			"operatorDescription" : "Replace a == b with (a == b) not",			"class" : "PP2InMemoryContext",			"operatorClass" : "ReplaceIdentityWithNegationOfIdentity",			"mutationStart" : 22,			"method" : "nextFor:",			"mutationEnd" : 42		},		{			"operatorDescription" : "Replace a == b with (a == b) not",			"class" : "PP2InMemoryContext",			"operatorClass" : "ReplaceIdentityWithNegationOfIdentity",			"mutationStart" : 95,			"method" : "nextFor:",			"mutationEnd" : 133		},		{			"operatorDescription" : "Remove ^",			"class" : "PP2InMemoryContext",			"operatorClass" : "RemoveCaretOperator",			"mutationStart" : 82,			"method" : "copyFrom:to:",			"mutationEnd" : 117		}	],	"mutationScoreAfter" : 68,	"mutationScoreBefore" : 62,	"testAmpLoc" : 365,	"amplifiedMethods" : [		"PP2InMemoryContextTest383>>#testAsPetit2Context_amp_T6_A5_A183"	],	"testLoc" : "37",	"amplifiedClass" : "PP2InMemoryContextTest383",	"numberOfAllMutationsInOriginal" : 64,	"targetLoc" : 136,	"newCovered" : [		{			"operatorDescription" : "Remove ^",			"class" : "PP2InMemoryContext",			"operatorClass" : "RemoveCaretOperator",			"mutationStart" : 20,			"method" : "globals:",			"mutationEnd" : 40		},		{			"operatorDescription" : "Remove ^",			"class" : "PP2InMemoryContext",			"operatorClass" : "RemoveCaretOperator",			"mutationStart" : 18,			"method" : "isPetit2Context",			"mutationEnd" : 23		},		{			"operatorDescription" : "Remove ^",			"class" : "PP2InMemoryContext",			"operatorClass" : "RemoveCaretOperator",			"mutationStart" : 13,			"method" : "isBuffered",			"mutationEnd" : 19		},		{			"operatorDescription" : "Remove ^",			"class" : "PP2InMemoryContext",			"operatorClass" : "RemoveCaretOperator",			"mutationStart" : 19,			"method" : "rememberPosition",			"mutationEnd" : 28		}	],	"timeBudgetFinished" : false,	"notCoveredInOriginal" : [		{			"operatorDescription" : "Remove ^",			"class" : "PP2InMemoryContext",			"operatorClass" : "RemoveCaretOperator",			"mutationStart" : 20,			"method" : "globals:",			"mutationEnd" : 40		},		{			"operatorDescription" : "Remove ^",			"class" : "PP2InMemoryContext",			"operatorClass" : "RemoveCaretOperator",			"mutationStart" : 18,			"method" : "isPetit2Context",			"mutationEnd" : 23		},		{			"operatorDescription" : "Remove ^",			"class" : "PP2InMemoryContext",			"operatorClass" : "RemoveCaretOperator",			"mutationStart" : 14,			"method" : "debugResult",			"mutationEnd" : 232		},		{			"operatorDescription" : "Remove ^",			"class" : "PP2InMemoryContext",			"operatorClass" : "RemoveCaretOperator",			"mutationStart" : 35,			"method" : "newToken:from:",			"mutationEnd" : 100		},		{			"operatorDescription" : "Replace #+ with #-",			"class" : "PP2InMemoryContext",			"operatorClass" : "ReplacePlusWithMinusMutantOperator",			"mutationStart" : 75,			"method" : "newToken:from:",			"mutationEnd" : 83		},		{			"operatorDescription" : "Replace #+ with #-",			"class" : "PP2InMemoryContext",			"operatorClass" : "ReplacePlusWithMinusMutantOperator",			"mutationStart" : 29,			"method" : "shift:",			"mutationEnd" : 46		},		{			"operatorDescription" : "Replace #or: argument with [false]",			"class" : "PP2InMemoryContext",			"operatorClass" : "ReplaceOrArgumentWithFalseOperator",			"mutationStart" : 208,			"method" : "upTo:",			"mutationEnd" : 238		},		{			"operatorDescription" : "Replace #or: with #bXor:",			"class" : "PP2InMemoryContext",			"operatorClass" : "ReplaceOrWithXorMutantOperator",			"mutationStart" : 208,			"method" : "upTo:",			"mutationEnd" : 238		},		{			"operatorDescription" : "Replace #'<=' with #=",			"class" : "PP2InMemoryContext",			"operatorClass" : "ReplaceLessOrEqualWithEqualMutantOperator",			"mutationStart" : 77,			"method" : "next:",			"mutationEnd" : 102		},		{			"operatorDescription" : "Replace #+ with #-",			"class" : "PP2InMemoryContext",			"operatorClass" : "ReplacePlusWithMinusMutantOperator",			"mutationStart" : 20,			"method" : "shift",			"mutationEnd" : 31		},		{			"operatorDescription" : "Remove ^",			"class" : "PP2InMemoryContext",			"operatorClass" : "RemoveCaretOperator",			"mutationStart" : 13,			"method" : "isBuffered",			"mutationEnd" : 19		},		{			"operatorDescription" : "Remove ^",			"class" : "PP2InMemoryContext",			"operatorClass" : "RemoveCaretOperator",			"mutationStart" : 54,			"method" : "nextFor:",			"mutationEnd" : 60		},		{			"operatorDescription" : "Remove ^",			"class" : "PP2InMemoryContext",			"operatorClass" : "RemoveCaretOperator",			"mutationStart" : 93,			"method" : "nextFor:",			"mutationEnd" : 201		},		{			"operatorDescription" : "Replace #+ with #-",			"class" : "PP2InMemoryContext",			"operatorClass" : "ReplacePlusWithMinusMutantOperator",			"mutationStart" : 78,			"method" : "nextFor:",			"mutationEnd" : 89		},		{			"operatorDescription" : "Replace #- with #+",			"class" : "PP2InMemoryContext",			"operatorClass" : "ReplaceMinusWithPlusMutantOperator",			"mutationStart" : 180,			"method" : "nextFor:",			"mutationEnd" : 191		},		{			"operatorDescription" : "Replace #ifTrue: receiver with false",			"class" : "PP2InMemoryContext",			"operatorClass" : "ReplaceIfTrueReceiverWithFalseOperator",			"mutationStart" : 22,			"method" : "nextFor:",			"mutationEnd" : 62		},		{			"operatorDescription" : "Replace #ifTrue: receiver with true",			"class" : "PP2InMemoryContext",			"operatorClass" : "ReplaceIfTrueReceiverWithTrueOperator",			"mutationStart" : 22,			"method" : "nextFor:",			"mutationEnd" : 62		},		{			"operatorDescription" : "Replace #ifTrue: with #ifFalse:",			"class" : "PP2InMemoryContext",			"operatorClass" : "ReplaceIfTrueWithIfFalseMutantOperator",			"mutationStart" : 22,			"method" : "nextFor:",			"mutationEnd" : 62		},		{			"operatorDescription" : "Replace #ifTrue:ifFalse: receiver with false",			"class" : "PP2InMemoryContext",			"operatorClass" : "ReplaceIfTrueIfFalseReceiverWithFalseOperator",			"mutationStart" : 95,			"method" : "nextFor:",			"mutationEnd" : 201		},		{			"operatorDescription" : "Replace #ifTrue:ifFalse: receiver with true",			"class" : "PP2InMemoryContext",			"operatorClass" : "ReplaceIfTrueIfFalseReceiverWithTrueOperator",			"mutationStart" : 95,			"method" : "nextFor:",			"mutationEnd" : 201		},		{			"operatorDescription" : "Replace a == b with (a == b) not",			"class" : "PP2InMemoryContext",			"operatorClass" : "ReplaceIdentityWithNegationOfIdentity",			"mutationStart" : 22,			"method" : "nextFor:",			"mutationEnd" : 42		},		{			"operatorDescription" : "Replace a == b with (a == b) not",			"class" : "PP2InMemoryContext",			"operatorClass" : "ReplaceIdentityWithNegationOfIdentity",			"mutationStart" : 95,			"method" : "nextFor:",			"mutationEnd" : 133		},		{			"operatorDescription" : "Remove ^",			"class" : "PP2InMemoryContext",			"operatorClass" : "RemoveCaretOperator",			"mutationStart" : 19,			"method" : "rememberPosition",			"mutationEnd" : 28		},		{			"operatorDescription" : "Remove ^",			"class" : "PP2InMemoryContext",			"operatorClass" : "RemoveCaretOperator",			"mutationStart" : 82,			"method" : "copyFrom:to:",			"mutationEnd" : 117		}	],	"testCase" : "PP2InMemoryContextTest",	"unixtime" : 1604940776,	"timeTotal" : 283}