{	"targetClasses" : [		"PP2IsNullableVisitor"	],	"testMethodsIgnored" : [ ],	"methodsNotProfiled" : [		"PP2IsNullableVisitor>>#visitPP2Node:",		"PP2IsNullableVisitor>>#visitComposite:",		"PP2IsNullableVisitor>>#visitPop:",		"PP2IsNullableVisitor>>#visitNewLine:",		"PP2IsNullableVisitor>>#visitPredicateSequence:",		"PP2IsNullableVisitor>>#visitToken:",		"PP2IsNullableVisitor>>#visitNonEpsilon:",		"PP2IsNullableVisitor>>#visitPush:",		"PP2IsNullableVisitor>>#visitFlatten:",		"PP2IsNullableVisitor>>#visitTrimming:",		"PP2IsNullableVisitor>>#visitEndOfLine:",		"PP2IsNullableVisitor>>#visitMapping:",		"PP2IsNullableVisitor>>#visitSea:",		"PP2IsNullableVisitor>>#visitMatch:"	],	"numberOfOriginalTestMethods" : 35,	"timeDetail" : [		"init: % 0.41 (588 milliseconds)",		"assertionAmplification: % 56.58 (1 minute 20 seconds 726 milliseconds)",		"selection: % 25.01 (35 seconds 692 milliseconds)",		"inputAmplification: % 17.59 (25 seconds 99 milliseconds)",		"finalize: % 0.41 (581 milliseconds)"	],	"notCoveredInAmplified" : [		{			"operatorDescription" : "Remove ^",			"class" : "PP2IsNullableVisitor",			"operatorClass" : "RemoveCaretOperator",			"mutationStart" : 23,			"method" : "visitComposite:",			"mutationEnd" : 94		},		{			"operatorDescription" : "Remove ^",			"class" : "PP2IsNullableVisitor",			"operatorClass" : "RemoveCaretOperator",			"mutationStart" : 17,			"method" : "visitPop:",			"mutationEnd" : 42		},		{			"operatorDescription" : "Remove ^",			"class" : "PP2IsNullableVisitor",			"operatorClass" : "RemoveCaretOperator",			"mutationStart" : 21,			"method" : "visitNewLine:",			"mutationEnd" : 27		},		{			"operatorDescription" : "Remove ^",			"class" : "PP2IsNullableVisitor",			"operatorClass" : "RemoveCaretOperator",			"mutationStart" : 31,			"method" : "visitPredicateSequence:",			"mutationEnd" : 92		},		{			"operatorDescription" : "Replace #= with #'~='",			"class" : "PP2IsNullableVisitor",			"operatorClass" : "ReplaceEqualWithNotEqualOperator",			"mutationStart" : 77,			"method" : "visitPredicateSequence:",			"mutationEnd" : 89		},		{			"operatorDescription" : "Remove ^",			"class" : "PP2IsNullableVisitor",			"operatorClass" : "RemoveCaretOperator",			"mutationStart" : 19,			"method" : "visitToken:",			"mutationEnd" : 44		},		{			"operatorDescription" : "Remove ^",			"class" : "PP2IsNullableVisitor",			"operatorClass" : "RemoveCaretOperator",			"mutationStart" : 24,			"method" : "visitNonEpsilon:",			"mutationEnd" : 30		},		{			"operatorDescription" : "Remove ^",			"class" : "PP2IsNullableVisitor",			"operatorClass" : "RemoveCaretOperator",			"mutationStart" : 18,			"method" : "visitPush:",			"mutationEnd" : 43		},		{			"operatorDescription" : "Remove ^",			"class" : "PP2IsNullableVisitor",			"operatorClass" : "RemoveCaretOperator",			"mutationStart" : 21,			"method" : "visitFlatten:",			"mutationEnd" : 46		},		{			"operatorDescription" : "Remove ^",			"class" : "PP2IsNullableVisitor",			"operatorClass" : "RemoveCaretOperator",			"mutationStart" : 22,			"method" : "visitTrimming:",			"mutationEnd" : 47		},		{			"operatorDescription" : "Remove ^",			"class" : "PP2IsNullableVisitor",			"operatorClass" : "RemoveCaretOperator",			"mutationStart" : 23,			"method" : "visitEndOfLine:",			"mutationEnd" : 29		},		{			"operatorDescription" : "Remove ^",			"class" : "PP2IsNullableVisitor",			"operatorClass" : "RemoveCaretOperator",			"mutationStart" : 21,			"method" : "visitMapping:",			"mutationEnd" : 46		},		{			"operatorDescription" : "Remove ^",			"class" : "PP2IsNullableVisitor",			"operatorClass" : "RemoveCaretOperator",			"mutationStart" : 17,			"method" : "visitSea:",			"mutationEnd" : 41		},		{			"operatorDescription" : "Remove ^",			"class" : "PP2IsNullableVisitor",			"operatorClass" : "RemoveCaretOperator",			"mutationStart" : 19,			"method" : "visitMatch:",			"mutationEnd" : 44		},		{			"operatorDescription" : "Replace #ifTrue:ifFalse: receiver with false",			"class" : "PP2IsNullableVisitor",			"operatorClass" : "ReplaceIfTrueIfFalseReceiverWithFalseOperator",			"mutationStart" : 144,			"method" : "visitWrapping:",			"mutationEnd" : 230		},		{			"operatorDescription" : "Remove ^",			"class" : "PP2IsNullableVisitor",			"operatorClass" : "RemoveCaretOperator",			"mutationStart" : 22,			"method" : "visitDelegate:",			"mutationEnd" : 92		}	],	"mutationScoreAfter" : 60,	"mutationScoreBefore" : 60,	"testAmpLoc" : 0,	"amplifiedMethods" : [ ],	"testLoc" : "111",	"amplifiedClass" : "PP2IsNullableVisitorTest578",	"numberOfAllMutationsInOriginal" : 41,	"targetLoc" : 113,	"newCovered" : [ ],	"timeBudgetFinished" : false,	"notCoveredInOriginal" : [		{			"operatorDescription" : "Remove ^",			"class" : "PP2IsNullableVisitor",			"operatorClass" : "RemoveCaretOperator",			"mutationStart" : 23,			"method" : "visitComposite:",			"mutationEnd" : 94		},		{			"operatorDescription" : "Remove ^",			"class" : "PP2IsNullableVisitor",			"operatorClass" : "RemoveCaretOperator",			"mutationStart" : 17,			"method" : "visitPop:",			"mutationEnd" : 42		},		{			"operatorDescription" : "Remove ^",			"class" : "PP2IsNullableVisitor",			"operatorClass" : "RemoveCaretOperator",			"mutationStart" : 21,			"method" : "visitNewLine:",			"mutationEnd" : 27		},		{			"operatorDescription" : "Remove ^",			"class" : "PP2IsNullableVisitor",			"operatorClass" : "RemoveCaretOperator",			"mutationStart" : 31,			"method" : "visitPredicateSequence:",			"mutationEnd" : 92		},		{			"operatorDescription" : "Replace #= with #'~='",			"class" : "PP2IsNullableVisitor",			"operatorClass" : "ReplaceEqualWithNotEqualOperator",			"mutationStart" : 77,			"method" : "visitPredicateSequence:",			"mutationEnd" : 89		},		{			"operatorDescription" : "Remove ^",			"class" : "PP2IsNullableVisitor",			"operatorClass" : "RemoveCaretOperator",			"mutationStart" : 19,			"method" : "visitToken:",			"mutationEnd" : 44		},		{			"operatorDescription" : "Remove ^",			"class" : "PP2IsNullableVisitor",			"operatorClass" : "RemoveCaretOperator",			"mutationStart" : 24,			"method" : "visitNonEpsilon:",			"mutationEnd" : 30		},		{			"operatorDescription" : "Remove ^",			"class" : "PP2IsNullableVisitor",			"operatorClass" : "RemoveCaretOperator",			"mutationStart" : 18,			"method" : "visitPush:",			"mutationEnd" : 43		},		{			"operatorDescription" : "Remove ^",			"class" : "PP2IsNullableVisitor",			"operatorClass" : "RemoveCaretOperator",			"mutationStart" : 21,			"method" : "visitFlatten:",			"mutationEnd" : 46		},		{			"operatorDescription" : "Remove ^",			"class" : "PP2IsNullableVisitor",			"operatorClass" : "RemoveCaretOperator",			"mutationStart" : 22,			"method" : "visitTrimming:",			"mutationEnd" : 47		},		{			"operatorDescription" : "Remove ^",			"class" : "PP2IsNullableVisitor",			"operatorClass" : "RemoveCaretOperator",			"mutationStart" : 23,			"method" : "visitEndOfLine:",			"mutationEnd" : 29		},		{			"operatorDescription" : "Remove ^",			"class" : "PP2IsNullableVisitor",			"operatorClass" : "RemoveCaretOperator",			"mutationStart" : 21,			"method" : "visitMapping:",			"mutationEnd" : 46		},		{			"operatorDescription" : "Remove ^",			"class" : "PP2IsNullableVisitor",			"operatorClass" : "RemoveCaretOperator",			"mutationStart" : 17,			"method" : "visitSea:",			"mutationEnd" : 41		},		{			"operatorDescription" : "Remove ^",			"class" : "PP2IsNullableVisitor",			"operatorClass" : "RemoveCaretOperator",			"mutationStart" : 19,			"method" : "visitMatch:",			"mutationEnd" : 44		},		{			"operatorDescription" : "Replace #ifTrue:ifFalse: receiver with false",			"class" : "PP2IsNullableVisitor",			"operatorClass" : "ReplaceIfTrueIfFalseReceiverWithFalseOperator",			"mutationStart" : 144,			"method" : "visitWrapping:",			"mutationEnd" : 230		},		{			"operatorDescription" : "Remove ^",			"class" : "PP2IsNullableVisitor",			"operatorClass" : "RemoveCaretOperator",			"mutationStart" : 22,			"method" : "visitDelegate:",			"mutationEnd" : 92		}	],	"testCase" : "PP2IsNullableVisitorTest",	"unixtime" : 1604963506,	"timeTotal" : 142}