{	"targetClasses" : [		"PP2JsonParser"	],	"testMethodsIgnored" : [ ],	"methodsNotProfiled" : [ ],	"numberOfOriginalTestMethods" : 25,	"timeDetail" : [		"init: % 0.02 (398 milliseconds)",		"assertionAmplification: % 93.97 (29 minutes 32 seconds 854 milliseconds)",		"selection: % 4.44 (1 minute 23 seconds 711 milliseconds)",		"inputAmplification: % 1.54 (29 seconds 77 milliseconds)",		"finalize: % 0.03 (545 milliseconds)"	],	"notCoveredInAmplified" : [ ],	"mutationScoreAfter" : 100,	"mutationScoreBefore" : 95,	"testAmpLoc" : 565,	"amplifiedMethods" : [		"PP2JsonParserTest413>>#testBigArray_amp_A6"	],	"testLoc" : "157",	"amplifiedClass" : "PP2JsonParserTest413",	"numberOfAllMutationsInOriginal" : 21,	"targetLoc" : 33,	"newCovered" : [		{			"operatorDescription" : "Remove ^",			"class" : "PP2JsonParser",			"operatorClass" : "RemoveCaretOperator",			"mutationStart" : 9,			"method" : "object",			"mutationEnd" : 168		}	],	"timeBudgetFinished" : false,	"notCoveredInOriginal" : [		{			"operatorDescription" : "Remove ^",			"class" : "PP2JsonParser",			"operatorClass" : "RemoveCaretOperator",			"mutationStart" : 9,			"method" : "object",			"mutationEnd" : 168		}	],	"testCase" : "PP2JsonParserTest",	"unixtime" : 1604965544,	"timeTotal" : 1886}