{	"targetClasses" : [		"PP2MSEArrayParser"	],	"testMethodsIgnored" : [ ],	"methodsNotProfiled" : [ ],	"numberOfOriginalTestMethods" : 15,	"timeDetail" : [		"init: % 0.03 (454 milliseconds)",		"assertionAmplification: % 95.27 (22 minutes 37 seconds 88 milliseconds)",		"selection: % 3.98 (56 seconds 627 milliseconds)",		"inputAmplification: % 0.64 (9 seconds 103 milliseconds)",		"finalize: % 0.09 (1 second 212 milliseconds)"	],	"notCoveredInAmplified" : [ ],	"mutationScoreAfter" : 100,	"mutationScoreBefore" : 76,	"testAmpLoc" : 3892,	"amplifiedMethods" : [		"PP2MSEArrayParserTest255>>#testElementName_amp_A1",		"PP2MSEArrayParserTest255>>#testElementName_amp_A0",		"PP2MSEArrayParserTest255>>#testElementName_amp_A5",		"PP2MSEArrayParserTest255>>#testElementName_amp_A3",		"PP2MSEArrayParserTest255>>#testElementName_amp_A2",		"PP2MSEArrayParserTest255>>#testElementName_amp_A7",		"PP2MSEArrayParserTest255>>#testElementName_amp_A6"	],	"testLoc" : "52",	"amplifiedClass" : "PP2MSEArrayParserTest255",	"numberOfAllMutationsInOriginal" : 30,	"targetLoc" : 51,	"newCovered" : [		{			"operatorDescription" : "Remove ^",			"class" : "PP2MSEArrayParser",			"operatorClass" : "RemoveCaretOperator",			"mutationStart" : 13,			"method" : "stringText",			"mutationEnd" : 105		},		{			"operatorDescription" : "Replace #= with #'~='",			"class" : "PP2MSEArrayParser",			"operatorClass" : "ReplaceEqualWithNotEqualOperator",			"mutationStart" : 91,			"method" : "boolean",			"mutationEnd" : 111		},		{			"operatorDescription" : "Replace #ifTrue:ifFalse: receiver with false",			"class" : "PP2MSEArrayParser",			"operatorClass" : "ReplaceIfTrueIfFalseReceiverWithFalseOperator",			"mutationStart" : 91,			"method" : "boolean",			"mutationEnd" : 142		},		{			"operatorDescription" : "Replace #ifTrue:ifFalse: receiver with true",			"class" : "PP2MSEArrayParser",			"operatorClass" : "ReplaceIfTrueIfFalseReceiverWithTrueOperator",			"mutationStart" : 45,			"method" : "boolean",			"mutationEnd" : 143		},		{			"operatorDescription" : "Replace #ifTrue:ifFalse: receiver with true",			"class" : "PP2MSEArrayParser",			"operatorClass" : "ReplaceIfTrueIfFalseReceiverWithTrueOperator",			"mutationStart" : 91,			"method" : "boolean",			"mutationEnd" : 142		},		{			"operatorDescription" : "Replace #or: argument with [false]",			"class" : "PP2MSEArrayParser",			"operatorClass" : "ReplaceOrArgumentWithFalseOperator",			"mutationStart" : 66,			"method" : "attributeValue",			"mutationEnd" : 105		},		{			"operatorDescription" : "Replace #or: with #bXor:",			"class" : "PP2MSEArrayParser",			"operatorClass" : "ReplaceOrWithXorMutantOperator",			"mutationStart" : 66,			"method" : "attributeValue",			"mutationEnd" : 105		}	],	"timeBudgetFinished" : false,	"notCoveredInOriginal" : [		{			"operatorDescription" : "Remove ^",			"class" : "PP2MSEArrayParser",			"operatorClass" : "RemoveCaretOperator",			"mutationStart" : 13,			"method" : "stringText",			"mutationEnd" : 105		},		{			"operatorDescription" : "Replace #= with #'~='",			"class" : "PP2MSEArrayParser",			"operatorClass" : "ReplaceEqualWithNotEqualOperator",			"mutationStart" : 91,			"method" : "boolean",			"mutationEnd" : 111		},		{			"operatorDescription" : "Replace #ifTrue:ifFalse: receiver with false",			"class" : "PP2MSEArrayParser",			"operatorClass" : "ReplaceIfTrueIfFalseReceiverWithFalseOperator",			"mutationStart" : 91,			"method" : "boolean",			"mutationEnd" : 142		},		{			"operatorDescription" : "Replace #ifTrue:ifFalse: receiver with true",			"class" : "PP2MSEArrayParser",			"operatorClass" : "ReplaceIfTrueIfFalseReceiverWithTrueOperator",			"mutationStart" : 45,			"method" : "boolean",			"mutationEnd" : 143		},		{			"operatorDescription" : "Replace #ifTrue:ifFalse: receiver with true",			"class" : "PP2MSEArrayParser",			"operatorClass" : "ReplaceIfTrueIfFalseReceiverWithTrueOperator",			"mutationStart" : 91,			"method" : "boolean",			"mutationEnd" : 142		},		{			"operatorDescription" : "Replace #or: argument with [false]",			"class" : "PP2MSEArrayParser",			"operatorClass" : "ReplaceOrArgumentWithFalseOperator",			"mutationStart" : 66,			"method" : "attributeValue",			"mutationEnd" : 105		},		{			"operatorDescription" : "Replace #or: with #bXor:",			"class" : "PP2MSEArrayParser",			"operatorClass" : "ReplaceOrWithXorMutantOperator",			"mutationStart" : 66,			"method" : "attributeValue",			"mutationEnd" : 105		}	],	"testCase" : "PP2MSEArrayParserTest",	"unixtime" : 1604947918,	"timeTotal" : 1424}