{	"targetClasses" : [		"PP2MSEGrammar"	],	"testMethodsIgnored" : [ ],	"methodsNotProfiled" : [ ],	"numberOfOriginalTestMethods" : 10,	"timeDetail" : [		"init: % 0.01 (331 milliseconds)",		"assertionAmplification: % 94.58 (36 minutes 31 seconds 637 milliseconds)",		"selection: % 5.12 (1 minute 58 seconds 707 milliseconds)",		"inputAmplification: % 0.23 (5 seconds 393 milliseconds)",		"finalize: % 0.05 (1 second 58 milliseconds)"	],	"notCoveredInAmplified" : [ ],	"mutationScoreAfter" : 100,	"mutationScoreBefore" : 93,	"testAmpLoc" : 3017,	"amplifiedMethods" : [		"PP2MSEGrammarTest174>>#testClose_amp_A0",		"PP2MSEGrammarTest174>>#testClose_amp_A6"	],	"testLoc" : "31",	"amplifiedClass" : "PP2MSEGrammarTest174",	"numberOfAllMutationsInOriginal" : 29,	"targetLoc" : 40,	"newCovered" : [		{			"operatorDescription" : "Remove ^",			"class" : "PP2MSEGrammar",			"operatorClass" : "RemoveCaretOperator",			"mutationStart" : 13,			"method" : "stringText",			"mutationEnd" : 73		},		{			"operatorDescription" : "Remove ^",			"class" : "PP2MSEGrammar",			"operatorClass" : "RemoveCaretOperator",			"mutationStart" : 9,			"method" : "start",			"mutationEnd" : 22		}	],	"timeBudgetFinished" : false,	"notCoveredInOriginal" : [		{			"operatorDescription" : "Remove ^",			"class" : "PP2MSEGrammar",			"operatorClass" : "RemoveCaretOperator",			"mutationStart" : 13,			"method" : "stringText",			"mutationEnd" : 73		},		{			"operatorDescription" : "Remove ^",			"class" : "PP2MSEGrammar",			"operatorClass" : "RemoveCaretOperator",			"mutationStart" : 9,			"method" : "start",			"mutationEnd" : 22		}	],	"testCase" : "PP2MSEGrammarTest",	"unixtime" : 1604940426,	"timeTotal" : 2317}