{	"targetClasses" : [		"PP2NextSetsContext"	],	"testMethodsIgnored" : [ ],	"methodsNotProfiled" : [ ],	"numberOfOriginalTestMethods" : 4,	"timeDetail" : [		"init: % 53.13 (11 seconds 783 milliseconds)",		"assertionAmplification: % 30.89 (6 seconds 850 milliseconds)",		"selection: % 4.29 (951 milliseconds)",		"inputAmplification: % 9.90 (2 seconds 195 milliseconds)",		"finalize: % 1.80 (399 milliseconds)"	],	"notCoveredInAmplified" : [ ],	"mutationScoreAfter" : 100,	"mutationScoreBefore" : 51,	"testAmpLoc" : 0,	"amplifiedMethods" : [ ],	"testLoc" : "24",	"amplifiedClass" : "PP2NextSetsContextTest67",	"numberOfAllMutationsInOriginal" : 27,	"targetLoc" : 19,	"newCovered" : [ ],	"timeBudgetFinished" : false,	"notCoveredInOriginal" : [		{			"operatorDescription" : "Remove ^",			"class" : "PP2NextSetsContext",			"operatorClass" : "RemoveCaretOperator",			"mutationStart" : 53,			"method" : "=",			"mutationEnd" : 59		},		{			"operatorDescription" : "Remove ^",			"class" : "PP2NextSetsContext",			"operatorClass" : "RemoveCaretOperator",			"mutationStart" : 136,			"method" : "=",			"mutationEnd" : 142		},		{			"operatorDescription" : "Replace #ifFalse: receiver with true",			"class" : "PP2NextSetsContext",			"operatorClass" : "ReplaceIfFalseReceiverWithTrueOperator",			"mutationStart" : 19,			"method" : "=",			"mutationEnd" : 61		},		{			"operatorDescription" : "Replace #ifFalse: receiver with true",			"class" : "PP2NextSetsContext",			"operatorClass" : "ReplaceIfFalseReceiverWithTrueOperator",			"mutationStart" : 67,			"method" : "=",			"mutationEnd" : 144		},		{			"operatorDescription" : "Remove ^",			"class" : "PP2NextSetsContext",			"operatorClass" : "RemoveCaretOperator",			"mutationStart" : 123,			"method" : "hash",			"mutationEnd" : 158		},		{			"operatorDescription" : "Replace #'<=' with #<",			"class" : "PP2NextSetsContext",			"operatorClass" : "ReplaceLessOrEqualWithLessMutantOperator",			"mutationStart" : 39,			"method" : "hash",			"mutationEnd" : 60		},		{			"operatorDescription" : "Replace #'<=' with #=",			"class" : "PP2NextSetsContext",			"operatorClass" : "ReplaceLessOrEqualWithEqualMutantOperator",			"mutationStart" : 39,			"method" : "hash",			"mutationEnd" : 60		},		{			"operatorDescription" : "Replace #'<=' with #>",			"class" : "PP2NextSetsContext",			"operatorClass" : "ReplaceLessOrEqualWithGreaterMutantOperator",			"mutationStart" : 39,			"method" : "hash",			"mutationEnd" : 60		},		{			"operatorDescription" : "Replace #'<=' with true",			"class" : "PP2NextSetsContext",			"operatorClass" : "ReplaceLessOrEqualWithTrueOperator",			"mutationStart" : 39,			"method" : "hash",			"mutationEnd" : 60		},		{			"operatorDescription" : "Replace #ifTrue: receiver with false",			"class" : "PP2NextSetsContext",			"operatorClass" : "ReplaceIfTrueReceiverWithFalseOperator",			"mutationStart" : 39,			"method" : "hash",			"mutationEnd" : 118		},		{			"operatorDescription" : "Replace #ifTrue: receiver with true",			"class" : "PP2NextSetsContext",			"operatorClass" : "ReplaceIfTrueReceiverWithTrueOperator",			"mutationStart" : 39,			"method" : "hash",			"mutationEnd" : 118		},		{			"operatorDescription" : "Replace #ifTrue: with #ifFalse:",			"class" : "PP2NextSetsContext",			"operatorClass" : "ReplaceIfTrueWithIfFalseMutantOperator",			"mutationStart" : 39,			"method" : "hash",			"mutationEnd" : 118		},		{			"operatorDescription" : "Replace do block with [:each |]",			"class" : "PP2NextSetsContext",			"operatorClass" : "ReplaceDoBlockWithEmptyBlockOperator",			"mutationStart" : 76,			"method" : "hash",			"mutationEnd" : 114		}	],	"testCase" : "PP2NextSetsContextTest",	"unixtime" : 1604937626,	"timeTotal" : 22}