{	"targetClasses" : [		"PP2NoopVisitor"	],	"testMethodsIgnored" : [ ],	"methodsNotProfiled" : [		"PP2NoopVisitor>>#afterAccept:result:",		"PP2NoopVisitor>>#open:",		"PP2NoopVisitor>>#openedResultFor:",		"PP2NoopVisitor>>#context:",		"PP2NoopVisitor>>#cacheResult:for:",		"PP2NoopVisitor>>#nodeOpened:",		"PP2NoopVisitor>>#visitPP2Node:",		"PP2NoopVisitor>>#cachedResultFor:",		"PP2NoopVisitor>>#beforeAccept:",		"PP2NoopVisitor>>#visit:",		"PP2NoopVisitor>>#close:",		"PP2NoopVisitor>>#isOpened:",		"PP2NoopVisitor>>#isClosed:",		"PP2NoopVisitor>>#nodeClosed:"	],	"numberOfOriginalTestMethods" : 4,	"timeDetail" : [		"init: % 1.00 (312 milliseconds)",		"assertionAmplification: % 83.97 (26 seconds 250 milliseconds)",		"selection: % 8.59 (2 seconds 686 milliseconds)",		"inputAmplification: % 5.28 (1 second 651 milliseconds)",		"finalize: % 1.16 (364 milliseconds)"	],	"notCoveredInAmplified" : [		{			"operatorDescription" : "Remove ^",			"class" : "PP2NoopVisitor",			"operatorClass" : "RemoveCaretOperator",			"mutationStart" : 27,			"method" : "openedResultFor:",			"mutationEnd" : 31		},		{			"operatorDescription" : "Remove ^",			"class" : "PP2NoopVisitor",			"operatorClass" : "RemoveCaretOperator",			"mutationStart" : 75,			"method" : "parentContext",			"mutationEnd" : 91		},		{			"operatorDescription" : "Remove ^",			"class" : "PP2NoopVisitor",			"operatorClass" : "RemoveCaretOperator",			"mutationStart" : 27,			"method" : "cachedResultFor:",			"mutationEnd" : 45		},		{			"operatorDescription" : "Remove ^",			"class" : "PP2NoopVisitor",			"operatorClass" : "RemoveCaretOperator",			"mutationStart" : 455,			"method" : "visit:",			"mutationEnd" : 462		}	],	"mutationScoreAfter" : 84,	"mutationScoreBefore" : 68,	"testAmpLoc" : 28,	"amplifiedMethods" : [		"PP2NoopVisitorTest64>>#testVisitCharacter_amp"	],	"testLoc" : "28",	"amplifiedClass" : "PP2NoopVisitorTest64",	"numberOfAllMutationsInOriginal" : 25,	"targetLoc" : 74,	"newCovered" : [		{			"operatorDescription" : "Remove ^",			"class" : "PP2NoopVisitor",			"operatorClass" : "RemoveCaretOperator",			"mutationStart" : 43,			"method" : "isRoot",			"mutationEnd" : 62		},		{			"operatorDescription" : "Replace #= with #'~='",			"class" : "PP2NoopVisitor",			"operatorClass" : "ReplaceEqualWithNotEqualOperator",			"mutationStart" : 45,			"method" : "isRoot",			"mutationEnd" : 62		},		{			"operatorDescription" : "Remove ^",			"class" : "PP2NoopVisitor",			"operatorClass" : "RemoveCaretOperator",			"mutationStart" : 17,			"method" : "currentContext",			"mutationEnd" : 31		},		{			"operatorDescription" : "Remove ^",			"class" : "PP2NoopVisitor",			"operatorClass" : "RemoveCaretOperator",			"mutationStart" : 14,			"method" : "rootContext",			"mutationEnd" : 57		}	],	"timeBudgetFinished" : false,	"notCoveredInOriginal" : [		{			"operatorDescription" : "Remove ^",			"class" : "PP2NoopVisitor",			"operatorClass" : "RemoveCaretOperator",			"mutationStart" : 43,			"method" : "isRoot",			"mutationEnd" : 62		},		{			"operatorDescription" : "Replace #= with #'~='",			"class" : "PP2NoopVisitor",			"operatorClass" : "ReplaceEqualWithNotEqualOperator",			"mutationStart" : 45,			"method" : "isRoot",			"mutationEnd" : 62		},		{			"operatorDescription" : "Remove ^",			"class" : "PP2NoopVisitor",			"operatorClass" : "RemoveCaretOperator",			"mutationStart" : 27,			"method" : "openedResultFor:",			"mutationEnd" : 31		},		{			"operatorDescription" : "Remove ^",			"class" : "PP2NoopVisitor",			"operatorClass" : "RemoveCaretOperator",			"mutationStart" : 75,			"method" : "parentContext",			"mutationEnd" : 91		},		{			"operatorDescription" : "Remove ^",			"class" : "PP2NoopVisitor",			"operatorClass" : "RemoveCaretOperator",			"mutationStart" : 27,			"method" : "cachedResultFor:",			"mutationEnd" : 45		},		{			"operatorDescription" : "Remove ^",			"class" : "PP2NoopVisitor",			"operatorClass" : "RemoveCaretOperator",			"mutationStart" : 455,			"method" : "visit:",			"mutationEnd" : 462		},		{			"operatorDescription" : "Remove ^",			"class" : "PP2NoopVisitor",			"operatorClass" : "RemoveCaretOperator",			"mutationStart" : 17,			"method" : "currentContext",			"mutationEnd" : 31		},		{			"operatorDescription" : "Remove ^",			"class" : "PP2NoopVisitor",			"operatorClass" : "RemoveCaretOperator",			"mutationStart" : 14,			"method" : "rootContext",			"mutationEnd" : 57		}	],	"testCase" : "PP2NoopVisitorTest",	"unixtime" : 1604938108,	"timeTotal" : 31}