{	"targetClasses" : [		"PP2NextSetsVisitor"	],	"testMethodsIgnored" : [ ],	"methodsNotProfiled" : [		"PP2NextSetsVisitor>>#visitPP2Node:",		"PP2NextSetsVisitor>>#visitEndOfInput:",		"PP2NextSetsVisitor>>#nextSetFor:",		"PP2NextSetsVisitor>>#visitComposite:",		"PP2NextSetsVisitor>>#visitPop:",		"PP2NextSetsVisitor>>#visitWater:",		"PP2NextSetsVisitor>>#visitNewLine:",		"PP2NextSetsVisitor>>#add:to:",		"PP2NextSetsVisitor>>#visitNonEpsilon:",		"PP2NextSetsVisitor>>#visitAdaptable:",		"PP2NextSetsVisitor>>#visitEnd:",		"PP2NextSetsVisitor>>#visitPush:",		"PP2NextSetsVisitor>>#visitPredicateObject:",		"PP2NextSetsVisitor>>#visitStartOfLine:",		"PP2NextSetsVisitor>>#visitEndOfLine:",		"PP2NextSetsVisitor>>#visitMapping:",		"PP2NextSetsVisitor>>#visitSea:",		"PP2NextSetsVisitor>>#visitFailing:",		"PP2NextSetsVisitor>>#visitAnd:",		"PP2NextSetsVisitor>>#visitNot:",		"PP2NextSetsVisitor>>#visitMatch:"	],	"numberOfOriginalTestMethods" : 18,	"timeDetail" : [		"init: % 0.43 (366 milliseconds)",		"assertionAmplification: % 65.96 (56 seconds 705 milliseconds)",		"selection: % 8.76 (7 seconds 527 milliseconds)",		"inputAmplification: % 24.28 (20 seconds 874 milliseconds)",		"finalize: % 0.57 (491 milliseconds)"	],	"notCoveredInAmplified" : [		{			"operatorDescription" : "Remove ^",			"class" : "PP2NextSetsVisitor",			"operatorClass" : "RemoveCaretOperator",			"mutationStart" : 42,			"method" : "parentNextSet",			"mutationEnd" : 64		},		{			"operatorDescription" : "Remove ^",			"class" : "PP2NextSetsVisitor",			"operatorClass" : "RemoveCaretOperator",			"mutationStart" : 72,			"method" : "parentNextSet",			"mutationEnd" : 109		},		{			"operatorDescription" : "Remove ^",			"class" : "PP2NextSetsVisitor",			"operatorClass" : "RemoveCaretOperator",			"mutationStart" : 17,			"method" : "visitPop:",			"mutationEnd" : 42		}	],	"mutationScoreAfter" : 81,	"mutationScoreBefore" : 43,	"testAmpLoc" : 393,	"amplifiedMethods" : [		"PP2NextSetsVisitorTest304>>#testOptional_amp_A14_A20_A40",		"PP2NextSetsVisitorTest304>>#testOptional_amp_A14_A20_A28",		"PP2NextSetsVisitorTest304>>#testRoot_amp_A14_N1_A6",		"PP2NextSetsVisitorTest304>>#testAction_amp_N1_N0_A1",		"PP2NextSetsVisitorTest304>>#testChoice_amp_A8_A35_A11"	],	"testLoc" : "189",	"amplifiedClass" : "PP2NextSetsVisitorTest304",	"numberOfAllMutationsInOriginal" : 16,	"targetLoc" : 113,	"newCovered" : [		{			"operatorDescription" : "Remove ^",			"class" : "PP2NextSetsVisitor",			"operatorClass" : "RemoveCaretOperator",			"mutationStart" : 19,			"method" : "nextSetFor:",			"mutationEnd" : 70		},		{			"operatorDescription" : "Replace #ifTrue: receiver with false",			"class" : "PP2NextSetsVisitor",			"operatorClass" : "ReplaceIfTrueReceiverWithFalseOperator",			"mutationStart" : 16,			"method" : "parentNextSet",			"mutationEnd" : 67		},		{			"operatorDescription" : "Replace #ifTrue: receiver with true",			"class" : "PP2NextSetsVisitor",			"operatorClass" : "ReplaceIfTrueReceiverWithTrueOperator",			"mutationStart" : 16,			"method" : "parentNextSet",			"mutationEnd" : 67		},		{			"operatorDescription" : "Replace #ifTrue: with #ifFalse:",			"class" : "PP2NextSetsVisitor",			"operatorClass" : "ReplaceIfTrueWithIfFalseMutantOperator",			"mutationStart" : 16,			"method" : "parentNextSet",			"mutationEnd" : 67		},		{			"operatorDescription" : "Remove ^",			"class" : "PP2NextSetsVisitor",			"operatorClass" : "RemoveCaretOperator",			"mutationStart" : 18,			"method" : "visitPush:",			"mutationEnd" : 43		},		{			"operatorDescription" : "Remove ^",			"class" : "PP2NextSetsVisitor",			"operatorClass" : "RemoveCaretOperator",			"mutationStart" : 19,			"method" : "visitMatch:",			"mutationEnd" : 44		}	],	"timeBudgetFinished" : false,	"notCoveredInOriginal" : [		{			"operatorDescription" : "Remove ^",			"class" : "PP2NextSetsVisitor",			"operatorClass" : "RemoveCaretOperator",			"mutationStart" : 19,			"method" : "nextSetFor:",			"mutationEnd" : 70		},		{			"operatorDescription" : "Remove ^",			"class" : "PP2NextSetsVisitor",			"operatorClass" : "RemoveCaretOperator",			"mutationStart" : 42,			"method" : "parentNextSet",			"mutationEnd" : 64		},		{			"operatorDescription" : "Remove ^",			"class" : "PP2NextSetsVisitor",			"operatorClass" : "RemoveCaretOperator",			"mutationStart" : 72,			"method" : "parentNextSet",			"mutationEnd" : 109		},		{			"operatorDescription" : "Replace #ifTrue: receiver with false",			"class" : "PP2NextSetsVisitor",			"operatorClass" : "ReplaceIfTrueReceiverWithFalseOperator",			"mutationStart" : 16,			"method" : "parentNextSet",			"mutationEnd" : 67		},		{			"operatorDescription" : "Replace #ifTrue: receiver with true",			"class" : "PP2NextSetsVisitor",			"operatorClass" : "ReplaceIfTrueReceiverWithTrueOperator",			"mutationStart" : 16,			"method" : "parentNextSet",			"mutationEnd" : 67		},		{			"operatorDescription" : "Replace #ifTrue: with #ifFalse:",			"class" : "PP2NextSetsVisitor",			"operatorClass" : "ReplaceIfTrueWithIfFalseMutantOperator",			"mutationStart" : 16,			"method" : "parentNextSet",			"mutationEnd" : 67		},		{			"operatorDescription" : "Remove ^",			"class" : "PP2NextSetsVisitor",			"operatorClass" : "RemoveCaretOperator",			"mutationStart" : 17,			"method" : "visitPop:",			"mutationEnd" : 42		},		{			"operatorDescription" : "Remove ^",			"class" : "PP2NextSetsVisitor",			"operatorClass" : "RemoveCaretOperator",			"mutationStart" : 18,			"method" : "visitPush:",			"mutationEnd" : 43		},		{			"operatorDescription" : "Remove ^",			"class" : "PP2NextSetsVisitor",			"operatorClass" : "RemoveCaretOperator",			"mutationStart" : 19,			"method" : "visitMatch:",			"mutationEnd" : 44		}	],	"testCase" : "PP2NextSetsVisitorTest",	"unixtime" : 1604965631,	"timeTotal" : 85}