{	"targetClasses" : [		"PP2ParsingGuard"	],	"testMethodsIgnored" : [ ],	"methodsNotProfiled" : [		"PP2ParsingGuard>>#parsingGuard:"	],	"numberOfOriginalTestMethods" : 3,	"timeDetail" : [		"init: % 2.50 (203 milliseconds)",		"assertionAmplification: % 61.10 (4 seconds 959 milliseconds)",		"selection: % 17.32 (1 second 406 milliseconds)",		"inputAmplification: % 16.31 (1 second 324 milliseconds)",		"finalize: % 2.76 (224 milliseconds)"	],	"notCoveredInAmplified" : [		{			"operatorDescription" : "Remove ^",			"class" : "PP2ParsingGuard",			"operatorClass" : "RemoveCaretOperator",			"mutationStart" : 104,			"method" : "parsingGuard:",			"mutationEnd" : 109		},		{			"operatorDescription" : "Replace #= with #'~='",			"class" : "PP2ParsingGuard",			"operatorClass" : "ReplaceEqualWithNotEqualOperator",			"mutationStart" : 39,			"method" : "parsingGuard:",			"mutationEnd" : 100		},		{			"operatorDescription" : "Remove ^",			"class" : "PP2ParsingGuard",			"operatorClass" : "RemoveCaretOperator",			"mutationStart" : 57,			"method" : "parseOn:",			"mutationEnd" : 64		},		{			"operatorDescription" : "Remove ^",			"class" : "PP2ParsingGuard",			"operatorClass" : "RemoveCaretOperator",			"mutationStart" : 268,			"method" : "parseOn:",			"mutationEnd" : 275		},		{			"operatorDescription" : "Replace #ifFalse: receiver with false",			"class" : "PP2ParsingGuard",			"operatorClass" : "ReplaceIfFalseReceiverWithFalseOperator",			"mutationStart" : 143,			"method" : "parseOn:",			"mutationEnd" : 218		},		{			"operatorDescription" : "Replace #ifFalse: receiver with true",			"class" : "PP2ParsingGuard",			"operatorClass" : "ReplaceIfFalseReceiverWithTrueOperator",			"mutationStart" : 224,			"method" : "parseOn:",			"mutationEnd" : 278		},		{			"operatorDescription" : "Replace #ifTrue: receiver with false",			"class" : "PP2ParsingGuard",			"operatorClass" : "ReplaceIfTrueReceiverWithFalseOperator",			"mutationStart" : 33,			"method" : "parseOn:",			"mutationEnd" : 66		}	],	"mutationScoreAfter" : 58,	"mutationScoreBefore" : 47,	"testAmpLoc" : 36,	"amplifiedMethods" : [		"PP2ParsingGuardTest48>>#testParseOn_amp"	],	"testLoc" : "25",	"amplifiedClass" : "PP2ParsingGuardTest48",	"numberOfAllMutationsInOriginal" : 17,	"targetLoc" : 25,	"newCovered" : [		{			"operatorDescription" : "Remove ^",			"class" : "PP2ParsingGuard",			"operatorClass" : "RemoveCaretOperator",			"mutationStart" : 17,			"method" : "classification",			"mutationEnd" : 32		},		{			"operatorDescription" : "Remove ^",			"class" : "PP2ParsingGuard",			"operatorClass" : "RemoveCaretOperator",			"mutationStart" : 9,			"method" : "retval",			"mutationEnd" : 16		}	],	"timeBudgetFinished" : false,	"notCoveredInOriginal" : [		{			"operatorDescription" : "Remove ^",			"class" : "PP2ParsingGuard",			"operatorClass" : "RemoveCaretOperator",			"mutationStart" : 104,			"method" : "parsingGuard:",			"mutationEnd" : 109		},		{			"operatorDescription" : "Replace #= with #'~='",			"class" : "PP2ParsingGuard",			"operatorClass" : "ReplaceEqualWithNotEqualOperator",			"mutationStart" : 39,			"method" : "parsingGuard:",			"mutationEnd" : 100		},		{			"operatorDescription" : "Remove ^",			"class" : "PP2ParsingGuard",			"operatorClass" : "RemoveCaretOperator",			"mutationStart" : 17,			"method" : "classification",			"mutationEnd" : 32		},		{			"operatorDescription" : "Remove ^",			"class" : "PP2ParsingGuard",			"operatorClass" : "RemoveCaretOperator",			"mutationStart" : 57,			"method" : "parseOn:",			"mutationEnd" : 64		},		{			"operatorDescription" : "Remove ^",			"class" : "PP2ParsingGuard",			"operatorClass" : "RemoveCaretOperator",			"mutationStart" : 268,			"method" : "parseOn:",			"mutationEnd" : 275		},		{			"operatorDescription" : "Replace #ifFalse: receiver with false",			"class" : "PP2ParsingGuard",			"operatorClass" : "ReplaceIfFalseReceiverWithFalseOperator",			"mutationStart" : 143,			"method" : "parseOn:",			"mutationEnd" : 218		},		{			"operatorDescription" : "Replace #ifFalse: receiver with true",			"class" : "PP2ParsingGuard",			"operatorClass" : "ReplaceIfFalseReceiverWithTrueOperator",			"mutationStart" : 224,			"method" : "parseOn:",			"mutationEnd" : 278		},		{			"operatorDescription" : "Replace #ifTrue: receiver with false",			"class" : "PP2ParsingGuard",			"operatorClass" : "ReplaceIfTrueReceiverWithFalseOperator",			"mutationStart" : 33,			"method" : "parseOn:",			"mutationEnd" : 66		},		{			"operatorDescription" : "Remove ^",			"class" : "PP2ParsingGuard",			"operatorClass" : "RemoveCaretOperator",			"mutationStart" : 9,			"method" : "retval",			"mutationEnd" : 16		}	],	"testCase" : "PP2ParsingGuardTest",	"unixtime" : 1604937635,	"timeTotal" : 8}