{	"targetClasses" : [		"PP2PEGParserParser"	],	"testMethodsIgnored" : [ ],	"methodsNotProfiled" : [ ],	"numberOfOriginalTestMethods" : 13,	"timeDetail" : [		"init: % 0.07 (871 milliseconds)",		"assertionAmplification: % 93.16 (20 minutes 848 milliseconds)",		"selection: % 4.72 (1 minute 899 milliseconds)",		"inputAmplification: % 1.97 (25 seconds 372 milliseconds)",		"finalize: % 0.07 (961 milliseconds)"	],	"notCoveredInAmplified" : [		{			"operatorDescription" : "Replace #ifTrue:ifFalse: receiver with true",			"class" : "PP2PEGParserParser",			"operatorClass" : "ReplaceIfTrueIfFalseReceiverWithTrueOperator",			"mutationStart" : 249,			"method" : "Definition",			"mutationEnd" : 362		},		{			"operatorDescription" : "Replace #+ with #-",			"class" : "PP2PEGParserParser",			"operatorClass" : "ReplacePlusWithMinusMutantOperator",			"mutationStart" : 132,			"method" : "Identifier",			"mutationEnd" : 144		}	],	"mutationScoreAfter" : 96,	"mutationScoreBefore" : 96,	"testAmpLoc" : 0,	"amplifiedMethods" : [ ],	"testLoc" : "6",	"amplifiedClass" : "PP2PEGParserParserTest213",	"numberOfAllMutationsInOriginal" : 51,	"targetLoc" : 133,	"newCovered" : [ ],	"timeBudgetFinished" : false,	"notCoveredInOriginal" : [		{			"operatorDescription" : "Replace #ifTrue:ifFalse: receiver with true",			"class" : "PP2PEGParserParser",			"operatorClass" : "ReplaceIfTrueIfFalseReceiverWithTrueOperator",			"mutationStart" : 249,			"method" : "Definition",			"mutationEnd" : 362		},		{			"operatorDescription" : "Replace #+ with #-",			"class" : "PP2PEGParserParser",			"operatorClass" : "ReplacePlusWithMinusMutantOperator",			"mutationStart" : 132,			"method" : "Identifier",			"mutationEnd" : 144		}	],	"testCase" : "PP2PEGParserParserTest",	"unixtime" : 1604937246,	"timeTotal" : 1288}