{	"targetClasses" : [		"PP2PackratVisitor"	],	"testMethodsIgnored" : [ ],	"methodsNotProfiled" : [		"PP2PackratVisitor>>#doPass:"	],	"numberOfOriginalTestMethods" : 5,	"timeDetail" : [		"init: % 1.11 (120 milliseconds)",		"assertionAmplification: % 66.25 (7 seconds 167 milliseconds)",		"selection: % 15.63 (1 second 691 milliseconds)",		"inputAmplification: % 16.10 (1 second 742 milliseconds)",		"finalize: % 0.91 (98 milliseconds)"	],	"notCoveredInAmplified" : [		{			"operatorDescription" : "Remove ^",			"class" : "PP2PackratVisitor",			"operatorClass" : "RemoveCaretOperator",			"mutationStart" : 15,			"method" : "doPass:",			"mutationEnd" : 32		},		{			"operatorDescription" : "Remove ^",			"class" : "PP2PackratVisitor",			"operatorClass" : "RemoveCaretOperator",			"mutationStart" : 237,			"method" : "visitPP2Node:",			"mutationEnd" : 262		},		{			"operatorDescription" : "Replace #ifTrue: receiver with true",			"class" : "PP2PackratVisitor",			"operatorClass" : "ReplaceIfTrueReceiverWithTrueOperator",			"mutationStart" : 21,			"method" : "visitPP2Node:",			"mutationEnd" : 233		}	],	"mutationScoreAfter" : 57,	"mutationScoreBefore" : 57,	"testAmpLoc" : 0,	"amplifiedMethods" : [ ],	"testLoc" : "26",	"amplifiedClass" : "PP2PackratVisitorTest79",	"numberOfAllMutationsInOriginal" : 7,	"targetLoc" : 11,	"newCovered" : [ ],	"timeBudgetFinished" : false,	"notCoveredInOriginal" : [		{			"operatorDescription" : "Remove ^",			"class" : "PP2PackratVisitor",			"operatorClass" : "RemoveCaretOperator",			"mutationStart" : 15,			"method" : "doPass:",			"mutationEnd" : 32		},		{			"operatorDescription" : "Remove ^",			"class" : "PP2PackratVisitor",			"operatorClass" : "RemoveCaretOperator",			"mutationStart" : 237,			"method" : "visitPP2Node:",			"mutationEnd" : 262		},		{			"operatorDescription" : "Replace #ifTrue: receiver with true",			"class" : "PP2PackratVisitor",			"operatorClass" : "ReplaceIfTrueReceiverWithTrueOperator",			"mutationStart" : 21,			"method" : "visitPP2Node:",			"mutationEnd" : 233		}	],	"testCase" : "PP2PackratVisitorTest",	"unixtime" : 1604937779,	"timeTotal" : 10}