{	"targetClasses" : [		"PP2ParentAnalysisVisitor"	],	"testMethodsIgnored" : [ ],	"methodsNotProfiled" : [		"PP2ParentAnalysisVisitor>>#doPass:"	],	"numberOfOriginalTestMethods" : 6,	"timeDetail" : [		"init: % 0.72 (121 milliseconds)",		"assertionAmplification: % 68.85 (11 seconds 623 milliseconds)",		"selection: % 8.82 (1 second 489 milliseconds)",		"inputAmplification: % 21.07 (3 seconds 556 milliseconds)",		"finalize: % 0.54 (92 milliseconds)"	],	"notCoveredInAmplified" : [		{			"operatorDescription" : "Remove ^",			"class" : "PP2ParentAnalysisVisitor",			"operatorClass" : "RemoveCaretOperator",			"mutationStart" : 15,			"method" : "doPass:",			"mutationEnd" : 32		}	],	"mutationScoreAfter" : 83,	"mutationScoreBefore" : 83,	"testAmpLoc" : 0,	"amplifiedMethods" : [ ],	"testLoc" : "58",	"amplifiedClass" : "PP2ParentAnalysisVisitorTest101",	"numberOfAllMutationsInOriginal" : 6,	"targetLoc" : 15,	"newCovered" : [ ],	"timeBudgetFinished" : false,	"notCoveredInOriginal" : [		{			"operatorDescription" : "Remove ^",			"class" : "PP2ParentAnalysisVisitor",			"operatorClass" : "RemoveCaretOperator",			"mutationStart" : 15,			"method" : "doPass:",			"mutationEnd" : 32		}	],	"testCase" : "PP2ParentAnalysisVisitorTest",	"unixtime" : 1604947935,	"timeTotal" : 16}