{	"targetClasses" : [		"PP2RecordingContext"	],	"testMethodsIgnored" : [ ],	"methodsNotProfiled" : [		"PP2RecordingContext>>#furthestPosition:",		"PP2RecordingContext>>#countFor:",		"PP2RecordingContext>>#asFrequencyTableForEvent:"	],	"numberOfOriginalTestMethods" : 26,	"timeDetail" : [		"init: % 0.26 (2 seconds 790 milliseconds)",		"assertionAmplification: % 76.90 (13 minutes 29 seconds 746 milliseconds)",		"selection: % 18.14 (3 minutes 11 seconds 10 milliseconds)",		"inputAmplification: % 4.15 (43 seconds 701 milliseconds)",		"finalize: % 0.55 (5 seconds 768 milliseconds)"	],	"notCoveredInAmplified" : [		{			"operatorDescription" : "Remove ^",			"class" : "PP2RecordingContext",			"operatorClass" : "RemoveCaretOperator",			"mutationStart" : 98,			"method" : "restore:",			"mutationEnd" : 122		},		{			"operatorDescription" : "Remove ^",			"class" : "PP2RecordingContext",			"operatorClass" : "RemoveCaretOperator",			"mutationStart" : 7,			"method" : "node",			"mutationEnd" : 165		},		{			"operatorDescription" : "Remove ^",			"class" : "PP2RecordingContext",			"operatorClass" : "RemoveCaretOperator",			"mutationStart" : 119,			"method" : "restorePosition:",			"mutationEnd" : 154		},		{			"operatorDescription" : "Replace #/ with #*",			"class" : "PP2RecordingContext",			"operatorClass" : "ReplaceDivisionWithMultiplicationMutantOperator",			"mutationStart" : 246,			"method" : "asReportTable",			"mutationEnd" : 288		},		{			"operatorDescription" : "Replace #/ with #*",			"class" : "PP2RecordingContext",			"operatorClass" : "ReplaceDivisionWithMultiplicationMutantOperator",			"mutationStart" : 430,			"method" : "asReportTable",			"mutationEnd" : 474		},		{			"operatorDescription" : "Remove ^",			"class" : "PP2RecordingContext",			"operatorClass" : "RemoveCaretOperator",			"mutationStart" : 18,			"method" : "setAsStartState",			"mutationEnd" : 52		},		{			"operatorDescription" : "Replace #+ with #-",			"class" : "PP2RecordingContext",			"operatorClass" : "ReplacePlusWithMinusMutantOperator",			"mutationStart" : 117,			"method" : "countFor:",			"mutationEnd" : 125		},		{			"operatorDescription" : "Replace #ifTrue: receiver with false",			"class" : "PP2RecordingContext",			"operatorClass" : "ReplaceIfTrueReceiverWithFalseOperator",			"mutationStart" : 79,			"method" : "countFor:",			"mutationEnd" : 127		},		{			"operatorDescription" : "Remove ^",			"class" : "PP2RecordingContext",			"operatorClass" : "RemoveCaretOperator",			"mutationStart" : 152,			"method" : "asFrequencyTable",			"mutationEnd" : 159		},		{			"operatorDescription" : "Replace #* with #/",			"class" : "PP2RecordingContext",			"operatorClass" : "ReplaceMultiplicationWithDivisionMutantOperator",			"mutationStart" : 288,			"method" : "asFrequencyTable",			"mutationEnd" : 303		},		{			"operatorDescription" : "Replace #/ with #*",			"class" : "PP2RecordingContext",			"operatorClass" : "ReplaceDivisionWithMultiplicationMutantOperator",			"mutationStart" : 174,			"method" : "asFrequencyTable",			"mutationEnd" : 189		},		{			"operatorDescription" : "Replace #ifTrue: receiver with false",			"class" : "PP2RecordingContext",			"operatorClass" : "ReplaceIfTrueReceiverWithFalseOperator",			"mutationStart" : 130,			"method" : "asFrequencyTable",			"mutationEnd" : 161		},		{			"operatorDescription" : "Remove ^",			"class" : "PP2RecordingContext",			"operatorClass" : "RemoveCaretOperator",			"mutationStart" : 277,			"method" : "asFrequencyTableForEvent:",			"mutationEnd" : 284		},		{			"operatorDescription" : "Remove ^",			"class" : "PP2RecordingContext",			"operatorClass" : "RemoveCaretOperator",			"mutationStart" : 435,			"method" : "asFrequencyTableForEvent:",			"mutationEnd" : 442		},		{			"operatorDescription" : "Replace #* with #/",			"class" : "PP2RecordingContext",			"operatorClass" : "ReplaceMultiplicationWithDivisionMutantOperator",			"mutationStart" : 413,			"method" : "asFrequencyTableForEvent:",			"mutationEnd" : 428		},		{			"operatorDescription" : "Replace #/ with #*",			"class" : "PP2RecordingContext",			"operatorClass" : "ReplaceDivisionWithMultiplicationMutantOperator",			"mutationStart" : 299,			"method" : "asFrequencyTableForEvent:",			"mutationEnd" : 314		},		{			"operatorDescription" : "Replace #ifTrue: receiver with false",			"class" : "PP2RecordingContext",			"operatorClass" : "ReplaceIfTrueReceiverWithFalseOperator",			"mutationStart" : 136,			"method" : "asFrequencyTableForEvent:",			"mutationEnd" : 188		},		{			"operatorDescription" : "Replace #ifTrue: receiver with false",			"class" : "PP2RecordingContext",			"operatorClass" : "ReplaceIfTrueReceiverWithFalseOperator",			"mutationStart" : 255,			"method" : "asFrequencyTableForEvent:",			"mutationEnd" : 286		},		{			"operatorDescription" : "Replace #ifTrue: receiver with true",			"class" : "PP2RecordingContext",			"operatorClass" : "ReplaceIfTrueReceiverWithTrueOperator",			"mutationStart" : 136,			"method" : "asFrequencyTableForEvent:",			"mutationEnd" : 188		},		{			"operatorDescription" : "Replace #ifTrue: receiver with true",			"class" : "PP2RecordingContext",			"operatorClass" : "ReplaceIfTrueReceiverWithTrueOperator",			"mutationStart" : 255,			"method" : "asFrequencyTableForEvent:",			"mutationEnd" : 286		},		{			"operatorDescription" : "Replace #ifTrue: with #ifFalse:",			"class" : "PP2RecordingContext",			"operatorClass" : "ReplaceIfTrueWithIfFalseMutantOperator",			"mutationStart" : 136,			"method" : "asFrequencyTableForEvent:",			"mutationEnd" : 188		},		{			"operatorDescription" : "Replace #ifTrue: with #ifFalse:",			"class" : "PP2RecordingContext",			"operatorClass" : "ReplaceIfTrueWithIfFalseMutantOperator",			"mutationStart" : 255,			"method" : "asFrequencyTableForEvent:",			"mutationEnd" : 286		},		{			"operatorDescription" : "Replace #isEmpty with #notEmpty",			"class" : "PP2RecordingContext",			"operatorClass" : "ReplaceIsEmptyWithNotEmptyMutantOperator",			"mutationStart" : 255,			"method" : "asFrequencyTableForEvent:",			"mutationEnd" : 265		},		{			"operatorDescription" : "Replace a == b with (a == b) not",			"class" : "PP2RecordingContext",			"operatorClass" : "ReplaceIdentityWithNegationOfIdentity",			"mutationStart" : 136,			"method" : "asFrequencyTableForEvent:",			"mutationEnd" : 151		},		{			"operatorDescription" : "Replace do block with [:each |]",			"class" : "PP2RecordingContext",			"operatorClass" : "ReplaceDoBlockWithEmptyBlockOperator",			"mutationStart" : 318,			"method" : "asFrequencyTableForEvent:",			"mutationEnd" : 431		},		{			"operatorDescription" : "Remove ^",			"class" : "PP2RecordingContext class",			"operatorClass" : "RemoveCaretOperator",			"mutationStart" : 344,			"method" : "smalltalkParserExample",			"mutationEnd" : 359		},		{			"operatorDescription" : "Replace do block with [:each |]",			"class" : "PP2RecordingContext class",			"operatorClass" : "ReplaceDoBlockWithEmptyBlockOperator",			"mutationStart" : 267,			"method" : "smalltalkParserExample",			"mutationEnd" : 340		}	],	"mutationScoreAfter" : 60,	"mutationScoreBefore" : 18,	"testAmpLoc" : 5978,	"amplifiedMethods" : [		"PP2RecordingContextTest422>>#testAtEnd_amp_T1_A32_A5",		"PP2RecordingContextTest422>>#testAsFrequencyTable_amp",		"PP2RecordingContextTest422>>#testDebugResultDebug_amp_A10",		"PP2RecordingContextTest422>>#testDebugResultDebug_amp",		"PP2RecordingContextTest422>>#testMultipleProfilingStrategies_amp_A28",		"PP2RecordingContextTest422>>#testMemo_amp_A177",		"PP2RecordingContextTest422>>#testAtEnd_amp_L2",		"PP2RecordingContextTest422>>#testNext_amp_U1_A125_A52",		"PP2RecordingContextTest422>>#testAsFrequencyTable_amp_A19"	],	"testLoc" : "66",	"amplifiedClass" : "PP2RecordingContextTest422",	"numberOfAllMutationsInOriginal" : 69,	"targetLoc" : 194,	"newCovered" : [		{			"operatorDescription" : "Replace #ifTrue:ifFalse: receiver with false",			"class" : "PP2RecordingContext",			"operatorClass" : "ReplaceIfTrueIfFalseReceiverWithFalseOperator",			"mutationStart" : 20,			"method" : "lastDebugResult",			"mutationEnd" : 135		},		{			"operatorDescription" : "Remove ^",			"class" : "PP2RecordingContext",			"operatorClass" : "RemoveCaretOperator",			"mutationStart" : 163,			"method" : "asCacheReport",			"mutationEnd" : 169		},		{			"operatorDescription" : "Replace do block with [:each |]",			"class" : "PP2RecordingContext",			"operatorClass" : "ReplaceDoBlockWithEmptyBlockOperator",			"mutationStart" : 61,			"method" : "asCacheReport",			"mutationEnd" : 158		},		{			"operatorDescription" : "Replace #max: with #min:",			"class" : "PP2RecordingContext",			"operatorClass" : "ReplaceMaxWithMinMutantOperator",			"mutationStart" : 63,			"method" : "restore:",			"mutationEnd" : 94		},		{			"operatorDescription" : "Remove ^",			"class" : "PP2RecordingContext",			"operatorClass" : "RemoveCaretOperator",			"mutationStart" : 316,			"method" : "eventsTable",			"mutationEnd" : 322		},		{			"operatorDescription" : "Replace #* with #/",			"class" : "PP2RecordingContext",			"operatorClass" : "ReplaceMultiplicationWithDivisionMutantOperator",			"mutationStart" : 65,			"method" : "eventsTable",			"mutationEnd" : 71		},		{			"operatorDescription" : "Replace #min: with #max:",			"class" : "PP2RecordingContext",			"operatorClass" : "ReplaceMinWithMaxMutantOperator",			"mutationStart" : 64,			"method" : "eventsTable",			"mutationEnd" : 102		},		{			"operatorDescription" : "Replace #max: with #min:",			"class" : "PP2RecordingContext",			"operatorClass" : "ReplaceMaxWithMinMutantOperator",			"mutationStart" : 82,			"method" : "restorePosition:",			"mutationEnd" : 113		},		{			"operatorDescription" : "Remove ^",			"class" : "PP2RecordingContext",			"operatorClass" : "RemoveCaretOperator",			"mutationStart" : 1198,			"method" : "asReportTable",			"mutationEnd" : 1204		},		{			"operatorDescription" : "Replace #max: with #min:",			"class" : "PP2RecordingContext",			"operatorClass" : "ReplaceMaxWithMinMutantOperator",			"mutationStart" : 262,			"method" : "asReportTable",			"mutationEnd" : 279		},		{			"operatorDescription" : "Replace #max: with #min:",			"class" : "PP2RecordingContext",			"operatorClass" : "ReplaceMaxWithMinMutantOperator",			"mutationStart" : 448,			"method" : "asReportTable",			"mutationEnd" : 465		},		{			"operatorDescription" : "Remove ^",			"class" : "PP2RecordingContext",			"operatorClass" : "RemoveCaretOperator",			"mutationStart" : 12,			"method" : "totalSize",			"mutationEnd" : 22		},		{			"operatorDescription" : "Replace #+ with #-",			"class" : "PP2RecordingContext",			"operatorClass" : "ReplacePlusWithMinusMutantOperator",			"mutationStart" : 56,			"method" : "stream:",			"mutationEnd" : 76		},		{			"operatorDescription" : "Remove ^",			"class" : "PP2RecordingContext",			"operatorClass" : "RemoveCaretOperator",			"mutationStart" : 19,			"method" : "furthestPosition",			"mutationEnd" : 50		},		{			"operatorDescription" : "Replace #max: with #min:",			"class" : "PP2RecordingContext",			"operatorClass" : "ReplaceMaxWithMinMutantOperator",			"mutationStart" : 21,			"method" : "furthestPosition",			"mutationEnd" : 50		},		{			"operatorDescription" : "Replace #+ with #-",			"class" : "PP2RecordingContext",			"operatorClass" : "ReplacePlusWithMinusMutantOperator",			"mutationStart" : 70,			"method" : "next",			"mutationEnd" : 81		},		{			"operatorDescription" : "Replace #max: with #min:",			"class" : "PP2RecordingContext",			"operatorClass" : "ReplaceMaxWithMinMutantOperator",			"mutationStart" : 47,			"method" : "next",			"mutationEnd" : 82		},		{			"operatorDescription" : "Remove ^",			"class" : "PP2RecordingContext",			"operatorClass" : "RemoveCaretOperator",			"mutationStart" : 18,			"method" : "invocationCount",			"mutationEnd" : 49		},		{			"operatorDescription" : "Remove ^",			"class" : "PP2RecordingContext",			"operatorClass" : "RemoveCaretOperator",			"mutationStart" : 135,			"method" : "countFor:",			"mutationEnd" : 141		},		{			"operatorDescription" : "Replace #ifTrue: receiver with true",			"class" : "PP2RecordingContext",			"operatorClass" : "ReplaceIfTrueReceiverWithTrueOperator",			"mutationStart" : 79,			"method" : "countFor:",			"mutationEnd" : 127		},		{			"operatorDescription" : "Replace #ifTrue: with #ifFalse:",			"class" : "PP2RecordingContext",			"operatorClass" : "ReplaceIfTrueWithIfFalseMutantOperator",			"mutationStart" : 79,			"method" : "countFor:",			"mutationEnd" : 127		},		{			"operatorDescription" : "Replace a == b with (a == b) not",			"class" : "PP2RecordingContext",			"operatorClass" : "ReplaceIdentityWithNegationOfIdentity",			"mutationStart" : 79,			"method" : "countFor:",			"mutationEnd" : 96		},		{			"operatorDescription" : "Remove ^",			"class" : "PP2RecordingContext",			"operatorClass" : "RemoveCaretOperator",			"mutationStart" : 14,			"method" : "isRecording",			"mutationEnd" : 19		},		{			"operatorDescription" : "Replace #+ with #-",			"class" : "PP2RecordingContext",			"operatorClass" : "ReplacePlusWithMinusMutantOperator",			"mutationStart" : 78,			"method" : "next:",			"mutationEnd" : 94		},		{			"operatorDescription" : "Replace #max: with #min:",			"class" : "PP2RecordingContext",			"operatorClass" : "ReplaceMaxWithMinMutantOperator",			"mutationStart" : 55,			"method" : "next:",			"mutationEnd" : 95		},		{			"operatorDescription" : "Replace #ifTrue: receiver with true",			"class" : "PP2RecordingContext",			"operatorClass" : "ReplaceIfTrueReceiverWithTrueOperator",			"mutationStart" : 130,			"method" : "asFrequencyTable",			"mutationEnd" : 161		},		{			"operatorDescription" : "Replace #ifTrue: with #ifFalse:",			"class" : "PP2RecordingContext",			"operatorClass" : "ReplaceIfTrueWithIfFalseMutantOperator",			"mutationStart" : 130,			"method" : "asFrequencyTable",			"mutationEnd" : 161		},		{			"operatorDescription" : "Replace #isEmpty with #notEmpty",			"class" : "PP2RecordingContext",			"operatorClass" : "ReplaceIsEmptyWithNotEmptyMutantOperator",			"mutationStart" : 130,			"method" : "asFrequencyTable",			"mutationEnd" : 140		},		{			"operatorDescription" : "Replace do block with [:each |]",			"class" : "PP2RecordingContext",			"operatorClass" : "ReplaceDoBlockWithEmptyBlockOperator",			"mutationStart" : 193,			"method" : "asFrequencyTable",			"mutationEnd" : 306		}	],	"timeBudgetFinished" : false,	"notCoveredInOriginal" : [		{			"operatorDescription" : "Replace #ifTrue:ifFalse: receiver with false",			"class" : "PP2RecordingContext",			"operatorClass" : "ReplaceIfTrueIfFalseReceiverWithFalseOperator",			"mutationStart" : 20,			"method" : "lastDebugResult",			"mutationEnd" : 135		},		{			"operatorDescription" : "Remove ^",			"class" : "PP2RecordingContext",			"operatorClass" : "RemoveCaretOperator",			"mutationStart" : 163,			"method" : "asCacheReport",			"mutationEnd" : 169		},		{			"operatorDescription" : "Replace do block with [:each |]",			"class" : "PP2RecordingContext",			"operatorClass" : "ReplaceDoBlockWithEmptyBlockOperator",			"mutationStart" : 61,			"method" : "asCacheReport",			"mutationEnd" : 158		},		{			"operatorDescription" : "Remove ^",			"class" : "PP2RecordingContext",			"operatorClass" : "RemoveCaretOperator",			"mutationStart" : 98,			"method" : "restore:",			"mutationEnd" : 122		},		{			"operatorDescription" : "Replace #max: with #min:",			"class" : "PP2RecordingContext",			"operatorClass" : "ReplaceMaxWithMinMutantOperator",			"mutationStart" : 63,			"method" : "restore:",			"mutationEnd" : 94		},		{			"operatorDescription" : "Remove ^",			"class" : "PP2RecordingContext",			"operatorClass" : "RemoveCaretOperator",			"mutationStart" : 7,			"method" : "node",			"mutationEnd" : 165		},		{			"operatorDescription" : "Remove ^",			"class" : "PP2RecordingContext",			"operatorClass" : "RemoveCaretOperator",			"mutationStart" : 316,			"method" : "eventsTable",			"mutationEnd" : 322		},		{			"operatorDescription" : "Replace #* with #/",			"class" : "PP2RecordingContext",			"operatorClass" : "ReplaceMultiplicationWithDivisionMutantOperator",			"mutationStart" : 65,			"method" : "eventsTable",			"mutationEnd" : 71		},		{			"operatorDescription" : "Replace #min: with #max:",			"class" : "PP2RecordingContext",			"operatorClass" : "ReplaceMinWithMaxMutantOperator",			"mutationStart" : 64,			"method" : "eventsTable",			"mutationEnd" : 102		},		{			"operatorDescription" : "Remove ^",			"class" : "PP2RecordingContext",			"operatorClass" : "RemoveCaretOperator",			"mutationStart" : 119,			"method" : "restorePosition:",			"mutationEnd" : 154		},		{			"operatorDescription" : "Replace #max: with #min:",			"class" : "PP2RecordingContext",			"operatorClass" : "ReplaceMaxWithMinMutantOperator",			"mutationStart" : 82,			"method" : "restorePosition:",			"mutationEnd" : 113		},		{			"operatorDescription" : "Remove ^",			"class" : "PP2RecordingContext",			"operatorClass" : "RemoveCaretOperator",			"mutationStart" : 1198,			"method" : "asReportTable",			"mutationEnd" : 1204		},		{			"operatorDescription" : "Replace #/ with #*",			"class" : "PP2RecordingContext",			"operatorClass" : "ReplaceDivisionWithMultiplicationMutantOperator",			"mutationStart" : 246,			"method" : "asReportTable",			"mutationEnd" : 288		},		{			"operatorDescription" : "Replace #/ with #*",			"class" : "PP2RecordingContext",			"operatorClass" : "ReplaceDivisionWithMultiplicationMutantOperator",			"mutationStart" : 430,			"method" : "asReportTable",			"mutationEnd" : 474		},		{			"operatorDescription" : "Replace #max: with #min:",			"class" : "PP2RecordingContext",			"operatorClass" : "ReplaceMaxWithMinMutantOperator",			"mutationStart" : 262,			"method" : "asReportTable",			"mutationEnd" : 279		},		{			"operatorDescription" : "Replace #max: with #min:",			"class" : "PP2RecordingContext",			"operatorClass" : "ReplaceMaxWithMinMutantOperator",			"mutationStart" : 448,			"method" : "asReportTable",			"mutationEnd" : 465		},		{			"operatorDescription" : "Remove ^",			"class" : "PP2RecordingContext",			"operatorClass" : "RemoveCaretOperator",			"mutationStart" : 18,			"method" : "setAsStartState",			"mutationEnd" : 52		},		{			"operatorDescription" : "Remove ^",			"class" : "PP2RecordingContext",			"operatorClass" : "RemoveCaretOperator",			"mutationStart" : 12,			"method" : "totalSize",			"mutationEnd" : 22		},		{			"operatorDescription" : "Replace #+ with #-",			"class" : "PP2RecordingContext",			"operatorClass" : "ReplacePlusWithMinusMutantOperator",			"mutationStart" : 56,			"method" : "stream:",			"mutationEnd" : 76		},		{			"operatorDescription" : "Remove ^",			"class" : "PP2RecordingContext",			"operatorClass" : "RemoveCaretOperator",			"mutationStart" : 19,			"method" : "furthestPosition",			"mutationEnd" : 50		},		{			"operatorDescription" : "Replace #max: with #min:",			"class" : "PP2RecordingContext",			"operatorClass" : "ReplaceMaxWithMinMutantOperator",			"mutationStart" : 21,			"method" : "furthestPosition",			"mutationEnd" : 50		},		{			"operatorDescription" : "Replace #+ with #-",			"class" : "PP2RecordingContext",			"operatorClass" : "ReplacePlusWithMinusMutantOperator",			"mutationStart" : 70,			"method" : "next",			"mutationEnd" : 81		},		{			"operatorDescription" : "Replace #max: with #min:",			"class" : "PP2RecordingContext",			"operatorClass" : "ReplaceMaxWithMinMutantOperator",			"mutationStart" : 47,			"method" : "next",			"mutationEnd" : 82		},		{			"operatorDescription" : "Remove ^",			"class" : "PP2RecordingContext",			"operatorClass" : "RemoveCaretOperator",			"mutationStart" : 18,			"method" : "invocationCount",			"mutationEnd" : 49		},		{			"operatorDescription" : "Remove ^",			"class" : "PP2RecordingContext",			"operatorClass" : "RemoveCaretOperator",			"mutationStart" : 135,			"method" : "countFor:",			"mutationEnd" : 141		},		{			"operatorDescription" : "Replace #+ with #-",			"class" : "PP2RecordingContext",			"operatorClass" : "ReplacePlusWithMinusMutantOperator",			"mutationStart" : 117,			"method" : "countFor:",			"mutationEnd" : 125		},		{			"operatorDescription" : "Replace #ifTrue: receiver with false",			"class" : "PP2RecordingContext",			"operatorClass" : "ReplaceIfTrueReceiverWithFalseOperator",			"mutationStart" : 79,			"method" : "countFor:",			"mutationEnd" : 127		},		{			"operatorDescription" : "Replace #ifTrue: receiver with true",			"class" : "PP2RecordingContext",			"operatorClass" : "ReplaceIfTrueReceiverWithTrueOperator",			"mutationStart" : 79,			"method" : "countFor:",			"mutationEnd" : 127		},		{			"operatorDescription" : "Replace #ifTrue: with #ifFalse:",			"class" : "PP2RecordingContext",			"operatorClass" : "ReplaceIfTrueWithIfFalseMutantOperator",			"mutationStart" : 79,			"method" : "countFor:",			"mutationEnd" : 127		},		{			"operatorDescription" : "Replace a == b with (a == b) not",			"class" : "PP2RecordingContext",			"operatorClass" : "ReplaceIdentityWithNegationOfIdentity",			"mutationStart" : 79,			"method" : "countFor:",			"mutationEnd" : 96		},		{			"operatorDescription" : "Remove ^",			"class" : "PP2RecordingContext",			"operatorClass" : "RemoveCaretOperator",			"mutationStart" : 14,			"method" : "isRecording",			"mutationEnd" : 19		},		{			"operatorDescription" : "Replace #+ with #-",			"class" : "PP2RecordingContext",			"operatorClass" : "ReplacePlusWithMinusMutantOperator",			"mutationStart" : 78,			"method" : "next:",			"mutationEnd" : 94		},		{			"operatorDescription" : "Replace #max: with #min:",			"class" : "PP2RecordingContext",			"operatorClass" : "ReplaceMaxWithMinMutantOperator",			"mutationStart" : 55,			"method" : "next:",			"mutationEnd" : 95		},		{			"operatorDescription" : "Remove ^",			"class" : "PP2RecordingContext",			"operatorClass" : "RemoveCaretOperator",			"mutationStart" : 152,			"method" : "asFrequencyTable",			"mutationEnd" : 159		},		{			"operatorDescription" : "Replace #* with #/",			"class" : "PP2RecordingContext",			"operatorClass" : "ReplaceMultiplicationWithDivisionMutantOperator",			"mutationStart" : 288,			"method" : "asFrequencyTable",			"mutationEnd" : 303		},		{			"operatorDescription" : "Replace #/ with #*",			"class" : "PP2RecordingContext",			"operatorClass" : "ReplaceDivisionWithMultiplicationMutantOperator",			"mutationStart" : 174,			"method" : "asFrequencyTable",			"mutationEnd" : 189		},		{			"operatorDescription" : "Replace #ifTrue: receiver with false",			"class" : "PP2RecordingContext",			"operatorClass" : "ReplaceIfTrueReceiverWithFalseOperator",			"mutationStart" : 130,			"method" : "asFrequencyTable",			"mutationEnd" : 161		},		{			"operatorDescription" : "Replace #ifTrue: receiver with true",			"class" : "PP2RecordingContext",			"operatorClass" : "ReplaceIfTrueReceiverWithTrueOperator",			"mutationStart" : 130,			"method" : "asFrequencyTable",			"mutationEnd" : 161		},		{			"operatorDescription" : "Replace #ifTrue: with #ifFalse:",			"class" : "PP2RecordingContext",			"operatorClass" : "ReplaceIfTrueWithIfFalseMutantOperator",			"mutationStart" : 130,			"method" : "asFrequencyTable",			"mutationEnd" : 161		},		{			"operatorDescription" : "Replace #isEmpty with #notEmpty",			"class" : "PP2RecordingContext",			"operatorClass" : "ReplaceIsEmptyWithNotEmptyMutantOperator",			"mutationStart" : 130,			"method" : "asFrequencyTable",			"mutationEnd" : 140		},		{			"operatorDescription" : "Replace do block with [:each |]",			"class" : "PP2RecordingContext",			"operatorClass" : "ReplaceDoBlockWithEmptyBlockOperator",			"mutationStart" : 193,			"method" : "asFrequencyTable",			"mutationEnd" : 306		},		{			"operatorDescription" : "Remove ^",			"class" : "PP2RecordingContext",			"operatorClass" : "RemoveCaretOperator",			"mutationStart" : 277,			"method" : "asFrequencyTableForEvent:",			"mutationEnd" : 284		},		{			"operatorDescription" : "Remove ^",			"class" : "PP2RecordingContext",			"operatorClass" : "RemoveCaretOperator",			"mutationStart" : 435,			"method" : "asFrequencyTableForEvent:",			"mutationEnd" : 442		},		{			"operatorDescription" : "Replace #* with #/",			"class" : "PP2RecordingContext",			"operatorClass" : "ReplaceMultiplicationWithDivisionMutantOperator",			"mutationStart" : 413,			"method" : "asFrequencyTableForEvent:",			"mutationEnd" : 428		},		{			"operatorDescription" : "Replace #/ with #*",			"class" : "PP2RecordingContext",			"operatorClass" : "ReplaceDivisionWithMultiplicationMutantOperator",			"mutationStart" : 299,			"method" : "asFrequencyTableForEvent:",			"mutationEnd" : 314		},		{			"operatorDescription" : "Replace #ifTrue: receiver with false",			"class" : "PP2RecordingContext",			"operatorClass" : "ReplaceIfTrueReceiverWithFalseOperator",			"mutationStart" : 136,			"method" : "asFrequencyTableForEvent:",			"mutationEnd" : 188		},		{			"operatorDescription" : "Replace #ifTrue: receiver with false",			"class" : "PP2RecordingContext",			"operatorClass" : "ReplaceIfTrueReceiverWithFalseOperator",			"mutationStart" : 255,			"method" : "asFrequencyTableForEvent:",			"mutationEnd" : 286		},		{			"operatorDescription" : "Replace #ifTrue: receiver with true",			"class" : "PP2RecordingContext",			"operatorClass" : "ReplaceIfTrueReceiverWithTrueOperator",			"mutationStart" : 136,			"method" : "asFrequencyTableForEvent:",			"mutationEnd" : 188		},		{			"operatorDescription" : "Replace #ifTrue: receiver with true",			"class" : "PP2RecordingContext",			"operatorClass" : "ReplaceIfTrueReceiverWithTrueOperator",			"mutationStart" : 255,			"method" : "asFrequencyTableForEvent:",			"mutationEnd" : 286		},		{			"operatorDescription" : "Replace #ifTrue: with #ifFalse:",			"class" : "PP2RecordingContext",			"operatorClass" : "ReplaceIfTrueWithIfFalseMutantOperator",			"mutationStart" : 136,			"method" : "asFrequencyTableForEvent:",			"mutationEnd" : 188		},		{			"operatorDescription" : "Replace #ifTrue: with #ifFalse:",			"class" : "PP2RecordingContext",			"operatorClass" : "ReplaceIfTrueWithIfFalseMutantOperator",			"mutationStart" : 255,			"method" : "asFrequencyTableForEvent:",			"mutationEnd" : 286		},		{			"operatorDescription" : "Replace #isEmpty with #notEmpty",			"class" : "PP2RecordingContext",			"operatorClass" : "ReplaceIsEmptyWithNotEmptyMutantOperator",			"mutationStart" : 255,			"method" : "asFrequencyTableForEvent:",			"mutationEnd" : 265		},		{			"operatorDescription" : "Replace a == b with (a == b) not",			"class" : "PP2RecordingContext",			"operatorClass" : "ReplaceIdentityWithNegationOfIdentity",			"mutationStart" : 136,			"method" : "asFrequencyTableForEvent:",			"mutationEnd" : 151		},		{			"operatorDescription" : "Replace do block with [:each |]",			"class" : "PP2RecordingContext",			"operatorClass" : "ReplaceDoBlockWithEmptyBlockOperator",			"mutationStart" : 318,			"method" : "asFrequencyTableForEvent:",			"mutationEnd" : 431		},		{			"operatorDescription" : "Remove ^",			"class" : "PP2RecordingContext class",			"operatorClass" : "RemoveCaretOperator",			"mutationStart" : 344,			"method" : "smalltalkParserExample",			"mutationEnd" : 359		},		{			"operatorDescription" : "Replace do block with [:each |]",			"class" : "PP2RecordingContext class",			"operatorClass" : "ReplaceDoBlockWithEmptyBlockOperator",			"mutationStart" : 267,			"method" : "smalltalkParserExample",			"mutationEnd" : 340		}	],	"testCase" : "PP2RecordingContextTest",	"unixtime" : 1604949027,	"timeTotal" : 1053}