{	"targetClasses" : [		"PP2RecognizerVisitor"	],	"testMethodsIgnored" : [ ],	"methodsNotProfiled" : [		"PP2RecognizerVisitor>>#parentsFor:",		"PP2RecognizerVisitor>>#visitTrimming:",		"PP2RecognizerVisitor>>#visitAction:"	],	"numberOfOriginalTestMethods" : 9,	"timeDetail" : [		"init: % 0.84 (221 milliseconds)",		"assertionAmplification: % 57.41 (15 seconds 74 milliseconds)",		"selection: % 13.56 (3 seconds 562 milliseconds)",		"inputAmplification: % 27.51 (7 seconds 223 milliseconds)",		"finalize: % 0.68 (179 milliseconds)"	],	"notCoveredInAmplified" : [		{			"operatorDescription" : "Remove ^",			"class" : "PP2RecognizerVisitor",			"operatorClass" : "RemoveCaretOperator",			"mutationStart" : 19,			"method" : "parentsFor:",			"mutationEnd" : 69		},		{			"operatorDescription" : "Replace #ifTrue:ifFalse: receiver with false",			"class" : "PP2RecognizerVisitor",			"operatorClass" : "ReplaceIfTrueIfFalseReceiverWithFalseOperator",			"mutationStart" : 20,			"method" : "visitAction:",			"mutationEnd" : 178		},		{			"operatorDescription" : "Replace #ifTrue:ifFalse: receiver with true",			"class" : "PP2RecognizerVisitor",			"operatorClass" : "ReplaceIfTrueIfFalseReceiverWithTrueOperator",			"mutationStart" : 20,			"method" : "visitAction:",			"mutationEnd" : 178		}	],	"mutationScoreAfter" : 72,	"mutationScoreBefore" : 72,	"testAmpLoc" : 0,	"amplifiedMethods" : [ ],	"testLoc" : "68",	"amplifiedClass" : "PP2RecognizerVisitorTest143",	"numberOfAllMutationsInOriginal" : 11,	"targetLoc" : 57,	"newCovered" : [ ],	"timeBudgetFinished" : false,	"notCoveredInOriginal" : [		{			"operatorDescription" : "Remove ^",			"class" : "PP2RecognizerVisitor",			"operatorClass" : "RemoveCaretOperator",			"mutationStart" : 19,			"method" : "parentsFor:",			"mutationEnd" : 69		},		{			"operatorDescription" : "Replace #ifTrue:ifFalse: receiver with false",			"class" : "PP2RecognizerVisitor",			"operatorClass" : "ReplaceIfTrueIfFalseReceiverWithFalseOperator",			"mutationStart" : 20,			"method" : "visitAction:",			"mutationEnd" : 178		},		{			"operatorDescription" : "Replace #ifTrue:ifFalse: receiver with true",			"class" : "PP2RecognizerVisitor",			"operatorClass" : "ReplaceIfTrueIfFalseReceiverWithTrueOperator",			"mutationStart" : 20,			"method" : "visitAction:",			"mutationEnd" : 178		}	],	"testCase" : "PP2RecognizerVisitorTest",	"unixtime" : 1604949059,	"timeTotal" : 26}