{	"targetClasses" : [		"PP2Stream"	],	"testMethodsIgnored" : [ ],	"methodsNotProfiled" : [		"PP2Stream>>#printOn:position:"	],	"numberOfOriginalTestMethods" : 6,	"timeDetail" : [		"init: % 2.69 (194 milliseconds)",		"assertionAmplification: % 51.80 (3 seconds 731 milliseconds)",		"selection: % 15.81 (1 second 139 milliseconds)",		"inputAmplification: % 25.67 (1 second 849 milliseconds)",		"finalize: % 4.03 (290 milliseconds)"	],	"notCoveredInAmplified" : [		{			"operatorDescription" : "Replace #+ with #-",			"class" : "PP2Stream",			"operatorClass" : "ReplacePlusWithMinusMutantOperator",			"mutationStart" : 162,			"method" : "printOn:position:",			"mutationEnd" : 173		},		{			"operatorDescription" : "Remove ^",			"class" : "PP2Stream",			"operatorClass" : "RemoveCaretOperator",			"mutationStart" : 18,			"method" : "asPetit2Context",			"mutationEnd" : 57		}	],	"mutationScoreAfter" : 86,	"mutationScoreBefore" : 73,	"testAmpLoc" : 14,	"amplifiedMethods" : [		"PP2StreamTest97>>#testAtEnd_amp"	],	"testLoc" : "8",	"amplifiedClass" : "PP2StreamTest97",	"numberOfAllMutationsInOriginal" : 15,	"targetLoc" : 48,	"newCovered" : [		{			"operatorDescription" : "Remove ^",			"class" : "PP2Stream",			"operatorClass" : "RemoveCaretOperator",			"mutationStart" : 13,			"method" : "collection",			"mutationEnd" : 24		},		{			"operatorDescription" : "Remove ^",			"class" : "PP2Stream",			"operatorClass" : "RemoveCaretOperator",			"mutationStart" : 13,			"method" : "isBuffered",			"mutationEnd" : 19		}	],	"timeBudgetFinished" : false,	"notCoveredInOriginal" : [		{			"operatorDescription" : "Remove ^",			"class" : "PP2Stream",			"operatorClass" : "RemoveCaretOperator",			"mutationStart" : 13,			"method" : "collection",			"mutationEnd" : 24		},		{			"operatorDescription" : "Replace #+ with #-",			"class" : "PP2Stream",			"operatorClass" : "ReplacePlusWithMinusMutantOperator",			"mutationStart" : 162,			"method" : "printOn:position:",			"mutationEnd" : 173		},		{			"operatorDescription" : "Remove ^",			"class" : "PP2Stream",			"operatorClass" : "RemoveCaretOperator",			"mutationStart" : 18,			"method" : "asPetit2Context",			"mutationEnd" : 57		},		{			"operatorDescription" : "Remove ^",			"class" : "PP2Stream",			"operatorClass" : "RemoveCaretOperator",			"mutationStart" : 13,			"method" : "isBuffered",			"mutationEnd" : 19		}	],	"testCase" : "PP2StreamTest",	"unixtime" : 1604937274,	"timeTotal" : 7}