{	"targetClasses" : [		"PP2SpecializingVisitor"	],	"testMethodsIgnored" : [ ],	"methodsNotProfiled" : [		"PP2SpecializingVisitor>>#doPass:",		"PP2SpecializingVisitor>>#visitAdaptable:"	],	"numberOfOriginalTestMethods" : 20,	"timeDetail" : [		"init: % 1.84 (2 seconds 723 milliseconds)",		"assertionAmplification: % 42.89 (1 minute 3 seconds 555 milliseconds)",		"selection: % 35.63 (52 seconds 803 milliseconds)",		"inputAmplification: % 17.85 (26 seconds 457 milliseconds)",		"finalize: % 1.79 (2 seconds 655 milliseconds)"	],	"notCoveredInAmplified" : [		{			"operatorDescription" : "Replace #and: argument with [true]",			"class" : "PP2SpecializingVisitor",			"operatorClass" : "ReplaceAndArgumentWithTrueOperator",			"mutationStart" : 18,			"method" : "isStar:",			"mutationEnd" : 64		},		{			"operatorDescription" : "Replace #and: receiver with true",			"class" : "PP2SpecializingVisitor",			"operatorClass" : "ReplaceAndReceiverWithTrueOperator",			"mutationStart" : 18,			"method" : "isStar:",			"mutationEnd" : 64		},		{			"operatorDescription" : "Replace #and: with #bEqv:",			"class" : "PP2SpecializingVisitor",			"operatorClass" : "ReplaceAndWithEqvMutantOperator",			"mutationStart" : 18,			"method" : "isStar:",			"mutationEnd" : 64		},		{			"operatorDescription" : "Replace #and: with #or:",			"class" : "PP2SpecializingVisitor",			"operatorClass" : "ReplaceAndWithOrMutantOperator",			"mutationStart" : 18,			"method" : "isStar:",			"mutationEnd" : 64		},		{			"operatorDescription" : "Remove ^",			"class" : "PP2SpecializingVisitor",			"operatorClass" : "RemoveCaretOperator",			"mutationStart" : 15,			"method" : "doPass:",			"mutationEnd" : 32		},		{			"operatorDescription" : "Remove ^",			"class" : "PP2SpecializingVisitor",			"operatorClass" : "RemoveCaretOperator",			"mutationStart" : 126,			"method" : "visitOptional:",			"mutationEnd" : 152		},		{			"operatorDescription" : "Replace #ifTrue: receiver with true",			"class" : "PP2SpecializingVisitor",			"operatorClass" : "ReplaceIfTrueReceiverWithTrueOperator",			"mutationStart" : 22,			"method" : "visitOptional:",			"mutationEnd" : 121		},		{			"operatorDescription" : "Remove ^",			"class" : "PP2SpecializingVisitor",			"operatorClass" : "RemoveCaretOperator",			"mutationStart" : 428,			"method" : "visitPossesiveRepeating:",			"mutationEnd" : 464		},		{			"operatorDescription" : "Replace #ifTrue: receiver with true",			"class" : "PP2SpecializingVisitor",			"operatorClass" : "ReplaceIfTrueReceiverWithTrueOperator",			"mutationStart" : 32,			"method" : "visitPossesiveRepeating:",			"mutationEnd" : 101		},		{			"operatorDescription" : "Replace #and: argument with [true]",			"class" : "PP2SpecializingVisitor",			"operatorClass" : "ReplaceAndArgumentWithTrueOperator",			"mutationStart" : 18,			"method" : "isPlus:",			"mutationEnd" : 64		},		{			"operatorDescription" : "Replace #and: with #bEqv:",			"class" : "PP2SpecializingVisitor",			"operatorClass" : "ReplaceAndWithEqvMutantOperator",			"mutationStart" : 18,			"method" : "isPlus:",			"mutationEnd" : 64		},		{			"operatorDescription" : "Remove ^",			"class" : "PP2SpecializingVisitor",			"operatorClass" : "RemoveCaretOperator",			"mutationStart" : 77,			"method" : "isAnyStarLazyObject:",			"mutationEnd" : 83		},		{			"operatorDescription" : "Remove ^",			"class" : "PP2SpecializingVisitor",			"operatorClass" : "RemoveCaretOperator",			"mutationStart" : 198,			"method" : "isAnyStarLazyObject:",			"mutationEnd" : 204		},		{			"operatorDescription" : "Remove ^",			"class" : "PP2SpecializingVisitor",			"operatorClass" : "RemoveCaretOperator",			"mutationStart" : 250,			"method" : "isAnyStarLazyObject:",			"mutationEnd" : 256		},		{			"operatorDescription" : "Remove ^",			"class" : "PP2SpecializingVisitor",			"operatorClass" : "RemoveCaretOperator",			"mutationStart" : 317,			"method" : "isAnyStarLazyObject:",			"mutationEnd" : 323		},		{			"operatorDescription" : "Remove ^",			"class" : "PP2SpecializingVisitor",			"operatorClass" : "RemoveCaretOperator",			"mutationStart" : 383,			"method" : "isAnyStarLazyObject:",			"mutationEnd" : 389		},		{			"operatorDescription" : "Replace #ifFalse: receiver with true",			"class" : "PP2SpecializingVisitor",			"operatorClass" : "ReplaceIfFalseReceiverWithTrueOperator",			"mutationStart" : 38,			"method" : "isAnyStarLazyObject:",			"mutationEnd" : 85		},		{			"operatorDescription" : "Replace #ifFalse: receiver with true",			"class" : "PP2SpecializingVisitor",			"operatorClass" : "ReplaceIfFalseReceiverWithTrueOperator",			"mutationStart" : 166,			"method" : "isAnyStarLazyObject:",			"mutationEnd" : 206		},		{			"operatorDescription" : "Replace #ifFalse: receiver with true",			"class" : "PP2SpecializingVisitor",			"operatorClass" : "ReplaceIfFalseReceiverWithTrueOperator",			"mutationStart" : 210,			"method" : "isAnyStarLazyObject:",			"mutationEnd" : 258		},		{			"operatorDescription" : "Replace #ifFalse: receiver with true",			"class" : "PP2SpecializingVisitor",			"operatorClass" : "ReplaceIfFalseReceiverWithTrueOperator",			"mutationStart" : 262,			"method" : "isAnyStarLazyObject:",			"mutationEnd" : 325		},		{			"operatorDescription" : "Replace #ifFalse: receiver with true",			"class" : "PP2SpecializingVisitor",			"operatorClass" : "ReplaceIfFalseReceiverWithTrueOperator",			"mutationStart" : 329,			"method" : "isAnyStarLazyObject:",			"mutationEnd" : 391		},		{			"operatorDescription" : "Remove ^",			"class" : "PP2SpecializingVisitor",			"operatorClass" : "RemoveCaretOperator",			"mutationStart" : 200,			"method" : "visitSequence:",			"mutationEnd" : 226		},		{			"operatorDescription" : "Replace #ifTrue: receiver with true",			"class" : "PP2SpecializingVisitor",			"operatorClass" : "ReplaceIfTrueReceiverWithTrueOperator",			"mutationStart" : 22,			"method" : "visitSequence:",			"mutationEnd" : 105		},		{			"operatorDescription" : "Replace #and: receiver with true",			"class" : "PP2SpecializingVisitor",			"operatorClass" : "ReplaceAndReceiverWithTrueOperator",			"mutationStart" : 33,			"method" : "isStarPredicateObject:",			"mutationEnd" : 145		},		{			"operatorDescription" : "Replace #and: with #bEqv:",			"class" : "PP2SpecializingVisitor",			"operatorClass" : "ReplaceAndWithEqvMutantOperator",			"mutationStart" : 59,			"method" : "isStarPredicateObject:",			"mutationEnd" : 144		},		{			"operatorDescription" : "Remove ^",			"class" : "PP2SpecializingVisitor",			"operatorClass" : "RemoveCaretOperator",			"mutationStart" : 59,			"method" : "isAny:",			"mutationEnd" : 65		},		{			"operatorDescription" : "Remove ^",			"class" : "PP2SpecializingVisitor",			"operatorClass" : "RemoveCaretOperator",			"mutationStart" : 139,			"method" : "isAny:",			"mutationEnd" : 145		},		{			"operatorDescription" : "Replace #ifFalse: receiver with true",			"class" : "PP2SpecializingVisitor",			"operatorClass" : "ReplaceIfFalseReceiverWithTrueOperator",			"mutationStart" : 14,			"method" : "isAny:",			"mutationEnd" : 67		},		{			"operatorDescription" : "Replace #ifFalse: receiver with true",			"class" : "PP2SpecializingVisitor",			"operatorClass" : "ReplaceIfFalseReceiverWithTrueOperator",			"mutationStart" : 73,			"method" : "isAny:",			"mutationEnd" : 147		},		{			"operatorDescription" : "Remove ^",			"class" : "PP2SpecializingVisitor",			"operatorClass" : "RemoveCaretOperator",			"mutationStart" : 187,			"method" : "isAnyStarLazyLiteralObject:",			"mutationEnd" : 192		},		{			"operatorDescription" : "Replace #ifFalse: receiver with true",			"class" : "PP2SpecializingVisitor",			"operatorClass" : "ReplaceIfFalseReceiverWithTrueOperator",			"mutationStart" : 95,			"method" : "isAnyStarLazyLiteralObject:",			"mutationEnd" : 194		},		{			"operatorDescription" : "Remove ^",			"class" : "PP2SpecializingVisitor",			"operatorClass" : "RemoveCaretOperator",			"mutationStart" : 232,			"method" : "visitTrimming:",			"mutationEnd" : 258		},		{			"operatorDescription" : "Replace #ifTrue: receiver with true",			"class" : "PP2SpecializingVisitor",			"operatorClass" : "ReplaceIfTrueReceiverWithTrueOperator",			"mutationStart" : 22,			"method" : "visitTrimming:",			"mutationEnd" : 109		},		{			"operatorDescription" : "Replace #and: with #bEqv:",			"class" : "PP2SpecializingVisitor",			"operatorClass" : "ReplaceAndWithEqvMutantOperator",			"mutationStart" : 59,			"method" : "isPlusPredicateObject:",			"mutationEnd" : 144		},		{			"operatorDescription" : "Remove ^",			"class" : "PP2SpecializingVisitor",			"operatorClass" : "RemoveCaretOperator",			"mutationStart" : 530,			"method" : "visitMapping:",			"mutationEnd" : 535		},		{			"operatorDescription" : "Remove ^",			"class" : "PP2SpecializingVisitor",			"operatorClass" : "RemoveCaretOperator",			"mutationStart" : 634,			"method" : "visitMapping:",			"mutationEnd" : 639		},		{			"operatorDescription" : "Remove ^",			"class" : "PP2SpecializingVisitor",			"operatorClass" : "RemoveCaretOperator",			"mutationStart" : 648,			"method" : "visitMapping:",			"mutationEnd" : 673		},		{			"operatorDescription" : "Remove ^",			"class" : "PP2SpecializingVisitor",			"operatorClass" : "RemoveCaretOperator",			"mutationStart" : 217,			"method" : "visitNot:",			"mutationEnd" : 243		},		{			"operatorDescription" : "Replace #ifTrue: receiver with false",			"class" : "PP2SpecializingVisitor",			"operatorClass" : "ReplaceIfTrueReceiverWithFalseOperator",			"mutationStart" : 115,			"method" : "visitNot:",			"mutationEnd" : 212		},		{			"operatorDescription" : "Replace #ifTrue: receiver with true",			"class" : "PP2SpecializingVisitor",			"operatorClass" : "ReplaceIfTrueReceiverWithTrueOperator",			"mutationStart" : 17,			"method" : "visitNot:",			"mutationEnd" : 110		},		{			"operatorDescription" : "Remove ^",			"class" : "PP2SpecializingVisitor",			"operatorClass" : "RemoveCaretOperator",			"mutationStart" : 217,			"method" : "visitAnd:",			"mutationEnd" : 243		},		{			"operatorDescription" : "Remove ^",			"class" : "PP2SpecializingVisitor",			"operatorClass" : "RemoveCaretOperator",			"mutationStart" : 141,			"method" : "isTrimmingLiteralObjectToken:",			"mutationEnd" : 147		},		{			"operatorDescription" : "Replace #ifFalse: receiver with true",			"class" : "PP2SpecializingVisitor",			"operatorClass" : "ReplaceIfFalseReceiverWithTrueOperator",			"mutationStart" : 88,			"method" : "isTrimmingLiteralObjectToken:",			"mutationEnd" : 149		}	],	"mutationScoreAfter" : 76,	"mutationScoreBefore" : 76,	"testAmpLoc" : 0,	"amplifiedMethods" : [ ],	"testLoc" : "101",	"amplifiedClass" : "PP2SpecializingVisitorTest332",	"numberOfAllMutationsInOriginal" : 185,	"targetLoc" : 149,	"newCovered" : [		{			"operatorDescription" : "Replace #ifFalse: with #ifTrue:",			"class" : "PP2SpecializingVisitor",			"operatorClass" : "ReplaceIfFalseWithIfTrueMutantOperator",			"mutationStart" : 38,			"method" : "isAnyStarLazyPredicateObject:",			"mutationEnd" : 90		},		{			"operatorDescription" : "Replace #ifFalse: with #ifTrue:",			"class" : "PP2SpecializingVisitor",			"operatorClass" : "ReplaceIfFalseWithIfTrueMutantOperator",			"mutationStart" : 96,			"method" : "isAnyStarLazyPredicateObject:",			"mutationEnd" : 197		},		{			"operatorDescription" : "Remove ^",			"class" : "PP2SpecializingVisitor",			"operatorClass" : "RemoveCaretOperator",			"mutationStart" : 29,			"method" : "isOptionalCharacter:",			"mutationEnd" : 73		},		{			"operatorDescription" : "Replace #= with #'~='",			"class" : "PP2SpecializingVisitor",			"operatorClass" : "ReplaceEqualWithNotEqualOperator",			"mutationStart" : 75,			"method" : "isMappingOfThree:",			"mutationEnd" : 104		}	],	"timeBudgetFinished" : false,	"notCoveredInOriginal" : [		{			"operatorDescription" : "Replace #and: argument with [true]",			"class" : "PP2SpecializingVisitor",			"operatorClass" : "ReplaceAndArgumentWithTrueOperator",			"mutationStart" : 18,			"method" : "isStar:",			"mutationEnd" : 64		},		{			"operatorDescription" : "Replace #and: receiver with true",			"class" : "PP2SpecializingVisitor",			"operatorClass" : "ReplaceAndReceiverWithTrueOperator",			"mutationStart" : 18,			"method" : "isStar:",			"mutationEnd" : 64		},		{			"operatorDescription" : "Replace #and: with #bEqv:",			"class" : "PP2SpecializingVisitor",			"operatorClass" : "ReplaceAndWithEqvMutantOperator",			"mutationStart" : 18,			"method" : "isStar:",			"mutationEnd" : 64		},		{			"operatorDescription" : "Replace #and: with #or:",			"class" : "PP2SpecializingVisitor",			"operatorClass" : "ReplaceAndWithOrMutantOperator",			"mutationStart" : 18,			"method" : "isStar:",			"mutationEnd" : 64		},		{			"operatorDescription" : "Remove ^",			"class" : "PP2SpecializingVisitor",			"operatorClass" : "RemoveCaretOperator",			"mutationStart" : 15,			"method" : "doPass:",			"mutationEnd" : 32		},		{			"operatorDescription" : "Remove ^",			"class" : "PP2SpecializingVisitor",			"operatorClass" : "RemoveCaretOperator",			"mutationStart" : 126,			"method" : "visitOptional:",			"mutationEnd" : 152		},		{			"operatorDescription" : "Replace #ifTrue: receiver with true",			"class" : "PP2SpecializingVisitor",			"operatorClass" : "ReplaceIfTrueReceiverWithTrueOperator",			"mutationStart" : 22,			"method" : "visitOptional:",			"mutationEnd" : 121		},		{			"operatorDescription" : "Remove ^",			"class" : "PP2SpecializingVisitor",			"operatorClass" : "RemoveCaretOperator",			"mutationStart" : 428,			"method" : "visitPossesiveRepeating:",			"mutationEnd" : 464		},		{			"operatorDescription" : "Replace #ifTrue: receiver with true",			"class" : "PP2SpecializingVisitor",			"operatorClass" : "ReplaceIfTrueReceiverWithTrueOperator",			"mutationStart" : 32,			"method" : "visitPossesiveRepeating:",			"mutationEnd" : 101		},		{			"operatorDescription" : "Replace #and: argument with [true]",			"class" : "PP2SpecializingVisitor",			"operatorClass" : "ReplaceAndArgumentWithTrueOperator",			"mutationStart" : 18,			"method" : "isPlus:",			"mutationEnd" : 64		},		{			"operatorDescription" : "Replace #and: with #bEqv:",			"class" : "PP2SpecializingVisitor",			"operatorClass" : "ReplaceAndWithEqvMutantOperator",			"mutationStart" : 18,			"method" : "isPlus:",			"mutationEnd" : 64		},		{			"operatorDescription" : "Remove ^",			"class" : "PP2SpecializingVisitor",			"operatorClass" : "RemoveCaretOperator",			"mutationStart" : 77,			"method" : "isAnyStarLazyObject:",			"mutationEnd" : 83		},		{			"operatorDescription" : "Remove ^",			"class" : "PP2SpecializingVisitor",			"operatorClass" : "RemoveCaretOperator",			"mutationStart" : 198,			"method" : "isAnyStarLazyObject:",			"mutationEnd" : 204		},		{			"operatorDescription" : "Remove ^",			"class" : "PP2SpecializingVisitor",			"operatorClass" : "RemoveCaretOperator",			"mutationStart" : 250,			"method" : "isAnyStarLazyObject:",			"mutationEnd" : 256		},		{			"operatorDescription" : "Remove ^",			"class" : "PP2SpecializingVisitor",			"operatorClass" : "RemoveCaretOperator",			"mutationStart" : 317,			"method" : "isAnyStarLazyObject:",			"mutationEnd" : 323		},		{			"operatorDescription" : "Remove ^",			"class" : "PP2SpecializingVisitor",			"operatorClass" : "RemoveCaretOperator",			"mutationStart" : 383,			"method" : "isAnyStarLazyObject:",			"mutationEnd" : 389		},		{			"operatorDescription" : "Replace #ifFalse: receiver with true",			"class" : "PP2SpecializingVisitor",			"operatorClass" : "ReplaceIfFalseReceiverWithTrueOperator",			"mutationStart" : 38,			"method" : "isAnyStarLazyObject:",			"mutationEnd" : 85		},		{			"operatorDescription" : "Replace #ifFalse: receiver with true",			"class" : "PP2SpecializingVisitor",			"operatorClass" : "ReplaceIfFalseReceiverWithTrueOperator",			"mutationStart" : 166,			"method" : "isAnyStarLazyObject:",			"mutationEnd" : 206		},		{			"operatorDescription" : "Replace #ifFalse: receiver with true",			"class" : "PP2SpecializingVisitor",			"operatorClass" : "ReplaceIfFalseReceiverWithTrueOperator",			"mutationStart" : 210,			"method" : "isAnyStarLazyObject:",			"mutationEnd" : 258		},		{			"operatorDescription" : "Replace #ifFalse: receiver with true",			"class" : "PP2SpecializingVisitor",			"operatorClass" : "ReplaceIfFalseReceiverWithTrueOperator",			"mutationStart" : 262,			"method" : "isAnyStarLazyObject:",			"mutationEnd" : 325		},		{			"operatorDescription" : "Replace #ifFalse: receiver with true",			"class" : "PP2SpecializingVisitor",			"operatorClass" : "ReplaceIfFalseReceiverWithTrueOperator",			"mutationStart" : 329,			"method" : "isAnyStarLazyObject:",			"mutationEnd" : 391		},		{			"operatorDescription" : "Replace #ifTrue: receiver with true",			"class" : "PP2SpecializingVisitor",			"operatorClass" : "ReplaceIfTrueReceiverWithTrueOperator",			"mutationStart" : 22,			"method" : "visitSequence:",			"mutationEnd" : 105		},		{			"operatorDescription" : "Replace #and: receiver with true",			"class" : "PP2SpecializingVisitor",			"operatorClass" : "ReplaceAndReceiverWithTrueOperator",			"mutationStart" : 33,			"method" : "isStarPredicateObject:",			"mutationEnd" : 145		},		{			"operatorDescription" : "Replace #and: with #bEqv:",			"class" : "PP2SpecializingVisitor",			"operatorClass" : "ReplaceAndWithEqvMutantOperator",			"mutationStart" : 59,			"method" : "isStarPredicateObject:",			"mutationEnd" : 144		},		{			"operatorDescription" : "Remove ^",			"class" : "PP2SpecializingVisitor",			"operatorClass" : "RemoveCaretOperator",			"mutationStart" : 59,			"method" : "isAny:",			"mutationEnd" : 65		},		{			"operatorDescription" : "Remove ^",			"class" : "PP2SpecializingVisitor",			"operatorClass" : "RemoveCaretOperator",			"mutationStart" : 139,			"method" : "isAny:",			"mutationEnd" : 145		},		{			"operatorDescription" : "Replace #ifFalse: receiver with true",			"class" : "PP2SpecializingVisitor",			"operatorClass" : "ReplaceIfFalseReceiverWithTrueOperator",			"mutationStart" : 14,			"method" : "isAny:",			"mutationEnd" : 67		},		{			"operatorDescription" : "Replace #ifFalse: receiver with true",			"class" : "PP2SpecializingVisitor",			"operatorClass" : "ReplaceIfFalseReceiverWithTrueOperator",			"mutationStart" : 73,			"method" : "isAny:",			"mutationEnd" : 147		},		{			"operatorDescription" : "Remove ^",			"class" : "PP2SpecializingVisitor",			"operatorClass" : "RemoveCaretOperator",			"mutationStart" : 187,			"method" : "isAnyStarLazyLiteralObject:",			"mutationEnd" : 192		},		{			"operatorDescription" : "Replace #ifFalse: receiver with true",			"class" : "PP2SpecializingVisitor",			"operatorClass" : "ReplaceIfFalseReceiverWithTrueOperator",			"mutationStart" : 95,			"method" : "isAnyStarLazyLiteralObject:",			"mutationEnd" : 194		},		{			"operatorDescription" : "Remove ^",			"class" : "PP2SpecializingVisitor",			"operatorClass" : "RemoveCaretOperator",			"mutationStart" : 232,			"method" : "visitTrimming:",			"mutationEnd" : 258		},		{			"operatorDescription" : "Replace #ifTrue: receiver with true",			"class" : "PP2SpecializingVisitor",			"operatorClass" : "ReplaceIfTrueReceiverWithTrueOperator",			"mutationStart" : 22,			"method" : "visitTrimming:",			"mutationEnd" : 109		},		{			"operatorDescription" : "Replace #and: with #bEqv:",			"class" : "PP2SpecializingVisitor",			"operatorClass" : "ReplaceAndWithEqvMutantOperator",			"mutationStart" : 59,			"method" : "isPlusPredicateObject:",			"mutationEnd" : 144		},		{			"operatorDescription" : "Remove ^",			"class" : "PP2SpecializingVisitor",			"operatorClass" : "RemoveCaretOperator",			"mutationStart" : 530,			"method" : "visitMapping:",			"mutationEnd" : 535		},		{			"operatorDescription" : "Remove ^",			"class" : "PP2SpecializingVisitor",			"operatorClass" : "RemoveCaretOperator",			"mutationStart" : 634,			"method" : "visitMapping:",			"mutationEnd" : 639		},		{			"operatorDescription" : "Remove ^",			"class" : "PP2SpecializingVisitor",			"operatorClass" : "RemoveCaretOperator",			"mutationStart" : 648,			"method" : "visitMapping:",			"mutationEnd" : 673		},		{			"operatorDescription" : "Replace #ifTrue: receiver with true",			"class" : "PP2SpecializingVisitor",			"operatorClass" : "ReplaceIfTrueReceiverWithTrueOperator",			"mutationStart" : 543,			"method" : "visitMapping:",			"mutationEnd" : 642		},		{			"operatorDescription" : "Remove ^",			"class" : "PP2SpecializingVisitor",			"operatorClass" : "RemoveCaretOperator",			"mutationStart" : 217,			"method" : "visitNot:",			"mutationEnd" : 243		},		{			"operatorDescription" : "Replace #ifTrue: receiver with false",			"class" : "PP2SpecializingVisitor",			"operatorClass" : "ReplaceIfTrueReceiverWithFalseOperator",			"mutationStart" : 115,			"method" : "visitNot:",			"mutationEnd" : 212		},		{			"operatorDescription" : "Replace #ifTrue: receiver with true",			"class" : "PP2SpecializingVisitor",			"operatorClass" : "ReplaceIfTrueReceiverWithTrueOperator",			"mutationStart" : 17,			"method" : "visitNot:",			"mutationEnd" : 110		},		{			"operatorDescription" : "Remove ^",			"class" : "PP2SpecializingVisitor",			"operatorClass" : "RemoveCaretOperator",			"mutationStart" : 217,			"method" : "visitAnd:",			"mutationEnd" : 243		},		{			"operatorDescription" : "Remove ^",			"class" : "PP2SpecializingVisitor",			"operatorClass" : "RemoveCaretOperator",			"mutationStart" : 141,			"method" : "isTrimmingLiteralObjectToken:",			"mutationEnd" : 147		},		{			"operatorDescription" : "Replace #ifFalse: receiver with true",			"class" : "PP2SpecializingVisitor",			"operatorClass" : "ReplaceIfFalseReceiverWithTrueOperator",			"mutationStart" : 88,			"method" : "isTrimmingLiteralObjectToken:",			"mutationEnd" : 149		}	],	"testCase" : "PP2SpecializingVisitorTest",	"unixtime" : 1604963363,	"timeTotal" : 148}