{	"targetClasses" : [		"PP2SeaOptimizationVisitor"	],	"testMethodsIgnored" : [ ],	"methodsNotProfiled" : [		"PP2SeaOptimizationVisitor>>#doPass:"	],	"numberOfOriginalTestMethods" : 10,	"timeDetail" : [		"init: % 2.74 (1 second 601 milliseconds)",		"assertionAmplification: % 27.90 (16 seconds 278 milliseconds)",		"selection: % 53.15 (31 seconds 17 milliseconds)",		"inputAmplification: % 13.76 (8 seconds 32 milliseconds)",		"finalize: % 2.44 (1 second 426 milliseconds)"	],	"notCoveredInAmplified" : [		{			"operatorDescription" : "Remove ^",			"class" : "PP2SeaOptimizationVisitor",			"operatorClass" : "RemoveCaretOperator",			"mutationStart" : 15,			"method" : "doPass:",			"mutationEnd" : 32		},		{			"operatorDescription" : "Remove ^",			"class" : "PP2SeaOptimizationVisitor",			"operatorClass" : "RemoveCaretOperator",			"mutationStart" : 147,			"method" : "seaCanBeRemoved:ifTrue:ifFalse:",			"mutationEnd" : 182		},		{			"operatorDescription" : "Remove ^",			"class" : "PP2SeaOptimizationVisitor",			"operatorClass" : "RemoveCaretOperator",			"mutationStart" : 342,			"method" : "seaCanBeRemoved:ifTrue:ifFalse:",			"mutationEnd" : 397		},		{			"operatorDescription" : "Remove ^",			"class" : "PP2SeaOptimizationVisitor",			"operatorClass" : "RemoveCaretOperator",			"mutationStart" : 548,			"method" : "seaCanBeRemoved:ifTrue:ifFalse:",			"mutationEnd" : 603		},		{			"operatorDescription" : "Remove ^",			"class" : "PP2SeaOptimizationVisitor",			"operatorClass" : "RemoveCaretOperator",			"mutationStart" : 612,			"method" : "seaCanBeRemoved:ifTrue:ifFalse:",			"mutationEnd" : 625		},		{			"operatorDescription" : "Replace #= with #'~='",			"class" : "PP2SeaOptimizationVisitor",			"operatorClass" : "ReplaceEqualWithNotEqualOperator",			"mutationStart" : 79,			"method" : "seaCanBeRemoved:ifTrue:ifFalse:",			"mutationEnd" : 98		},		{			"operatorDescription" : "Replace #= with #'~='",			"class" : "PP2SeaOptimizationVisitor",			"operatorClass" : "ReplaceEqualWithNotEqualOperator",			"mutationStart" : 209,			"method" : "seaCanBeRemoved:ifTrue:ifFalse:",			"mutationEnd" : 227		},		{			"operatorDescription" : "Replace #= with #'~='",			"class" : "PP2SeaOptimizationVisitor",			"operatorClass" : "ReplaceEqualWithNotEqualOperator",			"mutationStart" : 420,			"method" : "seaCanBeRemoved:ifTrue:ifFalse:",			"mutationEnd" : 438		},		{			"operatorDescription" : "Replace #and: argument with [true]",			"class" : "PP2SeaOptimizationVisitor",			"operatorClass" : "ReplaceAndArgumentWithTrueOperator",			"mutationStart" : 208,			"method" : "seaCanBeRemoved:ifTrue:ifFalse:",			"mutationEnd" : 276		},		{			"operatorDescription" : "Replace #and: argument with [true]",			"class" : "PP2SeaOptimizationVisitor",			"operatorClass" : "ReplaceAndArgumentWithTrueOperator",			"mutationStart" : 419,			"method" : "seaCanBeRemoved:ifTrue:ifFalse:",			"mutationEnd" : 487		},		{			"operatorDescription" : "Replace #and: receiver with true",			"class" : "PP2SeaOptimizationVisitor",			"operatorClass" : "ReplaceAndReceiverWithTrueOperator",			"mutationStart" : 207,			"method" : "seaCanBeRemoved:ifTrue:ifFalse:",			"mutationEnd" : 330		},		{			"operatorDescription" : "Replace #and: receiver with true",			"class" : "PP2SeaOptimizationVisitor",			"operatorClass" : "ReplaceAndReceiverWithTrueOperator",			"mutationStart" : 208,			"method" : "seaCanBeRemoved:ifTrue:ifFalse:",			"mutationEnd" : 276		},		{			"operatorDescription" : "Replace #and: receiver with true",			"class" : "PP2SeaOptimizationVisitor",			"operatorClass" : "ReplaceAndReceiverWithTrueOperator",			"mutationStart" : 419,			"method" : "seaCanBeRemoved:ifTrue:ifFalse:",			"mutationEnd" : 487		},		{			"operatorDescription" : "Replace #and: with #bEqv:",			"class" : "PP2SeaOptimizationVisitor",			"operatorClass" : "ReplaceAndWithEqvMutantOperator",			"mutationStart" : 208,			"method" : "seaCanBeRemoved:ifTrue:ifFalse:",			"mutationEnd" : 276		},		{			"operatorDescription" : "Replace #and: with #nand:",			"class" : "PP2SeaOptimizationVisitor",			"operatorClass" : "ReplaceAndWithNandMutantOperator",			"mutationStart" : 208,			"method" : "seaCanBeRemoved:ifTrue:ifFalse:",			"mutationEnd" : 276		},		{			"operatorDescription" : "Replace #and: with #or:",			"class" : "PP2SeaOptimizationVisitor",			"operatorClass" : "ReplaceAndWithOrMutantOperator",			"mutationStart" : 208,			"method" : "seaCanBeRemoved:ifTrue:ifFalse:",			"mutationEnd" : 276		},		{			"operatorDescription" : "Replace #and: with #or:",			"class" : "PP2SeaOptimizationVisitor",			"operatorClass" : "ReplaceAndWithOrMutantOperator",			"mutationStart" : 419,			"method" : "seaCanBeRemoved:ifTrue:ifFalse:",			"mutationEnd" : 487		},		{			"operatorDescription" : "Replace #and: with false",			"class" : "PP2SeaOptimizationVisitor",			"operatorClass" : "ReplaceAndWithFalseOperator",			"mutationStart" : 78,			"method" : "seaCanBeRemoved:ifTrue:ifFalse:",			"mutationEnd" : 135		},		{			"operatorDescription" : "Replace #and: with false",			"class" : "PP2SeaOptimizationVisitor",			"operatorClass" : "ReplaceAndWithFalseOperator",			"mutationStart" : 207,			"method" : "seaCanBeRemoved:ifTrue:ifFalse:",			"mutationEnd" : 330		},		{			"operatorDescription" : "Replace #and: with false",			"class" : "PP2SeaOptimizationVisitor",			"operatorClass" : "ReplaceAndWithFalseOperator",			"mutationStart" : 208,			"method" : "seaCanBeRemoved:ifTrue:ifFalse:",			"mutationEnd" : 276		},		{			"operatorDescription" : "Replace #and: with false",			"class" : "PP2SeaOptimizationVisitor",			"operatorClass" : "ReplaceAndWithFalseOperator",			"mutationStart" : 418,			"method" : "seaCanBeRemoved:ifTrue:ifFalse:",			"mutationEnd" : 536		},		{			"operatorDescription" : "Replace #and: with false",			"class" : "PP2SeaOptimizationVisitor",			"operatorClass" : "ReplaceAndWithFalseOperator",			"mutationStart" : 419,			"method" : "seaCanBeRemoved:ifTrue:ifFalse:",			"mutationEnd" : 487		},		{			"operatorDescription" : "Replace #ifTrue: receiver with false",			"class" : "PP2SeaOptimizationVisitor",			"operatorClass" : "ReplaceIfTrueReceiverWithFalseOperator",			"mutationStart" : 78,			"method" : "seaCanBeRemoved:ifTrue:ifFalse:",			"mutationEnd" : 184		},		{			"operatorDescription" : "Replace #ifTrue: receiver with false",			"class" : "PP2SeaOptimizationVisitor",			"operatorClass" : "ReplaceIfTrueReceiverWithFalseOperator",			"mutationStart" : 207,			"method" : "seaCanBeRemoved:ifTrue:ifFalse:",			"mutationEnd" : 399		},		{			"operatorDescription" : "Replace #ifTrue: receiver with false",			"class" : "PP2SeaOptimizationVisitor",			"operatorClass" : "ReplaceIfTrueReceiverWithFalseOperator",			"mutationStart" : 418,			"method" : "seaCanBeRemoved:ifTrue:ifFalse:",			"mutationEnd" : 605		},		{			"operatorDescription" : "Remove ^",			"class" : "PP2SeaOptimizationVisitor",			"operatorClass" : "RemoveCaretOperator",			"mutationStart" : 253,			"method" : "visitSea:",			"mutationEnd" : 258		},		{			"operatorDescription" : "Replace #ifTrue: receiver with true",			"class" : "PP2SeaOptimizationVisitor",			"operatorClass" : "ReplaceIfTrueReceiverWithTrueOperator",			"mutationStart" : 176,			"method" : "visitSea:",			"mutationEnd" : 245		},		{			"operatorDescription" : "Replace #'<=' with #<",			"class" : "PP2SeaOptimizationVisitor",			"operatorClass" : "ReplaceLessOrEqualWithLessMutantOperator",			"mutationStart" : 248,			"method" : "removeRepetitions:",			"mutationEnd" : 260		},		{			"operatorDescription" : "Replace #'<=' with #=",			"class" : "PP2SeaOptimizationVisitor",			"operatorClass" : "ReplaceLessOrEqualWithEqualMutantOperator",			"mutationStart" : 248,			"method" : "removeRepetitions:",			"mutationEnd" : 260		},		{			"operatorDescription" : "Replace #'<=' with #>",			"class" : "PP2SeaOptimizationVisitor",			"operatorClass" : "ReplaceLessOrEqualWithGreaterMutantOperator",			"mutationStart" : 248,			"method" : "removeRepetitions:",			"mutationEnd" : 260		},		{			"operatorDescription" : "Replace #'<=' with true",			"class" : "PP2SeaOptimizationVisitor",			"operatorClass" : "ReplaceLessOrEqualWithTrueOperator",			"mutationStart" : 248,			"method" : "removeRepetitions:",			"mutationEnd" : 260		},		{			"operatorDescription" : "Replace #and: argument with [true]",			"class" : "PP2SeaOptimizationVisitor",			"operatorClass" : "ReplaceAndArgumentWithTrueOperator",			"mutationStart" : 223,			"method" : "removeRepetitions:",			"mutationEnd" : 263		},		{			"operatorDescription" : "Replace #and: with false",			"class" : "PP2SeaOptimizationVisitor",			"operatorClass" : "ReplaceAndWithFalseOperator",			"mutationStart" : 223,			"method" : "removeRepetitions:",			"mutationEnd" : 263		},		{			"operatorDescription" : "Replace #ifTrue:ifFalse: receiver with false",			"class" : "PP2SeaOptimizationVisitor",			"operatorClass" : "ReplaceIfTrueIfFalseReceiverWithFalseOperator",			"mutationStart" : 223,			"method" : "removeRepetitions:",			"mutationEnd" : 350		}	],	"mutationScoreAfter" : 52,	"mutationScoreBefore" : 61,	"testAmpLoc" : 0,	"amplifiedMethods" : [ ],	"testLoc" : "77",	"amplifiedClass" : "PP2SeaOptimizationVisitorTest174",	"numberOfAllMutationsInOriginal" : 72,	"targetLoc" : 78,	"newCovered" : [		{			"operatorDescription" : "Remove ^",			"class" : "PP2SeaOptimizationVisitor",			"operatorClass" : "RemoveCaretOperator",			"mutationStart" : 358,			"method" : "removeRepetitions:",			"mutationEnd" : 369		},		{			"operatorDescription" : "Replace #and: receiver with true",			"class" : "PP2SeaOptimizationVisitor",			"operatorClass" : "ReplaceAndReceiverWithTrueOperator",			"mutationStart" : 223,			"method" : "removeRepetitions:",			"mutationEnd" : 263		},		{			"operatorDescription" : "Replace #and: with #bEqv:",			"class" : "PP2SeaOptimizationVisitor",			"operatorClass" : "ReplaceAndWithEqvMutantOperator",			"mutationStart" : 223,			"method" : "removeRepetitions:",			"mutationEnd" : 263		},		{			"operatorDescription" : "Replace #and: with #nand:",			"class" : "PP2SeaOptimizationVisitor",			"operatorClass" : "ReplaceAndWithNandMutantOperator",			"mutationStart" : 223,			"method" : "removeRepetitions:",			"mutationEnd" : 263		},		{			"operatorDescription" : "Replace #and: with #or:",			"class" : "PP2SeaOptimizationVisitor",			"operatorClass" : "ReplaceAndWithOrMutantOperator",			"mutationStart" : 223,			"method" : "removeRepetitions:",			"mutationEnd" : 263		}	],	"timeBudgetFinished" : false,	"notCoveredInOriginal" : [		{			"operatorDescription" : "Remove ^",			"class" : "PP2SeaOptimizationVisitor",			"operatorClass" : "RemoveCaretOperator",			"mutationStart" : 15,			"method" : "doPass:",			"mutationEnd" : 32		},		{			"operatorDescription" : "Remove ^",			"class" : "PP2SeaOptimizationVisitor",			"operatorClass" : "RemoveCaretOperator",			"mutationStart" : 147,			"method" : "seaCanBeRemoved:ifTrue:ifFalse:",			"mutationEnd" : 182		},		{			"operatorDescription" : "Remove ^",			"class" : "PP2SeaOptimizationVisitor",			"operatorClass" : "RemoveCaretOperator",			"mutationStart" : 342,			"method" : "seaCanBeRemoved:ifTrue:ifFalse:",			"mutationEnd" : 397		},		{			"operatorDescription" : "Remove ^",			"class" : "PP2SeaOptimizationVisitor",			"operatorClass" : "RemoveCaretOperator",			"mutationStart" : 548,			"method" : "seaCanBeRemoved:ifTrue:ifFalse:",			"mutationEnd" : 603		},		{			"operatorDescription" : "Remove ^",			"class" : "PP2SeaOptimizationVisitor",			"operatorClass" : "RemoveCaretOperator",			"mutationStart" : 612,			"method" : "seaCanBeRemoved:ifTrue:ifFalse:",			"mutationEnd" : 625		},		{			"operatorDescription" : "Replace #= with #'~='",			"class" : "PP2SeaOptimizationVisitor",			"operatorClass" : "ReplaceEqualWithNotEqualOperator",			"mutationStart" : 79,			"method" : "seaCanBeRemoved:ifTrue:ifFalse:",			"mutationEnd" : 98		},		{			"operatorDescription" : "Replace #= with #'~='",			"class" : "PP2SeaOptimizationVisitor",			"operatorClass" : "ReplaceEqualWithNotEqualOperator",			"mutationStart" : 209,			"method" : "seaCanBeRemoved:ifTrue:ifFalse:",			"mutationEnd" : 227		},		{			"operatorDescription" : "Replace #= with #'~='",			"class" : "PP2SeaOptimizationVisitor",			"operatorClass" : "ReplaceEqualWithNotEqualOperator",			"mutationStart" : 420,			"method" : "seaCanBeRemoved:ifTrue:ifFalse:",			"mutationEnd" : 438		},		{			"operatorDescription" : "Replace #and: argument with [true]",			"class" : "PP2SeaOptimizationVisitor",			"operatorClass" : "ReplaceAndArgumentWithTrueOperator",			"mutationStart" : 208,			"method" : "seaCanBeRemoved:ifTrue:ifFalse:",			"mutationEnd" : 276		},		{			"operatorDescription" : "Replace #and: argument with [true]",			"class" : "PP2SeaOptimizationVisitor",			"operatorClass" : "ReplaceAndArgumentWithTrueOperator",			"mutationStart" : 419,			"method" : "seaCanBeRemoved:ifTrue:ifFalse:",			"mutationEnd" : 487		},		{			"operatorDescription" : "Replace #and: receiver with true",			"class" : "PP2SeaOptimizationVisitor",			"operatorClass" : "ReplaceAndReceiverWithTrueOperator",			"mutationStart" : 207,			"method" : "seaCanBeRemoved:ifTrue:ifFalse:",			"mutationEnd" : 330		},		{			"operatorDescription" : "Replace #and: receiver with true",			"class" : "PP2SeaOptimizationVisitor",			"operatorClass" : "ReplaceAndReceiverWithTrueOperator",			"mutationStart" : 208,			"method" : "seaCanBeRemoved:ifTrue:ifFalse:",			"mutationEnd" : 276		},		{			"operatorDescription" : "Replace #and: receiver with true",			"class" : "PP2SeaOptimizationVisitor",			"operatorClass" : "ReplaceAndReceiverWithTrueOperator",			"mutationStart" : 419,			"method" : "seaCanBeRemoved:ifTrue:ifFalse:",			"mutationEnd" : 487		},		{			"operatorDescription" : "Replace #and: with #bEqv:",			"class" : "PP2SeaOptimizationVisitor",			"operatorClass" : "ReplaceAndWithEqvMutantOperator",			"mutationStart" : 208,			"method" : "seaCanBeRemoved:ifTrue:ifFalse:",			"mutationEnd" : 276		},		{			"operatorDescription" : "Replace #and: with #nand:",			"class" : "PP2SeaOptimizationVisitor",			"operatorClass" : "ReplaceAndWithNandMutantOperator",			"mutationStart" : 208,			"method" : "seaCanBeRemoved:ifTrue:ifFalse:",			"mutationEnd" : 276		},		{			"operatorDescription" : "Replace #and: with #or:",			"class" : "PP2SeaOptimizationVisitor",			"operatorClass" : "ReplaceAndWithOrMutantOperator",			"mutationStart" : 208,			"method" : "seaCanBeRemoved:ifTrue:ifFalse:",			"mutationEnd" : 276		},		{			"operatorDescription" : "Replace #and: with #or:",			"class" : "PP2SeaOptimizationVisitor",			"operatorClass" : "ReplaceAndWithOrMutantOperator",			"mutationStart" : 419,			"method" : "seaCanBeRemoved:ifTrue:ifFalse:",			"mutationEnd" : 487		},		{			"operatorDescription" : "Replace #and: with false",			"class" : "PP2SeaOptimizationVisitor",			"operatorClass" : "ReplaceAndWithFalseOperator",			"mutationStart" : 78,			"method" : "seaCanBeRemoved:ifTrue:ifFalse:",			"mutationEnd" : 135		},		{			"operatorDescription" : "Replace #and: with false",			"class" : "PP2SeaOptimizationVisitor",			"operatorClass" : "ReplaceAndWithFalseOperator",			"mutationStart" : 207,			"method" : "seaCanBeRemoved:ifTrue:ifFalse:",			"mutationEnd" : 330		},		{			"operatorDescription" : "Replace #and: with false",			"class" : "PP2SeaOptimizationVisitor",			"operatorClass" : "ReplaceAndWithFalseOperator",			"mutationStart" : 208,			"method" : "seaCanBeRemoved:ifTrue:ifFalse:",			"mutationEnd" : 276		},		{			"operatorDescription" : "Replace #and: with false",			"class" : "PP2SeaOptimizationVisitor",			"operatorClass" : "ReplaceAndWithFalseOperator",			"mutationStart" : 418,			"method" : "seaCanBeRemoved:ifTrue:ifFalse:",			"mutationEnd" : 536		},		{			"operatorDescription" : "Replace #and: with false",			"class" : "PP2SeaOptimizationVisitor",			"operatorClass" : "ReplaceAndWithFalseOperator",			"mutationStart" : 419,			"method" : "seaCanBeRemoved:ifTrue:ifFalse:",			"mutationEnd" : 487		},		{			"operatorDescription" : "Replace #ifTrue: receiver with false",			"class" : "PP2SeaOptimizationVisitor",			"operatorClass" : "ReplaceIfTrueReceiverWithFalseOperator",			"mutationStart" : 78,			"method" : "seaCanBeRemoved:ifTrue:ifFalse:",			"mutationEnd" : 184		},		{			"operatorDescription" : "Replace #ifTrue: receiver with false",			"class" : "PP2SeaOptimizationVisitor",			"operatorClass" : "ReplaceIfTrueReceiverWithFalseOperator",			"mutationStart" : 207,			"method" : "seaCanBeRemoved:ifTrue:ifFalse:",			"mutationEnd" : 399		},		{			"operatorDescription" : "Replace #ifTrue: receiver with false",			"class" : "PP2SeaOptimizationVisitor",			"operatorClass" : "ReplaceIfTrueReceiverWithFalseOperator",			"mutationStart" : 418,			"method" : "seaCanBeRemoved:ifTrue:ifFalse:",			"mutationEnd" : 605		},		{			"operatorDescription" : "Remove ^",			"class" : "PP2SeaOptimizationVisitor",			"operatorClass" : "RemoveCaretOperator",			"mutationStart" : 253,			"method" : "visitSea:",			"mutationEnd" : 258		},		{			"operatorDescription" : "Replace #ifTrue: receiver with true",			"class" : "PP2SeaOptimizationVisitor",			"operatorClass" : "ReplaceIfTrueReceiverWithTrueOperator",			"mutationStart" : 176,			"method" : "visitSea:",			"mutationEnd" : 245		},		{			"operatorDescription" : "Replace #ifTrue:ifFalse: receiver with false",			"class" : "PP2SeaOptimizationVisitor",			"operatorClass" : "ReplaceIfTrueIfFalseReceiverWithFalseOperator",			"mutationStart" : 223,			"method" : "removeRepetitions:",			"mutationEnd" : 350		}	],	"testCase" : "PP2SeaOptimizationVisitorTest",	"unixtime" : 1604950235,	"timeTotal" : 58}