{	"targetClasses" : [		"PP2SeaNode"	],	"testMethodsIgnored" : [ ],	"methodsNotProfiled" : [		"PP2SeaNode>>#reset:",		"PP2SeaNode>>#root:",		"PP2SeaNode>>#replace:with:",		"PP2SeaNode>>#updateForRoot:",		"PP2SeaNode>>#nonEpsilon:",		"PP2SeaNode class>>#on:"	],	"numberOfOriginalTestMethods" : 6,	"timeDetail" : [		"init: % 0.02 (433 milliseconds)",		"assertionAmplification: % 95.30 (36 minutes 24 seconds 281 milliseconds)",		"selection: % 3.73 (1 minute 25 seconds 422 milliseconds)",		"inputAmplification: % 0.75 (17 seconds 290 milliseconds)",		"finalize: % 0.20 (4 seconds 538 milliseconds)"	],	"notCoveredInAmplified" : [		{			"operatorDescription" : "Replace #'~=' with #=",			"class" : "PP2SeaNode",			"operatorClass" : "ReplaceNotEqualWithEqualOperator",			"mutationStart" : 20,			"method" : "reset:",			"mutationEnd" : 46		},		{			"operatorDescription" : "Replace #ifTrue: receiver with false",			"class" : "PP2SeaNode",			"operatorClass" : "ReplaceIfTrueReceiverWithFalseOperator",			"mutationStart" : 34,			"method" : "replace:with:",			"mutationEnd" : 81		},		{			"operatorDescription" : "Replace #ifTrue: receiver with false",			"class" : "PP2SeaNode",			"operatorClass" : "ReplaceIfTrueReceiverWithFalseOperator",			"mutationStart" : 146,			"method" : "replace:with:",			"mutationEnd" : 201		},		{			"operatorDescription" : "Replace #ifTrue: receiver with true",			"class" : "PP2SeaNode",			"operatorClass" : "ReplaceIfTrueReceiverWithTrueOperator",			"mutationStart" : 85,			"method" : "replace:with:",			"mutationEnd" : 142		},		{			"operatorDescription" : "Replace #ifTrue: receiver with true",			"class" : "PP2SeaNode",			"operatorClass" : "ReplaceIfTrueReceiverWithTrueOperator",			"mutationStart" : 146,			"method" : "replace:with:",			"mutationEnd" : 201		},		{			"operatorDescription" : "Replace #ifTrue: with #ifFalse:",			"class" : "PP2SeaNode",			"operatorClass" : "ReplaceIfTrueWithIfFalseMutantOperator",			"mutationStart" : 85,			"method" : "replace:with:",			"mutationEnd" : 142		},		{			"operatorDescription" : "Replace a == b with (a == b) not",			"class" : "PP2SeaNode",			"operatorClass" : "ReplaceIdentityWithNegationOfIdentity",			"mutationStart" : 85,			"method" : "replace:with:",			"mutationEnd" : 103		},		{			"operatorDescription" : "Replace a == b with (a == b) not",			"class" : "PP2SeaNode",			"operatorClass" : "ReplaceIdentityWithNegationOfIdentity",			"mutationStart" : 146,			"method" : "replace:with:",			"mutationEnd" : 163		},		{			"operatorDescription" : "Remove ^",			"class" : "PP2SeaNode",			"operatorClass" : "RemoveCaretOperator",			"mutationStart" : 19,			"method" : "nonEpsilon:",			"mutationEnd" : 82		},		{			"operatorDescription" : "Replace #ifTrue:ifFalse: receiver with true",			"class" : "PP2SeaNode",			"operatorClass" : "ReplaceIfTrueIfFalseReceiverWithTrueOperator",			"mutationStart" : 21,			"method" : "nonEpsilon:",			"mutationEnd" : 82		}	],	"mutationScoreAfter" : 64,	"mutationScoreBefore" : 17,	"testAmpLoc" : 25438,	"amplifiedMethods" : [		"PP2SeaNodeTest97>>#testUpdateAfterWater_amp_A89",		"PP2SeaNodeTest97>>#testUpdateAfterWater_amp_A17",		"PP2SeaNodeTest97>>#testUpdateAfterWater_amp_A57",		"PP2SeaNodeTest97>>#testAfterWater_amp",		"PP2SeaNodeTest97>>#testUpdateAfterWater_amp_A135",		"PP2SeaNodeTest97>>#testUpdateAfterWater_amp_A17_T6"	],	"testLoc" : "84",	"amplifiedClass" : "PP2SeaNodeTest97",	"numberOfAllMutationsInOriginal" : 28,	"targetLoc" : 70,	"newCovered" : [		{			"operatorDescription" : "Replace #ifTrue: receiver with false",			"class" : "PP2SeaNode",			"operatorClass" : "ReplaceIfTrueReceiverWithFalseOperator",			"mutationStart" : 20,			"method" : "reset:",			"mutationEnd" : 101		},		{			"operatorDescription" : "Replace #ifTrue: receiver with true",			"class" : "PP2SeaNode",			"operatorClass" : "ReplaceIfTrueReceiverWithTrueOperator",			"mutationStart" : 20,			"method" : "reset:",			"mutationEnd" : 101		},		{			"operatorDescription" : "Replace #ifTrue: with #ifFalse:",			"class" : "PP2SeaNode",			"operatorClass" : "ReplaceIfTrueWithIfFalseMutantOperator",			"mutationStart" : 20,			"method" : "reset:",			"mutationEnd" : 101		},		{			"operatorDescription" : "Remove ^",			"class" : "PP2SeaNode",			"operatorClass" : "RemoveCaretOperator",			"mutationStart" : 13,			"method" : "waterToken",			"mutationEnd" : 77		},		{			"operatorDescription" : "Replace #ifTrue: receiver with false",			"class" : "PP2SeaNode",			"operatorClass" : "ReplaceIfTrueReceiverWithFalseOperator",			"mutationStart" : 85,			"method" : "replace:with:",			"mutationEnd" : 142		},		{			"operatorDescription" : "Replace #ifTrue: receiver with true",			"class" : "PP2SeaNode",			"operatorClass" : "ReplaceIfTrueReceiverWithTrueOperator",			"mutationStart" : 34,			"method" : "replace:with:",			"mutationEnd" : 81		},		{			"operatorDescription" : "Replace #ifTrue: with #ifFalse:",			"class" : "PP2SeaNode",			"operatorClass" : "ReplaceIfTrueWithIfFalseMutantOperator",			"mutationStart" : 34,			"method" : "replace:with:",			"mutationEnd" : 81		},		{			"operatorDescription" : "Replace #ifTrue: with #ifFalse:",			"class" : "PP2SeaNode",			"operatorClass" : "ReplaceIfTrueWithIfFalseMutantOperator",			"mutationStart" : 146,			"method" : "replace:with:",			"mutationEnd" : 201		},		{			"operatorDescription" : "Replace a == b with (a == b) not",			"class" : "PP2SeaNode",			"operatorClass" : "ReplaceIdentityWithNegationOfIdentity",			"mutationStart" : 34,			"method" : "replace:with:",			"mutationEnd" : 47		},		{			"operatorDescription" : "Remove ^",			"class" : "PP2SeaNode",			"operatorClass" : "RemoveCaretOperator",			"mutationStart" : 13,			"method" : "isMemoized",			"mutationEnd" : 63		},		{			"operatorDescription" : "Replace #ifTrue:ifFalse: receiver with false",			"class" : "PP2SeaNode",			"operatorClass" : "ReplaceIfTrueIfFalseReceiverWithFalseOperator",			"mutationStart" : 21,			"method" : "nonEpsilon:",			"mutationEnd" : 82		},		{			"operatorDescription" : "Remove ^",			"class" : "PP2SeaNode",			"operatorClass" : "RemoveCaretOperator",			"mutationStart" : 8,			"method" : "isSea",			"mutationEnd" : 13		},		{			"operatorDescription" : "Remove ^",			"class" : "PP2SeaNode class",			"operatorClass" : "RemoveCaretOperator",			"mutationStart" : 13,			"method" : "on:",			"mutationEnd" : 53		}	],	"timeBudgetFinished" : false,	"notCoveredInOriginal" : [		{			"operatorDescription" : "Replace #'~=' with #=",			"class" : "PP2SeaNode",			"operatorClass" : "ReplaceNotEqualWithEqualOperator",			"mutationStart" : 20,			"method" : "reset:",			"mutationEnd" : 46		},		{			"operatorDescription" : "Replace #ifTrue: receiver with false",			"class" : "PP2SeaNode",			"operatorClass" : "ReplaceIfTrueReceiverWithFalseOperator",			"mutationStart" : 20,			"method" : "reset:",			"mutationEnd" : 101		},		{			"operatorDescription" : "Replace #ifTrue: receiver with true",			"class" : "PP2SeaNode",			"operatorClass" : "ReplaceIfTrueReceiverWithTrueOperator",			"mutationStart" : 20,			"method" : "reset:",			"mutationEnd" : 101		},		{			"operatorDescription" : "Replace #ifTrue: with #ifFalse:",			"class" : "PP2SeaNode",			"operatorClass" : "ReplaceIfTrueWithIfFalseMutantOperator",			"mutationStart" : 20,			"method" : "reset:",			"mutationEnd" : 101		},		{			"operatorDescription" : "Remove ^",			"class" : "PP2SeaNode",			"operatorClass" : "RemoveCaretOperator",			"mutationStart" : 13,			"method" : "waterToken",			"mutationEnd" : 77		},		{			"operatorDescription" : "Replace #ifTrue: receiver with false",			"class" : "PP2SeaNode",			"operatorClass" : "ReplaceIfTrueReceiverWithFalseOperator",			"mutationStart" : 34,			"method" : "replace:with:",			"mutationEnd" : 81		},		{			"operatorDescription" : "Replace #ifTrue: receiver with false",			"class" : "PP2SeaNode",			"operatorClass" : "ReplaceIfTrueReceiverWithFalseOperator",			"mutationStart" : 85,			"method" : "replace:with:",			"mutationEnd" : 142		},		{			"operatorDescription" : "Replace #ifTrue: receiver with false",			"class" : "PP2SeaNode",			"operatorClass" : "ReplaceIfTrueReceiverWithFalseOperator",			"mutationStart" : 146,			"method" : "replace:with:",			"mutationEnd" : 201		},		{			"operatorDescription" : "Replace #ifTrue: receiver with true",			"class" : "PP2SeaNode",			"operatorClass" : "ReplaceIfTrueReceiverWithTrueOperator",			"mutationStart" : 34,			"method" : "replace:with:",			"mutationEnd" : 81		},		{			"operatorDescription" : "Replace #ifTrue: receiver with true",			"class" : "PP2SeaNode",			"operatorClass" : "ReplaceIfTrueReceiverWithTrueOperator",			"mutationStart" : 85,			"method" : "replace:with:",			"mutationEnd" : 142		},		{			"operatorDescription" : "Replace #ifTrue: receiver with true",			"class" : "PP2SeaNode",			"operatorClass" : "ReplaceIfTrueReceiverWithTrueOperator",			"mutationStart" : 146,			"method" : "replace:with:",			"mutationEnd" : 201		},		{			"operatorDescription" : "Replace #ifTrue: with #ifFalse:",			"class" : "PP2SeaNode",			"operatorClass" : "ReplaceIfTrueWithIfFalseMutantOperator",			"mutationStart" : 34,			"method" : "replace:with:",			"mutationEnd" : 81		},		{			"operatorDescription" : "Replace #ifTrue: with #ifFalse:",			"class" : "PP2SeaNode",			"operatorClass" : "ReplaceIfTrueWithIfFalseMutantOperator",			"mutationStart" : 85,			"method" : "replace:with:",			"mutationEnd" : 142		},		{			"operatorDescription" : "Replace #ifTrue: with #ifFalse:",			"class" : "PP2SeaNode",			"operatorClass" : "ReplaceIfTrueWithIfFalseMutantOperator",			"mutationStart" : 146,			"method" : "replace:with:",			"mutationEnd" : 201		},		{			"operatorDescription" : "Replace a == b with (a == b) not",			"class" : "PP2SeaNode",			"operatorClass" : "ReplaceIdentityWithNegationOfIdentity",			"mutationStart" : 34,			"method" : "replace:with:",			"mutationEnd" : 47		},		{			"operatorDescription" : "Replace a == b with (a == b) not",			"class" : "PP2SeaNode",			"operatorClass" : "ReplaceIdentityWithNegationOfIdentity",			"mutationStart" : 85,			"method" : "replace:with:",			"mutationEnd" : 103		},		{			"operatorDescription" : "Replace a == b with (a == b) not",			"class" : "PP2SeaNode",			"operatorClass" : "ReplaceIdentityWithNegationOfIdentity",			"mutationStart" : 146,			"method" : "replace:with:",			"mutationEnd" : 163		},		{			"operatorDescription" : "Remove ^",			"class" : "PP2SeaNode",			"operatorClass" : "RemoveCaretOperator",			"mutationStart" : 13,			"method" : "isMemoized",			"mutationEnd" : 63		},		{			"operatorDescription" : "Remove ^",			"class" : "PP2SeaNode",			"operatorClass" : "RemoveCaretOperator",			"mutationStart" : 19,			"method" : "nonEpsilon:",			"mutationEnd" : 82		},		{			"operatorDescription" : "Replace #ifTrue:ifFalse: receiver with false",			"class" : "PP2SeaNode",			"operatorClass" : "ReplaceIfTrueIfFalseReceiverWithFalseOperator",			"mutationStart" : 21,			"method" : "nonEpsilon:",			"mutationEnd" : 82		},		{			"operatorDescription" : "Replace #ifTrue:ifFalse: receiver with true",			"class" : "PP2SeaNode",			"operatorClass" : "ReplaceIfTrueIfFalseReceiverWithTrueOperator",			"mutationStart" : 21,			"method" : "nonEpsilon:",			"mutationEnd" : 82		},		{			"operatorDescription" : "Remove ^",			"class" : "PP2SeaNode",			"operatorClass" : "RemoveCaretOperator",			"mutationStart" : 8,			"method" : "isSea",			"mutationEnd" : 13		},		{			"operatorDescription" : "Remove ^",			"class" : "PP2SeaNode class",			"operatorClass" : "RemoveCaretOperator",			"mutationStart" : 13,			"method" : "on:",			"mutationEnd" : 53		}	],	"testCase" : "PP2SeaNodeTest",	"unixtime" : 1604952563,	"timeTotal" : 2291}