{	"targetClasses" : [		"PP2TransformVisitor"	],	"testMethodsIgnored" : [ ],	"methodsNotProfiled" : [ ],	"numberOfOriginalTestMethods" : 4,	"timeDetail" : [		"init: % 3.82 (219 milliseconds)",		"assertionAmplification: % 47.28 (2 seconds 709 milliseconds)",		"selection: % 15.48 (887 milliseconds)",		"inputAmplification: % 28.87 (1 second 654 milliseconds)",		"finalize: % 4.55 (261 milliseconds)"	],	"notCoveredInAmplified" : [		{			"operatorDescription" : "Remove ^",			"class" : "PP2TransformVisitor",			"operatorClass" : "RemoveCaretOperator",			"mutationStart" : 8,			"method" : "block",			"mutationEnd" : 14		},		{			"operatorDescription" : "Replace #ifTrue: receiver with true",			"class" : "PP2TransformVisitor",			"operatorClass" : "ReplaceIfTrueReceiverWithTrueOperator",			"mutationStart" : 111,			"method" : "initializeMapping:",			"mutationEnd" : 192		},		{			"operatorDescription" : "Remove ^",			"class" : "PP2TransformVisitor",			"operatorClass" : "RemoveCaretOperator",			"mutationStart" : 12,			"method" : "predicate",			"mutationEnd" : 22		}	],	"mutationScoreAfter" : 76,	"mutationScoreBefore" : 76,	"testAmpLoc" : 0,	"amplifiedMethods" : [ ],	"testLoc" : "67",	"amplifiedClass" : "PP2TransformVisitorTest67",	"numberOfAllMutationsInOriginal" : 13,	"targetLoc" : 37,	"newCovered" : [ ],	"timeBudgetFinished" : false,	"notCoveredInOriginal" : [		{			"operatorDescription" : "Remove ^",			"class" : "PP2TransformVisitor",			"operatorClass" : "RemoveCaretOperator",			"mutationStart" : 8,			"method" : "block",			"mutationEnd" : 14		},		{			"operatorDescription" : "Replace #ifTrue: receiver with true",			"class" : "PP2TransformVisitor",			"operatorClass" : "ReplaceIfTrueReceiverWithTrueOperator",			"mutationStart" : 111,			"method" : "initializeMapping:",			"mutationEnd" : 192		},		{			"operatorDescription" : "Remove ^",			"class" : "PP2TransformVisitor",			"operatorClass" : "RemoveCaretOperator",			"mutationStart" : 12,			"method" : "predicate",			"mutationEnd" : 22		}	],	"testCase" : "PP2TransformVisitorTest",	"unixtime" : 1604949033,	"timeTotal" : 5}