{	"targetClasses" : [		"PP2WebPageParser"	],	"testMethodsIgnored" : [ ],	"methodsNotProfiled" : [ ],	"numberOfOriginalTestMethods" : 13,	"timeDetail" : [		"init: % 0.04 (992 milliseconds)",		"assertionAmplification: % 94.23 (38 minutes 35 seconds 280 milliseconds)",		"selection: % 4.57 (1 minute 52 seconds 215 milliseconds)",		"inputAmplification: % 1.13 (27 seconds 688 milliseconds)",		"finalize: % 0.04 (882 milliseconds)"	],	"notCoveredInAmplified" : [ ],	"mutationScoreAfter" : 100,	"mutationScoreBefore" : 83,	"testAmpLoc" : 1070,	"amplifiedMethods" : [		"PP2WebPageParserTest207>>#testDocument_amp_A4"	],	"testLoc" : "43",	"amplifiedClass" : "PP2WebPageParserTest207",	"numberOfAllMutationsInOriginal" : 6,	"targetLoc" : 43,	"newCovered" : [		{			"operatorDescription" : "Remove ^",			"class" : "PP2WebPageParser",			"operatorClass" : "RemoveCaretOperator",			"mutationStart" : 13,			"method" : "javascript",			"mutationEnd" : 133		}	],	"timeBudgetFinished" : false,	"notCoveredInOriginal" : [		{			"operatorDescription" : "Remove ^",			"class" : "PP2WebPageParser",			"operatorClass" : "RemoveCaretOperator",			"mutationStart" : 13,			"method" : "javascript",			"mutationEnd" : 133		}	],	"testCase" : "PP2WebPageParserTest",	"unixtime" : 1604943233,	"timeTotal" : 2457}