{	"targetClasses" : [		"PP2WebPageGrammar"	],	"testMethodsIgnored" : [ ],	"methodsNotProfiled" : [ ],	"numberOfOriginalTestMethods" : 20,	"timeDetail" : [		"init: % 0.02 (2 seconds 212 milliseconds)",		"assertionAmplification: % 95.59 (2 hours 32 minutes 35 seconds 657 milliseconds)",		"selection: % 3.61 (5 minutes 45 seconds 630 milliseconds)",		"inputAmplification: % 0.76 (1 minute 12 seconds 611 milliseconds)",		"finalize: % 0.02 (1 second 911 milliseconds)"	],	"notCoveredInAmplified" : [ ],	"mutationScoreAfter" : 100,	"mutationScoreBefore" : 93,	"testAmpLoc" : 3355,	"amplifiedMethods" : [		"PP2WebPageGrammarTest339>>#testDocument_amp_A16",		"PP2WebPageGrammarTest339>>#testDocument_amp_A19"	],	"testLoc" : "85",	"amplifiedClass" : "PP2WebPageGrammarTest339",	"numberOfAllMutationsInOriginal" : 32,	"targetLoc" : 50,	"newCovered" : [		{			"operatorDescription" : "Remove ^",			"class" : "PP2WebPageGrammar",			"operatorClass" : "RemoveCaretOperator",			"mutationStart" : 14,			"method" : "whitespaces",			"mutationEnd" : 36		},		{			"operatorDescription" : "Remove ^",			"class" : "PP2WebPageGrammar",			"operatorClass" : "RemoveCaretOperator",			"mutationStart" : 8,			"method" : "start",			"mutationEnd" : 17		}	],	"timeBudgetFinished" : false,	"notCoveredInOriginal" : [		{			"operatorDescription" : "Remove ^",			"class" : "PP2WebPageGrammar",			"operatorClass" : "RemoveCaretOperator",			"mutationStart" : 14,			"method" : "whitespaces",			"mutationEnd" : 36		},		{			"operatorDescription" : "Remove ^",			"class" : "PP2WebPageGrammar",			"operatorClass" : "RemoveCaretOperator",			"mutationStart" : 8,			"method" : "start",			"mutationEnd" : 17		}	],	"testCase" : "PP2WebPageGrammarTest",	"unixtime" : 1604962142,	"timeTotal" : 9578}