{	"targetClasses" : [		"WebGrammar"	],	"testMethodsIgnored" : [ ],	"methodsNotProfiled" : [ ],	"numberOfOriginalTestMethods" : 14,	"timeDetail" : [		"init: % 0.87 (27 seconds 519 milliseconds)",		"assertionAmplification: % 73.76 (39 minutes 5 seconds 196 milliseconds)",		"selection: % 7.95 (4 minutes 12 seconds 621 milliseconds)",		"inputAmplification: % 17.18 (9 minutes 6 seconds 273 milliseconds)",		"finalize: % 0.24 (7 seconds 714 milliseconds)"	],	"notCoveredInAmplified" : [ ],	"mutationScoreAfter" : 100,	"mutationScoreBefore" : 90,	"testAmpLoc" : 2212,	"amplifiedMethods" : [		"WebGrammarTest218>>#testComment_amp_A15",		"WebGrammarTest218>>#testComment_amp_N0_N1_A9"	],	"testLoc" : "50",	"amplifiedClass" : "WebGrammarTest218",	"numberOfAllMutationsInOriginal" : 20,	"targetLoc" : 34,	"newCovered" : [		{			"operatorDescription" : "Remove ^",			"class" : "WebGrammar",			"operatorClass" : "RemoveCaretOperator",			"mutationStart" : 10,			"method" : "comment",			"mutationEnd" : 58		},		{			"operatorDescription" : "Remove ^",			"class" : "WebGrammar",			"operatorClass" : "RemoveCaretOperator",			"mutationStart" : 8,			"method" : "start",			"mutationEnd" : 27		}	],	"timeBudgetFinished" : false,	"notCoveredInOriginal" : [		{			"operatorDescription" : "Remove ^",			"class" : "WebGrammar",			"operatorClass" : "RemoveCaretOperator",			"mutationStart" : 10,			"method" : "comment",			"mutationEnd" : 58		},		{			"operatorDescription" : "Remove ^",			"class" : "WebGrammar",			"operatorClass" : "RemoveCaretOperator",			"mutationStart" : 8,			"method" : "start",			"mutationEnd" : 27		}	],	"testCase" : "WebGrammarTest",	"unixtime" : 1604946492,	"timeTotal" : 3179}