{	"targetClasses" : [		"WebParser"	],	"testMethodsIgnored" : [ ],	"methodsNotProfiled" : [ ],	"numberOfOriginalTestMethods" : 11,	"timeDetail" : [		"init: % 0.76 (8 seconds 511 milliseconds)",		"assertionAmplification: % 62.36 (11 minutes 36 seconds 435 milliseconds)",		"selection: % 15.04 (2 minutes 48 seconds 2 milliseconds)",		"inputAmplification: % 21.56 (4 minutes 803 milliseconds)",		"finalize: % 0.27 (3 seconds 50 milliseconds)"	],	"notCoveredInAmplified" : [ ],	"mutationScoreAfter" : 100,	"mutationScoreBefore" : 87,	"testAmpLoc" : 267,	"amplifiedMethods" : [		"WebParserTest186>>#testElement_amp_A5"	],	"testLoc" : "69",	"amplifiedClass" : "WebParserTest186",	"numberOfAllMutationsInOriginal" : 8,	"targetLoc" : 65,	"newCovered" : [		{			"operatorDescription" : "Remove ^",			"class" : "WebParser",			"operatorClass" : "RemoveCaretOperator",			"mutationStart" : 12,			"method" : "jsContent",			"mutationEnd" : 36		}	],	"timeBudgetFinished" : false,	"notCoveredInOriginal" : [		{			"operatorDescription" : "Remove ^",			"class" : "WebParser",			"operatorClass" : "RemoveCaretOperator",			"mutationStart" : 12,			"method" : "jsContent",			"mutationEnd" : 36		}	],	"testCase" : "WebParserTest",	"unixtime" : 1604950176,	"timeTotal" : 1116}