{	"targetClasses" : [		"DSAsyncCommand"	],	"testMethodsIgnored" : [ ],	"methodsNotProfiled" : [		"DSAsyncCommand>>#command:",		"DSAsyncCommand>>#image:"	],	"numberOfOriginalTestMethods" : 4,	"timeDetail" : [		"init: % 0.13 (431 milliseconds)",		"assertionAmplification: % 81.29 (4 minutes 38 seconds 614 milliseconds)",		"selection: % 9.44 (32 seconds 341 milliseconds)",		"inputAmplification: % 8.80 (30 seconds 158 milliseconds)",		"finalize: % 0.35 (1 second 185 milliseconds)"	],	"notCoveredInAmplified" : [		{			"operatorDescription" : "Remove Exception Handler Operator",			"class" : "DSAsyncCommand",			"operatorClass" : "RemoveExceptionHandlerOperator",			"mutationStart" : 17,			"method" : "executeCommand",			"mutationEnd" : 109		}	],	"mutationScoreAfter" : 80,	"mutationScoreBefore" : 40,	"testAmpLoc" : 29,	"amplifiedMethods" : [		"DSAsyncCommandTest4791>>#testAsync_amp"	],	"testLoc" : "20",	"amplifiedClass" : "DSAsyncCommandTest4791",	"numberOfAllMutationsInOriginal" : 5,	"targetLoc" : 38,	"newCovered" : [		{			"operatorDescription" : "Remove ^",			"class" : "DSAsyncCommand",			"operatorClass" : "RemoveCaretOperator",			"mutationStart" : 10,			"method" : "command",			"mutationEnd" : 18		},		{			"operatorDescription" : "Remove ^",			"class" : "DSAsyncCommand",			"operatorClass" : "RemoveCaretOperator",			"mutationStart" : 101,			"method" : "defaultProcessName",			"mutationEnd" : 229		}	],	"timeBudgetFinished" : false,	"notCoveredInOriginal" : [		{			"operatorDescription" : "Remove Exception Handler Operator",			"class" : "DSAsyncCommand",			"operatorClass" : "RemoveExceptionHandlerOperator",			"mutationStart" : 17,			"method" : "executeCommand",			"mutationEnd" : 109		},		{			"operatorDescription" : "Remove ^",			"class" : "DSAsyncCommand",			"operatorClass" : "RemoveCaretOperator",			"mutationStart" : 10,			"method" : "command",			"mutationEnd" : 18		},		{			"operatorDescription" : "Remove ^",			"class" : "DSAsyncCommand",			"operatorClass" : "RemoveCaretOperator",			"mutationStart" : 101,			"method" : "defaultProcessName",			"mutationEnd" : 229		}	],	"testCase" : "DSAsyncCommandTest",	"unixtime" : 1601950890,	"timeTotal" : 342}