{	"targetClasses" : [		"DSAttachment"	],	"testMethodsIgnored" : [ ],	"methodsNotProfiled" : [		"DSAttachment>>#gtInspectorZipItemsIn:",		"DSAttachment>>#gtInspectorString:",		"DSAttachment>>#data:",		"DSAttachment>>#gtInspectorImage:"	],	"numberOfOriginalTestMethods" : 13,	"timeDetail" : [		"init: % 0.29 (4 seconds 134 milliseconds)",		"assertionAmplification: % 49.24 (11 minutes 41 seconds 310 milliseconds)",		"selection: % 42.61 (10 minutes 6 seconds 806 milliseconds)",		"inputAmplification: % 6.29 (1 minute 29 seconds 513 milliseconds)",		"finalize: % 1.57 (22 seconds 375 milliseconds)"	],	"notCoveredInAmplified" : [		{			"operatorDescription" : "Remove ^",			"class" : "DSAttachment",			"operatorClass" : "RemoveCaretOperator",			"mutationStart" : 70,			"method" : "gtInspectorZipItemsIn:",			"mutationEnd" : 512		},		{			"operatorDescription" : "Remove ^",			"class" : "DSAttachment",			"operatorClass" : "RemoveCaretOperator",			"mutationStart" : 105,			"method" : "materialize",			"mutationEnd" : 151		},		{			"operatorDescription" : "Remove ^",			"class" : "DSAttachment",			"operatorClass" : "RemoveCaretOperator",			"mutationStart" : 66,			"method" : "gtInspectorString:",			"mutationEnd" : 222		},		{			"operatorDescription" : "Replace #and: argument with [true]",			"class" : "DSAttachment",			"operatorClass" : "ReplaceAndArgumentWithTrueOperator",			"mutationStart" : 169,			"method" : "gtInspectorString:",			"mutationEnd" : 208		},		{			"operatorDescription" : "Replace #and: receiver with true",			"class" : "DSAttachment",			"operatorClass" : "ReplaceAndReceiverWithTrueOperator",			"mutationStart" : 169,			"method" : "gtInspectorString:",			"mutationEnd" : 208		},		{			"operatorDescription" : "Replace #and: with #bEqv:",			"class" : "DSAttachment",			"operatorClass" : "ReplaceAndWithEqvMutantOperator",			"mutationStart" : 169,			"method" : "gtInspectorString:",			"mutationEnd" : 208		},		{			"operatorDescription" : "Replace #and: with #nand:",			"class" : "DSAttachment",			"operatorClass" : "ReplaceAndWithNandMutantOperator",			"mutationStart" : 169,			"method" : "gtInspectorString:",			"mutationEnd" : 208		},		{			"operatorDescription" : "Replace #and: with #or:",			"class" : "DSAttachment",			"operatorClass" : "ReplaceAndWithOrMutantOperator",			"mutationStart" : 169,			"method" : "gtInspectorString:",			"mutationEnd" : 208		},		{			"operatorDescription" : "Replace #and: with false",			"class" : "DSAttachment",			"operatorClass" : "ReplaceAndWithFalseOperator",			"mutationStart" : 169,			"method" : "gtInspectorString:",			"mutationEnd" : 208		},		{			"operatorDescription" : "Replace #and: with false",			"class" : "DSAttachment",			"operatorClass" : "ReplaceAndWithFalseOperator",			"mutationStart" : 81,			"method" : "isZipArchive",			"mutationEnd" : 147		},		{			"operatorDescription" : "Replace #ifTrue: receiver with false",			"class" : "DSAttachment",			"operatorClass" : "ReplaceIfTrueReceiverWithFalseOperator",			"mutationStart" : 45,			"method" : "printOn:",			"mutationEnd" : 90		},		{			"operatorDescription" : "Replace #ifTrue: receiver with false",			"class" : "DSAttachment",			"operatorClass" : "ReplaceIfTrueReceiverWithFalseOperator",			"mutationStart" : 94,			"method" : "printOn:",			"mutationEnd" : 144		},		{			"operatorDescription" : "Replace #ifTrue: receiver with true",			"class" : "DSAttachment",			"operatorClass" : "ReplaceIfTrueReceiverWithTrueOperator",			"mutationStart" : 45,			"method" : "printOn:",			"mutationEnd" : 90		},		{			"operatorDescription" : "Replace #ifTrue: receiver with true",			"class" : "DSAttachment",			"operatorClass" : "ReplaceIfTrueReceiverWithTrueOperator",			"mutationStart" : 94,			"method" : "printOn:",			"mutationEnd" : 144		},		{			"operatorDescription" : "Replace #ifTrue: with #ifFalse:",			"class" : "DSAttachment",			"operatorClass" : "ReplaceIfTrueWithIfFalseMutantOperator",			"mutationStart" : 45,			"method" : "printOn:",			"mutationEnd" : 90		},		{			"operatorDescription" : "Replace #ifTrue: with #ifFalse:",			"class" : "DSAttachment",			"operatorClass" : "ReplaceIfTrueWithIfFalseMutantOperator",			"mutationStart" : 94,			"method" : "printOn:",			"mutationEnd" : 144		},		{			"operatorDescription" : "Remove Exception Handler Operator",			"class" : "DSAttachment",			"operatorClass" : "RemoveExceptionHandlerOperator",			"mutationStart" : 246,			"method" : "gtInspectorImage:",			"mutationEnd" : 372		},		{			"operatorDescription" : "Remove ^",			"class" : "DSAttachment",			"operatorClass" : "RemoveCaretOperator",			"mutationStart" : 65,			"method" : "gtInspectorImage:",			"mutationEnd" : 388		},		{			"operatorDescription" : "Replace #and: argument with [true]",			"class" : "DSAttachment",			"operatorClass" : "ReplaceAndArgumentWithTrueOperator",			"mutationStart" : 220,			"method" : "gtInspectorImage:",			"mutationEnd" : 374		},		{			"operatorDescription" : "Replace #and: receiver with true",			"class" : "DSAttachment",			"operatorClass" : "ReplaceAndReceiverWithTrueOperator",			"mutationStart" : 220,			"method" : "gtInspectorImage:",			"mutationEnd" : 374		},		{			"operatorDescription" : "Replace #and: with #bEqv:",			"class" : "DSAttachment",			"operatorClass" : "ReplaceAndWithEqvMutantOperator",			"mutationStart" : 220,			"method" : "gtInspectorImage:",			"mutationEnd" : 374		},		{			"operatorDescription" : "Replace #and: with #nand:",			"class" : "DSAttachment",			"operatorClass" : "ReplaceAndWithNandMutantOperator",			"mutationStart" : 220,			"method" : "gtInspectorImage:",			"mutationEnd" : 374		},		{			"operatorDescription" : "Replace #and: with #or:",			"class" : "DSAttachment",			"operatorClass" : "ReplaceAndWithOrMutantOperator",			"mutationStart" : 220,			"method" : "gtInspectorImage:",			"mutationEnd" : 374		},		{			"operatorDescription" : "Replace #and: with false",			"class" : "DSAttachment",			"operatorClass" : "ReplaceAndWithFalseOperator",			"mutationStart" : 220,			"method" : "gtInspectorImage:",			"mutationEnd" : 374		},		{			"operatorDescription" : "Remove ^",			"class" : "DSAttachment",			"operatorClass" : "RemoveCaretOperator",			"mutationStart" : 132,			"method" : "asForm",			"mutationEnd" : 153		},		{			"operatorDescription" : "Remove ^",			"class" : "DSAttachment",			"operatorClass" : "RemoveCaretOperator",			"mutationStart" : 159,			"method" : "asForm",			"mutationEnd" : 199		}	],	"mutationScoreAfter" : 53,	"mutationScoreBefore" : 23,	"testAmpLoc" : 2300,	"amplifiedMethods" : [		"DSAttachmentTest9032>>#testData_amp_A2",		"DSAttachmentTest9032>>#testHeight_amp_A17",		"DSAttachmentTest9032>>#testData_amp_A75",		"DSAttachmentTest9032>>#testData_amp_A78",		"DSAttachmentTest9032>>#testData_amp",		"DSAttachmentTest9032>>#testHeight_amp_A12",		"DSAttachmentTest9032>>#testUrl_amp",		"DSAttachmentTest9032>>#testData_amp_A24",		"DSAttachmentTest9032>>#testData_amp_D5_A13",		"DSAttachmentTest9032>>#testData_amp_A5",		"DSAttachmentTest9032>>#testData_amp_A29"	],	"testLoc" : "58",	"amplifiedClass" : "DSAttachmentTest9032",	"numberOfAllMutationsInOriginal" : 56,	"targetLoc" : 137,	"newCovered" : [		{			"operatorDescription" : "Remove ^",			"class" : "DSAttachment",			"operatorClass" : "RemoveCaretOperator",			"mutationStart" : 111,			"method" : "isFuel",			"mutationEnd" : 281		},		{			"operatorDescription" : "Remove ^",			"class" : "DSAttachment",			"operatorClass" : "RemoveCaretOperator",			"mutationStart" : 57,			"method" : "gtInspectorActionOpenTonelArchive",			"mutationEnd" : 254		},		{			"operatorDescription" : "Replace #= with #'~='",			"class" : "DSAttachment",			"operatorClass" : "ReplaceEqualWithNotEqualOperator",			"mutationStart" : 195,			"method" : "gtInspectorActionOpenTonelArchive",			"mutationEnd" : 221		},		{			"operatorDescription" : "Remove #not",			"class" : "DSAttachment",			"operatorClass" : "RemoveNotOperator",			"mutationStart" : 188,			"method" : "gtInspectorActionDownloadData",			"mutationEnd" : 203		},		{			"operatorDescription" : "Remove ^",			"class" : "DSAttachment",			"operatorClass" : "RemoveCaretOperator",			"mutationStart" : 53,			"method" : "gtInspectorActionDownloadData",			"mutationEnd" : 231		},		{			"operatorDescription" : "Remove ^",			"class" : "DSAttachment",			"operatorClass" : "RemoveCaretOperator",			"mutationStart" : 79,			"method" : "isZipArchive",			"mutationEnd" : 147		},		{			"operatorDescription" : "Replace #and: argument with [true]",			"class" : "DSAttachment",			"operatorClass" : "ReplaceAndArgumentWithTrueOperator",			"mutationStart" : 81,			"method" : "isZipArchive",			"mutationEnd" : 147		},		{			"operatorDescription" : "Replace #and: receiver with true",			"class" : "DSAttachment",			"operatorClass" : "ReplaceAndReceiverWithTrueOperator",			"mutationStart" : 81,			"method" : "isZipArchive",			"mutationEnd" : 147		},		{			"operatorDescription" : "Replace #and: with #bEqv:",			"class" : "DSAttachment",			"operatorClass" : "ReplaceAndWithEqvMutantOperator",			"mutationStart" : 81,			"method" : "isZipArchive",			"mutationEnd" : 147		},		{			"operatorDescription" : "Replace #and: with #nand:",			"class" : "DSAttachment",			"operatorClass" : "ReplaceAndWithNandMutantOperator",			"mutationStart" : 81,			"method" : "isZipArchive",			"mutationEnd" : 147		},		{			"operatorDescription" : "Replace #and: with #or:",			"class" : "DSAttachment",			"operatorClass" : "ReplaceAndWithOrMutantOperator",			"mutationStart" : 81,			"method" : "isZipArchive",			"mutationEnd" : 147		},		{			"operatorDescription" : "Remove ^",			"class" : "DSAttachment",			"operatorClass" : "RemoveCaretOperator",			"mutationStart" : 15,			"method" : "isAttachment",			"mutationEnd" : 20		},		{			"operatorDescription" : "Remove #not",			"class" : "DSAttachment",			"operatorClass" : "RemoveNotOperator",			"mutationStart" : 252,			"method" : "gtInspectorActionMaterializeData",			"mutationEnd" : 267		},		{			"operatorDescription" : "Remove ^",			"class" : "DSAttachment",			"operatorClass" : "RemoveCaretOperator",			"mutationStart" : 56,			"method" : "gtInspectorActionMaterializeData",			"mutationEnd" : 293		},		{			"operatorDescription" : "Replace #and: argument with [true]",			"class" : "DSAttachment",			"operatorClass" : "ReplaceAndArgumentWithTrueOperator",			"mutationStart" : 64,			"method" : "isImage",			"mutationEnd" : 108		},		{			"operatorDescription" : "Replace #and: receiver with true",			"class" : "DSAttachment",			"operatorClass" : "ReplaceAndReceiverWithTrueOperator",			"mutationStart" : 64,			"method" : "isImage",			"mutationEnd" : 108		},		{			"operatorDescription" : "Replace #and: with #or:",			"class" : "DSAttachment",			"operatorClass" : "ReplaceAndWithOrMutantOperator",			"mutationStart" : 64,			"method" : "isImage",			"mutationEnd" : 108		}	],	"timeBudgetFinished" : false,	"notCoveredInOriginal" : [		{			"operatorDescription" : "Remove ^",			"class" : "DSAttachment",			"operatorClass" : "RemoveCaretOperator",			"mutationStart" : 70,			"method" : "gtInspectorZipItemsIn:",			"mutationEnd" : 512		},		{			"operatorDescription" : "Remove ^",			"class" : "DSAttachment",			"operatorClass" : "RemoveCaretOperator",			"mutationStart" : 105,			"method" : "materialize",			"mutationEnd" : 151		},		{			"operatorDescription" : "Remove ^",			"class" : "DSAttachment",			"operatorClass" : "RemoveCaretOperator",			"mutationStart" : 66,			"method" : "gtInspectorString:",			"mutationEnd" : 222		},		{			"operatorDescription" : "Replace #and: argument with [true]",			"class" : "DSAttachment",			"operatorClass" : "ReplaceAndArgumentWithTrueOperator",			"mutationStart" : 169,			"method" : "gtInspectorString:",			"mutationEnd" : 208		},		{			"operatorDescription" : "Replace #and: receiver with true",			"class" : "DSAttachment",			"operatorClass" : "ReplaceAndReceiverWithTrueOperator",			"mutationStart" : 169,			"method" : "gtInspectorString:",			"mutationEnd" : 208		},		{			"operatorDescription" : "Replace #and: with #bEqv:",			"class" : "DSAttachment",			"operatorClass" : "ReplaceAndWithEqvMutantOperator",			"mutationStart" : 169,			"method" : "gtInspectorString:",			"mutationEnd" : 208		},		{			"operatorDescription" : "Replace #and: with #nand:",			"class" : "DSAttachment",			"operatorClass" : "ReplaceAndWithNandMutantOperator",			"mutationStart" : 169,			"method" : "gtInspectorString:",			"mutationEnd" : 208		},		{			"operatorDescription" : "Replace #and: with #or:",			"class" : "DSAttachment",			"operatorClass" : "ReplaceAndWithOrMutantOperator",			"mutationStart" : 169,			"method" : "gtInspectorString:",			"mutationEnd" : 208		},		{			"operatorDescription" : "Replace #and: with false",			"class" : "DSAttachment",			"operatorClass" : "ReplaceAndWithFalseOperator",			"mutationStart" : 169,			"method" : "gtInspectorString:",			"mutationEnd" : 208		},		{			"operatorDescription" : "Remove ^",			"class" : "DSAttachment",			"operatorClass" : "RemoveCaretOperator",			"mutationStart" : 111,			"method" : "isFuel",			"mutationEnd" : 281		},		{			"operatorDescription" : "Remove ^",			"class" : "DSAttachment",			"operatorClass" : "RemoveCaretOperator",			"mutationStart" : 57,			"method" : "gtInspectorActionOpenTonelArchive",			"mutationEnd" : 254		},		{			"operatorDescription" : "Replace #= with #'~='",			"class" : "DSAttachment",			"operatorClass" : "ReplaceEqualWithNotEqualOperator",			"mutationStart" : 195,			"method" : "gtInspectorActionOpenTonelArchive",			"mutationEnd" : 221		},		{			"operatorDescription" : "Remove #not",			"class" : "DSAttachment",			"operatorClass" : "RemoveNotOperator",			"mutationStart" : 188,			"method" : "gtInspectorActionDownloadData",			"mutationEnd" : 203		},		{			"operatorDescription" : "Remove ^",			"class" : "DSAttachment",			"operatorClass" : "RemoveCaretOperator",			"mutationStart" : 53,			"method" : "gtInspectorActionDownloadData",			"mutationEnd" : 231		},		{			"operatorDescription" : "Remove ^",			"class" : "DSAttachment",			"operatorClass" : "RemoveCaretOperator",			"mutationStart" : 79,			"method" : "isZipArchive",			"mutationEnd" : 147		},		{			"operatorDescription" : "Replace #and: argument with [true]",			"class" : "DSAttachment",			"operatorClass" : "ReplaceAndArgumentWithTrueOperator",			"mutationStart" : 81,			"method" : "isZipArchive",			"mutationEnd" : 147		},		{			"operatorDescription" : "Replace #and: receiver with true",			"class" : "DSAttachment",			"operatorClass" : "ReplaceAndReceiverWithTrueOperator",			"mutationStart" : 81,			"method" : "isZipArchive",			"mutationEnd" : 147		},		{			"operatorDescription" : "Replace #and: with #bEqv:",			"class" : "DSAttachment",			"operatorClass" : "ReplaceAndWithEqvMutantOperator",			"mutationStart" : 81,			"method" : "isZipArchive",			"mutationEnd" : 147		},		{			"operatorDescription" : "Replace #and: with #nand:",			"class" : "DSAttachment",			"operatorClass" : "ReplaceAndWithNandMutantOperator",			"mutationStart" : 81,			"method" : "isZipArchive",			"mutationEnd" : 147		},		{			"operatorDescription" : "Replace #and: with #or:",			"class" : "DSAttachment",			"operatorClass" : "ReplaceAndWithOrMutantOperator",			"mutationStart" : 81,			"method" : "isZipArchive",			"mutationEnd" : 147		},		{			"operatorDescription" : "Replace #and: with false",			"class" : "DSAttachment",			"operatorClass" : "ReplaceAndWithFalseOperator",			"mutationStart" : 81,			"method" : "isZipArchive",			"mutationEnd" : 147		},		{			"operatorDescription" : "Remove ^",			"class" : "DSAttachment",			"operatorClass" : "RemoveCaretOperator",			"mutationStart" : 15,			"method" : "isAttachment",			"mutationEnd" : 20		},		{			"operatorDescription" : "Remove #not",			"class" : "DSAttachment",			"operatorClass" : "RemoveNotOperator",			"mutationStart" : 252,			"method" : "gtInspectorActionMaterializeData",			"mutationEnd" : 267		},		{			"operatorDescription" : "Remove ^",			"class" : "DSAttachment",			"operatorClass" : "RemoveCaretOperator",			"mutationStart" : 56,			"method" : "gtInspectorActionMaterializeData",			"mutationEnd" : 293		},		{			"operatorDescription" : "Replace #ifTrue: receiver with false",			"class" : "DSAttachment",			"operatorClass" : "ReplaceIfTrueReceiverWithFalseOperator",			"mutationStart" : 45,			"method" : "printOn:",			"mutationEnd" : 90		},		{			"operatorDescription" : "Replace #ifTrue: receiver with false",			"class" : "DSAttachment",			"operatorClass" : "ReplaceIfTrueReceiverWithFalseOperator",			"mutationStart" : 94,			"method" : "printOn:",			"mutationEnd" : 144		},		{			"operatorDescription" : "Replace #ifTrue: receiver with true",			"class" : "DSAttachment",			"operatorClass" : "ReplaceIfTrueReceiverWithTrueOperator",			"mutationStart" : 45,			"method" : "printOn:",			"mutationEnd" : 90		},		{			"operatorDescription" : "Replace #ifTrue: receiver with true",			"class" : "DSAttachment",			"operatorClass" : "ReplaceIfTrueReceiverWithTrueOperator",			"mutationStart" : 94,			"method" : "printOn:",			"mutationEnd" : 144		},		{			"operatorDescription" : "Replace #ifTrue: with #ifFalse:",			"class" : "DSAttachment",			"operatorClass" : "ReplaceIfTrueWithIfFalseMutantOperator",			"mutationStart" : 45,			"method" : "printOn:",			"mutationEnd" : 90		},		{			"operatorDescription" : "Replace #ifTrue: with #ifFalse:",			"class" : "DSAttachment",			"operatorClass" : "ReplaceIfTrueWithIfFalseMutantOperator",			"mutationStart" : 94,			"method" : "printOn:",			"mutationEnd" : 144		},		{			"operatorDescription" : "Replace #and: argument with [true]",			"class" : "DSAttachment",			"operatorClass" : "ReplaceAndArgumentWithTrueOperator",			"mutationStart" : 64,			"method" : "isImage",			"mutationEnd" : 108		},		{			"operatorDescription" : "Replace #and: receiver with true",			"class" : "DSAttachment",			"operatorClass" : "ReplaceAndReceiverWithTrueOperator",			"mutationStart" : 64,			"method" : "isImage",			"mutationEnd" : 108		},		{			"operatorDescription" : "Replace #and: with #or:",			"class" : "DSAttachment",			"operatorClass" : "ReplaceAndWithOrMutantOperator",			"mutationStart" : 64,			"method" : "isImage",			"mutationEnd" : 108		},		{			"operatorDescription" : "Remove Exception Handler Operator",			"class" : "DSAttachment",			"operatorClass" : "RemoveExceptionHandlerOperator",			"mutationStart" : 246,			"method" : "gtInspectorImage:",			"mutationEnd" : 372		},		{			"operatorDescription" : "Remove ^",			"class" : "DSAttachment",			"operatorClass" : "RemoveCaretOperator",			"mutationStart" : 65,			"method" : "gtInspectorImage:",			"mutationEnd" : 388		},		{			"operatorDescription" : "Replace #and: argument with [true]",			"class" : "DSAttachment",			"operatorClass" : "ReplaceAndArgumentWithTrueOperator",			"mutationStart" : 220,			"method" : "gtInspectorImage:",			"mutationEnd" : 374		},		{			"operatorDescription" : "Replace #and: receiver with true",			"class" : "DSAttachment",			"operatorClass" : "ReplaceAndReceiverWithTrueOperator",			"mutationStart" : 220,			"method" : "gtInspectorImage:",			"mutationEnd" : 374		},		{			"operatorDescription" : "Replace #and: with #bEqv:",			"class" : "DSAttachment",			"operatorClass" : "ReplaceAndWithEqvMutantOperator",			"mutationStart" : 220,			"method" : "gtInspectorImage:",			"mutationEnd" : 374		},		{			"operatorDescription" : "Replace #and: with #nand:",			"class" : "DSAttachment",			"operatorClass" : "ReplaceAndWithNandMutantOperator",			"mutationStart" : 220,			"method" : "gtInspectorImage:",			"mutationEnd" : 374		},		{			"operatorDescription" : "Replace #and: with #or:",			"class" : "DSAttachment",			"operatorClass" : "ReplaceAndWithOrMutantOperator",			"mutationStart" : 220,			"method" : "gtInspectorImage:",			"mutationEnd" : 374		},		{			"operatorDescription" : "Replace #and: with false",			"class" : "DSAttachment",			"operatorClass" : "ReplaceAndWithFalseOperator",			"mutationStart" : 220,			"method" : "gtInspectorImage:",			"mutationEnd" : 374		},		{			"operatorDescription" : "Remove ^",			"class" : "DSAttachment",			"operatorClass" : "RemoveCaretOperator",			"mutationStart" : 132,			"method" : "asForm",			"mutationEnd" : 153		},		{			"operatorDescription" : "Remove ^",			"class" : "DSAttachment",			"operatorClass" : "RemoveCaretOperator",			"mutationStart" : 159,			"method" : "asForm",			"mutationEnd" : 199		}	],	"testCase" : "DSAttachmentTest",	"unixtime" : 1602034736,	"timeTotal" : 1424}