{	"targetClasses" : [		"DSBot"	],	"testMethodsIgnored" : [ ],	"methodsNotProfiled" : [ ],	"numberOfOriginalTestMethods" : 8,	"timeDetail" : [		"init: % 0.05 (5 seconds 881 milliseconds)",		"assertionAmplification: % 76.85 (2 hours 30 minutes 8 seconds 331 milliseconds)",		"selection: % 18.60 (36 minutes 20 seconds 265 milliseconds)",		"inputAmplification: % 4.34 (8 minutes 28 seconds 643 milliseconds)",		"finalize: % 0.16 (18 seconds 730 milliseconds)"	],	"notCoveredInAmplified" : [		{			"operatorDescription" : "Remove ^",			"class" : "DSBot class",			"operatorClass" : "RemoveCaretOperator",			"mutationStart" : 29,			"method" : "joinedServers",			"mutationEnd" : 59		},		{			"operatorDescription" : "Remove ^",			"class" : "DSBot class",			"operatorClass" : "RemoveCaretOperator",			"mutationStart" : 27,			"method" : "sendMessage",			"mutationEnd" : 170		}	],	"mutationScoreAfter" : 0,	"mutationScoreBefore" : 0,	"testAmpLoc" : 0,	"amplifiedMethods" : [ ],	"testLoc" : "2",	"amplifiedClass" : "DSBotTest201",	"numberOfAllMutationsInOriginal" : 2,	"targetLoc" : 29,	"newCovered" : [ ],	"timeBudgetFinished" : false,	"notCoveredInOriginal" : [		{			"operatorDescription" : "Remove ^",			"class" : "DSBot class",			"operatorClass" : "RemoveCaretOperator",			"mutationStart" : 29,			"method" : "joinedServers",			"mutationEnd" : 59		},		{			"operatorDescription" : "Remove ^",			"class" : "DSBot class",			"operatorClass" : "RemoveCaretOperator",			"mutationStart" : 27,			"method" : "sendMessage",			"mutationEnd" : 170		}	],	"testCase" : "DSBotTest",	"unixtime" : 1601927288,	"timeTotal" : 11721}