{	"targetClasses" : [		"DSCategoryChannel"	],	"testMethodsIgnored" : [ ],	"methodsNotProfiled" : [		"DSCategoryChannel>>#position:",		"DSCategoryChannel>>#guildId:",		"DSCategoryChannel>>#permissionOverwrites:",		"DSCategoryChannel>>#nsfw:",		"DSCategoryChannel>>#detectChannel:",		"DSCategoryChannel>>#printOn:",		"DSCategoryChannel>>#gtInspectorSubordinateChannelsIn:",		"DSCategoryChannel>>#name:",		"DSCategoryChannel>>#id:"	],	"numberOfOriginalTestMethods" : 2,	"timeDetail" : [		"init: % 0.03 (1 second 482 milliseconds)",		"assertionAmplification: % 80.11 (1 hour 3 minutes 301 milliseconds)",		"selection: % 18.33 (14 minutes 24 seconds 938 milliseconds)",		"inputAmplification: % 1.24 (58 seconds 364 milliseconds)",		"finalize: % 0.29 (13 seconds 816 milliseconds)"	],	"notCoveredInAmplified" : [		{			"operatorDescription" : "Replace #ifTrue:ifFalse: receiver with false",			"class" : "DSCategoryChannel",			"operatorClass" : "ReplaceIfTrueIfFalseReceiverWithFalseOperator",			"mutationStart" : 263,			"method" : "detectChannel:",			"mutationEnd" : 505		},		{			"operatorDescription" : "Remove ^",			"class" : "DSCategoryChannel",			"operatorClass" : "RemoveCaretOperator",			"mutationStart" : 83,			"method" : "gtInspectorSubordinateChannelsIn:",			"mutationEnd" : 233		},		{			"operatorDescription" : "Remove ^",			"class" : "DSCategoryChannel class",			"operatorClass" : "RemoveCaretOperator",			"mutationStart" : 31,			"method" : "withTwoChannels",			"mutationEnd" : 209		}	],	"mutationScoreAfter" : 84,	"mutationScoreBefore" : 21,	"testAmpLoc" : 136,	"amplifiedMethods" : [		"DSCategoryChannelTest2624>>#testRestApi2_amp"	],	"testLoc" : "14",	"amplifiedClass" : "DSCategoryChannelTest2624",	"numberOfAllMutationsInOriginal" : 19,	"targetLoc" : 81,	"newCovered" : [		{			"operatorDescription" : "Remove ^",			"class" : "DSCategoryChannel",			"operatorClass" : "RemoveCaretOperator",			"mutationStart" : 7,			"method" : "name",			"mutationEnd" : 12		},		{			"operatorDescription" : "Remove ^",			"class" : "DSCategoryChannel",			"operatorClass" : "RemoveCaretOperator",			"mutationStart" : 23,			"method" : "permissionOverwrites",			"mutationEnd" : 44		},		{			"operatorDescription" : "Remove ^",			"class" : "DSCategoryChannel",			"operatorClass" : "RemoveCaretOperator",			"mutationStart" : 13,			"method" : "isCategory",			"mutationEnd" : 18		},		{			"operatorDescription" : "Remove ^",			"class" : "DSCategoryChannel",			"operatorClass" : "RemoveCaretOperator",			"mutationStart" : 11,			"method" : "position",			"mutationEnd" : 20		},		{			"operatorDescription" : "Remove ^",			"class" : "DSCategoryChannel",			"operatorClass" : "RemoveCaretOperator",			"mutationStart" : 5,			"method" : "id",			"mutationEnd" : 8		},		{			"operatorDescription" : "Remove ^",			"class" : "DSCategoryChannel",			"operatorClass" : "RemoveCaretOperator",			"mutationStart" : 7,			"method" : "type",			"mutationEnd" : 49		},		{			"operatorDescription" : "Remove ^",			"class" : "DSCategoryChannel",			"operatorClass" : "RemoveCaretOperator",			"mutationStart" : 7,			"method" : "nsfw",			"mutationEnd" : 12		},		{			"operatorDescription" : "Remove ^",			"class" : "DSCategoryChannel",			"operatorClass" : "RemoveCaretOperator",			"mutationStart" : 10,			"method" : "guildId",			"mutationEnd" : 18		}	],	"timeBudgetFinished" : false,	"notCoveredInOriginal" : [		{			"operatorDescription" : "Remove ^",			"class" : "DSCategoryChannel",			"operatorClass" : "RemoveCaretOperator",			"mutationStart" : 7,			"method" : "name",			"mutationEnd" : 12		},		{			"operatorDescription" : "Remove ^",			"class" : "DSCategoryChannel",			"operatorClass" : "RemoveCaretOperator",			"mutationStart" : 11,			"method" : "position",			"mutationEnd" : 20		},		{			"operatorDescription" : "Remove ^",			"class" : "DSCategoryChannel",			"operatorClass" : "RemoveCaretOperator",			"mutationStart" : 5,			"method" : "id",			"mutationEnd" : 8		},		{			"operatorDescription" : "Remove ^",			"class" : "DSCategoryChannel",			"operatorClass" : "RemoveCaretOperator",			"mutationStart" : 305,			"method" : "detectChannel:",			"mutationEnd" : 310		},		{			"operatorDescription" : "Remove ^",			"class" : "DSCategoryChannel",			"operatorClass" : "RemoveCaretOperator",			"mutationStart" : 479,			"method" : "detectChannel:",			"mutationEnd" : 487		},		{			"operatorDescription" : "Remove ^",			"class" : "DSCategoryChannel",			"operatorClass" : "RemoveCaretOperator",			"mutationStart" : 499,			"method" : "detectChannel:",			"mutationEnd" : 503		},		{			"operatorDescription" : "Replace #ifTrue:ifFalse: receiver with false",			"class" : "DSCategoryChannel",			"operatorClass" : "ReplaceIfTrueIfFalseReceiverWithFalseOperator",			"mutationStart" : 263,			"method" : "detectChannel:",			"mutationEnd" : 505		},		{			"operatorDescription" : "Replace #ifTrue:ifFalse: receiver with true",			"class" : "DSCategoryChannel",			"operatorClass" : "ReplaceIfTrueIfFalseReceiverWithTrueOperator",			"mutationStart" : 263,			"method" : "detectChannel:",			"mutationEnd" : 505		},		{			"operatorDescription" : "Replace do block with [:each |]",			"class" : "DSCategoryChannel",			"operatorClass" : "ReplaceDoBlockWithEmptyBlockOperator",			"mutationStart" : 331,			"method" : "detectChannel:",			"mutationEnd" : 491		},		{			"operatorDescription" : "Remove ^",			"class" : "DSCategoryChannel",			"operatorClass" : "RemoveCaretOperator",			"mutationStart" : 23,			"method" : "permissionOverwrites",			"mutationEnd" : 44		},		{			"operatorDescription" : "Remove ^",			"class" : "DSCategoryChannel",			"operatorClass" : "RemoveCaretOperator",			"mutationStart" : 83,			"method" : "gtInspectorSubordinateChannelsIn:",			"mutationEnd" : 233		},		{			"operatorDescription" : "Remove ^",			"class" : "DSCategoryChannel",			"operatorClass" : "RemoveCaretOperator",			"mutationStart" : 7,			"method" : "type",			"mutationEnd" : 49		},		{			"operatorDescription" : "Remove ^",			"class" : "DSCategoryChannel",			"operatorClass" : "RemoveCaretOperator",			"mutationStart" : 7,			"method" : "nsfw",			"mutationEnd" : 12		},		{			"operatorDescription" : "Remove ^",			"class" : "DSCategoryChannel",			"operatorClass" : "RemoveCaretOperator",			"mutationStart" : 10,			"method" : "guildId",			"mutationEnd" : 18		},		{			"operatorDescription" : "Remove ^",			"class" : "DSCategoryChannel class",			"operatorClass" : "RemoveCaretOperator",			"mutationStart" : 31,			"method" : "withTwoChannels",			"mutationEnd" : 209		}	],	"testCase" : "DSCategoryChannelTest",	"unixtime" : 1601947995,	"timeTotal" : 4718}