{	"targetClasses" : [		"DSClientDataPost"	],	"testMethodsIgnored" : [ ],	"methodsNotProfiled" : [		"DSClientDataPost>>#accept:",		"DSClientDataPost>>#addMimePart:"	],	"numberOfOriginalTestMethods" : 8,	"timeDetail" : [		"init: % 0.10 (178 milliseconds)",		"assertionAmplification: % 65.58 (1 minute 51 seconds 251 milliseconds)",		"selection: % 16.67 (28 seconds 281 milliseconds)",		"inputAmplification: % 17.60 (29 seconds 858 milliseconds)",		"finalize: % 0.05 (84 milliseconds)"	],	"notCoveredInAmplified" : [		{			"operatorDescription" : "Remove ^",			"class" : "DSClientDataPost",			"operatorClass" : "RemoveCaretOperator",			"mutationStart" : 20,			"method" : "accept:",			"mutationEnd" : 57		}	],	"mutationScoreAfter" : 66,	"mutationScoreBefore" : 0,	"testAmpLoc" : 13,	"amplifiedMethods" : [		"DSClientDataPostTest1325>>#testAsDataPost_amp"	],	"testLoc" : "5",	"amplifiedClass" : "DSClientDataPostTest1325",	"numberOfAllMutationsInOriginal" : 3,	"targetLoc" : 12,	"newCovered" : [		{			"operatorDescription" : "Remove ^",			"class" : "DSClientDataPost",			"operatorClass" : "RemoveCaretOperator",			"mutationStart" : 118,			"method" : "mimeParts",			"mutationEnd" : 128		},		{			"operatorDescription" : "Remove ^",			"class" : "DSClientDataPost",			"operatorClass" : "RemoveCaretOperator",			"mutationStart" : 60,			"method" : "hasEmbeds",			"mutationEnd" : 78		}	],	"timeBudgetFinished" : false,	"notCoveredInOriginal" : [		{			"operatorDescription" : "Remove ^",			"class" : "DSClientDataPost",			"operatorClass" : "RemoveCaretOperator",			"mutationStart" : 118,			"method" : "mimeParts",			"mutationEnd" : 128		},		{			"operatorDescription" : "Remove ^",			"class" : "DSClientDataPost",			"operatorClass" : "RemoveCaretOperator",			"mutationStart" : 20,			"method" : "accept:",			"mutationEnd" : 57		},		{			"operatorDescription" : "Remove ^",			"class" : "DSClientDataPost",			"operatorClass" : "RemoveCaretOperator",			"mutationStart" : 60,			"method" : "hasEmbeds",			"mutationEnd" : 78		}	],	"testCase" : "DSClientDataPostTest",	"unixtime" : 1601928040,	"timeTotal" : 169}