{	"targetClasses" : [		"DSClientPostBuilder"	],	"testMethodsIgnored" : [ ],	"methodsNotProfiled" : [		"DSClientPostBuilder>>#embedFooterIconMorph:",		"DSClientPostBuilder>>#generateFileNameWithExtension:",		"DSClientPostBuilder>>#attachGifBytes:",		"DSClientPostBuilder>>#message:",		"DSClientPostBuilder>>#fileName:gifBytes:",		"DSClientPostBuilder>>#isTextToSpeech:",		"DSClientPostBuilder>>#sendToServer:channel:",		"DSClientPostBuilder>>#fileReference:",		"DSClientPostBuilder>>#attachForm:",		"DSClientPostBuilder>>#embedInlineFieldName:valueMarkdown:",		"DSClientPostBuilder>>#respondTo:",		"DSClientPostBuilder>>#embedDescriptionMarkdown:",		"DSClientPostBuilder>>#embedImageMorph:",		"DSClientPostBuilder>>#fileName:fileReference:",		"DSClientPostBuilder>>#markdown:",		"DSClientPostBuilder>>#embedThumbnailForm:",		"DSClientPostBuilder>>#embedThumbnailMorph:",		"DSClientPostBuilder>>#embedFooterIconForm:",		"DSClientPostBuilder>>#embedFieldName:valueMarkdown:",		"DSClientPostBuilder>>#embedImageGIfBytes:",		"DSClientPostBuilder>>#embedImageForm:",		"DSClientPostBuilder>>#fileName:string:"	],	"numberOfOriginalTestMethods" : 40,	"timeDetail" : [		"init: % 40.08 (3 minutes 9 seconds 862 milliseconds)",		"assertionAmplification: % 26.49 (2 minutes 5 seconds 500 milliseconds)",		"selection: % 0.00 (0 seconds)",		"inputAmplification: % 0.00 (0 seconds)",		"finalize: % 33.43 (2 minutes 38 seconds 402 milliseconds)"	],	"notCoveredInAmplified" : [		{			"operatorDescription" : "Remove ^",			"class" : "DSClientPostBuilder",			"operatorClass" : "RemoveCaretOperator",			"mutationStart" : 13,			"method" : "gtChildren",			"mutationEnd" : 56		},		{			"operatorDescription" : "Replace #reject: with #select:",			"class" : "DSClientPostBuilder",			"operatorClass" : "ReplaceRejectWithSelectMutantOperator",			"mutationStart" : 15,			"method" : "gtChildren",			"mutationEnd" : 56		},		{			"operatorDescription" : "Replace Reject block with [:each | false]",			"class" : "DSClientPostBuilder",			"operatorClass" : "ReplaceRejectBlockWithAlwaysFalseBlockOperator",			"mutationStart" : 15,			"method" : "gtChildren",			"mutationEnd" : 56		},		{			"operatorDescription" : "Replace Reject block with [:each | true]",			"class" : "DSClientPostBuilder",			"operatorClass" : "ReplaceRejectBlockWithAlwaysTrueBlockOperator",			"mutationStart" : 15,			"method" : "gtChildren",			"mutationEnd" : 56		},		{			"operatorDescription" : "Remove ^",			"class" : "DSClientPostBuilder",			"operatorClass" : "RemoveCaretOperator",			"mutationStart" : 296,			"method" : "sendToServer:channel:",			"mutationEnd" : 378		},		{			"operatorDescription" : "Remove ^",			"class" : "DSClientPostBuilder",			"operatorClass" : "RemoveCaretOperator",			"mutationStart" : 149,			"method" : "respondTo:",			"mutationEnd" : 277		},		{			"operatorDescription" : "Replace #ifTrue: receiver with false",			"class" : "DSClientPostBuilder",			"operatorClass" : "ReplaceIfTrueReceiverWithFalseOperator",			"mutationStart" : 55,			"method" : "respondTo:",			"mutationEnd" : 145		},		{			"operatorDescription" : "Replace #ifTrue: receiver with true",			"class" : "DSClientPostBuilder",			"operatorClass" : "ReplaceIfTrueReceiverWithTrueOperator",			"mutationStart" : 55,			"method" : "respondTo:",			"mutationEnd" : 145		},		{			"operatorDescription" : "Replace #ifTrue: with #ifFalse:",			"class" : "DSClientPostBuilder",			"operatorClass" : "ReplaceIfTrueWithIfFalseMutantOperator",			"mutationStart" : 55,			"method" : "respondTo:",			"mutationEnd" : 145		},		{			"operatorDescription" : "Replace #isEmpty with #notEmpty",			"class" : "DSClientPostBuilder",			"operatorClass" : "ReplaceIsEmptyWithNotEmptyMutantOperator",			"mutationStart" : 55,			"method" : "respondTo:",			"mutationEnd" : 71		},		{			"operatorDescription" : "Remove ^",			"class" : "DSClientPostBuilder",			"operatorClass" : "RemoveCaretOperator",			"mutationStart" : 80,			"method" : "embeds",			"mutationEnd" : 156		}	],	"mutationScoreAfter" : 57,	"mutationScoreBefore" : 57,	"testAmpLoc" : 0,	"amplifiedMethods" : [ ],	"testLoc" : "326",	"amplifiedClass" : "DSClientPostBuilderTest12780",	"numberOfAllMutationsInOriginal" : 26,	"targetLoc" : 81,	"newCovered" : [ ],	"timeBudgetFinished" : false,	"notCoveredInOriginal" : [		{			"operatorDescription" : "Remove ^",			"class" : "DSClientPostBuilder",			"operatorClass" : "RemoveCaretOperator",			"mutationStart" : 13,			"method" : "gtChildren",			"mutationEnd" : 56		},		{			"operatorDescription" : "Replace #reject: with #select:",			"class" : "DSClientPostBuilder",			"operatorClass" : "ReplaceRejectWithSelectMutantOperator",			"mutationStart" : 15,			"method" : "gtChildren",			"mutationEnd" : 56		},		{			"operatorDescription" : "Replace Reject block with [:each | false]",			"class" : "DSClientPostBuilder",			"operatorClass" : "ReplaceRejectBlockWithAlwaysFalseBlockOperator",			"mutationStart" : 15,			"method" : "gtChildren",			"mutationEnd" : 56		},		{			"operatorDescription" : "Replace Reject block with [:each | true]",			"class" : "DSClientPostBuilder",			"operatorClass" : "ReplaceRejectBlockWithAlwaysTrueBlockOperator",			"mutationStart" : 15,			"method" : "gtChildren",			"mutationEnd" : 56		},		{			"operatorDescription" : "Remove ^",			"class" : "DSClientPostBuilder",			"operatorClass" : "RemoveCaretOperator",			"mutationStart" : 296,			"method" : "sendToServer:channel:",			"mutationEnd" : 378		},		{			"operatorDescription" : "Remove ^",			"class" : "DSClientPostBuilder",			"operatorClass" : "RemoveCaretOperator",			"mutationStart" : 149,			"method" : "respondTo:",			"mutationEnd" : 277		},		{			"operatorDescription" : "Replace #ifTrue: receiver with false",			"class" : "DSClientPostBuilder",			"operatorClass" : "ReplaceIfTrueReceiverWithFalseOperator",			"mutationStart" : 55,			"method" : "respondTo:",			"mutationEnd" : 145		},		{			"operatorDescription" : "Replace #ifTrue: receiver with true",			"class" : "DSClientPostBuilder",			"operatorClass" : "ReplaceIfTrueReceiverWithTrueOperator",			"mutationStart" : 55,			"method" : "respondTo:",			"mutationEnd" : 145		},		{			"operatorDescription" : "Replace #ifTrue: with #ifFalse:",			"class" : "DSClientPostBuilder",			"operatorClass" : "ReplaceIfTrueWithIfFalseMutantOperator",			"mutationStart" : 55,			"method" : "respondTo:",			"mutationEnd" : 145		},		{			"operatorDescription" : "Replace #isEmpty with #notEmpty",			"class" : "DSClientPostBuilder",			"operatorClass" : "ReplaceIsEmptyWithNotEmptyMutantOperator",			"mutationStart" : 55,			"method" : "respondTo:",			"mutationEnd" : 71		},		{			"operatorDescription" : "Remove ^",			"class" : "DSClientPostBuilder",			"operatorClass" : "RemoveCaretOperator",			"mutationStart" : 80,			"method" : "embeds",			"mutationEnd" : 156		}	],	"testCase" : "DSClientPostBuilderTest",	"unixtime" : 1602058937,	"timeTotal" : 473}