{	"targetClasses" : [		"DSClassSelection"	],	"testMethodsIgnored" : [ ],	"methodsNotProfiled" : [		"DSClassSelection>>#accept:"	],	"numberOfOriginalTestMethods" : 10,	"timeDetail" : [		"init: % 0.05 (287 milliseconds)",		"assertionAmplification: % 74.87 (6 minutes 57 seconds 586 milliseconds)",		"selection: % 11.92 (1 minute 6 seconds 493 milliseconds)",		"inputAmplification: % 13.13 (1 minute 13 seconds 222 milliseconds)",		"finalize: % 0.03 (177 milliseconds)"	],	"notCoveredInAmplified" : [		{			"operatorDescription" : "Remove ^",			"class" : "DSClassSelection",			"operatorClass" : "RemoveCaretOperator",			"mutationStart" : 19,			"method" : "accept:",			"mutationEnd" : 56		}	],	"mutationScoreAfter" : 50,	"mutationScoreBefore" : 0,	"testAmpLoc" : 50,	"amplifiedMethods" : [		"DSClassSelectionTest914>>#testEnabledChanged_amp"	],	"testLoc" : "2",	"amplifiedClass" : "DSClassSelectionTest914",	"numberOfAllMutationsInOriginal" : 2,	"targetLoc" : 4,	"newCovered" : [		{			"operatorDescription" : "Remove ^",			"class" : "DSClassSelection",			"operatorClass" : "RemoveCaretOperator",			"mutationStart" : 11,			"method" : "children",			"mutationEnd" : 15		}	],	"timeBudgetFinished" : false,	"notCoveredInOriginal" : [		{			"operatorDescription" : "Remove ^",			"class" : "DSClassSelection",			"operatorClass" : "RemoveCaretOperator",			"mutationStart" : 19,			"method" : "accept:",			"mutationEnd" : 56		},		{			"operatorDescription" : "Remove ^",			"class" : "DSClassSelection",			"operatorClass" : "RemoveCaretOperator",			"mutationStart" : 11,			"method" : "children",			"mutationEnd" : 15		}	],	"testCase" : "DSClassSelectionTest",	"unixtime" : 1601927861,	"timeTotal" : 557}