{	"targetClasses" : [		"DSClientJsonPost"	],	"testMethodsIgnored" : [ ],	"methodsNotProfiled" : [		"DSClientJsonPost>>#accept:"	],	"numberOfOriginalTestMethods" : 9,	"timeDetail" : [		"init: % 0.15 (79 milliseconds)",		"assertionAmplification: % 65.40 (34 seconds 63 milliseconds)",		"selection: % 19.99 (10 seconds 412 milliseconds)",		"inputAmplification: % 14.01 (7 seconds 295 milliseconds)",		"finalize: % 0.45 (233 milliseconds)"	],	"notCoveredInAmplified" : [		{			"operatorDescription" : "Remove ^",			"class" : "DSClientJsonPost",			"operatorClass" : "RemoveCaretOperator",			"mutationStart" : 20,			"method" : "accept:",			"mutationEnd" : 57		},		{			"operatorDescription" : "Remove ^",			"class" : "DSClientJsonPost",			"operatorClass" : "RemoveCaretOperator",			"mutationStart" : 60,			"method" : "hasEmbeds",			"mutationEnd" : 78		}	],	"mutationScoreAfter" : 33,	"mutationScoreBefore" : 33,	"testAmpLoc" : 13,	"amplifiedMethods" : [		"DSClientJsonPostTest5254>>#testAsDataPost_amp"	],	"testLoc" : "24",	"amplifiedClass" : "DSClientJsonPostTest5254",	"numberOfAllMutationsInOriginal" : 3,	"targetLoc" : 15,	"newCovered" : [ ],	"timeBudgetFinished" : false,	"notCoveredInOriginal" : [		{			"operatorDescription" : "Remove ^",			"class" : "DSClientJsonPost",			"operatorClass" : "RemoveCaretOperator",			"mutationStart" : 20,			"method" : "accept:",			"mutationEnd" : 57		},		{			"operatorDescription" : "Remove ^",			"class" : "DSClientJsonPost",			"operatorClass" : "RemoveCaretOperator",			"mutationStart" : 60,			"method" : "hasEmbeds",			"mutationEnd" : 78		}	],	"testCase" : "DSClientJsonPostTest",	"unixtime" : 1601952091,	"timeTotal" : 52}