{	"targetClasses" : [		"DSConnectionStatus"	],	"testMethodsIgnored" : [ ],	"methodsNotProfiled" : [ ],	"numberOfOriginalTestMethods" : 1,	"timeDetail" : [		"init: % 1.44 (342 milliseconds)",		"assertionAmplification: % 56.56 (13 seconds 406 milliseconds)",		"selection: % 20.02 (4 seconds 745 milliseconds)",		"inputAmplification: % 20.71 (4 seconds 908 milliseconds)",		"finalize: % 1.28 (303 milliseconds)"	],	"notCoveredInAmplified" : [ ],	"mutationScoreAfter" : 100,	"mutationScoreBefore" : 71,	"testAmpLoc" : 0,	"amplifiedMethods" : [ ],	"testLoc" : "7",	"amplifiedClass" : "DSConnectionStatusTest1623",	"numberOfAllMutationsInOriginal" : 7,	"targetLoc" : 38,	"newCovered" : [ ],	"timeBudgetFinished" : false,	"notCoveredInOriginal" : [		{			"operatorDescription" : "Remove ^",			"class" : "DSConnectionStatus class",			"operatorClass" : "RemoveCaretOperator",			"mutationStart" : 33,			"method" : "description",			"mutationEnd" : 61		},		{			"operatorDescription" : "Remove ^",			"class" : "DSConnectionStatus class",			"operatorClass" : "RemoveCaretOperator",			"mutationStart" : 141,			"method" : "statusString",			"mutationEnd" : 169		}	],	"testCase" : "DSConnectionStatusTest",	"unixtime" : 1601928134,	"timeTotal" : 23}