{	"targetClasses" : [		"DSDetectChannelCommand"	],	"testMethodsIgnored" : [ ],	"methodsNotProfiled" : [ ],	"numberOfOriginalTestMethods" : 5,	"timeDetail" : [		"init: % 0.10 (749 milliseconds)",		"assertionAmplification: % 70.75 (8 minutes 53 seconds 523 milliseconds)",		"selection: % 15.34 (1 minute 55 seconds 668 milliseconds)",		"inputAmplification: % 13.79 (1 minute 43 seconds 996 milliseconds)",		"finalize: % 0.02 (156 milliseconds)"	],	"notCoveredInAmplified" : [		{			"operatorDescription" : "Remove ^",			"class" : "DSDetectChannelCommand",			"operatorClass" : "RemoveCaretOperator",			"mutationStart" : 155,			"method" : "execute",			"mutationEnd" : 160		},		{			"operatorDescription" : "Remove ^",			"class" : "DSDetectChannelCommand class",			"operatorClass" : "RemoveCaretOperator",			"mutationStart" : 29,			"method" : "searchForName",			"mutationEnd" : 180		},		{			"operatorDescription" : "Replace #= with #'~='",			"class" : "DSDetectChannelCommand class",			"operatorClass" : "ReplaceEqualWithNotEqualOperator",			"mutationStart" : 116,			"method" : "searchForName",			"mutationEnd" : 146		}	],	"mutationScoreAfter" : 50,	"mutationScoreBefore" : 50,	"testAmpLoc" : 29,	"amplifiedMethods" : [		"DSDetectChannelCommandTest5773>>#testAsync_amp"	],	"testLoc" : "29",	"amplifiedClass" : "DSDetectChannelCommandTest5773",	"numberOfAllMutationsInOriginal" : 6,	"targetLoc" : 28,	"newCovered" : [ ],	"timeBudgetFinished" : false,	"notCoveredInOriginal" : [		{			"operatorDescription" : "Remove ^",			"class" : "DSDetectChannelCommand",			"operatorClass" : "RemoveCaretOperator",			"mutationStart" : 155,			"method" : "execute",			"mutationEnd" : 160		},		{			"operatorDescription" : "Remove ^",			"class" : "DSDetectChannelCommand class",			"operatorClass" : "RemoveCaretOperator",			"mutationStart" : 29,			"method" : "searchForName",			"mutationEnd" : 180		},		{			"operatorDescription" : "Replace #= with #'~='",			"class" : "DSDetectChannelCommand class",			"operatorClass" : "ReplaceEqualWithNotEqualOperator",			"mutationStart" : 116,			"method" : "searchForName",			"mutationEnd" : 146		}	],	"testCase" : "DSDetectChannelCommandTest",	"unixtime" : 1601966710,	"timeTotal" : 754}