{	"targetClasses" : [		"DSEmbed"	],	"testMethodsIgnored" : [ ],	"methodsNotProfiled" : [		"DSEmbed>>#imageWidth:",		"DSEmbed>>#thumbnail:",		"DSEmbed>>#videoUrl:",		"DSEmbed>>#image:",		"DSEmbed>>#videoHeight:",		"DSEmbed>>#providerUrl:",		"DSEmbed>>#providerName:",		"DSEmbed>>#video:",		"DSEmbed>>#gtInspectorImage:",		"DSEmbed>>#fields:",		"DSEmbed>>#thumbnailUrl:",		"DSEmbed>>#fieldName:value:",		"DSEmbed>>#imageHeight:",		"DSEmbed>>#timestamp:",		"DSEmbed>>#provider:",		"DSEmbed>>#addField:",		"DSEmbed>>#videoWidth:",		"DSEmbed>>#printFullMessageOn:",		"DSEmbed>>#author:",		"DSEmbed>>#thumbnailHeight:",		"DSEmbed>>#imageUrl:",		"DSEmbed>>#type:",		"DSEmbed>>#inlineFieldName:value:",		"DSEmbed>>#thumbnailWidth:"	],	"numberOfOriginalTestMethods" : 11,	"timeDetail" : [		"init: % 0.19 (2 seconds 913 milliseconds)",		"assertionAmplification: % 68.88 (18 minutes 299 milliseconds)",		"selection: % 12.36 (3 minutes 13 seconds 912 milliseconds)",		"inputAmplification: % 18.48 (4 minutes 49 seconds 845 milliseconds)",		"finalize: % 0.09 (1 second 343 milliseconds)"	],	"notCoveredInAmplified" : [		{			"operatorDescription" : "Remove ^",			"class" : "DSEmbed",			"operatorClass" : "RemoveCaretOperator",			"mutationStart" : 23,			"method" : "imageWidth:",			"mutationEnd" : 55		},		{			"operatorDescription" : "Remove ^",			"class" : "DSEmbed",			"operatorClass" : "RemoveCaretOperator",			"mutationStart" : 138,			"method" : "ensureProvider",			"mutationEnd" : 152		},		{			"operatorDescription" : "Remove ^",			"class" : "DSEmbed",			"operatorClass" : "RemoveCaretOperator",			"mutationStart" : 20,			"method" : "newEmbedThumbnail",			"mutationEnd" : 41		},		{			"operatorDescription" : "Remove ^",			"class" : "DSEmbed",			"operatorClass" : "RemoveCaretOperator",			"mutationStart" : 21,			"method" : "videoUrl:",			"mutationEnd" : 51		},		{			"operatorDescription" : "Remove ^",			"class" : "DSEmbed",			"operatorClass" : "RemoveCaretOperator",			"mutationStart" : 24,			"method" : "videoHeight:",			"mutationEnd" : 57		},		{			"operatorDescription" : "Remove ^",			"class" : "DSEmbed",			"operatorClass" : "RemoveCaretOperator",			"mutationStart" : 24,			"method" : "providerUrl:",			"mutationEnd" : 57		},		{			"operatorDescription" : "Remove ^",			"class" : "DSEmbed",			"operatorClass" : "RemoveCaretOperator",			"mutationStart" : 25,			"method" : "providerName:",			"mutationEnd" : 59		},		{			"operatorDescription" : "Remove ^",			"class" : "DSEmbed",			"operatorClass" : "RemoveCaretOperator",			"mutationStart" : 65,			"method" : "gtInspectorImage:",			"mutationEnd" : 232		},		{			"operatorDescription" : "Replace #and: argument with [true]",			"class" : "DSEmbed",			"operatorClass" : "ReplaceAndArgumentWithTrueOperator",			"mutationStart" : 171,			"method" : "gtInspectorImage:",			"mutationEnd" : 218		},		{			"operatorDescription" : "Replace #and: receiver with true",			"class" : "DSEmbed",			"operatorClass" : "ReplaceAndReceiverWithTrueOperator",			"mutationStart" : 171,			"method" : "gtInspectorImage:",			"mutationEnd" : 218		},		{			"operatorDescription" : "Replace #and: with #bEqv:",			"class" : "DSEmbed",			"operatorClass" : "ReplaceAndWithEqvMutantOperator",			"mutationStart" : 171,			"method" : "gtInspectorImage:",			"mutationEnd" : 218		},		{			"operatorDescription" : "Replace #and: with #nand:",			"class" : "DSEmbed",			"operatorClass" : "ReplaceAndWithNandMutantOperator",			"mutationStart" : 171,			"method" : "gtInspectorImage:",			"mutationEnd" : 218		},		{			"operatorDescription" : "Replace #and: with #or:",			"class" : "DSEmbed",			"operatorClass" : "ReplaceAndWithOrMutantOperator",			"mutationStart" : 171,			"method" : "gtInspectorImage:",			"mutationEnd" : 218		},		{			"operatorDescription" : "Replace #and: with false",			"class" : "DSEmbed",			"operatorClass" : "ReplaceAndWithFalseOperator",			"mutationStart" : 171,			"method" : "gtInspectorImage:",			"mutationEnd" : 218		},		{			"operatorDescription" : "Remove ^",			"class" : "DSEmbed",			"operatorClass" : "RemoveCaretOperator",			"mutationStart" : 25,			"method" : "thumbnailUrl:",			"mutationEnd" : 59		},		{			"operatorDescription" : "Remove ^",			"class" : "DSEmbed",			"operatorClass" : "RemoveCaretOperator",			"mutationStart" : 41,			"method" : "fieldName:value:",			"mutationEnd" : 129		},		{			"operatorDescription" : "Remove ^",			"class" : "DSEmbed",			"operatorClass" : "RemoveCaretOperator",			"mutationStart" : 122,			"method" : "ensureVideo",			"mutationEnd" : 133		},		{			"operatorDescription" : "Remove ^",			"class" : "DSEmbed",			"operatorClass" : "RemoveCaretOperator",			"mutationStart" : 24,			"method" : "imageHeight:",			"mutationEnd" : 57		},		{			"operatorDescription" : "Remove ^",			"class" : "DSEmbed",			"operatorClass" : "RemoveCaretOperator",			"mutationStart" : 21,			"method" : "addField:",			"mutationEnd" : 47		},		{			"operatorDescription" : "Remove ^",			"class" : "DSEmbed",			"operatorClass" : "RemoveCaretOperator",			"mutationStart" : 23,			"method" : "videoWidth:",			"mutationEnd" : 55		},		{			"operatorDescription" : "Replace do block with [:each |]",			"class" : "DSEmbed",			"operatorClass" : "ReplaceDoBlockWithEmptyBlockOperator",			"mutationStart" : 193,			"method" : "printFullMessageOn:",			"mutationEnd" : 299		},		{			"operatorDescription" : "Remove ^",			"class" : "DSEmbed",			"operatorClass" : "RemoveCaretOperator",			"mutationStart" : 142,			"method" : "ensureThumbnail",			"mutationEnd" : 157		},		{			"operatorDescription" : "Remove ^",			"class" : "DSEmbed",			"operatorClass" : "RemoveCaretOperator",			"mutationStart" : 28,			"method" : "thumbnailHeight:",			"mutationEnd" : 65		},		{			"operatorDescription" : "Remove ^",			"class" : "DSEmbed",			"operatorClass" : "RemoveCaretOperator",			"mutationStart" : 21,			"method" : "imageUrl:",			"mutationEnd" : 51		},		{			"operatorDescription" : "Remove ^",			"class" : "DSEmbed",			"operatorClass" : "RemoveCaretOperator",			"mutationStart" : 123,			"method" : "ensureImage",			"mutationEnd" : 134		},		{			"operatorDescription" : "Remove ^",			"class" : "DSEmbed",			"operatorClass" : "RemoveCaretOperator",			"mutationStart" : 47,			"method" : "inlineFieldName:value:",			"mutationEnd" : 147		},		{			"operatorDescription" : "Remove ^",			"class" : "DSEmbed",			"operatorClass" : "RemoveCaretOperator",			"mutationStart" : 27,			"method" : "thumbnailWidth:",			"mutationEnd" : 63		},		{			"operatorDescription" : "Remove ^",			"class" : "DSEmbed class",			"operatorClass" : "RemoveCaretOperator",			"mutationStart" : 19,			"method" : "all",			"mutationEnd" : 154		},		{			"operatorDescription" : "Remove ^",			"class" : "DSEmbed class",			"operatorClass" : "RemoveCaretOperator",			"mutationStart" : 27,			"method" : "description",			"mutationEnd" : 127		},		{			"operatorDescription" : "Remove ^",			"class" : "DSEmbed class",			"operatorClass" : "RemoveCaretOperator",			"mutationStart" : 26,			"method" : "screenshot",			"mutationEnd" : 101		}	],	"mutationScoreAfter" : 50,	"mutationScoreBefore" : 27,	"testAmpLoc" : 1129,	"amplifiedMethods" : [		"DSEmbedTest7692>>#testColor_amp_A101",		"DSEmbedTest7692>>#testColor_amp",		"DSEmbedTest7692>>#testColor_amp_T15",		"DSEmbedTest7692>>#testColor_amp_A10",		"DSEmbedTest7692>>#testUrl_amp",		"DSEmbedTest7692>>#testColor_amp_A52",		"DSEmbedTest7692>>#testColor_amp_A8",		"DSEmbedTest7692>>#testColor_amp_T12_A68_A108"	],	"testLoc" : "46",	"amplifiedClass" : "DSEmbedTest7692",	"numberOfAllMutationsInOriginal" : 61,	"targetLoc" : 188,	"newCovered" : [		{			"operatorDescription" : "Remove ^",			"class" : "DSEmbed",			"operatorClass" : "RemoveCaretOperator",			"mutationStart" : 8,			"method" : "image",			"mutationEnd" : 14		},		{			"operatorDescription" : "Remove ^",			"class" : "DSEmbed",			"operatorClass" : "RemoveCaretOperator",			"mutationStart" : 12,			"method" : "thumbnail",			"mutationEnd" : 22		},		{			"operatorDescription" : "Remove ^",			"class" : "DSEmbed",			"operatorClass" : "RemoveCaretOperator",			"mutationStart" : 26,			"method" : "footerIconUrl:",			"mutationEnd" : 61		},		{			"operatorDescription" : "Remove ^",			"class" : "DSEmbed",			"operatorClass" : "RemoveCaretOperator",			"mutationStart" : 16,			"method" : "newEmbedVideo",			"mutationEnd" : 33		},		{			"operatorDescription" : "Remove ^",			"class" : "DSEmbed",			"operatorClass" : "RemoveCaretOperator",			"mutationStart" : 9,			"method" : "author",			"mutationEnd" : 16		},		{			"operatorDescription" : "Remove ^",			"class" : "DSEmbed",			"operatorClass" : "RemoveCaretOperator",			"mutationStart" : 13,			"method" : "gtChildren",			"mutationEnd" : 88		},		{			"operatorDescription" : "Replace #reject: with #select:",			"class" : "DSEmbed",			"operatorClass" : "ReplaceRejectWithSelectMutantOperator",			"mutationStart" : 15,			"method" : "gtChildren",			"mutationEnd" : 88		},		{			"operatorDescription" : "Replace Reject block with [:each | false]",			"class" : "DSEmbed",			"operatorClass" : "ReplaceRejectBlockWithAlwaysFalseBlockOperator",			"mutationStart" : 15,			"method" : "gtChildren",			"mutationEnd" : 88		},		{			"operatorDescription" : "Replace Reject block with [:each | true]",			"class" : "DSEmbed",			"operatorClass" : "ReplaceRejectBlockWithAlwaysTrueBlockOperator",			"mutationStart" : 15,			"method" : "gtChildren",			"mutationEnd" : 88		},		{			"operatorDescription" : "Remove ^",			"class" : "DSEmbed",			"operatorClass" : "RemoveCaretOperator",			"mutationStart" : 19,			"method" : "newEmbedProvider",			"mutationEnd" : 39		},		{			"operatorDescription" : "Remove ^",			"class" : "DSEmbed",			"operatorClass" : "RemoveCaretOperator",			"mutationStart" : 7,			"method" : "type",			"mutationEnd" : 12		},		{			"operatorDescription" : "Remove ^",			"class" : "DSEmbed",			"operatorClass" : "RemoveCaretOperator",			"mutationStart" : 51,			"method" : "hasImage",			"mutationEnd" : 69		},		{			"operatorDescription" : "Remove ^",			"class" : "DSEmbed",			"operatorClass" : "RemoveCaretOperator",			"mutationStart" : 11,			"method" : "provider",			"mutationEnd" : 20		},		{			"operatorDescription" : "Remove ^",			"class" : "DSEmbed",			"operatorClass" : "RemoveCaretOperator",			"mutationStart" : 8,			"method" : "video",			"mutationEnd" : 14		},		{			"operatorDescription" : "Remove ^",			"class" : "DSEmbed",			"operatorClass" : "RemoveCaretOperator",			"mutationStart" : 12,			"method" : "timestamp",			"mutationEnd" : 22		},		{			"operatorDescription" : "Remove ^",			"class" : "DSEmbed",			"operatorClass" : "RemoveCaretOperator",			"mutationStart" : 16,			"method" : "newEmbedImage",			"mutationEnd" : 33		},		{			"operatorDescription" : "Remove ^",			"class" : "DSEmbed",			"operatorClass" : "RemoveCaretOperator",			"mutationStart" : 10,			"method" : "isEmbed",			"mutationEnd" : 15		},		{			"operatorDescription" : "Remove #not",			"class" : "DSEmbed",			"operatorClass" : "RemoveNotOperator",			"mutationStart" : 59,			"method" : "hasDescription",			"mutationEnd" : 91		},		{			"operatorDescription" : "Remove ^",			"class" : "DSEmbed",			"operatorClass" : "RemoveCaretOperator",			"mutationStart" : 57,			"method" : "hasDescription",			"mutationEnd" : 91		}	],	"timeBudgetFinished" : false,	"notCoveredInOriginal" : [		{			"operatorDescription" : "Remove ^",			"class" : "DSEmbed",			"operatorClass" : "RemoveCaretOperator",			"mutationStart" : 23,			"method" : "imageWidth:",			"mutationEnd" : 55		},		{			"operatorDescription" : "Remove ^",			"class" : "DSEmbed",			"operatorClass" : "RemoveCaretOperator",			"mutationStart" : 8,			"method" : "image",			"mutationEnd" : 14		},		{			"operatorDescription" : "Remove ^",			"class" : "DSEmbed",			"operatorClass" : "RemoveCaretOperator",			"mutationStart" : 138,			"method" : "ensureProvider",			"mutationEnd" : 152		},		{			"operatorDescription" : "Remove ^",			"class" : "DSEmbed",			"operatorClass" : "RemoveCaretOperator",			"mutationStart" : 12,			"method" : "thumbnail",			"mutationEnd" : 22		},		{			"operatorDescription" : "Remove ^",			"class" : "DSEmbed",			"operatorClass" : "RemoveCaretOperator",			"mutationStart" : 26,			"method" : "footerIconUrl:",			"mutationEnd" : 61		},		{			"operatorDescription" : "Remove ^",			"class" : "DSEmbed",			"operatorClass" : "RemoveCaretOperator",			"mutationStart" : 16,			"method" : "newEmbedVideo",			"mutationEnd" : 33		},		{			"operatorDescription" : "Remove ^",			"class" : "DSEmbed",			"operatorClass" : "RemoveCaretOperator",			"mutationStart" : 9,			"method" : "author",			"mutationEnd" : 16		},		{			"operatorDescription" : "Remove ^",			"class" : "DSEmbed",			"operatorClass" : "RemoveCaretOperator",			"mutationStart" : 13,			"method" : "gtChildren",			"mutationEnd" : 88		},		{			"operatorDescription" : "Replace #reject: with #select:",			"class" : "DSEmbed",			"operatorClass" : "ReplaceRejectWithSelectMutantOperator",			"mutationStart" : 15,			"method" : "gtChildren",			"mutationEnd" : 88		},		{			"operatorDescription" : "Replace Reject block with [:each | false]",			"class" : "DSEmbed",			"operatorClass" : "ReplaceRejectBlockWithAlwaysFalseBlockOperator",			"mutationStart" : 15,			"method" : "gtChildren",			"mutationEnd" : 88		},		{			"operatorDescription" : "Replace Reject block with [:each | true]",			"class" : "DSEmbed",			"operatorClass" : "ReplaceRejectBlockWithAlwaysTrueBlockOperator",			"mutationStart" : 15,			"method" : "gtChildren",			"mutationEnd" : 88		},		{			"operatorDescription" : "Remove ^",			"class" : "DSEmbed",			"operatorClass" : "RemoveCaretOperator",			"mutationStart" : 19,			"method" : "newEmbedProvider",			"mutationEnd" : 39		},		{			"operatorDescription" : "Remove ^",			"class" : "DSEmbed",			"operatorClass" : "RemoveCaretOperator",			"mutationStart" : 21,			"method" : "videoUrl:",			"mutationEnd" : 51		},		{			"operatorDescription" : "Remove ^",			"class" : "DSEmbed",			"operatorClass" : "RemoveCaretOperator",			"mutationStart" : 24,			"method" : "videoHeight:",			"mutationEnd" : 57		},		{			"operatorDescription" : "Remove ^",			"class" : "DSEmbed",			"operatorClass" : "RemoveCaretOperator",			"mutationStart" : 7,			"method" : "type",			"mutationEnd" : 12		},		{			"operatorDescription" : "Remove ^",			"class" : "DSEmbed",			"operatorClass" : "RemoveCaretOperator",			"mutationStart" : 51,			"method" : "hasImage",			"mutationEnd" : 69		},		{			"operatorDescription" : "Remove ^",			"class" : "DSEmbed",			"operatorClass" : "RemoveCaretOperator",			"mutationStart" : 24,			"method" : "providerUrl:",			"mutationEnd" : 57		},		{			"operatorDescription" : "Remove ^",			"class" : "DSEmbed",			"operatorClass" : "RemoveCaretOperator",			"mutationStart" : 25,			"method" : "providerName:",			"mutationEnd" : 59		},		{			"operatorDescription" : "Remove ^",			"class" : "DSEmbed",			"operatorClass" : "RemoveCaretOperator",			"mutationStart" : 11,			"method" : "provider",			"mutationEnd" : 20		},		{			"operatorDescription" : "Remove ^",			"class" : "DSEmbed",			"operatorClass" : "RemoveCaretOperator",			"mutationStart" : 65,			"method" : "gtInspectorImage:",			"mutationEnd" : 232		},		{			"operatorDescription" : "Replace #and: argument with [true]",			"class" : "DSEmbed",			"operatorClass" : "ReplaceAndArgumentWithTrueOperator",			"mutationStart" : 171,			"method" : "gtInspectorImage:",			"mutationEnd" : 218		},		{			"operatorDescription" : "Replace #and: receiver with true",			"class" : "DSEmbed",			"operatorClass" : "ReplaceAndReceiverWithTrueOperator",			"mutationStart" : 171,			"method" : "gtInspectorImage:",			"mutationEnd" : 218		},		{			"operatorDescription" : "Replace #and: with #nand:",			"class" : "DSEmbed",			"operatorClass" : "ReplaceAndWithNandMutantOperator",			"mutationStart" : 171,			"method" : "gtInspectorImage:",			"mutationEnd" : 218		},		{			"operatorDescription" : "Replace #and: with #or:",			"class" : "DSEmbed",			"operatorClass" : "ReplaceAndWithOrMutantOperator",			"mutationStart" : 171,			"method" : "gtInspectorImage:",			"mutationEnd" : 218		},		{			"operatorDescription" : "Replace #and: with false",			"class" : "DSEmbed",			"operatorClass" : "ReplaceAndWithFalseOperator",			"mutationStart" : 171,			"method" : "gtInspectorImage:",			"mutationEnd" : 218		},		{			"operatorDescription" : "Remove ^",			"class" : "DSEmbed",			"operatorClass" : "RemoveCaretOperator",			"mutationStart" : 8,			"method" : "video",			"mutationEnd" : 14		},		{			"operatorDescription" : "Remove ^",			"class" : "DSEmbed",			"operatorClass" : "RemoveCaretOperator",			"mutationStart" : 25,			"method" : "thumbnailUrl:",			"mutationEnd" : 59		},		{			"operatorDescription" : "Remove ^",			"class" : "DSEmbed",			"operatorClass" : "RemoveCaretOperator",			"mutationStart" : 41,			"method" : "fieldName:value:",			"mutationEnd" : 129		},		{			"operatorDescription" : "Remove ^",			"class" : "DSEmbed",			"operatorClass" : "RemoveCaretOperator",			"mutationStart" : 16,			"method" : "newEmbedImage",			"mutationEnd" : 33		},		{			"operatorDescription" : "Remove ^",			"class" : "DSEmbed",			"operatorClass" : "RemoveCaretOperator",			"mutationStart" : 10,			"method" : "isEmbed",			"mutationEnd" : 15		},		{			"operatorDescription" : "Remove ^",			"class" : "DSEmbed",			"operatorClass" : "RemoveCaretOperator",			"mutationStart" : 122,			"method" : "ensureVideo",			"mutationEnd" : 133		},		{			"operatorDescription" : "Remove ^",			"class" : "DSEmbed",			"operatorClass" : "RemoveCaretOperator",			"mutationStart" : 24,			"method" : "imageHeight:",			"mutationEnd" : 57		},		{			"operatorDescription" : "Remove #not",			"class" : "DSEmbed",			"operatorClass" : "RemoveNotOperator",			"mutationStart" : 59,			"method" : "hasDescription",			"mutationEnd" : 91		},		{			"operatorDescription" : "Remove ^",			"class" : "DSEmbed",			"operatorClass" : "RemoveCaretOperator",			"mutationStart" : 21,			"method" : "addField:",			"mutationEnd" : 47		},		{			"operatorDescription" : "Remove ^",			"class" : "DSEmbed",			"operatorClass" : "RemoveCaretOperator",			"mutationStart" : 23,			"method" : "videoWidth:",			"mutationEnd" : 55		},		{			"operatorDescription" : "Replace do block with [:each |]",			"class" : "DSEmbed",			"operatorClass" : "ReplaceDoBlockWithEmptyBlockOperator",			"mutationStart" : 193,			"method" : "printFullMessageOn:",			"mutationEnd" : 299		},		{			"operatorDescription" : "Remove ^",			"class" : "DSEmbed",			"operatorClass" : "RemoveCaretOperator",			"mutationStart" : 28,			"method" : "thumbnailHeight:",			"mutationEnd" : 65		},		{			"operatorDescription" : "Remove ^",			"class" : "DSEmbed",			"operatorClass" : "RemoveCaretOperator",			"mutationStart" : 21,			"method" : "imageUrl:",			"mutationEnd" : 51		},		{			"operatorDescription" : "Remove ^",			"class" : "DSEmbed",			"operatorClass" : "RemoveCaretOperator",			"mutationStart" : 123,			"method" : "ensureImage",			"mutationEnd" : 134		},		{			"operatorDescription" : "Remove ^",			"class" : "DSEmbed",			"operatorClass" : "RemoveCaretOperator",			"mutationStart" : 47,			"method" : "inlineFieldName:value:",			"mutationEnd" : 147		},		{			"operatorDescription" : "Remove ^",			"class" : "DSEmbed",			"operatorClass" : "RemoveCaretOperator",			"mutationStart" : 27,			"method" : "thumbnailWidth:",			"mutationEnd" : 63		},		{			"operatorDescription" : "Remove ^",			"class" : "DSEmbed class",			"operatorClass" : "RemoveCaretOperator",			"mutationStart" : 19,			"method" : "all",			"mutationEnd" : 154		},		{			"operatorDescription" : "Remove ^",			"class" : "DSEmbed class",			"operatorClass" : "RemoveCaretOperator",			"mutationStart" : 27,			"method" : "description",			"mutationEnd" : 127		},		{			"operatorDescription" : "Remove ^",			"class" : "DSEmbed class",			"operatorClass" : "RemoveCaretOperator",			"mutationStart" : 26,			"method" : "screenshot",			"mutationEnd" : 101		}	],	"testCase" : "DSEmbedTest",	"unixtime" : 1602021669,	"timeTotal" : 1568}