{	"targetClasses" : [		"DSEmbedImage"	],	"testMethodsIgnored" : [ ],	"methodsNotProfiled" : [		"DSEmbedImage>>#gtInspectorImage:"	],	"numberOfOriginalTestMethods" : 4,	"timeDetail" : [		"init: % 0.11 (353 milliseconds)",		"assertionAmplification: % 69.69 (3 minutes 37 seconds 714 milliseconds)",		"selection: % 13.64 (42 seconds 619 milliseconds)",		"inputAmplification: % 16.28 (50 seconds 862 milliseconds)",		"finalize: % 0.28 (876 milliseconds)"	],	"notCoveredInAmplified" : [		{			"operatorDescription" : "Remove Exception Handler Operator",			"class" : "DSEmbedImage",			"operatorClass" : "RemoveExceptionHandlerOperator",			"mutationStart" : 39,			"method" : "hasKnownScheme",			"mutationEnd" : 132		},		{			"operatorDescription" : "Remove ^",			"class" : "DSEmbedImage",			"operatorClass" : "RemoveCaretOperator",			"mutationStart" : 37,			"method" : "hasKnownScheme",			"mutationEnd" : 132		},		{			"operatorDescription" : "Remove ^",			"class" : "DSEmbedImage",			"operatorClass" : "RemoveCaretOperator",			"mutationStart" : 34,			"method" : "data",			"mutationEnd" : 128		},		{			"operatorDescription" : "Remove Exception Handler Operator",			"class" : "DSEmbedImage",			"operatorClass" : "RemoveExceptionHandlerOperator",			"mutationStart" : 246,			"method" : "gtInspectorImage:",			"mutationEnd" : 372		},		{			"operatorDescription" : "Remove ^",			"class" : "DSEmbedImage",			"operatorClass" : "RemoveCaretOperator",			"mutationStart" : 65,			"method" : "gtInspectorImage:",			"mutationEnd" : 388		},		{			"operatorDescription" : "Replace #and: argument with [true]",			"class" : "DSEmbedImage",			"operatorClass" : "ReplaceAndArgumentWithTrueOperator",			"mutationStart" : 220,			"method" : "gtInspectorImage:",			"mutationEnd" : 374		},		{			"operatorDescription" : "Replace #and: receiver with true",			"class" : "DSEmbedImage",			"operatorClass" : "ReplaceAndReceiverWithTrueOperator",			"mutationStart" : 220,			"method" : "gtInspectorImage:",			"mutationEnd" : 374		},		{			"operatorDescription" : "Replace #and: with #bEqv:",			"class" : "DSEmbedImage",			"operatorClass" : "ReplaceAndWithEqvMutantOperator",			"mutationStart" : 220,			"method" : "gtInspectorImage:",			"mutationEnd" : 374		},		{			"operatorDescription" : "Replace #and: with #nand:",			"class" : "DSEmbedImage",			"operatorClass" : "ReplaceAndWithNandMutantOperator",			"mutationStart" : 220,			"method" : "gtInspectorImage:",			"mutationEnd" : 374		},		{			"operatorDescription" : "Replace #and: with #or:",			"class" : "DSEmbedImage",			"operatorClass" : "ReplaceAndWithOrMutantOperator",			"mutationStart" : 220,			"method" : "gtInspectorImage:",			"mutationEnd" : 374		},		{			"operatorDescription" : "Replace #and: with false",			"class" : "DSEmbedImage",			"operatorClass" : "ReplaceAndWithFalseOperator",			"mutationStart" : 220,			"method" : "gtInspectorImage:",			"mutationEnd" : 374		},		{			"operatorDescription" : "Remove ^",			"class" : "DSEmbedImage",			"operatorClass" : "RemoveCaretOperator",			"mutationStart" : 132,			"method" : "asForm",			"mutationEnd" : 136		},		{			"operatorDescription" : "Remove ^",			"class" : "DSEmbedImage",			"operatorClass" : "RemoveCaretOperator",			"mutationStart" : 142,			"method" : "asForm",			"mutationEnd" : 182		},		{			"operatorDescription" : "Remove ^",			"class" : "DSEmbedImage class",			"operatorClass" : "RemoveCaretOperator",			"mutationStart" : 26,			"method" : "screenshot",			"mutationEnd" : 270		}	],	"mutationScoreAfter" : 36,	"mutationScoreBefore" : 18,	"testAmpLoc" : 180,	"amplifiedMethods" : [		"DSEmbedImageTest4205>>#testHeight_amp_A17",		"DSEmbedImageTest4205>>#testHeight_amp_A12",		"DSEmbedImageTest4205>>#testUrl_amp"	],	"testLoc" : "17",	"amplifiedClass" : "DSEmbedImageTest4205",	"numberOfAllMutationsInOriginal" : 22,	"targetLoc" : 73,	"newCovered" : [		{			"operatorDescription" : "Remove #not",			"class" : "DSEmbedImage",			"operatorClass" : "RemoveNotOperator",			"mutationStart" : 188,			"method" : "gtInspectorActionDownloadData",			"mutationEnd" : 203		},		{			"operatorDescription" : "Remove ^",			"class" : "DSEmbedImage",			"operatorClass" : "RemoveCaretOperator",			"mutationStart" : 53,			"method" : "gtInspectorActionDownloadData",			"mutationEnd" : 231		},		{			"operatorDescription" : "Remove ^",			"class" : "DSEmbedImage",			"operatorClass" : "RemoveCaretOperator",			"mutationStart" : 27,			"method" : "extent",			"mutationEnd" : 52		},		{			"operatorDescription" : "Remove ^",			"class" : "DSEmbedImage",			"operatorClass" : "RemoveCaretOperator",			"mutationStart" : 53,			"method" : "hasData",			"mutationEnd" : 65		}	],	"timeBudgetFinished" : false,	"notCoveredInOriginal" : [		{			"operatorDescription" : "Remove Exception Handler Operator",			"class" : "DSEmbedImage",			"operatorClass" : "RemoveExceptionHandlerOperator",			"mutationStart" : 39,			"method" : "hasKnownScheme",			"mutationEnd" : 132		},		{			"operatorDescription" : "Remove ^",			"class" : "DSEmbedImage",			"operatorClass" : "RemoveCaretOperator",			"mutationStart" : 37,			"method" : "hasKnownScheme",			"mutationEnd" : 132		},		{			"operatorDescription" : "Remove ^",			"class" : "DSEmbedImage",			"operatorClass" : "RemoveCaretOperator",			"mutationStart" : 34,			"method" : "data",			"mutationEnd" : 128		},		{			"operatorDescription" : "Remove #not",			"class" : "DSEmbedImage",			"operatorClass" : "RemoveNotOperator",			"mutationStart" : 188,			"method" : "gtInspectorActionDownloadData",			"mutationEnd" : 203		},		{			"operatorDescription" : "Remove ^",			"class" : "DSEmbedImage",			"operatorClass" : "RemoveCaretOperator",			"mutationStart" : 53,			"method" : "gtInspectorActionDownloadData",			"mutationEnd" : 231		},		{			"operatorDescription" : "Remove ^",			"class" : "DSEmbedImage",			"operatorClass" : "RemoveCaretOperator",			"mutationStart" : 27,			"method" : "extent",			"mutationEnd" : 52		},		{			"operatorDescription" : "Remove ^",			"class" : "DSEmbedImage",			"operatorClass" : "RemoveCaretOperator",			"mutationStart" : 53,			"method" : "hasData",			"mutationEnd" : 65		},		{			"operatorDescription" : "Remove Exception Handler Operator",			"class" : "DSEmbedImage",			"operatorClass" : "RemoveExceptionHandlerOperator",			"mutationStart" : 246,			"method" : "gtInspectorImage:",			"mutationEnd" : 372		},		{			"operatorDescription" : "Remove ^",			"class" : "DSEmbedImage",			"operatorClass" : "RemoveCaretOperator",			"mutationStart" : 65,			"method" : "gtInspectorImage:",			"mutationEnd" : 388		},		{			"operatorDescription" : "Replace #and: argument with [true]",			"class" : "DSEmbedImage",			"operatorClass" : "ReplaceAndArgumentWithTrueOperator",			"mutationStart" : 220,			"method" : "gtInspectorImage:",			"mutationEnd" : 374		},		{			"operatorDescription" : "Replace #and: receiver with true",			"class" : "DSEmbedImage",			"operatorClass" : "ReplaceAndReceiverWithTrueOperator",			"mutationStart" : 220,			"method" : "gtInspectorImage:",			"mutationEnd" : 374		},		{			"operatorDescription" : "Replace #and: with #bEqv:",			"class" : "DSEmbedImage",			"operatorClass" : "ReplaceAndWithEqvMutantOperator",			"mutationStart" : 220,			"method" : "gtInspectorImage:",			"mutationEnd" : 374		},		{			"operatorDescription" : "Replace #and: with #nand:",			"class" : "DSEmbedImage",			"operatorClass" : "ReplaceAndWithNandMutantOperator",			"mutationStart" : 220,			"method" : "gtInspectorImage:",			"mutationEnd" : 374		},		{			"operatorDescription" : "Replace #and: with #or:",			"class" : "DSEmbedImage",			"operatorClass" : "ReplaceAndWithOrMutantOperator",			"mutationStart" : 220,			"method" : "gtInspectorImage:",			"mutationEnd" : 374		},		{			"operatorDescription" : "Replace #and: with false",			"class" : "DSEmbedImage",			"operatorClass" : "ReplaceAndWithFalseOperator",			"mutationStart" : 220,			"method" : "gtInspectorImage:",			"mutationEnd" : 374		},		{			"operatorDescription" : "Remove ^",			"class" : "DSEmbedImage",			"operatorClass" : "RemoveCaretOperator",			"mutationStart" : 132,			"method" : "asForm",			"mutationEnd" : 136		},		{			"operatorDescription" : "Remove ^",			"class" : "DSEmbedImage",			"operatorClass" : "RemoveCaretOperator",			"mutationStart" : 142,			"method" : "asForm",			"mutationEnd" : 182		},		{			"operatorDescription" : "Remove ^",			"class" : "DSEmbedImage class",			"operatorClass" : "RemoveCaretOperator",			"mutationStart" : 26,			"method" : "screenshot",			"mutationEnd" : 270		}	],	"testCase" : "DSEmbedImageTest",	"unixtime" : 1601949960,	"timeTotal" : 312}