{	"targetClasses" : [		"DSEmbedField"	],	"testMethodsIgnored" : [ ],	"methodsNotProfiled" : [		"DSEmbedField>>#printFullMessageOn:",		"DSEmbedField>>#printOn:"	],	"numberOfOriginalTestMethods" : 4,	"timeDetail" : [		"init: % 0.40 (435 milliseconds)",		"assertionAmplification: % 61.19 (1 minute 7 seconds 182 milliseconds)",		"selection: % 14.63 (16 seconds 65 milliseconds)",		"inputAmplification: % 23.67 (25 seconds 993 milliseconds)",		"finalize: % 0.11 (123 milliseconds)"	],	"notCoveredInAmplified" : [ ],	"mutationScoreAfter" : 100,	"mutationScoreBefore" : 75,	"testAmpLoc" : 0,	"amplifiedMethods" : [ ],	"testLoc" : "14",	"amplifiedClass" : "DSEmbedFieldTest2953",	"numberOfAllMutationsInOriginal" : 4,	"targetLoc" : 18,	"newCovered" : [ ],	"timeBudgetFinished" : false,	"notCoveredInOriginal" : [		{			"operatorDescription" : "Remove ^",			"class" : "DSEmbedField",			"operatorClass" : "RemoveCaretOperator",			"mutationStart" : 11,			"method" : "beInline",			"mutationEnd" : 31		}	],	"testCase" : "DSEmbedFieldTest",	"unixtime" : 1601948171,	"timeTotal" : 109}