{	"targetClasses" : [		"DSExtractPlaygroundCodeSnippetCommand"	],	"testMethodsIgnored" : [ ],	"methodsNotProfiled" : [ ],	"numberOfOriginalTestMethods" : 2,	"timeDetail" : [		"init: % 0.00 (304 milliseconds)",		"assertionAmplification: % 96.50 (2 hours 11 minutes 15 seconds 387 milliseconds)",		"selection: % 2.98 (4 minutes 3 seconds 204 milliseconds)",		"inputAmplification: % 0.46 (37 seconds 380 milliseconds)",		"finalize: % 0.06 (4 seconds 522 milliseconds)"	],	"notCoveredInAmplified" : [		{			"operatorDescription" : "Replace #< with #>",			"class" : "DSExtractPlaygroundCodeSnippetCommand",			"operatorClass" : "ReplaceLessWithGreaterMutantOperator",			"mutationStart" : 52,			"method" : "hasSelection",			"mutationEnd" : 98		},		{			"operatorDescription" : "Replace #and: argument with [true]",			"class" : "DSExtractPlaygroundCodeSnippetCommand",			"operatorClass" : "ReplaceAndArgumentWithTrueOperator",			"mutationStart" : 17,			"method" : "hasSelection",			"mutationEnd" : 100		}	],	"mutationScoreAfter" : 87,	"mutationScoreBefore" : 56,	"testAmpLoc" : 2135,	"amplifiedMethods" : [		"DSExtractPlaygroundCodeSnippetCommandTest5361>>#testMarkdown_amp",		"DSExtractPlaygroundCodeSnippetCommandTest5361>>#testMarkdown_amp_A20_A24_R11",		"DSExtractPlaygroundCodeSnippetCommandTest5361>>#testMarkdown_amp_R2",		"DSExtractPlaygroundCodeSnippetCommandTest5361>>#testMarkdown_amp_A5"	],	"testLoc" : "28",	"amplifiedClass" : "DSExtractPlaygroundCodeSnippetCommandTest5361",	"numberOfAllMutationsInOriginal" : 16,	"targetLoc" : 37,	"newCovered" : [		{			"operatorDescription" : "Remove ^",			"class" : "DSExtractPlaygroundCodeSnippetCommand",			"operatorClass" : "RemoveCaretOperator",			"mutationStart" : 17,			"method" : "hasCodeSnippet",			"mutationEnd" : 45		},		{			"operatorDescription" : "Replace #ifTrue:ifFalse: receiver with false",			"class" : "DSExtractPlaygroundCodeSnippetCommand",			"operatorClass" : "ReplaceIfTrueIfFalseReceiverWithFalseOperator",			"mutationStart" : 95,			"method" : "markdown",			"mutationEnd" : 257		},		{			"operatorDescription" : "Replace #and: with #bEqv:",			"class" : "DSExtractPlaygroundCodeSnippetCommand",			"operatorClass" : "ReplaceAndWithEqvMutantOperator",			"mutationStart" : 17,			"method" : "hasSelection",			"mutationEnd" : 100		},		{			"operatorDescription" : "Replace #and: with false",			"class" : "DSExtractPlaygroundCodeSnippetCommand",			"operatorClass" : "ReplaceAndWithFalseOperator",			"mutationStart" : 17,			"method" : "hasSelection",			"mutationEnd" : 100		},		{			"operatorDescription" : "Remove ^",			"class" : "DSExtractPlaygroundCodeSnippetCommand",			"operatorClass" : "RemoveCaretOperator",			"mutationStart" : 20,			"method" : "selectionInterval",			"mutationEnd" : 38		}	],	"timeBudgetFinished" : false,	"notCoveredInOriginal" : [		{			"operatorDescription" : "Remove ^",			"class" : "DSExtractPlaygroundCodeSnippetCommand",			"operatorClass" : "RemoveCaretOperator",			"mutationStart" : 17,			"method" : "hasCodeSnippet",			"mutationEnd" : 45		},		{			"operatorDescription" : "Replace #ifTrue:ifFalse: receiver with false",			"class" : "DSExtractPlaygroundCodeSnippetCommand",			"operatorClass" : "ReplaceIfTrueIfFalseReceiverWithFalseOperator",			"mutationStart" : 95,			"method" : "markdown",			"mutationEnd" : 257		},		{			"operatorDescription" : "Replace #< with #>",			"class" : "DSExtractPlaygroundCodeSnippetCommand",			"operatorClass" : "ReplaceLessWithGreaterMutantOperator",			"mutationStart" : 52,			"method" : "hasSelection",			"mutationEnd" : 98		},		{			"operatorDescription" : "Replace #and: argument with [true]",			"class" : "DSExtractPlaygroundCodeSnippetCommand",			"operatorClass" : "ReplaceAndArgumentWithTrueOperator",			"mutationStart" : 17,			"method" : "hasSelection",			"mutationEnd" : 100		},		{			"operatorDescription" : "Replace #and: with #bEqv:",			"class" : "DSExtractPlaygroundCodeSnippetCommand",			"operatorClass" : "ReplaceAndWithEqvMutantOperator",			"mutationStart" : 17,			"method" : "hasSelection",			"mutationEnd" : 100		},		{			"operatorDescription" : "Replace #and: with false",			"class" : "DSExtractPlaygroundCodeSnippetCommand",			"operatorClass" : "ReplaceAndWithFalseOperator",			"mutationStart" : 17,			"method" : "hasSelection",			"mutationEnd" : 100		},		{			"operatorDescription" : "Remove ^",			"class" : "DSExtractPlaygroundCodeSnippetCommand",			"operatorClass" : "RemoveCaretOperator",			"mutationStart" : 20,			"method" : "selectionInterval",			"mutationEnd" : 38		}	],	"testCase" : "DSExtractPlaygroundCodeSnippetCommandTest",	"unixtime" : 1601964736,	"timeTotal" : 8160}