{	"targetClasses" : [		"DSFindInspectorPaneCommand"	],	"testMethodsIgnored" : [ ],	"methodsNotProfiled" : [ ],	"numberOfOriginalTestMethods" : 1,	"timeDetail" : [		"init: % 54.53 (5 seconds 75 milliseconds)",		"finalize: % 45.47 (4 seconds 231 milliseconds)"	],	"notCoveredInAmplified" : [		{			"operatorDescription" : "Replace #= with #'~='",			"class" : "DSFindInspectorPaneCommand",			"operatorClass" : "ReplaceEqualWithNotEqualOperator",			"mutationStart" : 167,			"method" : "execute",			"mutationEnd" : 198		},		{			"operatorDescription" : "Replace #and: argument with [true]",			"class" : "DSFindInspectorPaneCommand",			"operatorClass" : "ReplaceAndArgumentWithTrueOperator",			"mutationStart" : 47,			"method" : "execute",			"mutationEnd" : 202		}	],	"mutationScoreAfter" : 75,	"mutationScoreBefore" : 75,	"testAmpLoc" : 27,	"amplifiedMethods" : [		"DSFindInspectorPaneCommandTest2029>>#testMorph_amp_R4"	],	"testLoc" : "11",	"amplifiedClass" : "DSFindInspectorPaneCommandTest2029",	"numberOfAllMutationsInOriginal" : 8,	"targetLoc" : 8,	"newCovered" : [ ],	"timeBudgetFinished" : false,	"notCoveredInOriginal" : [		{			"operatorDescription" : "Replace #= with #'~='",			"class" : "DSFindInspectorPaneCommand",			"operatorClass" : "ReplaceEqualWithNotEqualOperator",			"mutationStart" : 167,			"method" : "execute",			"mutationEnd" : 198		},		{			"operatorDescription" : "Replace #and: argument with [true]",			"class" : "DSFindInspectorPaneCommand",			"operatorClass" : "ReplaceAndArgumentWithTrueOperator",			"mutationStart" : 47,			"method" : "execute",			"mutationEnd" : 202		}	],	"testCase" : "DSFindInspectorPaneCommandTest",	"unixtime" : 1601937920,	"timeTotal" : 9}