{	"targetClasses" : [		"DSFindInspectorCommand"	],	"testMethodsIgnored" : [ ],	"methodsNotProfiled" : [ ],	"numberOfOriginalTestMethods" : 1,	"timeDetail" : [		"init: % 0.19 (3 seconds 697 milliseconds)",		"assertionAmplification: % 82.53 (26 minutes 30 seconds 841 milliseconds)",		"selection: % 11.87 (3 minutes 48 seconds 778 milliseconds)",		"inputAmplification: % 4.88 (1 minute 34 seconds 131 milliseconds)",		"finalize: % 0.52 (10 seconds 55 milliseconds)"	],	"notCoveredInAmplified" : [		{			"operatorDescription" : "Replace #and: argument with [true]",			"class" : "DSFindInspectorCommand",			"operatorClass" : "ReplaceAndArgumentWithTrueOperator",			"mutationStart" : 44,			"method" : "execute",			"mutationEnd" : 107		}	],	"mutationScoreAfter" : 87,	"mutationScoreBefore" : 87,	"testAmpLoc" : 27,	"amplifiedMethods" : [		"DSFindInspectorCommandTest2026>>#testMorph_amp_R4"	],	"testLoc" : "9",	"amplifiedClass" : "DSFindInspectorCommandTest2026",	"numberOfAllMutationsInOriginal" : 8,	"targetLoc" : 5,	"newCovered" : [ ],	"timeBudgetFinished" : false,	"notCoveredInOriginal" : [		{			"operatorDescription" : "Replace #and: argument with [true]",			"class" : "DSFindInspectorCommand",			"operatorClass" : "ReplaceAndArgumentWithTrueOperator",			"mutationStart" : 44,			"method" : "execute",			"mutationEnd" : 107		}	],	"testCase" : "DSFindInspectorCommandTest",	"unixtime" : 1601937861,	"timeTotal" : 1927}