{	"targetClasses" : [		"DSGatewaySix"	],	"testMethodsIgnored" : [ ],	"methodsNotProfiled" : [		"DSGatewaySix>>#announcer:"	],	"numberOfOriginalTestMethods" : 3,	"timeDetail" : [		"init: % 0.10 (10 seconds 116 milliseconds)",		"assertionAmplification: % 77.60 (2 hours 7 minutes 45 seconds 379 milliseconds)",		"selection: % 14.34 (23 minutes 36 seconds 471 milliseconds)",		"inputAmplification: % 7.72 (12 minutes 42 seconds 688 milliseconds)",		"finalize: % 0.24 (23 seconds 762 milliseconds)"	],	"notCoveredInAmplified" : [		{			"operatorDescription" : "Remove ^",			"class" : "DSGatewaySix",			"operatorClass" : "RemoveCaretOperator",			"mutationStart" : 214,			"method" : "ensureConnectedWebSocket",			"mutationEnd" : 219		},		{			"operatorDescription" : "Replace #ifTrue: receiver with false",			"class" : "DSGatewaySix",			"operatorClass" : "ReplaceIfTrueReceiverWithFalseOperator",			"mutationStart" : 187,			"method" : "ensureConnectedWebSocket",			"mutationEnd" : 221		},		{			"operatorDescription" : "Replace #ifFalse: receiver with true",			"class" : "DSGatewaySix",			"operatorClass" : "ReplaceIfFalseReceiverWithTrueOperator",			"mutationStart" : 135,			"method" : "connect",			"mutationEnd" : 238		}	],	"mutationScoreAfter" : 72,	"mutationScoreBefore" : 72,	"testAmpLoc" : 0,	"amplifiedMethods" : [ ],	"testLoc" : "57",	"amplifiedClass" : "DSGatewaySixTest8610",	"numberOfAllMutationsInOriginal" : 11,	"targetLoc" : 68,	"newCovered" : [ ],	"timeBudgetFinished" : false,	"notCoveredInOriginal" : [		{			"operatorDescription" : "Remove ^",			"class" : "DSGatewaySix",			"operatorClass" : "RemoveCaretOperator",			"mutationStart" : 214,			"method" : "ensureConnectedWebSocket",			"mutationEnd" : 219		},		{			"operatorDescription" : "Replace #ifTrue: receiver with false",			"class" : "DSGatewaySix",			"operatorClass" : "ReplaceIfTrueReceiverWithFalseOperator",			"mutationStart" : 187,			"method" : "ensureConnectedWebSocket",			"mutationEnd" : 221		},		{			"operatorDescription" : "Replace #ifFalse: receiver with true",			"class" : "DSGatewaySix",			"operatorClass" : "ReplaceIfFalseReceiverWithTrueOperator",			"mutationStart" : 135,			"method" : "connect",			"mutationEnd" : 238		}	],	"testCase" : "DSGatewaySixTest",	"unixtime" : 1602033297,	"timeTotal" : 9878}