{	"targetClasses" : [		"DSGatewayReadingProcess"	],	"testMethodsIgnored" : [ ],	"methodsNotProfiled" : [ ],	"numberOfOriginalTestMethods" : 14,	"timeDetail" : [		"init: % 0.17 (2 seconds 36 milliseconds)",		"assertionAmplification: % 66.09 (13 minutes 21 seconds 534 milliseconds)",		"selection: % 14.56 (2 minutes 56 seconds 640 milliseconds)",		"inputAmplification: % 19.09 (3 minutes 51 seconds 520 milliseconds)",		"finalize: % 0.09 (1 second 58 milliseconds)"	],	"notCoveredInAmplified" : [		{			"operatorDescription" : "Remove Exception Handler Operator",			"class" : "DSGatewayReadingProcess",			"operatorClass" : "RemoveExceptionHandlerOperator",			"mutationStart" : 84,			"method" : "doCycle",			"mutationEnd" : 190		}	],	"mutationScoreAfter" : 50,	"mutationScoreBefore" : 50,	"testAmpLoc" : 0,	"amplifiedMethods" : [ ],	"testLoc" : "59",	"amplifiedClass" : "DSGatewayReadingProcessTest9703",	"numberOfAllMutationsInOriginal" : 2,	"targetLoc" : 27,	"newCovered" : [ ],	"timeBudgetFinished" : false,	"notCoveredInOriginal" : [		{			"operatorDescription" : "Remove Exception Handler Operator",			"class" : "DSGatewayReadingProcess",			"operatorClass" : "RemoveExceptionHandlerOperator",			"mutationStart" : 84,			"method" : "doCycle",			"mutationEnd" : 190		}	],	"testCase" : "DSGatewayReadingProcessTest",	"unixtime" : 1602035958,	"timeTotal" : 1212}