{	"targetClasses" : [		"DSGatewayHeartbeatProcess"	],	"testMethodsIgnored" : [ ],	"methodsNotProfiled" : [ ],	"numberOfOriginalTestMethods" : 17,	"timeDetail" : [		"init: % 1.33 (11 seconds 13 milliseconds)",		"assertionAmplification: % 32.97 (4 minutes 32 seconds 961 milliseconds)",		"selection: % 16.19 (2 minutes 14 seconds 46 milliseconds)",		"inputAmplification: % 48.73 (6 minutes 43 seconds 425 milliseconds)",		"finalize: % 0.78 (6 seconds 474 milliseconds)"	],	"notCoveredInAmplified" : [		{			"operatorDescription" : "Replace #ifTrue: receiver with true",			"class" : "DSGatewayHeartbeatProcess",			"operatorClass" : "ReplaceIfTrueReceiverWithTrueOperator",			"mutationStart" : 252,			"method" : "doCycle",			"mutationEnd" : 301		}	],	"mutationScoreAfter" : 83,	"mutationScoreBefore" : 83,	"testAmpLoc" : 0,	"amplifiedMethods" : [ ],	"testLoc" : "117",	"amplifiedClass" : "DSGatewayHeartbeatProcessTest10808",	"numberOfAllMutationsInOriginal" : 6,	"targetLoc" : 34,	"newCovered" : [ ],	"timeBudgetFinished" : false,	"notCoveredInOriginal" : [		{			"operatorDescription" : "Replace #ifTrue: receiver with true",			"class" : "DSGatewayHeartbeatProcess",			"operatorClass" : "ReplaceIfTrueReceiverWithTrueOperator",			"mutationStart" : 252,			"method" : "doCycle",			"mutationEnd" : 301		}	],	"testCase" : "DSGatewayHeartbeatProcessTest",	"unixtime" : 1602045557,	"timeTotal" : 827}