{	"targetClasses" : [		"DSGuildTextChannel"	],	"testMethodsIgnored" : [ ],	"methodsNotProfiled" : [		"DSGuildTextChannel>>#queryMessagesAfter:",		"DSGuildTextChannel>>#nsfw:",		"DSGuildTextChannel>>#parentId:",		"DSGuildTextChannel>>#gtInspectorMessages:",		"DSGuildTextChannel>>#icon:",		"DSGuildTextChannel>>#queryMessagesBefore:"	],	"numberOfOriginalTestMethods" : 11,	"timeDetail" : [		"init: % 4.21 (16 seconds 558 milliseconds)",		"assertionAmplification: % 67.67 (4 minutes 25 seconds 868 milliseconds)",		"selection: % 12.42 (48 seconds 793 milliseconds)",		"inputAmplification: % 15.28 (1 minute 26 milliseconds)",		"finalize: % 0.42 (1 second 640 milliseconds)"	],	"notCoveredInAmplified" : [		{			"operatorDescription" : "Remove ^",			"class" : "DSGuildTextChannel",			"operatorClass" : "RemoveCaretOperator",			"mutationStart" : 130,			"method" : "queryMessagesAfter:",			"mutationEnd" : 185		},		{			"operatorDescription" : "Remove ^",			"class" : "DSGuildTextChannel",			"operatorClass" : "RemoveCaretOperator",			"mutationStart" : 68,			"method" : "gtInspectorMessages:",			"mutationEnd" : 186		},		{			"operatorDescription" : "Replace #ifTrue: receiver with false",			"class" : "DSGuildTextChannel",			"operatorClass" : "ReplaceIfTrueReceiverWithFalseOperator",			"mutationStart" : 104,			"method" : "gtInspectorMessages:",			"mutationEnd" : 184		},		{			"operatorDescription" : "Replace #ifTrue: receiver with true",			"class" : "DSGuildTextChannel",			"operatorClass" : "ReplaceIfTrueReceiverWithTrueOperator",			"mutationStart" : 104,			"method" : "gtInspectorMessages:",			"mutationEnd" : 184		},		{			"operatorDescription" : "Remove ^",			"class" : "DSGuildTextChannel",			"operatorClass" : "RemoveCaretOperator",			"mutationStart" : 10,			"method" : "message",			"mutationEnd" : 66		},		{			"operatorDescription" : "Remove ^",			"class" : "DSGuildTextChannel",			"operatorClass" : "RemoveCaretOperator",			"mutationStart" : 131,			"method" : "queryMessagesBefore:",			"mutationEnd" : 187		}	],	"mutationScoreAfter" : 78,	"mutationScoreBefore" : 57,	"testAmpLoc" : 110,	"amplifiedMethods" : [		"DSGuildTextChannelTest5077>>#testIsGeneral_amp"	],	"testLoc" : "21",	"amplifiedClass" : "DSGuildTextChannelTest5077",	"numberOfAllMutationsInOriginal" : 28,	"targetLoc" : 76,	"newCovered" : [		{			"operatorDescription" : "Remove ^",			"class" : "DSGuildTextChannel",			"operatorClass" : "RemoveCaretOperator",			"mutationStart" : 11,			"method" : "parentId",			"mutationEnd" : 20		},		{			"operatorDescription" : "Remove ^",			"class" : "DSGuildTextChannel",			"operatorClass" : "RemoveCaretOperator",			"mutationStart" : 7,			"method" : "icon",			"mutationEnd" : 12		},		{			"operatorDescription" : "Remove ^",			"class" : "DSGuildTextChannel",			"operatorClass" : "RemoveCaretOperator",			"mutationStart" : 308,			"method" : "messages",			"mutationEnd" : 366		},		{			"operatorDescription" : "Remove ^",			"class" : "DSGuildTextChannel",			"operatorClass" : "RemoveCaretOperator",			"mutationStart" : 7,			"method" : "nsfw",			"mutationEnd" : 12		},		{			"operatorDescription" : "Remove ^",			"class" : "DSGuildTextChannel",			"operatorClass" : "RemoveCaretOperator",			"mutationStart" : 21,			"method" : "isGuildTextChannel",			"mutationEnd" : 26		}	],	"timeBudgetFinished" : false,	"notCoveredInOriginal" : [		{			"operatorDescription" : "Remove ^",			"class" : "DSGuildTextChannel",			"operatorClass" : "RemoveCaretOperator",			"mutationStart" : 11,			"method" : "parentId",			"mutationEnd" : 20		},		{			"operatorDescription" : "Remove ^",			"class" : "DSGuildTextChannel",			"operatorClass" : "RemoveCaretOperator",			"mutationStart" : 7,			"method" : "icon",			"mutationEnd" : 12		},		{			"operatorDescription" : "Remove ^",			"class" : "DSGuildTextChannel",			"operatorClass" : "RemoveCaretOperator",			"mutationStart" : 68,			"method" : "gtInspectorMessages:",			"mutationEnd" : 186		},		{			"operatorDescription" : "Replace #ifTrue: receiver with false",			"class" : "DSGuildTextChannel",			"operatorClass" : "ReplaceIfTrueReceiverWithFalseOperator",			"mutationStart" : 104,			"method" : "gtInspectorMessages:",			"mutationEnd" : 184		},		{			"operatorDescription" : "Replace #ifTrue: receiver with true",			"class" : "DSGuildTextChannel",			"operatorClass" : "ReplaceIfTrueReceiverWithTrueOperator",			"mutationStart" : 104,			"method" : "gtInspectorMessages:",			"mutationEnd" : 184		},		{			"operatorDescription" : "Replace #ifTrue: with #ifFalse:",			"class" : "DSGuildTextChannel",			"operatorClass" : "ReplaceIfTrueWithIfFalseMutantOperator",			"mutationStart" : 104,			"method" : "gtInspectorMessages:",			"mutationEnd" : 184		},		{			"operatorDescription" : "Remove ^",			"class" : "DSGuildTextChannel",			"operatorClass" : "RemoveCaretOperator",			"mutationStart" : 308,			"method" : "messages",			"mutationEnd" : 366		},		{			"operatorDescription" : "Remove ^",			"class" : "DSGuildTextChannel",			"operatorClass" : "RemoveCaretOperator",			"mutationStart" : 7,			"method" : "type",			"mutationEnd" : 45		},		{			"operatorDescription" : "Remove ^",			"class" : "DSGuildTextChannel",			"operatorClass" : "RemoveCaretOperator",			"mutationStart" : 7,			"method" : "nsfw",			"mutationEnd" : 12		},		{			"operatorDescription" : "Remove ^",			"class" : "DSGuildTextChannel",			"operatorClass" : "RemoveCaretOperator",			"mutationStart" : 21,			"method" : "isGuildTextChannel",			"mutationEnd" : 26		},		{			"operatorDescription" : "Remove ^",			"class" : "DSGuildTextChannel",			"operatorClass" : "RemoveCaretOperator",			"mutationStart" : 10,			"method" : "message",			"mutationEnd" : 66		},		{			"operatorDescription" : "Remove ^",			"class" : "DSGuildTextChannel",			"operatorClass" : "RemoveCaretOperator",			"mutationStart" : 131,			"method" : "queryMessagesBefore:",			"mutationEnd" : 187		}	],	"testCase" : "DSGuildTextChannelTest",	"unixtime" : 1601951295,	"timeTotal" : 392}