{	"targetClasses" : [		"DSGuildMember"	],	"testMethodsIgnored" : [ ],	"methodsNotProfiled" : [ ],	"numberOfOriginalTestMethods" : 5,	"timeDetail" : [		"init: % 2.60 (23 seconds 998 milliseconds)",		"assertionAmplification: % 67.86 (10 minutes 25 seconds 214 milliseconds)",		"selection: % 14.82 (2 minutes 16 seconds 514 milliseconds)",		"inputAmplification: % 12.32 (1 minute 53 seconds 545 milliseconds)",		"finalize: % 2.39 (22 seconds 34 milliseconds)"	],	"notCoveredInAmplified" : [		{			"operatorDescription" : "Remove ^",			"class" : "DSGuildMember",			"operatorClass" : "RemoveCaretOperator",			"mutationStart" : 10,			"method" : "message",			"mutationEnd" : 28		}	],	"mutationScoreAfter" : 92,	"mutationScoreBefore" : 46,	"testAmpLoc" : 103,	"amplifiedMethods" : [		"DSGuildMemberTest6226>>#testNickOrUsername_amp"	],	"testLoc" : "30",	"amplifiedClass" : "DSGuildMemberTest6226",	"numberOfAllMutationsInOriginal" : 13,	"targetLoc" : 64,	"newCovered" : [		{			"operatorDescription" : "Remove ^",			"class" : "DSGuildMember",			"operatorClass" : "RemoveCaretOperator",			"mutationStart" : 7,			"method" : "mute",			"mutationEnd" : 12		},		{			"operatorDescription" : "Remove ^",			"class" : "DSGuildMember",			"operatorClass" : "RemoveCaretOperator",			"mutationStart" : 7,			"method" : "deaf",			"mutationEnd" : 12		},		{			"operatorDescription" : "Remove ^",			"class" : "DSGuildMember",			"operatorClass" : "RemoveCaretOperator",			"mutationStart" : 11,			"method" : "joinedAt",			"mutationEnd" : 20		},		{			"operatorDescription" : "Remove ^",			"class" : "DSGuildMember",			"operatorClass" : "RemoveCaretOperator",			"mutationStart" : 10,			"method" : "roleIds",			"mutationEnd" : 18		},		{			"operatorDescription" : "Remove ^",			"class" : "DSGuildMember",			"operatorClass" : "RemoveCaretOperator",			"mutationStart" : 47,			"method" : "members",			"mutationEnd" : 61		},		{			"operatorDescription" : "Remove ^",			"class" : "DSGuildMember",			"operatorClass" : "RemoveCaretOperator",			"mutationStart" : 11,			"method" : "children",			"mutationEnd" : 82		}	],	"timeBudgetFinished" : false,	"notCoveredInOriginal" : [		{			"operatorDescription" : "Remove ^",			"class" : "DSGuildMember",			"operatorClass" : "RemoveCaretOperator",			"mutationStart" : 7,			"method" : "mute",			"mutationEnd" : 12		},		{			"operatorDescription" : "Remove ^",			"class" : "DSGuildMember",			"operatorClass" : "RemoveCaretOperator",			"mutationStart" : 7,			"method" : "deaf",			"mutationEnd" : 12		},		{			"operatorDescription" : "Remove ^",			"class" : "DSGuildMember",			"operatorClass" : "RemoveCaretOperator",			"mutationStart" : 11,			"method" : "joinedAt",			"mutationEnd" : 20		},		{			"operatorDescription" : "Remove ^",			"class" : "DSGuildMember",			"operatorClass" : "RemoveCaretOperator",			"mutationStart" : 47,			"method" : "members",			"mutationEnd" : 61		},		{			"operatorDescription" : "Remove ^",			"class" : "DSGuildMember",			"operatorClass" : "RemoveCaretOperator",			"mutationStart" : 10,			"method" : "message",			"mutationEnd" : 28		},		{			"operatorDescription" : "Remove ^",			"class" : "DSGuildMember",			"operatorClass" : "RemoveCaretOperator",			"mutationStart" : 11,			"method" : "children",			"mutationEnd" : 82		},		{			"operatorDescription" : "Remove ^",			"class" : "DSGuildMember",			"operatorClass" : "RemoveCaretOperator",			"mutationStart" : 10,			"method" : "roleIds",			"mutationEnd" : 18		}	],	"testCase" : "DSGuildMemberTest",	"unixtime" : 1601967636,	"timeTotal" : 921}