{	"targetClasses" : [		"DSGuildVoiceChannel"	],	"testMethodsIgnored" : [ ],	"methodsNotProfiled" : [		"DSGuildVoiceChannel>>#parentId:"	],	"numberOfOriginalTestMethods" : 10,	"timeDetail" : [		"init: % 1.34 (15 seconds 179 milliseconds)",		"assertionAmplification: % 73.37 (13 minutes 51 seconds 62 milliseconds)",		"selection: % 11.87 (2 minutes 14 seconds 498 milliseconds)",		"inputAmplification: % 13.40 (2 minutes 31 seconds 784 milliseconds)",		"finalize: % 0.02 (217 milliseconds)"	],	"notCoveredInAmplified" : [ ],	"mutationScoreAfter" : 100,	"mutationScoreBefore" : 70,	"testAmpLoc" : 48,	"amplifiedMethods" : [		"DSGuildVoiceChannelTest3691>>#testBitrate_amp"	],	"testLoc" : "16",	"amplifiedClass" : "DSGuildVoiceChannelTest3691",	"numberOfAllMutationsInOriginal" : 10,	"targetLoc" : 42,	"newCovered" : [		{			"operatorDescription" : "Remove ^",			"class" : "DSGuildVoiceChannel",			"operatorClass" : "RemoveCaretOperator",			"mutationStart" : 22,			"method" : "isGuildVoiceChannel",			"mutationEnd" : 27		},		{			"operatorDescription" : "Remove ^",			"class" : "DSGuildVoiceChannel",			"operatorClass" : "RemoveCaretOperator",			"mutationStart" : 23,			"method" : "permissionOverwrites",			"mutationEnd" : 44		},		{			"operatorDescription" : "Remove ^",			"class" : "DSGuildVoiceChannel",			"operatorClass" : "RemoveCaretOperator",			"mutationStart" : 10,			"method" : "bitrate",			"mutationEnd" : 18		},		{			"operatorDescription" : "Remove ^",			"class" : "DSGuildVoiceChannel",			"operatorClass" : "RemoveCaretOperator",			"mutationStart" : 11,			"method" : "parentId",			"mutationEnd" : 20		},		{			"operatorDescription" : "Remove ^",			"class" : "DSGuildVoiceChannel",			"operatorClass" : "RemoveCaretOperator",			"mutationStart" : 7,			"method" : "type",			"mutationEnd" : 46		}	],	"timeBudgetFinished" : false,	"notCoveredInOriginal" : [		{			"operatorDescription" : "Remove ^",			"class" : "DSGuildVoiceChannel",			"operatorClass" : "RemoveCaretOperator",			"mutationStart" : 22,			"method" : "isGuildVoiceChannel",			"mutationEnd" : 27		},		{			"operatorDescription" : "Remove ^",			"class" : "DSGuildVoiceChannel",			"operatorClass" : "RemoveCaretOperator",			"mutationStart" : 7,			"method" : "type",			"mutationEnd" : 46		},		{			"operatorDescription" : "Remove ^",			"class" : "DSGuildVoiceChannel",			"operatorClass" : "RemoveCaretOperator",			"mutationStart" : 11,			"method" : "parentId",			"mutationEnd" : 20		}	],	"testCase" : "DSGuildVoiceChannelTest",	"unixtime" : 1601949310,	"timeTotal" : 1132}