{	"targetClasses" : [		"DSGuild"	],	"testMethodsIgnored" : [ ],	"methodsNotProfiled" : [		"DSGuild>>#embedChannelId:",		"DSGuild>>#channelNamed:",		"DSGuild>>#gtInspectorChannels:",		"DSGuild>>#explicitContentFilter:",		"DSGuild>>#mfaLevel:",		"DSGuild>>#region:",		"DSGuild>>#restApi:",		"DSGuild>>#embedEnabled:",		"DSGuild>>#emojis:",		"DSGuild>>#verificationLevel:",		"DSGuild>>#afkTimeout:",		"DSGuild>>#voiceStates:",		"DSGuild>>#roles:",		"DSGuild>>#unavailable:",		"DSGuild>>#widgetChannelId:",		"DSGuild>>#presences:",		"DSGuild>>#iconHash:",		"DSGuild>>#channelSatisfying:",		"DSGuild>>#joinedAt:",		"DSGuild>>#ownerId:",		"DSGuild>>#applicationId:",		"DSGuild>>#memberCount:",		"DSGuild>>#widgetEnabled:",		"DSGuild>>#afkChannelId:",		"DSGuild>>#defaultMessageNotifications:",		"DSGuild>>#printOn:",		"DSGuild>>#features:",		"DSGuild>>#gtInspectorMembers:",		"DSGuild>>#large:",		"DSGuild>>#name:",		"DSGuild>>#members:",		"DSGuild>>#id:",		"DSGuild>>#splashHash:"	],	"numberOfOriginalTestMethods" : 1,	"timeDetail" : [		"init: % 0.55 (942 milliseconds)",		"assertionAmplification: % 57.86 (1 minute 38 seconds 786 milliseconds)",		"selection: % 20.83 (35 seconds 568 milliseconds)",		"inputAmplification: % 8.67 (14 seconds 801 milliseconds)",		"finalize: % 12.09 (20 seconds 639 milliseconds)"	],	"notCoveredInAmplified" : [		{			"operatorDescription" : "Remove ^",			"class" : "DSGuild",			"operatorClass" : "RemoveCaretOperator",			"mutationStart" : 65,			"method" : "channelNamed:",			"mutationEnd" : 135		},		{			"operatorDescription" : "Replace #= with #'~='",			"class" : "DSGuild",			"operatorClass" : "ReplaceEqualWithNotEqualOperator",			"mutationStart" : 108,			"method" : "channelNamed:",			"mutationEnd" : 133		},		{			"operatorDescription" : "Remove ^",			"class" : "DSGuild",			"operatorClass" : "RemoveCaretOperator",			"mutationStart" : 68,			"method" : "gtInspectorChannels:",			"mutationEnd" : 282		},		{			"operatorDescription" : "Replace #or: argument with [false]",			"class" : "DSGuild",			"operatorClass" : "ReplaceOrArgumentWithFalseOperator",			"mutationStart" : 165,			"method" : "gtInspectorChannels:",			"mutationEnd" : 209		},		{			"operatorDescription" : "Replace #or: receiver with false",			"class" : "DSGuild",			"operatorClass" : "ReplaceOrReceiverWithFalseOperator",			"mutationStart" : 165,			"method" : "gtInspectorChannels:",			"mutationEnd" : 209		},		{			"operatorDescription" : "Replace #or: with #and:",			"class" : "DSGuild",			"operatorClass" : "ReplaceOrWithAndMutantOperator",			"mutationStart" : 165,			"method" : "gtInspectorChannels:",			"mutationEnd" : 209		},		{			"operatorDescription" : "Replace #or: with #bXor:",			"class" : "DSGuild",			"operatorClass" : "ReplaceOrWithXorMutantOperator",			"mutationStart" : 165,			"method" : "gtInspectorChannels:",			"mutationEnd" : 209		},		{			"operatorDescription" : "Replace #or: with true",			"class" : "DSGuild",			"operatorClass" : "ReplaceOrWithTrueOperator",			"mutationStart" : 165,			"method" : "gtInspectorChannels:",			"mutationEnd" : 209		},		{			"operatorDescription" : "Remove ^",			"class" : "DSGuild",			"operatorClass" : "RemoveCaretOperator",			"mutationStart" : 10,			"method" : "members",			"mutationEnd" : 88		},		{			"operatorDescription" : "Replace #ifTrue:ifFalse: receiver with false",			"class" : "DSGuild",			"operatorClass" : "ReplaceIfTrueIfFalseReceiverWithFalseOperator",			"mutationStart" : 89,			"method" : "children",			"mutationEnd" : 251		},		{			"operatorDescription" : "Remove ^",			"class" : "DSGuild",			"operatorClass" : "RemoveCaretOperator",			"mutationStart" : 93,			"method" : "isOwner",			"mutationEnd" : 117		},		{			"operatorDescription" : "Remove ^",			"class" : "DSGuild",			"operatorClass" : "RemoveCaretOperator",			"mutationStart" : 67,			"method" : "gtInspectorMembers:",			"mutationEnd" : 257		},		{			"operatorDescription" : "Replace #or: argument with [false]",			"class" : "DSGuild",			"operatorClass" : "ReplaceOrArgumentWithFalseOperator",			"mutationStart" : 162,			"method" : "gtInspectorMembers:",			"mutationEnd" : 205		},		{			"operatorDescription" : "Replace #or: receiver with false",			"class" : "DSGuild",			"operatorClass" : "ReplaceOrReceiverWithFalseOperator",			"mutationStart" : 162,			"method" : "gtInspectorMembers:",			"mutationEnd" : 205		},		{			"operatorDescription" : "Replace #or: with #and:",			"class" : "DSGuild",			"operatorClass" : "ReplaceOrWithAndMutantOperator",			"mutationStart" : 162,			"method" : "gtInspectorMembers:",			"mutationEnd" : 205		},		{			"operatorDescription" : "Replace #or: with #bXor:",			"class" : "DSGuild",			"operatorClass" : "ReplaceOrWithXorMutantOperator",			"mutationStart" : 162,			"method" : "gtInspectorMembers:",			"mutationEnd" : 205		},		{			"operatorDescription" : "Replace #or: with true",			"class" : "DSGuild",			"operatorClass" : "ReplaceOrWithTrueOperator",			"mutationStart" : 162,			"method" : "gtInspectorMembers:",			"mutationEnd" : 205		}	],	"mutationScoreAfter" : 72,	"mutationScoreBefore" : 16,	"testAmpLoc" : 681,	"amplifiedMethods" : [		"DSGuildTest2348>>#testTextChannels_amp_A14",		"DSGuildTest2348>>#testTextChannels_amp_A65",		"DSGuildTest2348>>#testTextChannels_amp_A103",		"DSGuildTest2348>>#testTextChannels_amp_A52",		"DSGuildTest2348>>#testTextChannels_amp"	],	"testLoc" : "13",	"amplifiedClass" : "DSGuildTest2348",	"numberOfAllMutationsInOriginal" : 61,	"targetLoc" : 193,	"newCovered" : [		{			"operatorDescription" : "Remove ^",			"class" : "DSGuild",			"operatorClass" : "RemoveCaretOperator",			"mutationStart" : 9,			"method" : "emojis",			"mutationEnd" : 16		},		{			"operatorDescription" : "Remove ^",			"class" : "DSGuild",			"operatorClass" : "RemoveCaretOperator",			"mutationStart" : 16,			"method" : "applicationId",			"mutationEnd" : 30		},		{			"operatorDescription" : "Remove ^",			"class" : "DSGuild",			"operatorClass" : "RemoveCaretOperator",			"mutationStart" : 8,			"method" : "large",			"mutationEnd" : 14		},		{			"operatorDescription" : "Remove ^",			"class" : "DSGuild",			"operatorClass" : "RemoveCaretOperator",			"mutationStart" : 11,			"method" : "joinedAt",			"mutationEnd" : 20		},		{			"operatorDescription" : "Remove ^",			"class" : "DSGuild",			"operatorClass" : "RemoveCaretOperator",			"mutationStart" : 14,			"method" : "voiceStates",			"mutationEnd" : 26		},		{			"operatorDescription" : "Remove ^",			"class" : "DSGuild",			"operatorClass" : "RemoveCaretOperator",			"mutationStart" : 13,			"method" : "afkTimeout",			"mutationEnd" : 24		},		{			"operatorDescription" : "Remove ^",			"class" : "DSGuild",			"operatorClass" : "RemoveCaretOperator",			"mutationStart" : 9,			"method" : "region",			"mutationEnd" : 16		},		{			"operatorDescription" : "Remove ^",			"class" : "DSGuild",			"operatorClass" : "RemoveCaretOperator",			"mutationStart" : 5,			"method" : "id",			"mutationEnd" : 8		},		{			"operatorDescription" : "Remove ^",			"class" : "DSGuild",			"operatorClass" : "RemoveCaretOperator",			"mutationStart" : 18,			"method" : "widgetChannelId",			"mutationEnd" : 34		},		{			"operatorDescription" : "Remove ^",			"class" : "DSGuild",			"operatorClass" : "RemoveCaretOperator",			"mutationStart" : 24,			"method" : "explicitContentFilter",			"mutationEnd" : 46		},		{			"operatorDescription" : "Remove ^",			"class" : "DSGuild",			"operatorClass" : "RemoveCaretOperator",			"mutationStart" : 16,			"method" : "widgetEnabled",			"mutationEnd" : 30		},		{			"operatorDescription" : "Remove ^",			"class" : "DSGuild",			"operatorClass" : "RemoveCaretOperator",			"mutationStart" : 87,			"method" : "children",			"mutationEnd" : 251		},		{			"operatorDescription" : "Replace #ifTrue:ifFalse: receiver with false",			"class" : "DSGuild",			"operatorClass" : "ReplaceIfTrueIfFalseReceiverWithFalseOperator",			"mutationStart" : 157,			"method" : "children",			"mutationEnd" : 249		},		{			"operatorDescription" : "Replace #ifTrue:ifFalse: receiver with true",			"class" : "DSGuild",			"operatorClass" : "ReplaceIfTrueIfFalseReceiverWithTrueOperator",			"mutationStart" : 89,			"method" : "children",			"mutationEnd" : 251		},		{			"operatorDescription" : "Replace #ifTrue:ifFalse: receiver with true",			"class" : "DSGuild",			"operatorClass" : "ReplaceIfTrueIfFalseReceiverWithTrueOperator",			"mutationStart" : 157,			"method" : "children",			"mutationEnd" : 249		},		{			"operatorDescription" : "Remove ^",			"class" : "DSGuild",			"operatorClass" : "RemoveCaretOperator",			"mutationStart" : 14,			"method" : "memberCount",			"mutationEnd" : 26		},		{			"operatorDescription" : "Remove ^",			"class" : "DSGuild",			"operatorClass" : "RemoveCaretOperator",			"mutationStart" : 11,			"method" : "mfaLevel",			"mutationEnd" : 20		},		{			"operatorDescription" : "Remove ^",			"class" : "DSGuild",			"operatorClass" : "RemoveCaretOperator",			"mutationStart" : 107,			"method" : "channelSatisfying:",			"mutationEnd" : 223		},		{			"operatorDescription" : "Remove ^",			"class" : "DSGuild",			"operatorClass" : "RemoveCaretOperator",			"mutationStart" : 7,			"method" : "name",			"mutationEnd" : 12		},		{			"operatorDescription" : "Remove ^",			"class" : "DSGuild",			"operatorClass" : "RemoveCaretOperator",			"mutationStart" : 8,			"method" : "roles",			"mutationEnd" : 14		},		{			"operatorDescription" : "Remove ^",			"class" : "DSGuild",			"operatorClass" : "RemoveCaretOperator",			"mutationStart" : 10,			"method" : "restApi",			"mutationEnd" : 18		},		{			"operatorDescription" : "Remove ^",			"class" : "DSGuild",			"operatorClass" : "RemoveCaretOperator",			"mutationStart" : 14,			"method" : "unavailable",			"mutationEnd" : 26		},		{			"operatorDescription" : "Remove ^",			"class" : "DSGuild",			"operatorClass" : "RemoveCaretOperator",			"mutationStart" : 12,			"method" : "presences",			"mutationEnd" : 22		},		{			"operatorDescription" : "Remove ^",			"class" : "DSGuild",			"operatorClass" : "RemoveCaretOperator",			"mutationStart" : 15,			"method" : "afkChannelId",			"mutationEnd" : 28		},		{			"operatorDescription" : "Remove ^",			"class" : "DSGuild",			"operatorClass" : "RemoveCaretOperator",			"mutationStart" : 13,			"method" : "hasMembers",			"mutationEnd" : 28		},		{			"operatorDescription" : "Remove ^",			"class" : "DSGuild",			"operatorClass" : "RemoveCaretOperator",			"mutationStart" : 18,			"method" : "isAuthenticated",			"mutationEnd" : 47		},		{			"operatorDescription" : "Remove ^",			"class" : "DSGuild",			"operatorClass" : "RemoveCaretOperator",			"mutationStart" : 84,			"method" : "general",			"mutationEnd" : 119		},		{			"operatorDescription" : "Remove ^",			"class" : "DSGuild",			"operatorClass" : "RemoveCaretOperator",			"mutationStart" : 11,			"method" : "features",			"mutationEnd" : 20		},		{			"operatorDescription" : "Remove ^",			"class" : "DSGuild",			"operatorClass" : "RemoveCaretOperator",			"mutationStart" : 11,			"method" : "iconHash",			"mutationEnd" : 20		},		{			"operatorDescription" : "Remove ^",			"class" : "DSGuild",			"operatorClass" : "RemoveCaretOperator",			"mutationStart" : 13,			"method" : "splashHash",			"mutationEnd" : 24		},		{			"operatorDescription" : "Remove ^",			"class" : "DSGuild",			"operatorClass" : "RemoveCaretOperator",			"mutationStart" : 17,			"method" : "embedChannelId",			"mutationEnd" : 32		},		{			"operatorDescription" : "Remove ^",			"class" : "DSGuild",			"operatorClass" : "RemoveCaretOperator",			"mutationStart" : 15,			"method" : "embedEnabled",			"mutationEnd" : 28		},		{			"operatorDescription" : "Remove ^",			"class" : "DSGuild",			"operatorClass" : "RemoveCaretOperator",			"mutationStart" : 20,			"method" : "verificationLevel",			"mutationEnd" : 38		},		{			"operatorDescription" : "Remove #not",			"class" : "DSGuild",			"operatorClass" : "RemoveNotOperator",			"mutationStart" : 99,			"method" : "hasChannels",			"mutationEnd" : 123		},		{			"operatorDescription" : "Remove ^",			"class" : "DSGuild",			"operatorClass" : "RemoveCaretOperator",			"mutationStart" : 97,			"method" : "hasChannels",			"mutationEnd" : 123		},		{			"operatorDescription" : "Remove ^",			"class" : "DSGuild",			"operatorClass" : "RemoveCaretOperator",			"mutationStart" : 30,			"method" : "defaultMessageNotifications",			"mutationEnd" : 58		},		{			"operatorDescription" : "Remove ^",			"class" : "DSGuild",			"operatorClass" : "RemoveCaretOperator",			"mutationStart" : 10,			"method" : "ownerId",			"mutationEnd" : 18		},		{			"operatorDescription" : "Remove ^",			"class" : "DSGuild class",			"operatorClass" : "RemoveCaretOperator",			"mutationStart" : 73,			"method" : "defaultCollection",			"mutationEnd" : 86		}	],	"timeBudgetFinished" : false,	"notCoveredInOriginal" : [		{			"operatorDescription" : "Remove ^",			"class" : "DSGuild",			"operatorClass" : "RemoveCaretOperator",			"mutationStart" : 65,			"method" : "channelNamed:",			"mutationEnd" : 135		},		{			"operatorDescription" : "Replace #= with #'~='",			"class" : "DSGuild",			"operatorClass" : "ReplaceEqualWithNotEqualOperator",			"mutationStart" : 108,			"method" : "channelNamed:",			"mutationEnd" : 133		},		{			"operatorDescription" : "Remove ^",			"class" : "DSGuild",			"operatorClass" : "RemoveCaretOperator",			"mutationStart" : 68,			"method" : "gtInspectorChannels:",			"mutationEnd" : 282		},		{			"operatorDescription" : "Replace #or: argument with [false]",			"class" : "DSGuild",			"operatorClass" : "ReplaceOrArgumentWithFalseOperator",			"mutationStart" : 165,			"method" : "gtInspectorChannels:",			"mutationEnd" : 209		},		{			"operatorDescription" : "Replace #or: receiver with false",			"class" : "DSGuild",			"operatorClass" : "ReplaceOrReceiverWithFalseOperator",			"mutationStart" : 165,			"method" : "gtInspectorChannels:",			"mutationEnd" : 209		},		{			"operatorDescription" : "Replace #or: with #and:",			"class" : "DSGuild",			"operatorClass" : "ReplaceOrWithAndMutantOperator",			"mutationStart" : 165,			"method" : "gtInspectorChannels:",			"mutationEnd" : 209		},		{			"operatorDescription" : "Replace #or: with #bXor:",			"class" : "DSGuild",			"operatorClass" : "ReplaceOrWithXorMutantOperator",			"mutationStart" : 165,			"method" : "gtInspectorChannels:",			"mutationEnd" : 209		},		{			"operatorDescription" : "Replace #or: with true",			"class" : "DSGuild",			"operatorClass" : "ReplaceOrWithTrueOperator",			"mutationStart" : 165,			"method" : "gtInspectorChannels:",			"mutationEnd" : 209		},		{			"operatorDescription" : "Remove ^",			"class" : "DSGuild",			"operatorClass" : "RemoveCaretOperator",			"mutationStart" : 9,			"method" : "emojis",			"mutationEnd" : 16		},		{			"operatorDescription" : "Remove ^",			"class" : "DSGuild",			"operatorClass" : "RemoveCaretOperator",			"mutationStart" : 16,			"method" : "applicationId",			"mutationEnd" : 30		},		{			"operatorDescription" : "Remove ^",			"class" : "DSGuild",			"operatorClass" : "RemoveCaretOperator",			"mutationStart" : 8,			"method" : "large",			"mutationEnd" : 14		},		{			"operatorDescription" : "Remove ^",			"class" : "DSGuild",			"operatorClass" : "RemoveCaretOperator",			"mutationStart" : 11,			"method" : "joinedAt",			"mutationEnd" : 20		},		{			"operatorDescription" : "Remove ^",			"class" : "DSGuild",			"operatorClass" : "RemoveCaretOperator",			"mutationStart" : 14,			"method" : "voiceStates",			"mutationEnd" : 26		},		{			"operatorDescription" : "Remove ^",			"class" : "DSGuild",			"operatorClass" : "RemoveCaretOperator",			"mutationStart" : 13,			"method" : "afkTimeout",			"mutationEnd" : 24		},		{			"operatorDescription" : "Remove ^",			"class" : "DSGuild",			"operatorClass" : "RemoveCaretOperator",			"mutationStart" : 9,			"method" : "region",			"mutationEnd" : 16		},		{			"operatorDescription" : "Remove ^",			"class" : "DSGuild",			"operatorClass" : "RemoveCaretOperator",			"mutationStart" : 5,			"method" : "id",			"mutationEnd" : 8		},		{			"operatorDescription" : "Remove ^",			"class" : "DSGuild",			"operatorClass" : "RemoveCaretOperator",			"mutationStart" : 18,			"method" : "widgetChannelId",			"mutationEnd" : 34		},		{			"operatorDescription" : "Remove ^",			"class" : "DSGuild",			"operatorClass" : "RemoveCaretOperator",			"mutationStart" : 24,			"method" : "explicitContentFilter",			"mutationEnd" : 46		},		{			"operatorDescription" : "Remove ^",			"class" : "DSGuild",			"operatorClass" : "RemoveCaretOperator",			"mutationStart" : 16,			"method" : "widgetEnabled",			"mutationEnd" : 30		},		{			"operatorDescription" : "Remove ^",			"class" : "DSGuild",			"operatorClass" : "RemoveCaretOperator",			"mutationStart" : 10,			"method" : "members",			"mutationEnd" : 88		},		{			"operatorDescription" : "Remove ^",			"class" : "DSGuild",			"operatorClass" : "RemoveCaretOperator",			"mutationStart" : 87,			"method" : "children",			"mutationEnd" : 251		},		{			"operatorDescription" : "Replace #ifTrue:ifFalse: receiver with false",			"class" : "DSGuild",			"operatorClass" : "ReplaceIfTrueIfFalseReceiverWithFalseOperator",			"mutationStart" : 89,			"method" : "children",			"mutationEnd" : 251		},		{			"operatorDescription" : "Replace #ifTrue:ifFalse: receiver with false",			"class" : "DSGuild",			"operatorClass" : "ReplaceIfTrueIfFalseReceiverWithFalseOperator",			"mutationStart" : 157,			"method" : "children",			"mutationEnd" : 249		},		{			"operatorDescription" : "Replace #ifTrue:ifFalse: receiver with true",			"class" : "DSGuild",			"operatorClass" : "ReplaceIfTrueIfFalseReceiverWithTrueOperator",			"mutationStart" : 89,			"method" : "children",			"mutationEnd" : 251		},		{			"operatorDescription" : "Replace #ifTrue:ifFalse: receiver with true",			"class" : "DSGuild",			"operatorClass" : "ReplaceIfTrueIfFalseReceiverWithTrueOperator",			"mutationStart" : 157,			"method" : "children",			"mutationEnd" : 249		},		{			"operatorDescription" : "Remove ^",			"class" : "DSGuild",			"operatorClass" : "RemoveCaretOperator",			"mutationStart" : 14,			"method" : "memberCount",			"mutationEnd" : 26		},		{			"operatorDescription" : "Remove ^",			"class" : "DSGuild",			"operatorClass" : "RemoveCaretOperator",			"mutationStart" : 11,			"method" : "mfaLevel",			"mutationEnd" : 20		},		{			"operatorDescription" : "Remove ^",			"class" : "DSGuild",			"operatorClass" : "RemoveCaretOperator",			"mutationStart" : 107,			"method" : "channelSatisfying:",			"mutationEnd" : 223		},		{			"operatorDescription" : "Remove ^",			"class" : "DSGuild",			"operatorClass" : "RemoveCaretOperator",			"mutationStart" : 7,			"method" : "name",			"mutationEnd" : 12		},		{			"operatorDescription" : "Remove ^",			"class" : "DSGuild",			"operatorClass" : "RemoveCaretOperator",			"mutationStart" : 12,			"method" : "presences",			"mutationEnd" : 22		},		{			"operatorDescription" : "Remove ^",			"class" : "DSGuild",			"operatorClass" : "RemoveCaretOperator",			"mutationStart" : 15,			"method" : "afkChannelId",			"mutationEnd" : 28		},		{			"operatorDescription" : "Remove ^",			"class" : "DSGuild",			"operatorClass" : "RemoveCaretOperator",			"mutationStart" : 13,			"method" : "hasMembers",			"mutationEnd" : 28		},		{			"operatorDescription" : "Remove ^",			"class" : "DSGuild",			"operatorClass" : "RemoveCaretOperator",			"mutationStart" : 18,			"method" : "isAuthenticated",			"mutationEnd" : 47		},		{			"operatorDescription" : "Remove ^",			"class" : "DSGuild",			"operatorClass" : "RemoveCaretOperator",			"mutationStart" : 84,			"method" : "general",			"mutationEnd" : 119		},		{			"operatorDescription" : "Remove ^",			"class" : "DSGuild",			"operatorClass" : "RemoveCaretOperator",			"mutationStart" : 11,			"method" : "features",			"mutationEnd" : 20		},		{			"operatorDescription" : "Remove ^",			"class" : "DSGuild",			"operatorClass" : "RemoveCaretOperator",			"mutationStart" : 11,			"method" : "iconHash",			"mutationEnd" : 20		},		{			"operatorDescription" : "Remove ^",			"class" : "DSGuild",			"operatorClass" : "RemoveCaretOperator",			"mutationStart" : 13,			"method" : "splashHash",			"mutationEnd" : 24		},		{			"operatorDescription" : "Remove ^",			"class" : "DSGuild",			"operatorClass" : "RemoveCaretOperator",			"mutationStart" : 17,			"method" : "embedChannelId",			"mutationEnd" : 32		},		{			"operatorDescription" : "Remove ^",			"class" : "DSGuild",			"operatorClass" : "RemoveCaretOperator",			"mutationStart" : 67,			"method" : "gtInspectorMembers:",			"mutationEnd" : 257		},		{			"operatorDescription" : "Replace #or: argument with [false]",			"class" : "DSGuild",			"operatorClass" : "ReplaceOrArgumentWithFalseOperator",			"mutationStart" : 162,			"method" : "gtInspectorMembers:",			"mutationEnd" : 205		},		{			"operatorDescription" : "Replace #or: receiver with false",			"class" : "DSGuild",			"operatorClass" : "ReplaceOrReceiverWithFalseOperator",			"mutationStart" : 162,			"method" : "gtInspectorMembers:",			"mutationEnd" : 205		},		{			"operatorDescription" : "Replace #or: with #and:",			"class" : "DSGuild",			"operatorClass" : "ReplaceOrWithAndMutantOperator",			"mutationStart" : 162,			"method" : "gtInspectorMembers:",			"mutationEnd" : 205		},		{			"operatorDescription" : "Replace #or: with #bXor:",			"class" : "DSGuild",			"operatorClass" : "ReplaceOrWithXorMutantOperator",			"mutationStart" : 162,			"method" : "gtInspectorMembers:",			"mutationEnd" : 205		},		{			"operatorDescription" : "Replace #or: with true",			"class" : "DSGuild",			"operatorClass" : "ReplaceOrWithTrueOperator",			"mutationStart" : 162,			"method" : "gtInspectorMembers:",			"mutationEnd" : 205		},		{			"operatorDescription" : "Remove ^",			"class" : "DSGuild",			"operatorClass" : "RemoveCaretOperator",			"mutationStart" : 15,			"method" : "embedEnabled",			"mutationEnd" : 28		},		{			"operatorDescription" : "Remove ^",			"class" : "DSGuild",			"operatorClass" : "RemoveCaretOperator",			"mutationStart" : 20,			"method" : "verificationLevel",			"mutationEnd" : 38		},		{			"operatorDescription" : "Remove #not",			"class" : "DSGuild",			"operatorClass" : "RemoveNotOperator",			"mutationStart" : 99,			"method" : "hasChannels",			"mutationEnd" : 123		},		{			"operatorDescription" : "Remove ^",			"class" : "DSGuild",			"operatorClass" : "RemoveCaretOperator",			"mutationStart" : 97,			"method" : "hasChannels",			"mutationEnd" : 123		},		{			"operatorDescription" : "Remove ^",			"class" : "DSGuild",			"operatorClass" : "RemoveCaretOperator",			"mutationStart" : 30,			"method" : "defaultMessageNotifications",			"mutationEnd" : 58		},		{			"operatorDescription" : "Remove ^",			"class" : "DSGuild",			"operatorClass" : "RemoveCaretOperator",			"mutationStart" : 10,			"method" : "ownerId",			"mutationEnd" : 18		},		{			"operatorDescription" : "Remove ^",			"class" : "DSGuild class",			"operatorClass" : "RemoveCaretOperator",			"mutationStart" : 73,			"method" : "defaultCollection",			"mutationEnd" : 86		}	],	"testCase" : "DSGuildTest",	"unixtime" : 1601941380,	"timeTotal" : 170}