{	"targetClasses" : [		"DSMessage"	],	"testMethodsIgnored" : [ ],	"methodsNotProfiled" : [		"DSMessage>>#gtMentionsFor:",		"DSMessage>>#gtInspectorContent:",		"DSMessage>>#gtImageFor:",		"DSMessage>>#gtInspectorAttachments:",		"DSMessage>>#gtInspectorEmbeds:",		"DSMessage>>#gtAttachmentsFor:",		"DSMessage>>#gtContentFor:",		"DSMessage>>#gtInspectorImage:",		"DSMessage>>#printFullMessageOn:",		"DSMessage>>#gtInspectorEmbedImage:"	],	"numberOfOriginalTestMethods" : 25,	"timeDetail" : [		"init: % 0.01 (1 second 562 milliseconds)",		"assertionAmplification: % 68.77 (2 hours 27 minutes 33 seconds 385 milliseconds)",		"selection: % 23.28 (49 minutes 57 seconds 354 milliseconds)",		"inputAmplification: % 6.62 (14 minutes 12 seconds 346 milliseconds)",		"finalize: % 1.31 (2 minutes 48 seconds 653 milliseconds)"	],	"notCoveredInAmplified" : [		{			"operatorDescription" : "Replace detect: block with [:each | false] when #detect:ifNone: ",			"class" : "DSMessage",			"operatorClass" : "ReplaceDetectIfNoneFirstBlockWithAlwaysFalseBlockOperator",			"mutationStart" : 107,			"method" : "materialize",			"mutationEnd" : 152		},		{			"operatorDescription" : "Replace detect: block with [:each | true] when #detect:ifNone: ",			"class" : "DSMessage",			"operatorClass" : "ReplaceDetectIfNoneFirstBlockWithAlwaysTrueBlockOperator",			"mutationStart" : 107,			"method" : "materialize",			"mutationEnd" : 152		},		{			"operatorDescription" : "Replace ifNone: block with [] when #detect:ifNone:",			"class" : "DSMessage",			"operatorClass" : "ReplaceDetectIfNoneSecondBlockWithEmptyBlockOperator",			"mutationStart" : 107,			"method" : "materialize",			"mutationEnd" : 152		},		{			"operatorDescription" : "Replace #and: receiver with true",			"class" : "DSMessage",			"operatorClass" : "ReplaceAndReceiverWithTrueOperator",			"mutationStart" : 135,			"method" : "hasFuelAttachments",			"mutationEnd" : 238		},		{			"operatorDescription" : "Replace #and: with false",			"class" : "DSMessage",			"operatorClass" : "ReplaceAndWithFalseOperator",			"mutationStart" : 135,			"method" : "hasFuelAttachments",			"mutationEnd" : 238		},		{			"operatorDescription" : "Remove ^",			"class" : "DSMessage",			"operatorClass" : "RemoveCaretOperator",			"mutationStart" : 58,			"method" : "gtMentionsFor:",			"mutationEnd" : 70		},		{			"operatorDescription" : "Remove ^",			"class" : "DSMessage",			"operatorClass" : "RemoveCaretOperator",			"mutationStart" : 76,			"method" : "gtMentionsFor:",			"mutationEnd" : 255		},		{			"operatorDescription" : "Remove ^",			"class" : "DSMessage",			"operatorClass" : "RemoveCaretOperator",			"mutationStart" : 67,			"method" : "gtInspectorContent:",			"mutationEnd" : 203		},		{			"operatorDescription" : "Replace #or: argument with [false]",			"class" : "DSMessage",			"operatorClass" : "ReplaceOrArgumentWithFalseOperator",			"mutationStart" : 152,			"method" : "gtInspectorContent:",			"mutationEnd" : 189		},		{			"operatorDescription" : "Replace #or: receiver with false",			"class" : "DSMessage",			"operatorClass" : "ReplaceOrReceiverWithFalseOperator",			"mutationStart" : 152,			"method" : "gtInspectorContent:",			"mutationEnd" : 189		},		{			"operatorDescription" : "Replace #or: with #and:",			"class" : "DSMessage",			"operatorClass" : "ReplaceOrWithAndMutantOperator",			"mutationStart" : 152,			"method" : "gtInspectorContent:",			"mutationEnd" : 189		},		{			"operatorDescription" : "Replace #or: with #bXor:",			"class" : "DSMessage",			"operatorClass" : "ReplaceOrWithXorMutantOperator",			"mutationStart" : 152,			"method" : "gtInspectorContent:",			"mutationEnd" : 189		},		{			"operatorDescription" : "Replace #or: with true",			"class" : "DSMessage",			"operatorClass" : "ReplaceOrWithTrueOperator",			"mutationStart" : 152,			"method" : "gtInspectorContent:",			"mutationEnd" : 189		},		{			"operatorDescription" : "Remove ^",			"class" : "DSMessage",			"operatorClass" : "RemoveCaretOperator",			"mutationStart" : 66,			"method" : "gtImageFor:",			"mutationEnd" : 78		},		{			"operatorDescription" : "Remove ^",			"class" : "DSMessage",			"operatorClass" : "RemoveCaretOperator",			"mutationStart" : 84,			"method" : "gtImageFor:",			"mutationEnd" : 192		},		{			"operatorDescription" : "Replace #ifFalse: receiver with false",			"class" : "DSMessage",			"operatorClass" : "ReplaceIfFalseReceiverWithFalseOperator",			"mutationStart" : 30,			"method" : "gtImageFor:",			"mutationEnd" : 80		},		{			"operatorDescription" : "Replace #ifFalse: receiver with true",			"class" : "DSMessage",			"operatorClass" : "ReplaceIfFalseReceiverWithTrueOperator",			"mutationStart" : 30,			"method" : "gtImageFor:",			"mutationEnd" : 80		},		{			"operatorDescription" : "Replace #ifFalse: with #ifTrue:",			"class" : "DSMessage",			"operatorClass" : "ReplaceIfFalseWithIfTrueMutantOperator",			"mutationStart" : 30,			"method" : "gtImageFor:",			"mutationEnd" : 80		},		{			"operatorDescription" : "Remove ^",			"class" : "DSMessage",			"operatorClass" : "RemoveCaretOperator",			"mutationStart" : 71,			"method" : "gtInspectorAttachments:",			"mutationEnd" : 191		},		{			"operatorDescription" : "Remove ^",			"class" : "DSMessage",			"operatorClass" : "RemoveCaretOperator",			"mutationStart" : 66,			"method" : "gtInspectorEmbeds:",			"mutationEnd" : 171		},		{			"operatorDescription" : "Remove ^",			"class" : "DSMessage",			"operatorClass" : "RemoveCaretOperator",			"mutationStart" : 67,			"method" : "gtAttachmentsFor:",			"mutationEnd" : 79		},		{			"operatorDescription" : "Remove ^",			"class" : "DSMessage",			"operatorClass" : "RemoveCaretOperator",			"mutationStart" : 85,			"method" : "gtAttachmentsFor:",			"mutationEnd" : 165		},		{			"operatorDescription" : "Replace #ifFalse: receiver with false",			"class" : "DSMessage",			"operatorClass" : "ReplaceIfFalseReceiverWithFalseOperator",			"mutationStart" : 36,			"method" : "gtAttachmentsFor:",			"mutationEnd" : 81		},		{			"operatorDescription" : "Replace #ifFalse: receiver with true",			"class" : "DSMessage",			"operatorClass" : "ReplaceIfFalseReceiverWithTrueOperator",			"mutationStart" : 36,			"method" : "gtAttachmentsFor:",			"mutationEnd" : 81		},		{			"operatorDescription" : "Replace #ifFalse: with #ifTrue:",			"class" : "DSMessage",			"operatorClass" : "ReplaceIfFalseWithIfTrueMutantOperator",			"mutationStart" : 36,			"method" : "gtAttachmentsFor:",			"mutationEnd" : 81		},		{			"operatorDescription" : "Remove ^",			"class" : "DSMessage",			"operatorClass" : "RemoveCaretOperator",			"mutationStart" : 84,			"method" : "gtContentFor:",			"mutationEnd" : 96		},		{			"operatorDescription" : "Remove ^",			"class" : "DSMessage",			"operatorClass" : "RemoveCaretOperator",			"mutationStart" : 102,			"method" : "gtContentFor:",			"mutationEnd" : 188		},		{			"operatorDescription" : "Replace #ifFalse: receiver with false",			"class" : "DSMessage",			"operatorClass" : "ReplaceIfFalseReceiverWithFalseOperator",			"mutationStart" : 32,			"method" : "gtContentFor:",			"mutationEnd" : 98		},		{			"operatorDescription" : "Replace #ifFalse: receiver with true",			"class" : "DSMessage",			"operatorClass" : "ReplaceIfFalseReceiverWithTrueOperator",			"mutationStart" : 32,			"method" : "gtContentFor:",			"mutationEnd" : 98		},		{			"operatorDescription" : "Replace #ifFalse: with #ifTrue:",			"class" : "DSMessage",			"operatorClass" : "ReplaceIfFalseWithIfTrueMutantOperator",			"mutationStart" : 32,			"method" : "gtContentFor:",			"mutationEnd" : 98		},		{			"operatorDescription" : "Replace #or: argument with [false]",			"class" : "DSMessage",			"operatorClass" : "ReplaceOrArgumentWithFalseOperator",			"mutationStart" : 32,			"method" : "gtContentFor:",			"mutationEnd" : 71		},		{			"operatorDescription" : "Replace #or: receiver with false",			"class" : "DSMessage",			"operatorClass" : "ReplaceOrReceiverWithFalseOperator",			"mutationStart" : 32,			"method" : "gtContentFor:",			"mutationEnd" : 71		},		{			"operatorDescription" : "Replace #or: with #and:",			"class" : "DSMessage",			"operatorClass" : "ReplaceOrWithAndMutantOperator",			"mutationStart" : 32,			"method" : "gtContentFor:",			"mutationEnd" : 71		},		{			"operatorDescription" : "Replace #or: with #bXor:",			"class" : "DSMessage",			"operatorClass" : "ReplaceOrWithXorMutantOperator",			"mutationStart" : 32,			"method" : "gtContentFor:",			"mutationEnd" : 71		},		{			"operatorDescription" : "Replace #or: with true",			"class" : "DSMessage",			"operatorClass" : "ReplaceOrWithTrueOperator",			"mutationStart" : 32,			"method" : "gtContentFor:",			"mutationEnd" : 71		},		{			"operatorDescription" : "Remove ^",			"class" : "DSMessage",			"operatorClass" : "RemoveCaretOperator",			"mutationStart" : 67,			"method" : "gtInspectorImage:",			"mutationEnd" : 201		},		{			"operatorDescription" : "Replace Select block with [:each | true]",			"class" : "DSMessage",			"operatorClass" : "ReplaceSelectBlockWithAlwaysTrueBlockOperator",			"mutationStart" : 56,			"method" : "imageAttachments",			"mutationEnd" : 88		},		{			"operatorDescription" : "Replace do block with [:each |]",			"class" : "DSMessage",			"operatorClass" : "ReplaceDoBlockWithEmptyBlockOperator",			"mutationStart" : 106,			"method" : "printFullMessageOn:",			"mutationEnd" : 177		},		{			"operatorDescription" : "Remove ^",			"class" : "DSMessage",			"operatorClass" : "RemoveCaretOperator",			"mutationStart" : 72,			"method" : "gtInspectorEmbedImage:",			"mutationEnd" : 196		},		{			"operatorDescription" : "Remove ^",			"class" : "DSMessage class",			"operatorClass" : "RemoveCaretOperator",			"mutationStart" : 24,			"method" : "embedAll",			"mutationEnd" : 83		},		{			"operatorDescription" : "Remove ^",			"class" : "DSMessage class",			"operatorClass" : "RemoveCaretOperator",			"mutationStart" : 21,			"method" : "empty",			"mutationEnd" : 142		},		{			"operatorDescription" : "Remove ^",			"class" : "DSMessage class",			"operatorClass" : "RemoveCaretOperator",			"mutationStart" : 20,			"method" : "defaultCollection",			"mutationEnd" : 35		},		{			"operatorDescription" : "Remove ^",			"class" : "DSMessage class",			"operatorClass" : "RemoveCaretOperator",			"mutationStart" : 31,			"method" : "embedScreenshot",			"mutationEnd" : 97		},		{			"operatorDescription" : "Remove ^",			"class" : "DSMessage class",			"operatorClass" : "RemoveCaretOperator",			"mutationStart" : 32,			"method" : "embedDescription",			"mutationEnd" : 99		},		{			"operatorDescription" : "Remove ^",			"class" : "DSMessage class",			"operatorClass" : "RemoveCaretOperator",			"mutationStart" : 23,			"method" : "content",			"mutationEnd" : 126		}	],	"mutationScoreAfter" : 54,	"mutationScoreBefore" : 26,	"testAmpLoc" : 1821,	"amplifiedMethods" : [		"DSMessageTest12778>>#testAttachments_amp_A26",		"DSMessageTest12778>>#testAttachments_amp_A46_A188_A41",		"DSMessageTest12778>>#testAuthor_amp_T0_A78",		"DSMessageTest12778>>#testAttachments_amp",		"DSMessageTest12778>>#testAttachments_amp_A67",		"DSMessageTest12778>>#testAttachments_amp_A4",		"DSMessageTest12778>>#testAttachments_amp_A38_A63_A197",		"DSMessageTest12778>>#testAttachments_amp_A19_A89_A249",		"DSMessageTest12778>>#testAttachments_amp_A53",		"DSMessageTest12778>>#testAttachments_amp_T2",		"DSMessageTest12778>>#testAttachments_amp_A57",		"DSMessageTest12778>>#testAttachments_amp_A36"	],	"testLoc" : "118",	"amplifiedClass" : "DSMessageTest12778",	"numberOfAllMutationsInOriginal" : 99,	"targetLoc" : 267,	"newCovered" : [		{			"operatorDescription" : "Remove ^",			"class" : "DSMessage",			"operatorClass" : "RemoveCaretOperator",			"mutationStart" : 105,			"method" : "materialize",			"mutationEnd" : 175		},		{			"operatorDescription" : "Remove ^",			"class" : "DSMessage",			"operatorClass" : "RemoveCaretOperator",			"mutationStart" : 133,			"method" : "hasFuelAttachments",			"mutationEnd" : 238		},		{			"operatorDescription" : "Replace #and: argument with [true]",			"class" : "DSMessage",			"operatorClass" : "ReplaceAndArgumentWithTrueOperator",			"mutationStart" : 135,			"method" : "hasFuelAttachments",			"mutationEnd" : 238		},		{			"operatorDescription" : "Replace #and: with #bEqv:",			"class" : "DSMessage",			"operatorClass" : "ReplaceAndWithEqvMutantOperator",			"mutationStart" : 135,			"method" : "hasFuelAttachments",			"mutationEnd" : 238		},		{			"operatorDescription" : "Replace #and: with #nand:",			"class" : "DSMessage",			"operatorClass" : "ReplaceAndWithNandMutantOperator",			"mutationStart" : 135,			"method" : "hasFuelAttachments",			"mutationEnd" : 238		},		{			"operatorDescription" : "Replace #and: with #or:",			"class" : "DSMessage",			"operatorClass" : "ReplaceAndWithOrMutantOperator",			"mutationStart" : 135,			"method" : "hasFuelAttachments",			"mutationEnd" : 238		},		{			"operatorDescription" : "Remove ^",			"class" : "DSMessage",			"operatorClass" : "RemoveCaretOperator",			"mutationStart" : 42,			"method" : "embedImages",			"mutationEnd" : 116		},		{			"operatorDescription" : "Remove ^",			"class" : "DSMessage",			"operatorClass" : "RemoveCaretOperator",			"mutationStart" : 22,			"method" : "numberOfAttachments",			"mutationEnd" : 64		},		{			"operatorDescription" : "Remove ^",			"class" : "DSMessage",			"operatorClass" : "RemoveCaretOperator",			"mutationStart" : 7,			"method" : "type",			"mutationEnd" : 12		},		{			"operatorDescription" : "Remove ^",			"class" : "DSMessage",			"operatorClass" : "RemoveCaretOperator",			"mutationStart" : 17,			"method" : "numberOfEmbeds",			"mutationEnd" : 54		},		{			"operatorDescription" : "Remove ^",			"class" : "DSMessage",			"operatorClass" : "RemoveCaretOperator",			"mutationStart" : 66,			"method" : "hasEmbedImages",			"mutationEnd" : 100		},		{			"operatorDescription" : "Remove ^",			"class" : "DSMessage",			"operatorClass" : "RemoveCaretOperator",			"mutationStart" : 54,			"method" : "imageAttachments",			"mutationEnd" : 88		},		{			"operatorDescription" : "Replace #select: with #reject:",			"class" : "DSMessage",			"operatorClass" : "ReplaceSelectWithRejectMutantOperator",			"mutationStart" : 56,			"method" : "imageAttachments",			"mutationEnd" : 88		},		{			"operatorDescription" : "Replace Select block with [:each | false]",			"class" : "DSMessage",			"operatorClass" : "ReplaceSelectBlockWithAlwaysFalseBlockOperator",			"mutationStart" : 56,			"method" : "imageAttachments",			"mutationEnd" : 88		},		{			"operatorDescription" : "Remove ^",			"class" : "DSMessage",			"operatorClass" : "RemoveCaretOperator",			"mutationStart" : 54,			"method" : "authorName",			"mutationEnd" : 121		},		{			"operatorDescription" : "Remove ^",			"class" : "DSMessage",			"operatorClass" : "RemoveCaretOperator",			"mutationStart" : 19,			"method" : "printFullMessage",			"mutationEnd" : 91		},		{			"operatorDescription" : "Remove ^",			"class" : "DSMessage",			"operatorClass" : "RemoveCaretOperator",			"mutationStart" : 17,			"method" : "mentionRoleIds",			"mutationEnd" : 32		},		{			"operatorDescription" : "Remove #not",			"class" : "DSMessage",			"operatorClass" : "RemoveNotOperator",			"mutationStart" : 312,			"method" : "gtInspectorActionDownloadAllAttachments",			"mutationEnd" : 333		},		{			"operatorDescription" : "Remove ^",			"class" : "DSMessage",			"operatorClass" : "RemoveCaretOperator",			"mutationStart" : 63,			"method" : "gtInspectorActionDownloadAllAttachments",			"mutationEnd" : 376		},		{			"operatorDescription" : "Replace #and: argument with [true]",			"class" : "DSMessage",			"operatorClass" : "ReplaceAndArgumentWithTrueOperator",			"mutationStart" : 229,			"method" : "gtInspectorActionDownloadAllAttachments",			"mutationEnd" : 337		},		{			"operatorDescription" : "Replace #and: receiver with true",			"class" : "DSMessage",			"operatorClass" : "ReplaceAndReceiverWithTrueOperator",			"mutationStart" : 229,			"method" : "gtInspectorActionDownloadAllAttachments",			"mutationEnd" : 337		},		{			"operatorDescription" : "Replace #and: with #bEqv:",			"class" : "DSMessage",			"operatorClass" : "ReplaceAndWithEqvMutantOperator",			"mutationStart" : 229,			"method" : "gtInspectorActionDownloadAllAttachments",			"mutationEnd" : 337		},		{			"operatorDescription" : "Replace #and: with #nand:",			"class" : "DSMessage",			"operatorClass" : "ReplaceAndWithNandMutantOperator",			"mutationStart" : 229,			"method" : "gtInspectorActionDownloadAllAttachments",			"mutationEnd" : 337		},		{			"operatorDescription" : "Replace #and: with #or:",			"class" : "DSMessage",			"operatorClass" : "ReplaceAndWithOrMutantOperator",			"mutationStart" : 229,			"method" : "gtInspectorActionDownloadAllAttachments",			"mutationEnd" : 337		},		{			"operatorDescription" : "Replace #and: with false",			"class" : "DSMessage",			"operatorClass" : "ReplaceAndWithFalseOperator",			"mutationStart" : 229,			"method" : "gtInspectorActionDownloadAllAttachments",			"mutationEnd" : 337		},		{			"operatorDescription" : "Replace do block with [:each |]",			"class" : "DSMessage",			"operatorClass" : "ReplaceDoBlockWithEmptyBlockOperator",			"mutationStart" : 114,			"method" : "gtInspectorActionDownloadAllAttachments",			"mutationEnd" : 139		},		{			"operatorDescription" : "Remove ^",			"class" : "DSMessage",			"operatorClass" : "RemoveCaretOperator",			"mutationStart" : 52,			"method" : "username",			"mutationEnd" : 68		},		{			"operatorDescription" : "Remove #not",			"class" : "DSMessage",			"operatorClass" : "RemoveNotOperator",			"mutationStart" : 61,			"method" : "hasEmbeds",			"mutationEnd" : 88		},		{			"operatorDescription" : "Remove ^",			"class" : "DSMessage",			"operatorClass" : "RemoveCaretOperator",			"mutationStart" : 59,			"method" : "hasEmbeds",			"mutationEnd" : 88		}	],	"timeBudgetFinished" : false,	"notCoveredInOriginal" : [		{			"operatorDescription" : "Remove ^",			"class" : "DSMessage",			"operatorClass" : "RemoveCaretOperator",			"mutationStart" : 105,			"method" : "materialize",			"mutationEnd" : 175		},		{			"operatorDescription" : "Replace detect: block with [:each | false] when #detect:ifNone: ",			"class" : "DSMessage",			"operatorClass" : "ReplaceDetectIfNoneFirstBlockWithAlwaysFalseBlockOperator",			"mutationStart" : 107,			"method" : "materialize",			"mutationEnd" : 152		},		{			"operatorDescription" : "Replace detect: block with [:each | true] when #detect:ifNone: ",			"class" : "DSMessage",			"operatorClass" : "ReplaceDetectIfNoneFirstBlockWithAlwaysTrueBlockOperator",			"mutationStart" : 107,			"method" : "materialize",			"mutationEnd" : 152		},		{			"operatorDescription" : "Replace ifNone: block with [] when #detect:ifNone:",			"class" : "DSMessage",			"operatorClass" : "ReplaceDetectIfNoneSecondBlockWithEmptyBlockOperator",			"mutationStart" : 107,			"method" : "materialize",			"mutationEnd" : 152		},		{			"operatorDescription" : "Remove ^",			"class" : "DSMessage",			"operatorClass" : "RemoveCaretOperator",			"mutationStart" : 133,			"method" : "hasFuelAttachments",			"mutationEnd" : 238		},		{			"operatorDescription" : "Replace #and: argument with [true]",			"class" : "DSMessage",			"operatorClass" : "ReplaceAndArgumentWithTrueOperator",			"mutationStart" : 135,			"method" : "hasFuelAttachments",			"mutationEnd" : 238		},		{			"operatorDescription" : "Replace #and: receiver with true",			"class" : "DSMessage",			"operatorClass" : "ReplaceAndReceiverWithTrueOperator",			"mutationStart" : 135,			"method" : "hasFuelAttachments",			"mutationEnd" : 238		},		{			"operatorDescription" : "Replace #and: with #bEqv:",			"class" : "DSMessage",			"operatorClass" : "ReplaceAndWithEqvMutantOperator",			"mutationStart" : 135,			"method" : "hasFuelAttachments",			"mutationEnd" : 238		},		{			"operatorDescription" : "Replace #and: with #nand:",			"class" : "DSMessage",			"operatorClass" : "ReplaceAndWithNandMutantOperator",			"mutationStart" : 135,			"method" : "hasFuelAttachments",			"mutationEnd" : 238		},		{			"operatorDescription" : "Replace #and: with false",			"class" : "DSMessage",			"operatorClass" : "ReplaceAndWithFalseOperator",			"mutationStart" : 135,			"method" : "hasFuelAttachments",			"mutationEnd" : 238		},		{			"operatorDescription" : "Remove ^",			"class" : "DSMessage",			"operatorClass" : "RemoveCaretOperator",			"mutationStart" : 58,			"method" : "gtMentionsFor:",			"mutationEnd" : 70		},		{			"operatorDescription" : "Remove ^",			"class" : "DSMessage",			"operatorClass" : "RemoveCaretOperator",			"mutationStart" : 76,			"method" : "gtMentionsFor:",			"mutationEnd" : 255		},		{			"operatorDescription" : "Remove ^",			"class" : "DSMessage",			"operatorClass" : "RemoveCaretOperator",			"mutationStart" : 42,			"method" : "embedImages",			"mutationEnd" : 116		},		{			"operatorDescription" : "Remove ^",			"class" : "DSMessage",			"operatorClass" : "RemoveCaretOperator",			"mutationStart" : 22,			"method" : "numberOfAttachments",			"mutationEnd" : 64		},		{			"operatorDescription" : "Remove ^",			"class" : "DSMessage",			"operatorClass" : "RemoveCaretOperator",			"mutationStart" : 67,			"method" : "gtInspectorContent:",			"mutationEnd" : 203		},		{			"operatorDescription" : "Replace #or: argument with [false]",			"class" : "DSMessage",			"operatorClass" : "ReplaceOrArgumentWithFalseOperator",			"mutationStart" : 152,			"method" : "gtInspectorContent:",			"mutationEnd" : 189		},		{			"operatorDescription" : "Replace #or: receiver with false",			"class" : "DSMessage",			"operatorClass" : "ReplaceOrReceiverWithFalseOperator",			"mutationStart" : 152,			"method" : "gtInspectorContent:",			"mutationEnd" : 189		},		{			"operatorDescription" : "Replace #or: with #and:",			"class" : "DSMessage",			"operatorClass" : "ReplaceOrWithAndMutantOperator",			"mutationStart" : 152,			"method" : "gtInspectorContent:",			"mutationEnd" : 189		},		{			"operatorDescription" : "Replace #or: with #bXor:",			"class" : "DSMessage",			"operatorClass" : "ReplaceOrWithXorMutantOperator",			"mutationStart" : 152,			"method" : "gtInspectorContent:",			"mutationEnd" : 189		},		{			"operatorDescription" : "Replace #or: with true",			"class" : "DSMessage",			"operatorClass" : "ReplaceOrWithTrueOperator",			"mutationStart" : 152,			"method" : "gtInspectorContent:",			"mutationEnd" : 189		},		{			"operatorDescription" : "Remove ^",			"class" : "DSMessage",			"operatorClass" : "RemoveCaretOperator",			"mutationStart" : 66,			"method" : "gtImageFor:",			"mutationEnd" : 78		},		{			"operatorDescription" : "Remove ^",			"class" : "DSMessage",			"operatorClass" : "RemoveCaretOperator",			"mutationStart" : 84,			"method" : "gtImageFor:",			"mutationEnd" : 192		},		{			"operatorDescription" : "Replace #ifFalse: receiver with false",			"class" : "DSMessage",			"operatorClass" : "ReplaceIfFalseReceiverWithFalseOperator",			"mutationStart" : 30,			"method" : "gtImageFor:",			"mutationEnd" : 80		},		{			"operatorDescription" : "Replace #ifFalse: receiver with true",			"class" : "DSMessage",			"operatorClass" : "ReplaceIfFalseReceiverWithTrueOperator",			"mutationStart" : 30,			"method" : "gtImageFor:",			"mutationEnd" : 80		},		{			"operatorDescription" : "Replace #ifFalse: with #ifTrue:",			"class" : "DSMessage",			"operatorClass" : "ReplaceIfFalseWithIfTrueMutantOperator",			"mutationStart" : 30,			"method" : "gtImageFor:",			"mutationEnd" : 80		},		{			"operatorDescription" : "Remove ^",			"class" : "DSMessage",			"operatorClass" : "RemoveCaretOperator",			"mutationStart" : 71,			"method" : "gtInspectorAttachments:",			"mutationEnd" : 191		},		{			"operatorDescription" : "Remove ^",			"class" : "DSMessage",			"operatorClass" : "RemoveCaretOperator",			"mutationStart" : 7,			"method" : "type",			"mutationEnd" : 12		},		{			"operatorDescription" : "Remove ^",			"class" : "DSMessage",			"operatorClass" : "RemoveCaretOperator",			"mutationStart" : 66,			"method" : "gtInspectorEmbeds:",			"mutationEnd" : 171		},		{			"operatorDescription" : "Remove ^",			"class" : "DSMessage",			"operatorClass" : "RemoveCaretOperator",			"mutationStart" : 67,			"method" : "gtAttachmentsFor:",			"mutationEnd" : 79		},		{			"operatorDescription" : "Remove ^",			"class" : "DSMessage",			"operatorClass" : "RemoveCaretOperator",			"mutationStart" : 85,			"method" : "gtAttachmentsFor:",			"mutationEnd" : 165		},		{			"operatorDescription" : "Replace #ifFalse: receiver with false",			"class" : "DSMessage",			"operatorClass" : "ReplaceIfFalseReceiverWithFalseOperator",			"mutationStart" : 36,			"method" : "gtAttachmentsFor:",			"mutationEnd" : 81		},		{			"operatorDescription" : "Replace #ifFalse: receiver with true",			"class" : "DSMessage",			"operatorClass" : "ReplaceIfFalseReceiverWithTrueOperator",			"mutationStart" : 36,			"method" : "gtAttachmentsFor:",			"mutationEnd" : 81		},		{			"operatorDescription" : "Replace #ifFalse: with #ifTrue:",			"class" : "DSMessage",			"operatorClass" : "ReplaceIfFalseWithIfTrueMutantOperator",			"mutationStart" : 36,			"method" : "gtAttachmentsFor:",			"mutationEnd" : 81		},		{			"operatorDescription" : "Remove ^",			"class" : "DSMessage",			"operatorClass" : "RemoveCaretOperator",			"mutationStart" : 84,			"method" : "gtContentFor:",			"mutationEnd" : 96		},		{			"operatorDescription" : "Remove ^",			"class" : "DSMessage",			"operatorClass" : "RemoveCaretOperator",			"mutationStart" : 102,			"method" : "gtContentFor:",			"mutationEnd" : 188		},		{			"operatorDescription" : "Replace #ifFalse: receiver with false",			"class" : "DSMessage",			"operatorClass" : "ReplaceIfFalseReceiverWithFalseOperator",			"mutationStart" : 32,			"method" : "gtContentFor:",			"mutationEnd" : 98		},		{			"operatorDescription" : "Replace #ifFalse: receiver with true",			"class" : "DSMessage",			"operatorClass" : "ReplaceIfFalseReceiverWithTrueOperator",			"mutationStart" : 32,			"method" : "gtContentFor:",			"mutationEnd" : 98		},		{			"operatorDescription" : "Replace #ifFalse: with #ifTrue:",			"class" : "DSMessage",			"operatorClass" : "ReplaceIfFalseWithIfTrueMutantOperator",			"mutationStart" : 32,			"method" : "gtContentFor:",			"mutationEnd" : 98		},		{			"operatorDescription" : "Replace #or: argument with [false]",			"class" : "DSMessage",			"operatorClass" : "ReplaceOrArgumentWithFalseOperator",			"mutationStart" : 32,			"method" : "gtContentFor:",			"mutationEnd" : 71		},		{			"operatorDescription" : "Replace #or: receiver with false",			"class" : "DSMessage",			"operatorClass" : "ReplaceOrReceiverWithFalseOperator",			"mutationStart" : 32,			"method" : "gtContentFor:",			"mutationEnd" : 71		},		{			"operatorDescription" : "Replace #or: with #and:",			"class" : "DSMessage",			"operatorClass" : "ReplaceOrWithAndMutantOperator",			"mutationStart" : 32,			"method" : "gtContentFor:",			"mutationEnd" : 71		},		{			"operatorDescription" : "Replace #or: with #bXor:",			"class" : "DSMessage",			"operatorClass" : "ReplaceOrWithXorMutantOperator",			"mutationStart" : 32,			"method" : "gtContentFor:",			"mutationEnd" : 71		},		{			"operatorDescription" : "Replace #or: with true",			"class" : "DSMessage",			"operatorClass" : "ReplaceOrWithTrueOperator",			"mutationStart" : 32,			"method" : "gtContentFor:",			"mutationEnd" : 71		},		{			"operatorDescription" : "Remove ^",			"class" : "DSMessage",			"operatorClass" : "RemoveCaretOperator",			"mutationStart" : 67,			"method" : "gtInspectorImage:",			"mutationEnd" : 201		},		{			"operatorDescription" : "Remove ^",			"class" : "DSMessage",			"operatorClass" : "RemoveCaretOperator",			"mutationStart" : 17,			"method" : "numberOfEmbeds",			"mutationEnd" : 54		},		{			"operatorDescription" : "Remove ^",			"class" : "DSMessage",			"operatorClass" : "RemoveCaretOperator",			"mutationStart" : 66,			"method" : "hasEmbedImages",			"mutationEnd" : 100		},		{			"operatorDescription" : "Remove ^",			"class" : "DSMessage",			"operatorClass" : "RemoveCaretOperator",			"mutationStart" : 54,			"method" : "imageAttachments",			"mutationEnd" : 88		},		{			"operatorDescription" : "Replace #select: with #reject:",			"class" : "DSMessage",			"operatorClass" : "ReplaceSelectWithRejectMutantOperator",			"mutationStart" : 56,			"method" : "imageAttachments",			"mutationEnd" : 88		},		{			"operatorDescription" : "Replace Select block with [:each | false]",			"class" : "DSMessage",			"operatorClass" : "ReplaceSelectBlockWithAlwaysFalseBlockOperator",			"mutationStart" : 56,			"method" : "imageAttachments",			"mutationEnd" : 88		},		{			"operatorDescription" : "Replace Select block with [:each | true]",			"class" : "DSMessage",			"operatorClass" : "ReplaceSelectBlockWithAlwaysTrueBlockOperator",			"mutationStart" : 56,			"method" : "imageAttachments",			"mutationEnd" : 88		},		{			"operatorDescription" : "Remove ^",			"class" : "DSMessage",			"operatorClass" : "RemoveCaretOperator",			"mutationStart" : 54,			"method" : "authorName",			"mutationEnd" : 121		},		{			"operatorDescription" : "Remove ^",			"class" : "DSMessage",			"operatorClass" : "RemoveCaretOperator",			"mutationStart" : 19,			"method" : "printFullMessage",			"mutationEnd" : 91		},		{			"operatorDescription" : "Replace do block with [:each |]",			"class" : "DSMessage",			"operatorClass" : "ReplaceDoBlockWithEmptyBlockOperator",			"mutationStart" : 106,			"method" : "printFullMessageOn:",			"mutationEnd" : 177		},		{			"operatorDescription" : "Remove ^",			"class" : "DSMessage",			"operatorClass" : "RemoveCaretOperator",			"mutationStart" : 72,			"method" : "gtInspectorEmbedImage:",			"mutationEnd" : 196		},		{			"operatorDescription" : "Remove ^",			"class" : "DSMessage",			"operatorClass" : "RemoveCaretOperator",			"mutationStart" : 17,			"method" : "mentionRoleIds",			"mutationEnd" : 32		},		{			"operatorDescription" : "Remove #not",			"class" : "DSMessage",			"operatorClass" : "RemoveNotOperator",			"mutationStart" : 312,			"method" : "gtInspectorActionDownloadAllAttachments",			"mutationEnd" : 333		},		{			"operatorDescription" : "Remove ^",			"class" : "DSMessage",			"operatorClass" : "RemoveCaretOperator",			"mutationStart" : 63,			"method" : "gtInspectorActionDownloadAllAttachments",			"mutationEnd" : 376		},		{			"operatorDescription" : "Replace #and: argument with [true]",			"class" : "DSMessage",			"operatorClass" : "ReplaceAndArgumentWithTrueOperator",			"mutationStart" : 229,			"method" : "gtInspectorActionDownloadAllAttachments",			"mutationEnd" : 337		},		{			"operatorDescription" : "Replace #and: receiver with true",			"class" : "DSMessage",			"operatorClass" : "ReplaceAndReceiverWithTrueOperator",			"mutationStart" : 229,			"method" : "gtInspectorActionDownloadAllAttachments",			"mutationEnd" : 337		},		{			"operatorDescription" : "Replace #and: with #bEqv:",			"class" : "DSMessage",			"operatorClass" : "ReplaceAndWithEqvMutantOperator",			"mutationStart" : 229,			"method" : "gtInspectorActionDownloadAllAttachments",			"mutationEnd" : 337		},		{			"operatorDescription" : "Replace #and: with #nand:",			"class" : "DSMessage",			"operatorClass" : "ReplaceAndWithNandMutantOperator",			"mutationStart" : 229,			"method" : "gtInspectorActionDownloadAllAttachments",			"mutationEnd" : 337		},		{			"operatorDescription" : "Replace #and: with #or:",			"class" : "DSMessage",			"operatorClass" : "ReplaceAndWithOrMutantOperator",			"mutationStart" : 229,			"method" : "gtInspectorActionDownloadAllAttachments",			"mutationEnd" : 337		},		{			"operatorDescription" : "Replace #and: with false",			"class" : "DSMessage",			"operatorClass" : "ReplaceAndWithFalseOperator",			"mutationStart" : 229,			"method" : "gtInspectorActionDownloadAllAttachments",			"mutationEnd" : 337		},		{			"operatorDescription" : "Replace do block with [:each |]",			"class" : "DSMessage",			"operatorClass" : "ReplaceDoBlockWithEmptyBlockOperator",			"mutationStart" : 114,			"method" : "gtInspectorActionDownloadAllAttachments",			"mutationEnd" : 139		},		{			"operatorDescription" : "Remove ^",			"class" : "DSMessage",			"operatorClass" : "RemoveCaretOperator",			"mutationStart" : 52,			"method" : "username",			"mutationEnd" : 68		},		{			"operatorDescription" : "Remove #not",			"class" : "DSMessage",			"operatorClass" : "RemoveNotOperator",			"mutationStart" : 61,			"method" : "hasEmbeds",			"mutationEnd" : 88		},		{			"operatorDescription" : "Remove ^",			"class" : "DSMessage",			"operatorClass" : "RemoveCaretOperator",			"mutationStart" : 59,			"method" : "hasEmbeds",			"mutationEnd" : 88		},		{			"operatorDescription" : "Remove ^",			"class" : "DSMessage class",			"operatorClass" : "RemoveCaretOperator",			"mutationStart" : 24,			"method" : "embedAll",			"mutationEnd" : 83		},		{			"operatorDescription" : "Remove ^",			"class" : "DSMessage class",			"operatorClass" : "RemoveCaretOperator",			"mutationStart" : 21,			"method" : "empty",			"mutationEnd" : 142		},		{			"operatorDescription" : "Remove ^",			"class" : "DSMessage class",			"operatorClass" : "RemoveCaretOperator",			"mutationStart" : 20,			"method" : "defaultCollection",			"mutationEnd" : 35		},		{			"operatorDescription" : "Remove ^",			"class" : "DSMessage class",			"operatorClass" : "RemoveCaretOperator",			"mutationStart" : 31,			"method" : "embedScreenshot",			"mutationEnd" : 97		},		{			"operatorDescription" : "Remove ^",			"class" : "DSMessage class",			"operatorClass" : "RemoveCaretOperator",			"mutationStart" : 32,			"method" : "embedDescription",			"mutationEnd" : 99		},		{			"operatorDescription" : "Remove ^",			"class" : "DSMessage class",			"operatorClass" : "RemoveCaretOperator",			"mutationStart" : 23,			"method" : "content",			"mutationEnd" : 126		}	],	"testCase" : "DSMessageTest",	"unixtime" : 1602058436,	"timeTotal" : 12873}