{	"targetClasses" : [		"DSModelJsonMapping"	],	"testMethodsIgnored" : [ ],	"methodsNotProfiled" : [		"DSModelJsonMapping class>>#readMessages:",		"DSModelJsonMapping class>>#writeMessages:"	],	"numberOfOriginalTestMethods" : 69,	"timeDetail" : [		"init: % 0.66 (2 minutes 53 seconds 579 milliseconds)",		"assertionAmplification: % 8.97 (39 minutes 19 seconds 898 milliseconds)",		"selection: % 11.39 (49 minutes 56 seconds 757 milliseconds)",		"inputAmplification: % 78.60 (5 hours 44 minutes 35 seconds 281 milliseconds)",		"finalize: % 0.38 (1 minute 40 seconds 149 milliseconds)"	],	"notCoveredInAmplified" : [		{			"operatorDescription" : "Remove ^",			"class" : "DSModelJsonMapping class",			"operatorClass" : "RemoveCaretOperator",			"mutationStart" : 22,			"method" : "readMessages:",			"mutationEnd" : 122		},		{			"operatorDescription" : "Remove ^",			"class" : "DSModelJsonMapping class",			"operatorClass" : "RemoveCaretOperator",			"mutationStart" : 29,			"method" : "writeMessages:",			"mutationEnd" : 96		}	],	"mutationScoreAfter" : 97,	"mutationScoreBefore" : 97,	"testAmpLoc" : 0,	"amplifiedMethods" : [ ],	"testLoc" : "781",	"amplifiedClass" : "DSModelJsonMappingTest18160",	"numberOfAllMutationsInOriginal" : 67,	"targetLoc" : 1488,	"newCovered" : [ ],	"timeBudgetFinished" : false,	"notCoveredInOriginal" : [		{			"operatorDescription" : "Remove ^",			"class" : "DSModelJsonMapping class",			"operatorClass" : "RemoveCaretOperator",			"mutationStart" : 22,			"method" : "readMessages:",			"mutationEnd" : 122		},		{			"operatorDescription" : "Remove ^",			"class" : "DSModelJsonMapping class",			"operatorClass" : "RemoveCaretOperator",			"mutationStart" : 29,			"method" : "writeMessages:",			"mutationEnd" : 96		}	],	"testCase" : "DSModelJsonMappingTest",	"unixtime" : 1602085548,	"timeTotal" : 26305}