{	"targetClasses" : [		"DSPackageSelection"	],	"testMethodsIgnored" : [ ],	"methodsNotProfiled" : [		"DSPackageSelection>>#accept:",		"DSPackageSelection>>#classes:",		"DSPackageSelection>>#addClassSelection:"	],	"numberOfOriginalTestMethods" : 10,	"timeDetail" : [		"init: % 47.77 (225 milliseconds)",		"finalize: % 52.23 (246 milliseconds)"	],	"notCoveredInAmplified" : [		{			"operatorDescription" : "Remove ^",			"class" : "DSPackageSelection",			"operatorClass" : "RemoveCaretOperator",			"mutationStart" : 19,			"method" : "accept:",			"mutationEnd" : 58		},		{			"operatorDescription" : "Remove ^",			"class" : "DSPackageSelection",			"operatorClass" : "RemoveCaretOperator",			"mutationStart" : 10,			"method" : "classes",			"mutationEnd" : 18		},		{			"operatorDescription" : "Remove ^",			"class" : "DSPackageSelection",			"operatorClass" : "RemoveCaretOperator",			"mutationStart" : 37,			"method" : "addClassSelection:",			"mutationEnd" : 75		},		{			"operatorDescription" : "Remove ^",			"class" : "DSPackageSelection",			"operatorClass" : "RemoveCaretOperator",			"mutationStart" : 11,			"method" : "children",			"mutationEnd" : 24		}	],	"mutationScoreAfter" : 0,	"mutationScoreBefore" : 0,	"testAmpLoc" : 50,	"amplifiedMethods" : [		"DSPackageSelectionTest915>>#testEnabledChanged_amp"	],	"testLoc" : "2",	"amplifiedClass" : "DSPackageSelectionTest915",	"numberOfAllMutationsInOriginal" : 4,	"targetLoc" : 13,	"newCovered" : [ ],	"timeBudgetFinished" : false,	"notCoveredInOriginal" : [		{			"operatorDescription" : "Remove ^",			"class" : "DSPackageSelection",			"operatorClass" : "RemoveCaretOperator",			"mutationStart" : 19,			"method" : "accept:",			"mutationEnd" : 58		},		{			"operatorDescription" : "Remove ^",			"class" : "DSPackageSelection",			"operatorClass" : "RemoveCaretOperator",			"mutationStart" : 10,			"method" : "classes",			"mutationEnd" : 18		},		{			"operatorDescription" : "Remove ^",			"class" : "DSPackageSelection",			"operatorClass" : "RemoveCaretOperator",			"mutationStart" : 37,			"method" : "addClassSelection:",			"mutationEnd" : 75		},		{			"operatorDescription" : "Remove ^",			"class" : "DSPackageSelection",			"operatorClass" : "RemoveCaretOperator",			"mutationStart" : 11,			"method" : "children",			"mutationEnd" : 24		}	],	"testCase" : "DSPackageSelectionTest",	"unixtime" : 1601927867,	"timeTotal" : 0}