{	"targetClasses" : [		"DSPharoLinkV2Converter"	],	"testMethodsIgnored" : [ ],	"methodsNotProfiled" : [ ],	"numberOfOriginalTestMethods" : 3,	"timeDetail" : [		"init: % 0.04 (355 milliseconds)",		"assertionAmplification: % 51.86 (7 minutes 39 seconds 695 milliseconds)",		"selection: % 39.13 (5 minutes 46 seconds 832 milliseconds)",		"inputAmplification: % 8.91 (1 minute 18 seconds 951 milliseconds)",		"finalize: % 0.06 (498 milliseconds)"	],	"notCoveredInAmplified" : [		{			"operatorDescription" : "Remove ^",			"class" : "DSPharoLinkV2Converter",			"operatorClass" : "RemoveCaretOperator",			"mutationStart" : 343,			"method" : "decodedData",			"mutationEnd" : 620		},		{			"operatorDescription" : "Replace #- with #+",			"class" : "DSPharoLinkV2Converter",			"operatorClass" : "ReplaceMinusWithPlusMutantOperator",			"mutationStart" : 532,			"method" : "decodedData",			"mutationEnd" : 540		},		{			"operatorDescription" : "Replace #- with #+",			"class" : "DSPharoLinkV2Converter",			"operatorClass" : "ReplaceMinusWithPlusMutantOperator",			"mutationStart" : 569,			"method" : "decodedData",			"mutationEnd" : 589		},		{			"operatorDescription" : "Replace #= with #'~='",			"class" : "DSPharoLinkV2Converter",			"operatorClass" : "ReplaceEqualWithNotEqualOperator",			"mutationStart" : 473,			"method" : "decodedData",			"mutationEnd" : 485		}	],	"mutationScoreAfter" : 73,	"mutationScoreBefore" : 73,	"testAmpLoc" : 2135,	"amplifiedMethods" : [		"DSPharoLinkV2ConverterTest7890>>#testMarkdown_amp",		"DSPharoLinkV2ConverterTest7890>>#testMarkdown_amp_A20_A24_R11",		"DSPharoLinkV2ConverterTest7890>>#testMarkdown_amp_R2",		"DSPharoLinkV2ConverterTest7890>>#testMarkdown_amp_A5"	],	"testLoc" : "50",	"amplifiedClass" : "DSPharoLinkV2ConverterTest7890",	"numberOfAllMutationsInOriginal" : 15,	"targetLoc" : 86,	"newCovered" : [ ],	"timeBudgetFinished" : false,	"notCoveredInOriginal" : [		{			"operatorDescription" : "Remove ^",			"class" : "DSPharoLinkV2Converter",			"operatorClass" : "RemoveCaretOperator",			"mutationStart" : 343,			"method" : "decodedData",			"mutationEnd" : 620		},		{			"operatorDescription" : "Replace #- with #+",			"class" : "DSPharoLinkV2Converter",			"operatorClass" : "ReplaceMinusWithPlusMutantOperator",			"mutationStart" : 532,			"method" : "decodedData",			"mutationEnd" : 540		},		{			"operatorDescription" : "Replace #- with #+",			"class" : "DSPharoLinkV2Converter",			"operatorClass" : "ReplaceMinusWithPlusMutantOperator",			"mutationStart" : 569,			"method" : "decodedData",			"mutationEnd" : 589		},		{			"operatorDescription" : "Replace #= with #'~='",			"class" : "DSPharoLinkV2Converter",			"operatorClass" : "ReplaceEqualWithNotEqualOperator",			"mutationStart" : 473,			"method" : "decodedData",			"mutationEnd" : 485		}	],	"testCase" : "DSPharoLinkV2ConverterTest",	"unixtime" : 1602022561,	"timeTotal" : 886}