{	"targetClasses" : [		"DSRegistries"	],	"testMethodsIgnored" : [ ],	"methodsNotProfiled" : [		"DSRegistries>>#unsubscribe:",		"DSRegistries class>>#pragmaChanged:",		"DSRegistries class>>#addRegistryFromPragma:",		"DSRegistries class>>#pragmaRemoved:"	],	"numberOfOriginalTestMethods" : 2,	"timeDetail" : [		"init: % 0.16 (1 second 935 milliseconds)",		"assertionAmplification: % 90.60 (18 minutes 23 seconds 78 milliseconds)",		"selection: % 8.03 (1 minute 37 seconds 723 milliseconds)",		"inputAmplification: % 0.87 (10 seconds 588 milliseconds)",		"finalize: % 0.35 (4 seconds 223 milliseconds)"	],	"notCoveredInAmplified" : [		{			"operatorDescription" : "Remove ^",			"class" : "DSRegistries",			"operatorClass" : "RemoveCaretOperator",			"mutationStart" : 60,			"method" : "announceSelectionChanged:",			"mutationEnd" : 65		},		{			"operatorDescription" : "Remove ^",			"class" : "DSRegistries class",			"operatorClass" : "RemoveCaretOperator",			"mutationStart" : 68,			"method" : "uniqueInstance",			"mutationEnd" : 83		},		{			"operatorDescription" : "Remove ^",			"class" : "DSRegistries class",			"operatorClass" : "RemoveCaretOperator",			"mutationStart" : 56,			"method" : "webhook",			"mutationEnd" : 105		},		{			"operatorDescription" : "Replace #= with #'~='",			"class" : "DSRegistries class",			"operatorClass" : "ReplaceEqualWithNotEqualOperator",			"mutationStart" : 81,			"method" : "pragmaRemoved:",			"mutationEnd" : 123		},		{			"operatorDescription" : "Replace #= with #'~='",			"class" : "DSRegistries class",			"operatorClass" : "ReplaceEqualWithNotEqualOperator",			"mutationStart" : 174,			"method" : "setUniqueInstance",			"mutationEnd" : 204		},		{			"operatorDescription" : "Replace do block with [:each |]",			"class" : "DSRegistries class",			"operatorClass" : "ReplaceDoBlockWithEmptyBlockOperator",			"mutationStart" : 374,			"method" : "setUniqueInstance",			"mutationEnd" : 455		}	],	"mutationScoreAfter" : 53,	"mutationScoreBefore" : 38,	"testAmpLoc" : 1245,	"amplifiedMethods" : [		"DSRegistriesTest2526>>#testSelection_amp_A2",		"DSRegistriesTest2526>>#testSelection_amp_A6"	],	"testLoc" : "14",	"amplifiedClass" : "DSRegistriesTest2526",	"numberOfAllMutationsInOriginal" : 13,	"targetLoc" : 137,	"newCovered" : [		{			"operatorDescription" : "Remove ^",			"class" : "DSRegistries",			"operatorClass" : "RemoveCaretOperator",			"mutationStart" : 19,			"method" : "defaultSelection",			"mutationEnd" : 60		},		{			"operatorDescription" : "Remove ^",			"class" : "DSRegistries",			"operatorClass" : "RemoveCaretOperator",			"mutationStart" : 119,			"method" : "onSelectionChangedDo:",			"mutationEnd" : 199		},		{			"operatorDescription" : "Remove ^",			"class" : "DSRegistries class",			"operatorClass" : "RemoveCaretOperator",			"mutationStart" : 90,			"method" : "twoWebhooksAndOneClient",			"mutationEnd" : 159		}	],	"timeBudgetFinished" : false,	"notCoveredInOriginal" : [		{			"operatorDescription" : "Remove ^",			"class" : "DSRegistries",			"operatorClass" : "RemoveCaretOperator",			"mutationStart" : 19,			"method" : "defaultSelection",			"mutationEnd" : 60		},		{			"operatorDescription" : "Remove ^",			"class" : "DSRegistries",			"operatorClass" : "RemoveCaretOperator",			"mutationStart" : 60,			"method" : "announceSelectionChanged:",			"mutationEnd" : 65		},		{			"operatorDescription" : "Remove ^",			"class" : "DSRegistries",			"operatorClass" : "RemoveCaretOperator",			"mutationStart" : 119,			"method" : "onSelectionChangedDo:",			"mutationEnd" : 199		},		{			"operatorDescription" : "Remove ^",			"class" : "DSRegistries class",			"operatorClass" : "RemoveCaretOperator",			"mutationStart" : 68,			"method" : "uniqueInstance",			"mutationEnd" : 83		},		{			"operatorDescription" : "Remove ^",			"class" : "DSRegistries class",			"operatorClass" : "RemoveCaretOperator",			"mutationStart" : 56,			"method" : "webhook",			"mutationEnd" : 105		},		{			"operatorDescription" : "Replace #= with #'~='",			"class" : "DSRegistries class",			"operatorClass" : "ReplaceEqualWithNotEqualOperator",			"mutationStart" : 81,			"method" : "pragmaRemoved:",			"mutationEnd" : 123		},		{			"operatorDescription" : "Replace #= with #'~='",			"class" : "DSRegistries class",			"operatorClass" : "ReplaceEqualWithNotEqualOperator",			"mutationStart" : 174,			"method" : "setUniqueInstance",			"mutationEnd" : 204		},		{			"operatorDescription" : "Replace do block with [:each |]",			"class" : "DSRegistries class",			"operatorClass" : "ReplaceDoBlockWithEmptyBlockOperator",			"mutationStart" : 374,			"method" : "setUniqueInstance",			"mutationEnd" : 455		}	],	"testCase" : "DSRegistriesTest",	"unixtime" : 1601943267,	"timeTotal" : 1217}