{	"targetClasses" : [		"DSSendRegistriesItem"	],	"testMethodsIgnored" : [ ],	"methodsNotProfiled" : [		"DSSendRegistriesItem>>#accept:",		"DSSendRegistriesItem>>#send:",		"DSSendRegistriesItem>>#gtInspectorRegistriesIn:"	],	"numberOfOriginalTestMethods" : 3,	"timeDetail" : [		"init: % 0.01 (658 milliseconds)",		"assertionAmplification: % 97.09 (2 hours 2 minutes 4 seconds 575 milliseconds)",		"selection: % 2.30 (2 minutes 53 seconds 457 milliseconds)",		"inputAmplification: % 0.60 (45 seconds 192 milliseconds)",		"finalize: % 0.01 (496 milliseconds)"	],	"notCoveredInAmplified" : [		{			"operatorDescription" : "Remove ^",			"class" : "DSSendRegistriesItem",			"operatorClass" : "RemoveCaretOperator",			"mutationStart" : 19,			"method" : "accept:",			"mutationEnd" : 60		},		{			"operatorDescription" : "Remove #not",			"class" : "DSSendRegistriesItem",			"operatorClass" : "RemoveNotOperator",			"mutationStart" : 176,			"method" : "gtInspectorRegistriesIn:",			"mutationEnd" : 207		},		{			"operatorDescription" : "Remove ^",			"class" : "DSSendRegistriesItem",			"operatorClass" : "RemoveCaretOperator",			"mutationStart" : 72,			"method" : "gtInspectorRegistriesIn:",			"mutationEnd" : 222		},		{			"operatorDescription" : "Remove ^",			"class" : "DSSendRegistriesItem class",			"operatorClass" : "RemoveCaretOperator",			"mutationStart" : 67,			"method" : "twoWebhooksAndOneClient",			"mutationEnd" : 139		}	],	"mutationScoreAfter" : 50,	"mutationScoreBefore" : 12,	"testAmpLoc" : 130,	"amplifiedMethods" : [		"DSSendRegistriesItemTest1941>>#testAnnouncer_amp"	],	"testLoc" : "8",	"amplifiedClass" : "DSSendRegistriesItemTest1941",	"numberOfAllMutationsInOriginal" : 8,	"targetLoc" : 38,	"newCovered" : [		{			"operatorDescription" : "Remove ^",			"class" : "DSSendRegistriesItem",			"operatorClass" : "RemoveCaretOperator",			"mutationStart" : 52,			"method" : "selectedRegistry",			"mutationEnd" : 78		},		{			"operatorDescription" : "Remove ^",			"class" : "DSSendRegistriesItem",			"operatorClass" : "RemoveCaretOperator",			"mutationStart" : 11,			"method" : "children",			"mutationEnd" : 27		},		{			"operatorDescription" : "Remove ^",			"class" : "DSSendRegistriesItem",			"operatorClass" : "RemoveCaretOperator",			"mutationStart" : 19,			"method" : "isRegistriesItem",			"mutationEnd" : 24		}	],	"timeBudgetFinished" : false,	"notCoveredInOriginal" : [		{			"operatorDescription" : "Remove ^",			"class" : "DSSendRegistriesItem",			"operatorClass" : "RemoveCaretOperator",			"mutationStart" : 19,			"method" : "accept:",			"mutationEnd" : 60		},		{			"operatorDescription" : "Remove ^",			"class" : "DSSendRegistriesItem",			"operatorClass" : "RemoveCaretOperator",			"mutationStart" : 52,			"method" : "selectedRegistry",			"mutationEnd" : 78		},		{			"operatorDescription" : "Remove ^",			"class" : "DSSendRegistriesItem",			"operatorClass" : "RemoveCaretOperator",			"mutationStart" : 11,			"method" : "children",			"mutationEnd" : 27		},		{			"operatorDescription" : "Remove ^",			"class" : "DSSendRegistriesItem",			"operatorClass" : "RemoveCaretOperator",			"mutationStart" : 19,			"method" : "isRegistriesItem",			"mutationEnd" : 24		},		{			"operatorDescription" : "Remove #not",			"class" : "DSSendRegistriesItem",			"operatorClass" : "RemoveNotOperator",			"mutationStart" : 176,			"method" : "gtInspectorRegistriesIn:",			"mutationEnd" : 207		},		{			"operatorDescription" : "Remove ^",			"class" : "DSSendRegistriesItem",			"operatorClass" : "RemoveCaretOperator",			"mutationStart" : 72,			"method" : "gtInspectorRegistriesIn:",			"mutationEnd" : 222		},		{			"operatorDescription" : "Remove ^",			"class" : "DSSendRegistriesItem class",			"operatorClass" : "RemoveCaretOperator",			"mutationStart" : 67,			"method" : "twoWebhooksAndOneClient",			"mutationEnd" : 139		}	],	"testCase" : "DSSendRegistriesItemTest",	"unixtime" : 1601935923,	"timeTotal" : 7544}