{	"targetClasses" : [		"DSSendAttachmentsItem"	],	"testMethodsIgnored" : [ ],	"methodsNotProfiled" : [		"DSSendAttachmentsItem>>#gtInspectorAttachmentsIn:",		"DSSendAttachmentsItem>>#accept:",		"DSSendAttachmentsItem>>#addCodeSnippet:",		"DSSendAttachmentsItem>>#addPackages:",		"DSSendAttachmentsItem>>#attachments:"	],	"numberOfOriginalTestMethods" : 3,	"timeDetail" : [		"init: % 13.30 (2 seconds 990 milliseconds)",		"assertionAmplification: % 81.63 (18 seconds 345 milliseconds)",		"selection: % 0.00 (0 seconds)",		"inputAmplification: % 0.00 (0 seconds)",		"finalize: % 5.06 (1 second 138 milliseconds)"	],	"notCoveredInAmplified" : [		{			"operatorDescription" : "Remove ^",			"class" : "DSSendAttachmentsItem",			"operatorClass" : "RemoveCaretOperator",			"mutationStart" : 73,			"method" : "gtInspectorAttachmentsIn:",			"mutationEnd" : 234		},		{			"operatorDescription" : "Replace #and: argument with [true]",			"class" : "DSSendAttachmentsItem",			"operatorClass" : "ReplaceAndArgumentWithTrueOperator",			"mutationStart" : 25,			"method" : "isSelectedAndEnabled",			"mutationEnd" : 63		},		{			"operatorDescription" : "Replace #and: receiver with true",			"class" : "DSSendAttachmentsItem",			"operatorClass" : "ReplaceAndReceiverWithTrueOperator",			"mutationStart" : 25,			"method" : "isSelectedAndEnabled",			"mutationEnd" : 63		},		{			"operatorDescription" : "Replace #and: with #bEqv:",			"class" : "DSSendAttachmentsItem",			"operatorClass" : "ReplaceAndWithEqvMutantOperator",			"mutationStart" : 25,			"method" : "isSelectedAndEnabled",			"mutationEnd" : 63		},		{			"operatorDescription" : "Replace #and: with #nand:",			"class" : "DSSendAttachmentsItem",			"operatorClass" : "ReplaceAndWithNandMutantOperator",			"mutationStart" : 25,			"method" : "isSelectedAndEnabled",			"mutationEnd" : 63		},		{			"operatorDescription" : "Replace #and: with #or:",			"class" : "DSSendAttachmentsItem",			"operatorClass" : "ReplaceAndWithOrMutantOperator",			"mutationStart" : 25,			"method" : "isSelectedAndEnabled",			"mutationEnd" : 63		},		{			"operatorDescription" : "Replace #and: with false",			"class" : "DSSendAttachmentsItem",			"operatorClass" : "ReplaceAndWithFalseOperator",			"mutationStart" : 25,			"method" : "isSelectedAndEnabled",			"mutationEnd" : 63		},		{			"operatorDescription" : "Remove ^",			"class" : "DSSendAttachmentsItem",			"operatorClass" : "RemoveCaretOperator",			"mutationStart" : 19,			"method" : "accept:",			"mutationEnd" : 61		},		{			"operatorDescription" : "Remove ^",			"class" : "DSSendAttachmentsItem",			"operatorClass" : "RemoveCaretOperator",			"mutationStart" : 27,			"method" : "addCodeSnippet:",			"mutationEnd" : 102		},		{			"operatorDescription" : "Remove ^",			"class" : "DSSendAttachmentsItem",			"operatorClass" : "RemoveCaretOperator",			"mutationStart" : 28,			"method" : "addPackages:",			"mutationEnd" : 101		},		{			"operatorDescription" : "Remove ^",			"class" : "DSSendAttachmentsItem",			"operatorClass" : "RemoveCaretOperator",			"mutationStart" : 16,			"method" : "basicChildren",			"mutationEnd" : 33		},		{			"operatorDescription" : "Replace #= with #'~='",			"class" : "DSSendAttachmentsItem",			"operatorClass" : "ReplaceEqualWithNotEqualOperator",			"mutationStart" : 118,			"method" : "screenshotsAttachment",			"mutationEnd" : 167		},		{			"operatorDescription" : "Remove ^",			"class" : "DSSendAttachmentsItem",			"operatorClass" : "RemoveCaretOperator",			"mutationStart" : 30,			"method" : "addMorphScreenshot:",			"mutationEnd" : 74		},		{			"operatorDescription" : "Remove ^",			"class" : "DSSendAttachmentsItem",			"operatorClass" : "RemoveCaretOperator",			"mutationStart" : 106,			"method" : "children",			"mutationEnd" : 123		},		{			"operatorDescription" : "Remove ^",			"class" : "DSSendAttachmentsItem",			"operatorClass" : "RemoveCaretOperator",			"mutationStart" : 19,			"method" : "isAttachmentItem",			"mutationEnd" : 24		},		{			"operatorDescription" : "Remove ^",			"class" : "DSSendAttachmentsItem class",			"operatorClass" : "RemoveCaretOperator",			"mutationStart" : 66,			"method" : "twoPackages",			"mutationEnd" : 150		},		{			"operatorDescription" : "Remove ^",			"class" : "DSSendAttachmentsItem class",			"operatorClass" : "RemoveCaretOperator",			"mutationStart" : 80,			"method" : "twoRandomMorphs",			"mutationEnd" : 152		},		{			"operatorDescription" : "Remove ^",			"class" : "DSSendAttachmentsItem class",			"operatorClass" : "RemoveCaretOperator",			"mutationStart" : 70,			"method" : "codeSnippet",			"mutationEnd" : 134		},		{			"operatorDescription" : "Remove ^",			"class" : "DSSendAttachmentsItem class",			"operatorClass" : "RemoveCaretOperator",			"mutationStart" : 80,			"method" : "screenshotsAndPackages",			"mutationEnd" : 216		}	],	"mutationScoreAfter" : 17,	"mutationScoreBefore" : 26,	"testAmpLoc" : 130,	"amplifiedMethods" : [		"DSSendAttachmentsItemTest2028>>#testAnnouncer_amp"	],	"testLoc" : "10",	"amplifiedClass" : "DSSendAttachmentsItemTest2028",	"numberOfAllMutationsInOriginal" : 23,	"targetLoc" : 92,	"newCovered" : [ ],	"timeBudgetFinished" : false,	"notCoveredInOriginal" : [		{			"operatorDescription" : "Remove ^",			"class" : "DSSendAttachmentsItem",			"operatorClass" : "RemoveCaretOperator",			"mutationStart" : 73,			"method" : "gtInspectorAttachmentsIn:",			"mutationEnd" : 234		},		{			"operatorDescription" : "Replace #and: argument with [true]",			"class" : "DSSendAttachmentsItem",			"operatorClass" : "ReplaceAndArgumentWithTrueOperator",			"mutationStart" : 25,			"method" : "isSelectedAndEnabled",			"mutationEnd" : 63		},		{			"operatorDescription" : "Replace #and: receiver with true",			"class" : "DSSendAttachmentsItem",			"operatorClass" : "ReplaceAndReceiverWithTrueOperator",			"mutationStart" : 25,			"method" : "isSelectedAndEnabled",			"mutationEnd" : 63		},		{			"operatorDescription" : "Replace #and: with #bEqv:",			"class" : "DSSendAttachmentsItem",			"operatorClass" : "ReplaceAndWithEqvMutantOperator",			"mutationStart" : 25,			"method" : "isSelectedAndEnabled",			"mutationEnd" : 63		},		{			"operatorDescription" : "Replace #and: with #nand:",			"class" : "DSSendAttachmentsItem",			"operatorClass" : "ReplaceAndWithNandMutantOperator",			"mutationStart" : 25,			"method" : "isSelectedAndEnabled",			"mutationEnd" : 63		},		{			"operatorDescription" : "Replace #and: with #or:",			"class" : "DSSendAttachmentsItem",			"operatorClass" : "ReplaceAndWithOrMutantOperator",			"mutationStart" : 25,			"method" : "isSelectedAndEnabled",			"mutationEnd" : 63		},		{			"operatorDescription" : "Replace #and: with false",			"class" : "DSSendAttachmentsItem",			"operatorClass" : "ReplaceAndWithFalseOperator",			"mutationStart" : 25,			"method" : "isSelectedAndEnabled",			"mutationEnd" : 63		},		{			"operatorDescription" : "Remove ^",			"class" : "DSSendAttachmentsItem",			"operatorClass" : "RemoveCaretOperator",			"mutationStart" : 19,			"method" : "accept:",			"mutationEnd" : 61		},		{			"operatorDescription" : "Remove ^",			"class" : "DSSendAttachmentsItem",			"operatorClass" : "RemoveCaretOperator",			"mutationStart" : 27,			"method" : "addCodeSnippet:",			"mutationEnd" : 102		},		{			"operatorDescription" : "Remove ^",			"class" : "DSSendAttachmentsItem",			"operatorClass" : "RemoveCaretOperator",			"mutationStart" : 28,			"method" : "addPackages:",			"mutationEnd" : 101		},		{			"operatorDescription" : "Remove ^",			"class" : "DSSendAttachmentsItem",			"operatorClass" : "RemoveCaretOperator",			"mutationStart" : 16,			"method" : "basicChildren",			"mutationEnd" : 33		},		{			"operatorDescription" : "Remove ^",			"class" : "DSSendAttachmentsItem",			"operatorClass" : "RemoveCaretOperator",			"mutationStart" : 106,			"method" : "children",			"mutationEnd" : 123		},		{			"operatorDescription" : "Remove ^",			"class" : "DSSendAttachmentsItem",			"operatorClass" : "RemoveCaretOperator",			"mutationStart" : 19,			"method" : "isAttachmentItem",			"mutationEnd" : 24		},		{			"operatorDescription" : "Remove ^",			"class" : "DSSendAttachmentsItem class",			"operatorClass" : "RemoveCaretOperator",			"mutationStart" : 66,			"method" : "twoPackages",			"mutationEnd" : 150		},		{			"operatorDescription" : "Remove ^",			"class" : "DSSendAttachmentsItem class",			"operatorClass" : "RemoveCaretOperator",			"mutationStart" : 80,			"method" : "twoRandomMorphs",			"mutationEnd" : 152		},		{			"operatorDescription" : "Remove ^",			"class" : "DSSendAttachmentsItem class",			"operatorClass" : "RemoveCaretOperator",			"mutationStart" : 70,			"method" : "codeSnippet",			"mutationEnd" : 134		},		{			"operatorDescription" : "Remove ^",			"class" : "DSSendAttachmentsItem class",			"operatorClass" : "RemoveCaretOperator",			"mutationStart" : 80,			"method" : "screenshotsAndPackages",			"mutationEnd" : 216		}	],	"testCase" : "DSSendAttachmentsItemTest",	"unixtime" : 1601937895,	"timeTotal" : 22}