{	"targetClasses" : [		"DSSendActionbarMorph"	],	"testMethodsIgnored" : [ ],	"methodsNotProfiled" : [		"DSSendActionbarMorph>>#unsubscribeCancelAndSendActions:",		"DSSendActionbarMorph>>#registries:"	],	"numberOfOriginalTestMethods" : 5,	"timeDetail" : [		"init: % 26.43 (47 seconds 461 milliseconds)",		"assertionAmplification: % 39.58 (1 minute 11 seconds 64 milliseconds)",		"selection: % 0.00 (0 seconds)",		"inputAmplification: % 0.00 (0 seconds)",		"finalize: % 33.99 (1 minute 1 second 24 milliseconds)"	],	"notCoveredInAmplified" : [		{			"operatorDescription" : "Remove ^",			"class" : "DSSendActionbarMorph",			"operatorClass" : "RemoveCaretOperator",			"mutationStart" : 26,			"method" : "newHorizontalSpaceMorph",			"mutationEnd" : 100		},		{			"operatorDescription" : "Remove ^",			"class" : "DSSendActionbarMorph",			"operatorClass" : "RemoveCaretOperator",			"mutationStart" : 38,			"method" : "registries",			"mutationEnd" : 70		},		{			"operatorDescription" : "Remove ^",			"class" : "DSSendActionbarMorph class",			"operatorClass" : "RemoveCaretOperator",			"mutationStart" : 76,			"method" : "basic",			"mutationEnd" : 115		},		{			"operatorDescription" : "Remove ^",			"class" : "DSSendActionbarMorph class",			"operatorClass" : "RemoveCaretOperator",			"mutationStart" : 189,			"method" : "twoWebhooks",			"mutationEnd" : 192		},		{			"operatorDescription" : "Remove ^",			"class" : "DSSendActionbarMorph class",			"operatorClass" : "RemoveCaretOperator",			"mutationStart" : 33,			"method" : "twoWebhooksInWindow",			"mutationEnd" : 63		},		{			"operatorDescription" : "Remove ^",			"class" : "DSSendActionbarMorph class",			"operatorClass" : "RemoveCaretOperator",			"mutationStart" : 60,			"method" : "webhook",			"mutationEnd" : 127		},		{			"operatorDescription" : "Remove ^",			"class" : "DSSendActionbarMorph class",			"operatorClass" : "RemoveCaretOperator",			"mutationStart" : 82,			"method" : "listenToClicks",			"mutationEnd" : 188		},		{			"operatorDescription" : "Remove ^",			"class" : "DSSendActionbarMorph class",			"operatorClass" : "RemoveCaretOperator",			"mutationStart" : 29,			"method" : "webhookInWindow",			"mutationEnd" : 55		},		{			"operatorDescription" : "Remove ^",			"class" : "DSSendActionbarMorph class",			"operatorClass" : "RemoveCaretOperator",			"mutationStart" : 27,			"method" : "basicInWindow",			"mutationEnd" : 51		},		{			"operatorDescription" : "Remove ^",			"class" : "DSSendActionbarMorph class",			"operatorClass" : "RemoveCaretOperator",			"mutationStart" : 36,			"method" : "listenToClicksInWindow",			"mutationEnd" : 69		}	],	"mutationScoreAfter" : 33,	"mutationScoreBefore" : 33,	"testAmpLoc" : 0,	"amplifiedMethods" : [ ],	"testLoc" : "41",	"amplifiedClass" : "DSSendActionbarMorphTest6229",	"numberOfAllMutationsInOriginal" : 15,	"targetLoc" : 148,	"newCovered" : [ ],	"timeBudgetFinished" : false,	"notCoveredInOriginal" : [		{			"operatorDescription" : "Remove ^",			"class" : "DSSendActionbarMorph",			"operatorClass" : "RemoveCaretOperator",			"mutationStart" : 26,			"method" : "newHorizontalSpaceMorph",			"mutationEnd" : 100		},		{			"operatorDescription" : "Remove ^",			"class" : "DSSendActionbarMorph",			"operatorClass" : "RemoveCaretOperator",			"mutationStart" : 38,			"method" : "registries",			"mutationEnd" : 70		},		{			"operatorDescription" : "Remove ^",			"class" : "DSSendActionbarMorph class",			"operatorClass" : "RemoveCaretOperator",			"mutationStart" : 76,			"method" : "basic",			"mutationEnd" : 115		},		{			"operatorDescription" : "Remove ^",			"class" : "DSSendActionbarMorph class",			"operatorClass" : "RemoveCaretOperator",			"mutationStart" : 189,			"method" : "twoWebhooks",			"mutationEnd" : 192		},		{			"operatorDescription" : "Remove ^",			"class" : "DSSendActionbarMorph class",			"operatorClass" : "RemoveCaretOperator",			"mutationStart" : 33,			"method" : "twoWebhooksInWindow",			"mutationEnd" : 63		},		{			"operatorDescription" : "Remove ^",			"class" : "DSSendActionbarMorph class",			"operatorClass" : "RemoveCaretOperator",			"mutationStart" : 60,			"method" : "webhook",			"mutationEnd" : 127		},		{			"operatorDescription" : "Remove ^",			"class" : "DSSendActionbarMorph class",			"operatorClass" : "RemoveCaretOperator",			"mutationStart" : 82,			"method" : "listenToClicks",			"mutationEnd" : 188		},		{			"operatorDescription" : "Remove ^",			"class" : "DSSendActionbarMorph class",			"operatorClass" : "RemoveCaretOperator",			"mutationStart" : 29,			"method" : "webhookInWindow",			"mutationEnd" : 55		},		{			"operatorDescription" : "Remove ^",			"class" : "DSSendActionbarMorph class",			"operatorClass" : "RemoveCaretOperator",			"mutationStart" : 27,			"method" : "basicInWindow",			"mutationEnd" : 51		},		{			"operatorDescription" : "Remove ^",			"class" : "DSSendActionbarMorph class",			"operatorClass" : "RemoveCaretOperator",			"mutationStart" : 36,			"method" : "listenToClicksInWindow",			"mutationEnd" : 69		}	],	"testCase" : "DSSendActionbarMorphTest",	"unixtime" : 1601974072,	"timeTotal" : 179}