{	"targetClasses" : [		"DSSession"	],	"testMethodsIgnored" : [ ],	"methodsNotProfiled" : [ ],	"numberOfOriginalTestMethods" : 10,	"timeDetail" : [		"init: % 0.27 (2 minutes 4 seconds 956 milliseconds)",		"assertionAmplification: % 75.83 (9 hours 38 minutes 22 seconds 54 milliseconds)",		"selection: % 11.29 (1 hour 26 minutes 8 seconds 131 milliseconds)",		"inputAmplification: % 12.54 (1 hour 35 minutes 40 seconds 205 milliseconds)",		"finalize: % 0.06 (27 seconds 530 milliseconds)"	],	"notCoveredInAmplified" : [		{			"operatorDescription" : "Replace #ifTrue: receiver with false",			"class" : "DSSession",			"operatorClass" : "ReplaceIfTrueReceiverWithFalseOperator",			"mutationStart" : 84,			"method" : "ensureVolatilePassword",			"mutationEnd" : 155		},		{			"operatorDescription" : "Replace #ifTrue: receiver with false",			"class" : "DSSession",			"operatorClass" : "ReplaceIfTrueReceiverWithFalseOperator",			"mutationStart" : 75,			"method" : "ensureVolatileToken",			"mutationEnd" : 134		}	],	"mutationScoreAfter" : 84,	"mutationScoreBefore" : 84,	"testAmpLoc" : 0,	"amplifiedMethods" : [ ],	"testLoc" : "43",	"amplifiedClass" : "DSSessionTest6713",	"numberOfAllMutationsInOriginal" : 13,	"targetLoc" : 59,	"newCovered" : [ ],	"timeBudgetFinished" : false,	"notCoveredInOriginal" : [		{			"operatorDescription" : "Replace #ifTrue: receiver with false",			"class" : "DSSession",			"operatorClass" : "ReplaceIfTrueReceiverWithFalseOperator",			"mutationStart" : 84,			"method" : "ensureVolatilePassword",			"mutationEnd" : 155		},		{			"operatorDescription" : "Replace #ifTrue: receiver with false",			"class" : "DSSession",			"operatorClass" : "ReplaceIfTrueReceiverWithFalseOperator",			"mutationStart" : 75,			"method" : "ensureVolatileToken",			"mutationEnd" : 134		}	],	"testCase" : "DSSessionTest",	"unixtime" : 1602019849,	"timeTotal" : 45762}