{	"targetClasses" : [		"DSSendUserTextMessageItem"	],	"testMethodsIgnored" : [ ],	"methodsNotProfiled" : [		"DSSendUserTextMessageItem>>#accept:",		"DSSendUserTextMessageItem>>#gtInspectorTextIn:"	],	"numberOfOriginalTestMethods" : 5,	"timeDetail" : [		"init: % 0.06 (193 milliseconds)",		"assertionAmplification: % 75.49 (4 minutes 7 seconds 169 milliseconds)",		"selection: % 13.04 (42 seconds 683 milliseconds)",		"inputAmplification: % 11.34 (37 seconds 120 milliseconds)",		"finalize: % 0.08 (249 milliseconds)"	],	"notCoveredInAmplified" : [		{			"operatorDescription" : "Remove ^",			"class" : "DSSendUserTextMessageItem",			"operatorClass" : "RemoveCaretOperator",			"mutationStart" : 19,			"method" : "accept:",			"mutationEnd" : 65		},		{			"operatorDescription" : "Remove ^",			"class" : "DSSendUserTextMessageItem",			"operatorClass" : "RemoveCaretOperator",			"mutationStart" : 66,			"method" : "gtInspectorTextIn:",			"mutationEnd" : 192		},		{			"operatorDescription" : "Remove ^",			"class" : "DSSendUserTextMessageItem",			"operatorClass" : "RemoveCaretOperator",			"mutationStart" : 53,			"method" : "text:",			"mutationEnd" : 58		},		{			"operatorDescription" : "Replace #ifTrue: receiver with false",			"class" : "DSSendUserTextMessageItem",			"operatorClass" : "ReplaceIfTrueReceiverWithFalseOperator",			"mutationStart" : 22,			"method" : "text:",			"mutationEnd" : 60		},		{			"operatorDescription" : "Remove ^",			"class" : "DSSendUserTextMessageItem class",			"operatorClass" : "RemoveCaretOperator",			"mutationStart" : 78,			"method" : "loremIpsum",			"mutationEnd" : 133		}	],	"mutationScoreAfter" : 58,	"mutationScoreBefore" : 33,	"testAmpLoc" : 229,	"amplifiedMethods" : [		"DSSendUserTextMessageItemTest3946>>#testAnnouncer_amp",		"DSSendUserTextMessageItemTest3946>>#testItemContentChanged_amp"	],	"testLoc" : "16",	"amplifiedClass" : "DSSendUserTextMessageItemTest3946",	"numberOfAllMutationsInOriginal" : 12,	"targetLoc" : 40,	"newCovered" : [		{			"operatorDescription" : "Remove ^",			"class" : "DSSendUserTextMessageItem",			"operatorClass" : "RemoveCaretOperator",			"mutationStart" : 105,			"method" : "onContentChangedDo:",			"mutationEnd" : 171		},		{			"operatorDescription" : "Remove ^",			"class" : "DSSendUserTextMessageItem",			"operatorClass" : "RemoveCaretOperator",			"mutationStart" : 11,			"method" : "children",			"mutationEnd" : 15		},		{			"operatorDescription" : "Remove ^",			"class" : "DSSendUserTextMessageItem",			"operatorClass" : "RemoveCaretOperator",			"mutationStart" : 24,			"method" : "isUserTextMessageItem",			"mutationEnd" : 29		}	],	"timeBudgetFinished" : false,	"notCoveredInOriginal" : [		{			"operatorDescription" : "Remove ^",			"class" : "DSSendUserTextMessageItem",			"operatorClass" : "RemoveCaretOperator",			"mutationStart" : 19,			"method" : "accept:",			"mutationEnd" : 65		},		{			"operatorDescription" : "Remove ^",			"class" : "DSSendUserTextMessageItem",			"operatorClass" : "RemoveCaretOperator",			"mutationStart" : 66,			"method" : "gtInspectorTextIn:",			"mutationEnd" : 192		},		{			"operatorDescription" : "Remove ^",			"class" : "DSSendUserTextMessageItem",			"operatorClass" : "RemoveCaretOperator",			"mutationStart" : 105,			"method" : "onContentChangedDo:",			"mutationEnd" : 171		},		{			"operatorDescription" : "Remove ^",			"class" : "DSSendUserTextMessageItem",			"operatorClass" : "RemoveCaretOperator",			"mutationStart" : 53,			"method" : "text:",			"mutationEnd" : 58		},		{			"operatorDescription" : "Replace #ifTrue: receiver with false",			"class" : "DSSendUserTextMessageItem",			"operatorClass" : "ReplaceIfTrueReceiverWithFalseOperator",			"mutationStart" : 22,			"method" : "text:",			"mutationEnd" : 60		},		{			"operatorDescription" : "Remove ^",			"class" : "DSSendUserTextMessageItem",			"operatorClass" : "RemoveCaretOperator",			"mutationStart" : 11,			"method" : "children",			"mutationEnd" : 15		},		{			"operatorDescription" : "Remove ^",			"class" : "DSSendUserTextMessageItem",			"operatorClass" : "RemoveCaretOperator",			"mutationStart" : 24,			"method" : "isUserTextMessageItem",			"mutationEnd" : 29		},		{			"operatorDescription" : "Remove ^",			"class" : "DSSendUserTextMessageItem class",			"operatorClass" : "RemoveCaretOperator",			"mutationStart" : 78,			"method" : "loremIpsum",			"mutationEnd" : 133		}	],	"testCase" : "DSSendUserTextMessageItemTest",	"unixtime" : 1601949643,	"timeTotal" : 327}