{	"targetClasses" : [		"DSSendInformationItem"	],	"testMethodsIgnored" : [ ],	"methodsNotProfiled" : [		"DSSendInformationItem>>#accept:",		"DSSendInformationItem>>#gtInspectorInfosIn:",		"DSSendInformationItem>>#isSelected:",		"DSSendInformationItem>>#infos:"	],	"numberOfOriginalTestMethods" : 5,	"timeDetail" : [		"init: % 2.44 (13 seconds 612 milliseconds)",		"assertionAmplification: % 71.75 (6 minutes 40 seconds 135 milliseconds)",		"selection: % 11.04 (1 minute 1 second 585 milliseconds)",		"inputAmplification: % 12.65 (1 minute 10 seconds 539 milliseconds)",		"finalize: % 2.11 (11 seconds 780 milliseconds)"	],	"notCoveredInAmplified" : [		{			"operatorDescription" : "Remove ^",			"class" : "DSSendInformationItem",			"operatorClass" : "RemoveCaretOperator",			"mutationStart" : 19,			"method" : "accept:",			"mutationEnd" : 61		},		{			"operatorDescription" : "Remove ^",			"class" : "DSSendInformationItem",			"operatorClass" : "RemoveCaretOperator",			"mutationStart" : 67,			"method" : "gtInspectorInfosIn:",			"mutationEnd" : 190		}	],	"mutationScoreAfter" : 77,	"mutationScoreBefore" : 44,	"testAmpLoc" : 201,	"amplifiedMethods" : [		"DSSendInformationItemTest4464>>#testAnnouncer_amp",		"DSSendInformationItemTest4464>>#testAddNameValue_amp"	],	"testLoc" : "17",	"amplifiedClass" : "DSSendInformationItemTest4464",	"numberOfAllMutationsInOriginal" : 9,	"targetLoc" : 42,	"newCovered" : [		{			"operatorDescription" : "Remove ^",			"class" : "DSSendInformationItem",			"operatorClass" : "RemoveCaretOperator",			"mutationStart" : 68,			"method" : "add:",			"mutationEnd" : 103		},		{			"operatorDescription" : "Remove ^",			"class" : "DSSendInformationItem",			"operatorClass" : "RemoveCaretOperator",			"mutationStart" : 13,			"method" : "isSelected",			"mutationEnd" : 24		},		{			"operatorDescription" : "Remove ^",			"class" : "DSSendInformationItem",			"operatorClass" : "RemoveCaretOperator",			"mutationStart" : 11,			"method" : "children",			"mutationEnd" : 22		},		{			"operatorDescription" : "Remove ^",			"class" : "DSSendInformationItem",			"operatorClass" : "RemoveCaretOperator",			"mutationStart" : 82,			"method" : "addName:value:",			"mutationEnd" : 163		}	],	"timeBudgetFinished" : false,	"notCoveredInOriginal" : [		{			"operatorDescription" : "Remove ^",			"class" : "DSSendInformationItem",			"operatorClass" : "RemoveCaretOperator",			"mutationStart" : 19,			"method" : "accept:",			"mutationEnd" : 61		},		{			"operatorDescription" : "Remove ^",			"class" : "DSSendInformationItem",			"operatorClass" : "RemoveCaretOperator",			"mutationStart" : 67,			"method" : "gtInspectorInfosIn:",			"mutationEnd" : 190		},		{			"operatorDescription" : "Remove ^",			"class" : "DSSendInformationItem",			"operatorClass" : "RemoveCaretOperator",			"mutationStart" : 68,			"method" : "add:",			"mutationEnd" : 103		},		{			"operatorDescription" : "Remove ^",			"class" : "DSSendInformationItem",			"operatorClass" : "RemoveCaretOperator",			"mutationStart" : 11,			"method" : "children",			"mutationEnd" : 22		},		{			"operatorDescription" : "Remove ^",			"class" : "DSSendInformationItem",			"operatorClass" : "RemoveCaretOperator",			"mutationStart" : 82,			"method" : "addName:value:",			"mutationEnd" : 163		}	],	"testCase" : "DSSendInformationItemTest",	"unixtime" : 1601950535,	"timeTotal" : 557}