{	"targetClasses" : [		"DSSerializePackageWithTonelCommand"	],	"testMethodsIgnored" : [ ],	"methodsNotProfiled" : [ ],	"numberOfOriginalTestMethods" : 1,	"timeDetail" : [		"init: % 85.74 (20 seconds 533 milliseconds)",		"finalize: % 14.26 (3 seconds 414 milliseconds)"	],	"notCoveredInAmplified" : [		{			"operatorDescription" : "Remove ^",			"class" : "DSSerializePackageWithTonelCommand",			"operatorClass" : "RemoveCaretOperator",			"mutationStart" : 10,			"method" : "message",			"mutationEnd" : 30		},		{			"operatorDescription" : "Remove ^",			"class" : "DSSerializePackageWithTonelCommand",			"operatorClass" : "RemoveCaretOperator",			"mutationStart" : 10,			"method" : "zipFile",			"mutationEnd" : 124		}	],	"mutationScoreAfter" : 66,	"mutationScoreBefore" : 66,	"testAmpLoc" : 0,	"amplifiedMethods" : [ ],	"testLoc" : "31",	"amplifiedClass" : "DSSerializePackageWithTonelCommandTest6227",	"numberOfAllMutationsInOriginal" : 6,	"targetLoc" : 41,	"newCovered" : [ ],	"timeBudgetFinished" : false,	"notCoveredInOriginal" : [		{			"operatorDescription" : "Remove ^",			"class" : "DSSerializePackageWithTonelCommand",			"operatorClass" : "RemoveCaretOperator",			"mutationStart" : 10,			"method" : "message",			"mutationEnd" : 30		},		{			"operatorDescription" : "Remove ^",			"class" : "DSSerializePackageWithTonelCommand",			"operatorClass" : "RemoveCaretOperator",			"mutationStart" : 10,			"method" : "zipFile",			"mutationEnd" : 124		}	],	"testCase" : "DSSerializePackageWithTonelCommandTest",	"unixtime" : 1601967667,	"timeTotal" : 23}