{	"targetClasses" : [		"DSSerializePackagesWithTonelCommand"	],	"testMethodsIgnored" : [ ],	"methodsNotProfiled" : [ ],	"numberOfOriginalTestMethods" : 1,	"timeDetail" : [		"init: % 6.15 (45 seconds 98 milliseconds)",		"assertionAmplification: % 87.59 (10 minutes 42 seconds 350 milliseconds)",		"selection: % 2.72 (19 seconds 912 milliseconds)",		"inputAmplification: % 2.55 (18 seconds 697 milliseconds)",		"finalize: % 0.99 (7 seconds 294 milliseconds)"	],	"notCoveredInAmplified" : [		{			"operatorDescription" : "Remove ^",			"class" : "DSSerializePackagesWithTonelCommand",			"operatorClass" : "RemoveCaretOperator",			"mutationStart" : 10,			"method" : "zipFile",			"mutationEnd" : 124		}	],	"mutationScoreAfter" : 75,	"mutationScoreBefore" : 75,	"testAmpLoc" : 0,	"amplifiedMethods" : [ ],	"testLoc" : "22",	"amplifiedClass" : "DSSerializePackagesWithTonelCommandTest5162",	"numberOfAllMutationsInOriginal" : 4,	"targetLoc" : 21,	"newCovered" : [ ],	"timeBudgetFinished" : false,	"notCoveredInOriginal" : [		{			"operatorDescription" : "Remove ^",			"class" : "DSSerializePackagesWithTonelCommand",			"operatorClass" : "RemoveCaretOperator",			"mutationStart" : 10,			"method" : "zipFile",			"mutationEnd" : 124		}	],	"testCase" : "DSSerializePackagesWithTonelCommandTest",	"unixtime" : 1601952036,	"timeTotal" : 733}