{	"targetClasses" : [		"DSSendPackagesAttachment"	],	"testMethodsIgnored" : [ ],	"methodsNotProfiled" : [		"DSSendPackagesAttachment>>#accept:"	],	"numberOfOriginalTestMethods" : 9,	"timeDetail" : [		"init: % 0.11 (120 milliseconds)",		"assertionAmplification: % 77.69 (1 minute 21 seconds 406 milliseconds)",		"selection: % 13.20 (13 seconds 834 milliseconds)",		"inputAmplification: % 8.42 (8 seconds 819 milliseconds)",		"finalize: % 0.57 (601 milliseconds)"	],	"notCoveredInAmplified" : [		{			"operatorDescription" : "Replace do block with [:each |]",			"class" : "DSSendPackagesAttachment",			"operatorClass" : "ReplaceDoBlockWithEmptyBlockOperator",			"mutationStart" : 24,			"method" : "packages:",			"mutationEnd" : 82		},		{			"operatorDescription" : "Remove ^",			"class" : "DSSendPackagesAttachment",			"operatorClass" : "RemoveCaretOperator",			"mutationStart" : 19,			"method" : "accept:",			"mutationEnd" : 64		},		{			"operatorDescription" : "Remove ^",			"class" : "DSSendPackagesAttachment class",			"operatorClass" : "RemoveCaretOperator",			"mutationStart" : 111,			"method" : "withObjectAndCollectionClasses",			"mutationEnd" : 187		}	],	"mutationScoreAfter" : 50,	"mutationScoreBefore" : 50,	"testAmpLoc" : 180,	"amplifiedMethods" : [		"DSSendPackagesAttachmentTest2242>>#testAnnouncer_amp",		"DSSendPackagesAttachmentTest2242>>#testEnabledChanged_amp"	],	"testLoc" : "11",	"amplifiedClass" : "DSSendPackagesAttachmentTest2242",	"numberOfAllMutationsInOriginal" : 6,	"targetLoc" : 27,	"newCovered" : [ ],	"timeBudgetFinished" : false,	"notCoveredInOriginal" : [		{			"operatorDescription" : "Replace do block with [:each |]",			"class" : "DSSendPackagesAttachment",			"operatorClass" : "ReplaceDoBlockWithEmptyBlockOperator",			"mutationStart" : 24,			"method" : "packages:",			"mutationEnd" : 82		},		{			"operatorDescription" : "Remove ^",			"class" : "DSSendPackagesAttachment",			"operatorClass" : "RemoveCaretOperator",			"mutationStart" : 19,			"method" : "accept:",			"mutationEnd" : 64		},		{			"operatorDescription" : "Remove ^",			"class" : "DSSendPackagesAttachment class",			"operatorClass" : "RemoveCaretOperator",			"mutationStart" : 111,			"method" : "withObjectAndCollectionClasses",			"mutationEnd" : 187		}	],	"testCase" : "DSSendPackagesAttachmentTest",	"unixtime" : 1601938028,	"timeTotal" : 104}