{	"targetClasses" : [		"DSSendScreenshotsAttachment"	],	"testMethodsIgnored" : [ ],	"methodsNotProfiled" : [		"DSSendScreenshotsAttachment>>#screenshots:",		"DSSendScreenshotsAttachment>>#accept:",		"DSSendScreenshotsAttachment>>#includes:",		"DSSendScreenshotsAttachment>>#gtInspectorCollectionIn:",		"DSSendScreenshotsAttachment>>#gtInspectorMorphIn:"	],	"numberOfOriginalTestMethods" : 9,	"timeDetail" : [		"init: % 0.59 (3 seconds 544 milliseconds)",		"assertionAmplification: % 92.56 (9 minutes 11 seconds 636 milliseconds)",		"selection: % 3.84 (22 seconds 871 milliseconds)",		"inputAmplification: % 2.30 (13 seconds 707 milliseconds)",		"finalize: % 0.71 (4 seconds 237 milliseconds)"	],	"notCoveredInAmplified" : [		{			"operatorDescription" : "Remove ^",			"class" : "DSSendScreenshotsAttachment",			"operatorClass" : "RemoveCaretOperator",			"mutationStart" : 19,			"method" : "addMorph:",			"mutationEnd" : 77		},		{			"operatorDescription" : "Remove ^",			"class" : "DSSendScreenshotsAttachment",			"operatorClass" : "RemoveCaretOperator",			"mutationStart" : 22,			"method" : "includes:",			"mutationEnd" : 112		},		{			"operatorDescription" : "Remove ^",			"class" : "DSSendScreenshotsAttachment",			"operatorClass" : "RemoveCaretOperator",			"mutationStart" : 412,			"method" : "form",			"mutationEnd" : 417		},		{			"operatorDescription" : "Replace #+ with #-",			"class" : "DSSendScreenshotsAttachment",			"operatorClass" : "ReplacePlusWithMinusMutantOperator",			"mutationStart" : 378,			"method" : "form",			"mutationEnd" : 406		},		{			"operatorDescription" : "Replace #max: with #min:",			"class" : "DSSendScreenshotsAttachment",			"operatorClass" : "ReplaceMaxWithMinMutantOperator",			"mutationStart" : 257,			"method" : "form",			"mutationEnd" : 275		},		{			"operatorDescription" : "Replace do block with [:each |]",			"class" : "DSSendScreenshotsAttachment",			"operatorClass" : "ReplaceDoBlockWithEmptyBlockOperator",			"mutationStart" : 296,			"method" : "form",			"mutationEnd" : 408		},		{			"operatorDescription" : "Remove #not",			"class" : "DSSendScreenshotsAttachment",			"operatorClass" : "RemoveNotOperator",			"mutationStart" : 132,			"method" : "addNewWindow",			"mutationEnd" : 148		},		{			"operatorDescription" : "Remove #not",			"class" : "DSSendScreenshotsAttachment",			"operatorClass" : "RemoveNotOperator",			"mutationStart" : 161,			"method" : "addNewWindow",			"mutationEnd" : 182		},		{			"operatorDescription" : "Replace #and: argument with [true]",			"class" : "DSSendScreenshotsAttachment",			"operatorClass" : "ReplaceAndArgumentWithTrueOperator",			"mutationStart" : 132,			"method" : "addNewWindow",			"mutationEnd" : 184		},		{			"operatorDescription" : "Replace #and: receiver with true",			"class" : "DSSendScreenshotsAttachment",			"operatorClass" : "ReplaceAndReceiverWithTrueOperator",			"mutationStart" : 132,			"method" : "addNewWindow",			"mutationEnd" : 184		},		{			"operatorDescription" : "Replace #and: with #bEqv:",			"class" : "DSSendScreenshotsAttachment",			"operatorClass" : "ReplaceAndWithEqvMutantOperator",			"mutationStart" : 132,			"method" : "addNewWindow",			"mutationEnd" : 184		},		{			"operatorDescription" : "Replace #and: with #nand:",			"class" : "DSSendScreenshotsAttachment",			"operatorClass" : "ReplaceAndWithNandMutantOperator",			"mutationStart" : 132,			"method" : "addNewWindow",			"mutationEnd" : 184		},		{			"operatorDescription" : "Replace #and: with #or:",			"class" : "DSSendScreenshotsAttachment",			"operatorClass" : "ReplaceAndWithOrMutantOperator",			"mutationStart" : 132,			"method" : "addNewWindow",			"mutationEnd" : 184		},		{			"operatorDescription" : "Replace #and: with false",			"class" : "DSSendScreenshotsAttachment",			"operatorClass" : "ReplaceAndWithFalseOperator",			"mutationStart" : 132,			"method" : "addNewWindow",			"mutationEnd" : 184		},		{			"operatorDescription" : "Replace do block with [:each |]",			"class" : "DSSendScreenshotsAttachment",			"operatorClass" : "ReplaceDoBlockWithEmptyBlockOperator",			"mutationStart" : 98,			"method" : "addNewWindow",			"mutationEnd" : 351		},		{			"operatorDescription" : "Remove ^",			"class" : "DSSendScreenshotsAttachment",			"operatorClass" : "RemoveCaretOperator",			"mutationStart" : 72,			"method" : "gtInspectorCollectionIn:",			"mutationEnd" : 206		},		{			"operatorDescription" : "Remove ^",			"class" : "DSSendScreenshotsAttachment",			"operatorClass" : "RemoveCaretOperator",			"mutationStart" : 67,			"method" : "gtInspectorMorphIn:",			"mutationEnd" : 457		},		{			"operatorDescription" : "Replace do block with [:each |]",			"class" : "DSSendScreenshotsAttachment",			"operatorClass" : "ReplaceDoBlockWithEmptyBlockOperator",			"mutationStart" : 224,			"method" : "gtInspectorMorphIn:",			"mutationEnd" : 390		},		{			"operatorDescription" : "Remove ^",			"class" : "DSSendScreenshotsAttachment class",			"operatorClass" : "RemoveCaretOperator",			"mutationStart" : 63,			"method" : "twoRandomMorphs",			"mutationEnd" : 159		},		{			"operatorDescription" : "Remove ^",			"class" : "DSSendScreenshotsAttachment class",			"operatorClass" : "RemoveCaretOperator",			"mutationStart" : 59,			"method" : "randomMorph",			"mutationEnd" : 117		}	],	"mutationScoreAfter" : 23,	"mutationScoreBefore" : 30,	"testAmpLoc" : 256,	"amplifiedMethods" : [		"DSSendScreenshotsAttachmentTest2431>>#testAnnouncer_amp",		"DSSendScreenshotsAttachmentTest2431>>#testEnabledChanged_amp",		"DSSendScreenshotsAttachmentTest2431>>#testScreenshots_amp_A4"	],	"testLoc" : "13",	"amplifiedClass" : "DSSendScreenshotsAttachmentTest2431",	"numberOfAllMutationsInOriginal" : 26,	"targetLoc" : 102,	"newCovered" : [		{			"operatorDescription" : "Remove ^",			"class" : "DSSendScreenshotsAttachment",			"operatorClass" : "RemoveCaretOperator",			"mutationStart" : 19,			"method" : "hasSelectedForms",			"mutationEnd" : 60		},		{			"operatorDescription" : "Remove ^",			"class" : "DSSendScreenshotsAttachment",			"operatorClass" : "RemoveCaretOperator",			"mutationStart" : 228,			"method" : "add:",			"mutationEnd" : 242		},		{			"operatorDescription" : "Remove ^",			"class" : "DSSendScreenshotsAttachment",			"operatorClass" : "RemoveCaretOperator",			"mutationStart" : 16,			"method" : "basicChildren",			"mutationEnd" : 33		}	],	"timeBudgetFinished" : false,	"notCoveredInOriginal" : [		{			"operatorDescription" : "Remove ^",			"class" : "DSSendScreenshotsAttachment",			"operatorClass" : "RemoveCaretOperator",			"mutationStart" : 19,			"method" : "hasSelectedForms",			"mutationEnd" : 60		},		{			"operatorDescription" : "Remove ^",			"class" : "DSSendScreenshotsAttachment",			"operatorClass" : "RemoveCaretOperator",			"mutationStart" : 19,			"method" : "addMorph:",			"mutationEnd" : 77		},		{			"operatorDescription" : "Remove ^",			"class" : "DSSendScreenshotsAttachment",			"operatorClass" : "RemoveCaretOperator",			"mutationStart" : 228,			"method" : "add:",			"mutationEnd" : 242		},		{			"operatorDescription" : "Remove ^",			"class" : "DSSendScreenshotsAttachment",			"operatorClass" : "RemoveCaretOperator",			"mutationStart" : 22,			"method" : "includes:",			"mutationEnd" : 112		},		{			"operatorDescription" : "Replace #+ with #-",			"class" : "DSSendScreenshotsAttachment",			"operatorClass" : "ReplacePlusWithMinusMutantOperator",			"mutationStart" : 378,			"method" : "form",			"mutationEnd" : 406		},		{			"operatorDescription" : "Replace do block with [:each |]",			"class" : "DSSendScreenshotsAttachment",			"operatorClass" : "ReplaceDoBlockWithEmptyBlockOperator",			"mutationStart" : 296,			"method" : "form",			"mutationEnd" : 408		},		{			"operatorDescription" : "Remove #not",			"class" : "DSSendScreenshotsAttachment",			"operatorClass" : "RemoveNotOperator",			"mutationStart" : 132,			"method" : "addNewWindow",			"mutationEnd" : 148		},		{			"operatorDescription" : "Replace #and: receiver with true",			"class" : "DSSendScreenshotsAttachment",			"operatorClass" : "ReplaceAndReceiverWithTrueOperator",			"mutationStart" : 132,			"method" : "addNewWindow",			"mutationEnd" : 184		},		{			"operatorDescription" : "Replace #and: with #bEqv:",			"class" : "DSSendScreenshotsAttachment",			"operatorClass" : "ReplaceAndWithEqvMutantOperator",			"mutationStart" : 132,			"method" : "addNewWindow",			"mutationEnd" : 184		},		{			"operatorDescription" : "Replace #and: with #nand:",			"class" : "DSSendScreenshotsAttachment",			"operatorClass" : "ReplaceAndWithNandMutantOperator",			"mutationStart" : 132,			"method" : "addNewWindow",			"mutationEnd" : 184		},		{			"operatorDescription" : "Replace #and: with #or:",			"class" : "DSSendScreenshotsAttachment",			"operatorClass" : "ReplaceAndWithOrMutantOperator",			"mutationStart" : 132,			"method" : "addNewWindow",			"mutationEnd" : 184		},		{			"operatorDescription" : "Replace #and: with false",			"class" : "DSSendScreenshotsAttachment",			"operatorClass" : "ReplaceAndWithFalseOperator",			"mutationStart" : 132,			"method" : "addNewWindow",			"mutationEnd" : 184		},		{			"operatorDescription" : "Replace do block with [:each |]",			"class" : "DSSendScreenshotsAttachment",			"operatorClass" : "ReplaceDoBlockWithEmptyBlockOperator",			"mutationStart" : 98,			"method" : "addNewWindow",			"mutationEnd" : 351		},		{			"operatorDescription" : "Remove ^",			"class" : "DSSendScreenshotsAttachment",			"operatorClass" : "RemoveCaretOperator",			"mutationStart" : 72,			"method" : "gtInspectorCollectionIn:",			"mutationEnd" : 206		},		{			"operatorDescription" : "Remove ^",			"class" : "DSSendScreenshotsAttachment",			"operatorClass" : "RemoveCaretOperator",			"mutationStart" : 67,			"method" : "gtInspectorMorphIn:",			"mutationEnd" : 457		},		{			"operatorDescription" : "Replace do block with [:each |]",			"class" : "DSSendScreenshotsAttachment",			"operatorClass" : "ReplaceDoBlockWithEmptyBlockOperator",			"mutationStart" : 224,			"method" : "gtInspectorMorphIn:",			"mutationEnd" : 390		},		{			"operatorDescription" : "Remove ^",			"class" : "DSSendScreenshotsAttachment class",			"operatorClass" : "RemoveCaretOperator",			"mutationStart" : 63,			"method" : "twoRandomMorphs",			"mutationEnd" : 159		},		{			"operatorDescription" : "Remove ^",			"class" : "DSSendScreenshotsAttachment class",			"operatorClass" : "RemoveCaretOperator",			"mutationStart" : 59,			"method" : "randomMorph",			"mutationEnd" : 117		}	],	"testCase" : "DSSendScreenshotsAttachmentTest",	"unixtime" : 1601942002,	"timeTotal" : 595}