{	"targetClasses" : [		"DSSortClassesPerPackageCommand"	],	"testMethodsIgnored" : [ ],	"methodsNotProfiled" : [ ],	"numberOfOriginalTestMethods" : 2,	"timeDetail" : [		"init: % 0.08 (983 milliseconds)",		"assertionAmplification: % 96.26 (19 minutes 9 seconds 875 milliseconds)",		"selection: % 2.31 (27 seconds 587 milliseconds)",		"inputAmplification: % 1.28 (15 seconds 289 milliseconds)",		"finalize: % 0.07 (813 milliseconds)"	],	"notCoveredInAmplified" : [		{			"operatorDescription" : "Replace #< with #>",			"class" : "DSSortClassesPerPackageCommand",			"operatorClass" : "ReplaceLessWithGreaterMutantOperator",			"mutationStart" : 642,			"method" : "execute",			"mutationEnd" : 666		},		{			"operatorDescription" : "Replace #< with #>",			"class" : "DSSortClassesPerPackageCommand",			"operatorClass" : "ReplaceLessWithGreaterMutantOperator",			"mutationStart" : 741,			"method" : "execute",			"mutationEnd" : 765		},		{			"operatorDescription" : "Replace #= with #'~='",			"class" : "DSSortClassesPerPackageCommand",			"operatorClass" : "ReplaceEqualWithNotEqualOperator",			"mutationStart" : 163,			"method" : "execute",			"mutationEnd" : 188		}	],	"mutationScoreAfter" : 57,	"mutationScoreBefore" : 85,	"testAmpLoc" : 0,	"amplifiedMethods" : [ ],	"testLoc" : "28",	"amplifiedClass" : "DSSortClassesPerPackageCommandTest5442",	"numberOfAllMutationsInOriginal" : 7,	"targetLoc" : 32,	"newCovered" : [ ],	"timeBudgetFinished" : false,	"notCoveredInOriginal" : [		{			"operatorDescription" : "Replace #< with #>",			"class" : "DSSortClassesPerPackageCommand",			"operatorClass" : "ReplaceLessWithGreaterMutantOperator",			"mutationStart" : 642,			"method" : "execute",			"mutationEnd" : 666		}	],	"testCase" : "DSSortClassesPerPackageCommandTest",	"unixtime" : 1601965945,	"timeTotal" : 1194}