{	"targetClasses" : [		"DSUser"	],	"testMethodsIgnored" : [ ],	"methodsNotProfiled" : [		"DSUser>>#gtInspectorDirectChannels:"	],	"numberOfOriginalTestMethods" : 14,	"timeDetail" : [		"init: % 0.01 (486 milliseconds)",		"assertionAmplification: % 67.81 (1 hour 38 minutes 47 seconds 122 milliseconds)",		"selection: % 29.06 (42 minutes 19 seconds 975 milliseconds)",		"inputAmplification: % 2.87 (4 minutes 11 seconds 145 milliseconds)",		"finalize: % 0.25 (21 seconds 467 milliseconds)"	],	"notCoveredInAmplified" : [		{			"operatorDescription" : "Remove ^",			"class" : "DSUser",			"operatorClass" : "RemoveCaretOperator",			"mutationStart" : 75,			"method" : "gtInspectorDirectChannels:",			"mutationEnd" : 285		},		{			"operatorDescription" : "Replace #ifTrue: receiver with false",			"class" : "DSUser",			"operatorClass" : "ReplaceIfTrueReceiverWithFalseOperator",			"mutationStart" : 139,			"method" : "printOn:",			"mutationEnd" : 182		},		{			"operatorDescription" : "Replace #ifTrue: receiver with true",			"class" : "DSUser",			"operatorClass" : "ReplaceIfTrueReceiverWithTrueOperator",			"mutationStart" : 139,			"method" : "printOn:",			"mutationEnd" : 182		},		{			"operatorDescription" : "Replace #ifTrue: with #ifFalse:",			"class" : "DSUser",			"operatorClass" : "ReplaceIfTrueWithIfFalseMutantOperator",			"mutationStart" : 139,			"method" : "printOn:",			"mutationEnd" : 182		},		{			"operatorDescription" : "Remove ^",			"class" : "DSUser",			"operatorClass" : "RemoveCaretOperator",			"mutationStart" : 10,			"method" : "message",			"mutationEnd" : 57		},		{			"operatorDescription" : "Remove ^",			"class" : "DSUser class",			"operatorClass" : "RemoveCaretOperator",			"mutationStart" : 21,			"method" : "alice",			"mutationEnd" : 115		}	],	"mutationScoreAfter" : 73,	"mutationScoreBefore" : 56,	"testAmpLoc" : 309,	"amplifiedMethods" : [		"DSUserTest10542>>#testAvatarUrl_amp",		"DSUserTest10542>>#testAsAuthor_amp"	],	"testLoc" : "71",	"amplifiedClass" : "DSUserTest10542",	"numberOfAllMutationsInOriginal" : 23,	"targetLoc" : 100,	"newCovered" : [		{			"operatorDescription" : "Remove ^",			"class" : "DSUser",			"operatorClass" : "RemoveCaretOperator",			"mutationStart" : 9,			"method" : "isUser",			"mutationEnd" : 14		},		{			"operatorDescription" : "Remove ^",			"class" : "DSUser",			"operatorClass" : "RemoveCaretOperator",			"mutationStart" : 109,			"method" : "directChannels",			"mutationEnd" : 137		},		{			"operatorDescription" : "Remove ^",			"class" : "DSUser",			"operatorClass" : "RemoveCaretOperator",			"mutationStart" : 47,			"method" : "members",			"mutationEnd" : 61		},		{			"operatorDescription" : "Remove ^",			"class" : "DSUser",			"operatorClass" : "RemoveCaretOperator",			"mutationStart" : 11,			"method" : "children",			"mutationEnd" : 15		}	],	"timeBudgetFinished" : false,	"notCoveredInOriginal" : [		{			"operatorDescription" : "Remove ^",			"class" : "DSUser",			"operatorClass" : "RemoveCaretOperator",			"mutationStart" : 9,			"method" : "isUser",			"mutationEnd" : 14		},		{			"operatorDescription" : "Remove ^",			"class" : "DSUser",			"operatorClass" : "RemoveCaretOperator",			"mutationStart" : 109,			"method" : "directChannels",			"mutationEnd" : 137		},		{			"operatorDescription" : "Remove ^",			"class" : "DSUser",			"operatorClass" : "RemoveCaretOperator",			"mutationStart" : 75,			"method" : "gtInspectorDirectChannels:",			"mutationEnd" : 285		},		{			"operatorDescription" : "Replace #ifTrue: receiver with false",			"class" : "DSUser",			"operatorClass" : "ReplaceIfTrueReceiverWithFalseOperator",			"mutationStart" : 139,			"method" : "printOn:",			"mutationEnd" : 182		},		{			"operatorDescription" : "Replace #ifTrue: receiver with true",			"class" : "DSUser",			"operatorClass" : "ReplaceIfTrueReceiverWithTrueOperator",			"mutationStart" : 139,			"method" : "printOn:",			"mutationEnd" : 182		},		{			"operatorDescription" : "Replace #ifTrue: with #ifFalse:",			"class" : "DSUser",			"operatorClass" : "ReplaceIfTrueWithIfFalseMutantOperator",			"mutationStart" : 139,			"method" : "printOn:",			"mutationEnd" : 182		},		{			"operatorDescription" : "Remove ^",			"class" : "DSUser",			"operatorClass" : "RemoveCaretOperator",			"mutationStart" : 47,			"method" : "members",			"mutationEnd" : 61		},		{			"operatorDescription" : "Remove ^",			"class" : "DSUser",			"operatorClass" : "RemoveCaretOperator",			"mutationStart" : 11,			"method" : "children",			"mutationEnd" : 15		},		{			"operatorDescription" : "Remove ^",			"class" : "DSUser",			"operatorClass" : "RemoveCaretOperator",			"mutationStart" : 10,			"method" : "message",			"mutationEnd" : 57		},		{			"operatorDescription" : "Remove ^",			"class" : "DSUser class",			"operatorClass" : "RemoveCaretOperator",			"mutationStart" : 21,			"method" : "alice",			"mutationEnd" : 115		}	],	"testCase" : "DSUserTest",	"unixtime" : 1602044711,	"timeTotal" : 8740}