{	"targetClasses" : [		"DSUtility"	],	"testMethodsIgnored" : [ ],	"methodsNotProfiled" : [		"DSUtility class>>#markdownOf:",		"DSUtility class>>#smalltalkInlinedMarkdownOf:",		"DSUtility class>>#smalltalkMarkdownOf:"	],	"numberOfOriginalTestMethods" : 7,	"timeDetail" : [		"init: % 0.56 (4 seconds 769 milliseconds)",		"assertionAmplification: % 35.36 (5 minutes 98 milliseconds)",		"selection: % 9.61 (1 minute 21 seconds 586 milliseconds)",		"inputAmplification: % 53.93 (7 minutes 37 seconds 756 milliseconds)",		"finalize: % 0.54 (4 seconds 566 milliseconds)"	],	"notCoveredInAmplified" : [		{			"operatorDescription" : "Remove ^",			"class" : "DSUtility class",			"operatorClass" : "RemoveCaretOperator",			"mutationStart" : 138,			"method" : "newZnClientWithUserAgent",			"mutationEnd" : 219		},		{			"operatorDescription" : "Remove ^",			"class" : "DSUtility class",			"operatorClass" : "RemoveCaretOperator",			"mutationStart" : 88,			"method" : "markdownOf:",			"mutationEnd" : 231		},		{			"operatorDescription" : "Remove ^",			"class" : "DSUtility class",			"operatorClass" : "RemoveCaretOperator",			"mutationStart" : 14,			"method" : "newZnClient",			"mutationEnd" : 27		},		{			"operatorDescription" : "Remove ^",			"class" : "DSUtility class",			"operatorClass" : "RemoveCaretOperator",			"mutationStart" : 178,			"method" : "smalltalkInlinedMarkdownOf:",			"mutationEnd" : 305		},		{			"operatorDescription" : "Remove Exception Handler Operator",			"class" : "DSUtility class",			"operatorClass" : "RemoveExceptionHandlerOperator",			"mutationStart" : 248,			"method" : "displayHTTPProgress:during:",			"mutationEnd" : 644		},		{			"operatorDescription" : "Replace #ifFalse: receiver with false",			"class" : "DSUtility class",			"operatorClass" : "ReplaceIfFalseReceiverWithFalseOperator",			"mutationStart" : 324,			"method" : "displayHTTPProgress:during:",			"mutationEnd" : 620		},		{			"operatorDescription" : "Replace #ifFalse: receiver with true",			"class" : "DSUtility class",			"operatorClass" : "ReplaceIfFalseReceiverWithTrueOperator",			"mutationStart" : 324,			"method" : "displayHTTPProgress:during:",			"mutationEnd" : 620		},		{			"operatorDescription" : "Replace #ifFalse: with #ifTrue:",			"class" : "DSUtility class",			"operatorClass" : "ReplaceIfFalseWithIfTrueMutantOperator",			"mutationStart" : 324,			"method" : "displayHTTPProgress:during:",			"mutationEnd" : 620		},		{			"operatorDescription" : "Remove ^",			"class" : "DSUtility class",			"operatorClass" : "RemoveCaretOperator",			"mutationStart" : 154,			"method" : "smalltalkMarkdownOf:",			"mutationEnd" : 306		}	],	"mutationScoreAfter" : 83,	"mutationScoreBefore" : 83,	"testAmpLoc" : 0,	"amplifiedMethods" : [ ],	"testLoc" : "54",	"amplifiedClass" : "DSUtilityTest8422",	"numberOfAllMutationsInOriginal" : 53,	"targetLoc" : 226,	"newCovered" : [ ],	"timeBudgetFinished" : false,	"notCoveredInOriginal" : [		{			"operatorDescription" : "Remove ^",			"class" : "DSUtility class",			"operatorClass" : "RemoveCaretOperator",			"mutationStart" : 138,			"method" : "newZnClientWithUserAgent",			"mutationEnd" : 219		},		{			"operatorDescription" : "Remove ^",			"class" : "DSUtility class",			"operatorClass" : "RemoveCaretOperator",			"mutationStart" : 88,			"method" : "markdownOf:",			"mutationEnd" : 231		},		{			"operatorDescription" : "Remove ^",			"class" : "DSUtility class",			"operatorClass" : "RemoveCaretOperator",			"mutationStart" : 14,			"method" : "newZnClient",			"mutationEnd" : 27		},		{			"operatorDescription" : "Remove ^",			"class" : "DSUtility class",			"operatorClass" : "RemoveCaretOperator",			"mutationStart" : 178,			"method" : "smalltalkInlinedMarkdownOf:",			"mutationEnd" : 305		},		{			"operatorDescription" : "Remove Exception Handler Operator",			"class" : "DSUtility class",			"operatorClass" : "RemoveExceptionHandlerOperator",			"mutationStart" : 248,			"method" : "displayHTTPProgress:during:",			"mutationEnd" : 644		},		{			"operatorDescription" : "Replace #ifFalse: receiver with false",			"class" : "DSUtility class",			"operatorClass" : "ReplaceIfFalseReceiverWithFalseOperator",			"mutationStart" : 324,			"method" : "displayHTTPProgress:during:",			"mutationEnd" : 620		},		{			"operatorDescription" : "Replace #ifFalse: receiver with true",			"class" : "DSUtility class",			"operatorClass" : "ReplaceIfFalseReceiverWithTrueOperator",			"mutationStart" : 324,			"method" : "displayHTTPProgress:during:",			"mutationEnd" : 620		},		{			"operatorDescription" : "Replace #ifFalse: with #ifTrue:",			"class" : "DSUtility class",			"operatorClass" : "ReplaceIfFalseWithIfTrueMutantOperator",			"mutationStart" : 324,			"method" : "displayHTTPProgress:during:",			"mutationEnd" : 620		},		{			"operatorDescription" : "Remove ^",			"class" : "DSUtility class",			"operatorClass" : "RemoveCaretOperator",			"mutationStart" : 154,			"method" : "smalltalkMarkdownOf:",			"mutationEnd" : 306		}	],	"testCase" : "DSUtilityTest",	"unixtime" : 1602023415,	"timeTotal" : 848}