{	"targetClasses" : [		"DSWebhookRegistry"	],	"testMethodsIgnored" : [ ],	"methodsNotProfiled" : [		"DSWebhookRegistry>>#accept:",		"DSWebhookRegistry>>#name:",		"DSWebhookRegistry>>#send:"	],	"numberOfOriginalTestMethods" : 2,	"timeDetail" : [		"init: % 0.12 (292 milliseconds)",		"assertionAmplification: % 94.70 (3 minutes 47 seconds 309 milliseconds)",		"selection: % 2.93 (7 seconds 34 milliseconds)",		"inputAmplification: % 2.20 (5 seconds 282 milliseconds)",		"finalize: % 0.05 (115 milliseconds)"	],	"notCoveredInAmplified" : [		{			"operatorDescription" : "Remove ^",			"class" : "DSWebhookRegistry",			"operatorClass" : "RemoveCaretOperator",			"mutationStart" : 19,			"method" : "accept:",			"mutationEnd" : 57		},		{			"operatorDescription" : "Remove ^",			"class" : "DSWebhookRegistry class",			"operatorClass" : "RemoveCaretOperator",			"mutationStart" : 66,			"method" : "developmentChannel",			"mutationEnd" : 236		},		{			"operatorDescription" : "Remove ^",			"class" : "DSWebhookRegistry class",			"operatorClass" : "RemoveCaretOperator",			"mutationStart" : 69,			"method" : "learningHelpChannel",			"mutationEnd" : 240		}	],	"mutationScoreAfter" : 40,	"mutationScoreBefore" : 20,	"testAmpLoc" : 74,	"amplifiedMethods" : [		"DSWebhookRegistryTest1719>>#testUrl_amp"	],	"testLoc" : "8",	"amplifiedClass" : "DSWebhookRegistryTest1719",	"numberOfAllMutationsInOriginal" : 5,	"targetLoc" : 52,	"newCovered" : [		{			"operatorDescription" : "Remove ^",			"class" : "DSWebhookRegistry",			"operatorClass" : "RemoveCaretOperator",			"mutationStart" : 7,			"method" : "name",			"mutationEnd" : 12		}	],	"timeBudgetFinished" : false,	"notCoveredInOriginal" : [		{			"operatorDescription" : "Remove ^",			"class" : "DSWebhookRegistry",			"operatorClass" : "RemoveCaretOperator",			"mutationStart" : 7,			"method" : "name",			"mutationEnd" : 12		},		{			"operatorDescription" : "Remove ^",			"class" : "DSWebhookRegistry",			"operatorClass" : "RemoveCaretOperator",			"mutationStart" : 19,			"method" : "accept:",			"mutationEnd" : 57		},		{			"operatorDescription" : "Remove ^",			"class" : "DSWebhookRegistry class",			"operatorClass" : "RemoveCaretOperator",			"mutationStart" : 66,			"method" : "developmentChannel",			"mutationEnd" : 236		},		{			"operatorDescription" : "Remove ^",			"class" : "DSWebhookRegistry class",			"operatorClass" : "RemoveCaretOperator",			"mutationStart" : 69,			"method" : "learningHelpChannel",			"mutationEnd" : 240		}	],	"testCase" : "DSWebhookRegistryTest",	"unixtime" : 1601928376,	"timeTotal" : 240}