{	"targetClasses" : [		"DSWebhookDataPost"	],	"testMethodsIgnored" : [ ],	"methodsNotProfiled" : [		"DSWebhookDataPost>>#accept:",		"DSWebhookDataPost>>#addMimePart:"	],	"numberOfOriginalTestMethods" : 10,	"timeDetail" : [		"init: % 0.10 (68 milliseconds)",		"assertionAmplification: % 67.15 (43 seconds 646 milliseconds)",		"selection: % 19.16 (12 seconds 452 milliseconds)",		"inputAmplification: % 13.25 (8 seconds 611 milliseconds)",		"finalize: % 0.34 (224 milliseconds)"	],	"notCoveredInAmplified" : [		{			"operatorDescription" : "Remove ^",			"class" : "DSWebhookDataPost",			"operatorClass" : "RemoveCaretOperator",			"mutationStart" : 20,			"method" : "accept:",			"mutationEnd" : 58		}	],	"mutationScoreAfter" : 66,	"mutationScoreBefore" : 0,	"testAmpLoc" : 65,	"amplifiedMethods" : [		"DSWebhookDataPostTest1544>>#testAvatarUrl_amp",		"DSWebhookDataPostTest1544>>#testAsDataPost_amp"	],	"testLoc" : "5",	"amplifiedClass" : "DSWebhookDataPostTest1544",	"numberOfAllMutationsInOriginal" : 3,	"targetLoc" : 12,	"newCovered" : [		{			"operatorDescription" : "Remove ^",			"class" : "DSWebhookDataPost",			"operatorClass" : "RemoveCaretOperator",			"mutationStart" : 118,			"method" : "mimeParts",			"mutationEnd" : 128		},		{			"operatorDescription" : "Remove ^",			"class" : "DSWebhookDataPost",			"operatorClass" : "RemoveCaretOperator",			"mutationStart" : 60,			"method" : "hasEmbeds",			"mutationEnd" : 81		}	],	"timeBudgetFinished" : false,	"notCoveredInOriginal" : [		{			"operatorDescription" : "Remove ^",			"class" : "DSWebhookDataPost",			"operatorClass" : "RemoveCaretOperator",			"mutationStart" : 118,			"method" : "mimeParts",			"mutationEnd" : 128		},		{			"operatorDescription" : "Remove ^",			"class" : "DSWebhookDataPost",			"operatorClass" : "RemoveCaretOperator",			"mutationStart" : 20,			"method" : "accept:",			"mutationEnd" : 58		},		{			"operatorDescription" : "Remove ^",			"class" : "DSWebhookDataPost",			"operatorClass" : "RemoveCaretOperator",			"mutationStart" : 60,			"method" : "hasEmbeds",			"mutationEnd" : 81		}	],	"testCase" : "DSWebhookDataPostTest",	"unixtime" : 1601928108,	"timeTotal" : 65}