{	"targetClasses" : [		"DSWebhookClient"	],	"testMethodsIgnored" : [ ],	"methodsNotProfiled" : [		"DSWebhookClient>>#embedFooterIconMorph:",		"DSWebhookClient>>#embedThumbnailWidth:",		"DSWebhookClient>>#generateFileNameWithExtension:",		"DSWebhookClient>>#embedVideoHeight:",		"DSWebhookClient>>#embedProviderUrl:",		"DSWebhookClient>>#embedImageHeight:",		"DSWebhookClient>>#attachGifBytes:",		"DSWebhookClient>>#fileName:gifBytes:",		"DSWebhookClient>>#embedVideoUrl:",		"DSWebhookClient>>#fileReference:",		"DSWebhookClient>>#attachForm:",		"DSWebhookClient>>#embedInlineFieldName:valueMarkdown:",		"DSWebhookClient>>#fileName:fuelObject:",		"DSWebhookClient>>#target:",		"DSWebhookClient>>#embedDescriptionMarkdown:",		"DSWebhookClient>>#embedImageMorph:",		"DSWebhookClient>>#fileName:fileReference:",		"DSWebhookClient>>#markdown:",		"DSWebhookClient>>#embedThumbnailForm:",		"DSWebhookClient>>#embedThumbnailMorph:",		"DSWebhookClient>>#waitForResponse:",		"DSWebhookClient>>#embedFooterIconForm:",		"DSWebhookClient>>#embedThumbnailUrl:",		"DSWebhookClient>>#embedVideoWidth:",		"DSWebhookClient>>#embedThumbnailHeight:",		"DSWebhookClient>>#embedFieldName:valueMarkdown:",		"DSWebhookClient>>#embedInlineFieldName:value:",		"DSWebhookClient>>#embedImageGIfBytes:",		"DSWebhookClient>>#embedImageWidth:",		"DSWebhookClient>>#with:",		"DSWebhookClient>>#embedProviderName:",		"DSWebhookClient>>#embedImageForm:",		"DSWebhookClient>>#fileName:string:",		"DSWebhookClient>>#embedFieldName:value:",		"DSWebhookClient class>>#fileOutLocalMethodsInCategory:on:",		"DSWebhookClient class>>#addSelector:withMethod:",		"DSWebhookClient class>>#findOriginClassOf:",		"DSWebhookClient class>>#addAndClassifySelector:withMethod:inProtocol:",		"DSWebhookClient class>>#includesLocalSelector:",		"DSWebhookClient class>>#removeFromComposition:",		"DSWebhookClient class>>#recategorizeSelector:from:to:",		"DSWebhookClient class>>#removeFromSystem:",		"DSWebhookClient class>>#findOriginMethodOf:",		"DSWebhookClient class>>#addSelector:withMethod:notifying:",		"DSWebhookClient class>>#isLocalSelector:",		"DSWebhookClient class>>#isLocalAliasSelector:",		"DSWebhookClient class>>#removeSelector:",		"DSWebhookClient class>>#traitComposition:",		"DSWebhookClient class>>#isAliasSelector:",		"DSWebhookClient class>>#localMethodDict:",		"DSWebhookClient class>>#isLocalMethodsProtocol:"	],	"numberOfOriginalTestMethods" : 40,	"timeDetail" : [		"init: % 67.07 (2 minutes 27 seconds 72 milliseconds)",		"assertionAmplification: % 5.65 (12 seconds 389 milliseconds)",		"selection: % 0.00 (0 seconds)",		"inputAmplification: % 0.00 (0 seconds)",		"finalize: % 27.28 (59 seconds 829 milliseconds)"	],	"notCoveredInAmplified" : [		{			"operatorDescription" : "Replace #ifTrue:ifFalse: receiver with false",			"class" : "DSWebhookClient",			"operatorClass" : "ReplaceIfTrueIfFalseReceiverWithFalseOperator",			"mutationStart" : 452,			"method" : "send",			"mutationEnd" : 555		},		{			"operatorDescription" : "Replace #ifTrue:ifFalse: receiver with true",			"class" : "DSWebhookClient",			"operatorClass" : "ReplaceIfTrueIfFalseReceiverWithTrueOperator",			"mutationStart" : 452,			"method" : "send",			"mutationEnd" : 555		},		{			"operatorDescription" : "Remove ^",			"class" : "DSWebhookClient",			"operatorClass" : "RemoveCaretOperator",			"mutationStart" : 80,			"method" : "embeds",			"mutationEnd" : 97		},		{			"operatorDescription" : "Remove ^",			"class" : "DSWebhookClient class",			"operatorClass" : "RemoveCaretOperator",			"mutationStart" : 101,			"method" : "postEmbedRichObject",			"mutationEnd" : 546		},		{			"operatorDescription" : "Remove ^",			"class" : "DSWebhookClient class",			"operatorClass" : "RemoveCaretOperator",			"mutationStart" : 75,			"method" : "ignoreAnyNetworkError",			"mutationEnd" : 254		},		{			"operatorDescription" : "Remove ^",			"class" : "DSWebhookClient class",			"operatorClass" : "RemoveCaretOperator",			"mutationStart" : 96,			"method" : "postMorphAsScreenshot",			"mutationEnd" : 344		},		{			"operatorDescription" : "Remove ^",			"class" : "DSWebhookClient class",			"operatorClass" : "RemoveCaretOperator",			"mutationStart" : 66,			"method" : "postSimpleMessage",			"mutationEnd" : 264		},		{			"operatorDescription" : "Remove ^",			"class" : "DSWebhookClient class",			"operatorClass" : "RemoveCaretOperator",			"mutationStart" : 117,			"method" : "postSimpleMessageWithUsernameAndAvatar",			"mutationEnd" : 418		},		{			"operatorDescription" : "Remove ^",			"class" : "DSWebhookClient class",			"operatorClass" : "RemoveCaretOperator",			"mutationStart" : 72,			"method" : "handleNetworkError",			"mutationEnd" : 282		},		{			"operatorDescription" : "Remove ^",			"class" : "DSWebhookClient class",			"operatorClass" : "RemoveCaretOperator",			"mutationStart" : 70,			"method" : "postImage",			"mutationEnd" : 344		},		{			"operatorDescription" : "Remove ^",			"class" : "DSWebhookClient class",			"operatorClass" : "RemoveCaretOperator",			"mutationStart" : 94,			"method" : "postFormAsScreenshot",			"mutationEnd" : 303		}	],	"mutationScoreAfter" : 50,	"mutationScoreBefore" : 50,	"testAmpLoc" : 126,	"amplifiedMethods" : [		"DSWebhookClientTest12782>>#testAvatarUrl_amp",		"DSWebhookClientTest12782>>#testUrl_amp"	],	"testLoc" : "378",	"amplifiedClass" : "DSWebhookClientTest12782",	"numberOfAllMutationsInOriginal" : 22,	"targetLoc" : 235,	"newCovered" : [ ],	"timeBudgetFinished" : false,	"notCoveredInOriginal" : [		{			"operatorDescription" : "Replace #ifTrue:ifFalse: receiver with false",			"class" : "DSWebhookClient",			"operatorClass" : "ReplaceIfTrueIfFalseReceiverWithFalseOperator",			"mutationStart" : 452,			"method" : "send",			"mutationEnd" : 555		},		{			"operatorDescription" : "Replace #ifTrue:ifFalse: receiver with true",			"class" : "DSWebhookClient",			"operatorClass" : "ReplaceIfTrueIfFalseReceiverWithTrueOperator",			"mutationStart" : 452,			"method" : "send",			"mutationEnd" : 555		},		{			"operatorDescription" : "Remove ^",			"class" : "DSWebhookClient",			"operatorClass" : "RemoveCaretOperator",			"mutationStart" : 80,			"method" : "embeds",			"mutationEnd" : 97		},		{			"operatorDescription" : "Remove ^",			"class" : "DSWebhookClient class",			"operatorClass" : "RemoveCaretOperator",			"mutationStart" : 101,			"method" : "postEmbedRichObject",			"mutationEnd" : 546		},		{			"operatorDescription" : "Remove ^",			"class" : "DSWebhookClient class",			"operatorClass" : "RemoveCaretOperator",			"mutationStart" : 75,			"method" : "ignoreAnyNetworkError",			"mutationEnd" : 254		},		{			"operatorDescription" : "Remove ^",			"class" : "DSWebhookClient class",			"operatorClass" : "RemoveCaretOperator",			"mutationStart" : 96,			"method" : "postMorphAsScreenshot",			"mutationEnd" : 344		},		{			"operatorDescription" : "Remove ^",			"class" : "DSWebhookClient class",			"operatorClass" : "RemoveCaretOperator",			"mutationStart" : 66,			"method" : "postSimpleMessage",			"mutationEnd" : 264		},		{			"operatorDescription" : "Remove ^",			"class" : "DSWebhookClient class",			"operatorClass" : "RemoveCaretOperator",			"mutationStart" : 117,			"method" : "postSimpleMessageWithUsernameAndAvatar",			"mutationEnd" : 418		},		{			"operatorDescription" : "Remove ^",			"class" : "DSWebhookClient class",			"operatorClass" : "RemoveCaretOperator",			"mutationStart" : 72,			"method" : "handleNetworkError",			"mutationEnd" : 282		},		{			"operatorDescription" : "Remove ^",			"class" : "DSWebhookClient class",			"operatorClass" : "RemoveCaretOperator",			"mutationStart" : 70,			"method" : "postImage",			"mutationEnd" : 344		},		{			"operatorDescription" : "Remove ^",			"class" : "DSWebhookClient class",			"operatorClass" : "RemoveCaretOperator",			"mutationStart" : 94,			"method" : "postFormAsScreenshot",			"mutationEnd" : 303		}	],	"testCase" : "DSWebhookClientTest",	"unixtime" : 1602059182,	"timeTotal" : 219}