{	"targetClasses" : [		"DSWebhookJsonPost"	],	"testMethodsIgnored" : [ ],	"methodsNotProfiled" : [		"DSWebhookJsonPost>>#accept:"	],	"numberOfOriginalTestMethods" : 11,	"timeDetail" : [		"init: % 49.46 (92 milliseconds)",		"finalize: % 50.54 (94 milliseconds)"	],	"notCoveredInAmplified" : [		{			"operatorDescription" : "Remove ^",			"class" : "DSWebhookJsonPost",			"operatorClass" : "RemoveCaretOperator",			"mutationStart" : 20,			"method" : "accept:",			"mutationEnd" : 58		},		{			"operatorDescription" : "Remove ^",			"class" : "DSWebhookJsonPost",			"operatorClass" : "RemoveCaretOperator",			"mutationStart" : 60,			"method" : "hasEmbeds",			"mutationEnd" : 81		}	],	"mutationScoreAfter" : 33,	"mutationScoreBefore" : 33,	"testAmpLoc" : 65,	"amplifiedMethods" : [		"DSWebhookJsonPostTest5255>>#testAvatarUrl_amp",		"DSWebhookJsonPostTest5255>>#testAsDataPost_amp"	],	"testLoc" : "27",	"amplifiedClass" : "DSWebhookJsonPostTest5255",	"numberOfAllMutationsInOriginal" : 3,	"targetLoc" : 17,	"newCovered" : [ ],	"timeBudgetFinished" : false,	"notCoveredInOriginal" : [		{			"operatorDescription" : "Remove ^",			"class" : "DSWebhookJsonPost",			"operatorClass" : "RemoveCaretOperator",			"mutationStart" : 20,			"method" : "accept:",			"mutationEnd" : 58		},		{			"operatorDescription" : "Remove ^",			"class" : "DSWebhookJsonPost",			"operatorClass" : "RemoveCaretOperator",			"mutationStart" : 60,			"method" : "hasEmbeds",			"mutationEnd" : 81		}	],	"testCase" : "DSWebhookJsonPostTest",	"unixtime" : 1601956568,	"timeTotal" : 0}