{	"targetClasses" : [		"OPDiagram"	],	"testMethodsIgnored" : [ ],	"methodsNotProfiled" : [		"OPDiagram>>#printOn:",		"OPDiagram>>#notes:",		"OPDiagram>>#visibleElements:",		"OPDiagram class>>#defaultDiagramFor:"	],	"numberOfOriginalTestMethods" : 9,	"timeDetail" : [		"init: % 0.30 (467 milliseconds)",		"assertionAmplification: % 73.44 (1 minute 54 seconds 357 milliseconds)",		"selection: % 6.29 (9 seconds 791 milliseconds)",		"inputAmplification: % 19.62 (30 seconds 558 milliseconds)",		"finalize: % 0.35 (542 milliseconds)"	],	"notCoveredInAmplified" : [		{			"operatorDescription" : "Remove ^",			"class" : "OPDiagram",			"operatorClass" : "RemoveCaretOperator",			"mutationStart" : 19,			"method" : "asJsonTo:",			"mutationEnd" : 59		},		{			"operatorDescription" : "Replace #ifTrue:ifFalse: receiver with false",			"class" : "OPDiagram",			"operatorClass" : "ReplaceIfTrueIfFalseReceiverWithFalseOperator",			"mutationStart" : 14,			"method" : "modelType",			"mutationEnd" : 102		},		{			"operatorDescription" : "Remove ^",			"class" : "OPDiagram class",			"operatorClass" : "RemoveCaretOperator",			"mutationStart" : 28,			"method" : "defaultDiagramFor:",			"mutationEnd" : 110		}	],	"mutationScoreAfter" : 88,	"mutationScoreBefore" : 62,	"testAmpLoc" : 266,	"amplifiedMethods" : [		"OPDiagramTest152>>#testAsInfo_amp"	],	"testLoc" : "120",	"amplifiedClass" : "OPDiagramTest152",	"numberOfAllMutationsInOriginal" : 27,	"targetLoc" : 195,	"newCovered" : [		{			"operatorDescription" : "Remove ^",			"class" : "OPDiagram",			"operatorClass" : "RemoveCaretOperator",			"mutationStart" : 12,			"method" : "modelName",			"mutationEnd" : 94		},		{			"operatorDescription" : "Replace #ifTrue:ifFalse: receiver with false",			"class" : "OPDiagram",			"operatorClass" : "ReplaceIfTrueIfFalseReceiverWithFalseOperator",			"mutationStart" : 14,			"method" : "modelName",			"mutationEnd" : 94		},		{			"operatorDescription" : "Replace #ifTrue:ifFalse: receiver with true",			"class" : "OPDiagram",			"operatorClass" : "ReplaceIfTrueIfFalseReceiverWithTrueOperator",			"mutationStart" : 14,			"method" : "modelName",			"mutationEnd" : 94		},		{			"operatorDescription" : "Remove ^",			"class" : "OPDiagram",			"operatorClass" : "RemoveCaretOperator",			"mutationStart" : 12,			"method" : "isDefault",			"mutationEnd" : 34		},		{			"operatorDescription" : "Replace #= with #'~='",			"class" : "OPDiagram",			"operatorClass" : "ReplaceEqualWithNotEqualOperator",			"mutationStart" : 14,			"method" : "isDefault",			"mutationEnd" : 34		},		{			"operatorDescription" : "Remove ^",			"class" : "OPDiagram",			"operatorClass" : "RemoveCaretOperator",			"mutationStart" : 8,			"method" : "notes",			"mutationEnd" : 14		},		{			"operatorDescription" : "Remove ^",			"class" : "OPDiagram",			"operatorClass" : "RemoveCaretOperator",			"mutationStart" : 12,			"method" : "modelType",			"mutationEnd" : 102		}	],	"timeBudgetFinished" : false,	"notCoveredInOriginal" : [		{			"operatorDescription" : "Remove ^",			"class" : "OPDiagram",			"operatorClass" : "RemoveCaretOperator",			"mutationStart" : 12,			"method" : "modelName",			"mutationEnd" : 94		},		{			"operatorDescription" : "Replace #ifTrue:ifFalse: receiver with false",			"class" : "OPDiagram",			"operatorClass" : "ReplaceIfTrueIfFalseReceiverWithFalseOperator",			"mutationStart" : 14,			"method" : "modelName",			"mutationEnd" : 94		},		{			"operatorDescription" : "Replace #ifTrue:ifFalse: receiver with true",			"class" : "OPDiagram",			"operatorClass" : "ReplaceIfTrueIfFalseReceiverWithTrueOperator",			"mutationStart" : 14,			"method" : "modelName",			"mutationEnd" : 94		},		{			"operatorDescription" : "Remove ^",			"class" : "OPDiagram",			"operatorClass" : "RemoveCaretOperator",			"mutationStart" : 19,			"method" : "asJsonTo:",			"mutationEnd" : 59		},		{			"operatorDescription" : "Remove ^",			"class" : "OPDiagram",			"operatorClass" : "RemoveCaretOperator",			"mutationStart" : 12,			"method" : "isDefault",			"mutationEnd" : 34		},		{			"operatorDescription" : "Replace #= with #'~='",			"class" : "OPDiagram",			"operatorClass" : "ReplaceEqualWithNotEqualOperator",			"mutationStart" : 14,			"method" : "isDefault",			"mutationEnd" : 34		},		{			"operatorDescription" : "Remove ^",			"class" : "OPDiagram",			"operatorClass" : "RemoveCaretOperator",			"mutationStart" : 8,			"method" : "notes",			"mutationEnd" : 14		},		{			"operatorDescription" : "Remove ^",			"class" : "OPDiagram",			"operatorClass" : "RemoveCaretOperator",			"mutationStart" : 12,			"method" : "modelType",			"mutationEnd" : 102		},		{			"operatorDescription" : "Replace #ifTrue:ifFalse: receiver with false",			"class" : "OPDiagram",			"operatorClass" : "ReplaceIfTrueIfFalseReceiverWithFalseOperator",			"mutationStart" : 14,			"method" : "modelType",			"mutationEnd" : 102		},		{			"operatorDescription" : "Remove ^",			"class" : "OPDiagram class",			"operatorClass" : "RemoveCaretOperator",			"mutationStart" : 28,			"method" : "defaultDiagramFor:",			"mutationEnd" : 110		}	],	"testCase" : "OPDiagramTest",	"unixtime" : 1604625487,	"timeTotal" : 155}