{	"targetClasses" : [		"OPDynamicFormMagritteVisitor"	],	"testMethodsIgnored" : [ ],	"methodsNotProfiled" : [		"OPDynamicFormMagritteVisitor>>#visitPriorityContainer:",		"OPDynamicFormMagritteVisitor>>#visitSingleOptionDescription:",		"OPDynamicFormMagritteVisitor>>#shouldIncludeLabelFor:",		"OPDynamicFormMagritteVisitor>>#visitLabelDescription:",		"OPDynamicFormMagritteVisitor>>#visitBooleanDescription:",		"OPDynamicFormMagritteVisitor>>#visitMemoDescription:",		"OPDynamicFormMagritteVisitor>>#visit:",		"OPDynamicFormMagritteVisitor>>#visitStringDescription:"	],	"numberOfOriginalTestMethods" : 1,	"timeDetail" : [		"init: % 2.46 (272 milliseconds)",		"assertionAmplification: % 63.65 (7 seconds 32 milliseconds)",		"selection: % 5.88 (650 milliseconds)",		"inputAmplification: % 25.35 (2 seconds 801 milliseconds)",		"finalize: % 2.65 (293 milliseconds)"	],	"notCoveredInAmplified" : [		{			"operatorDescription" : "Replace #ifTrue: receiver with false",			"class" : "OPDynamicFormMagritteVisitor",			"operatorClass" : "ReplaceIfTrueReceiverWithFalseOperator",			"mutationStart" : 37,			"method" : "visitPriorityContainer:",			"mutationEnd" : 122		},		{			"operatorDescription" : "Replace #ifTrue: receiver with true",			"class" : "OPDynamicFormMagritteVisitor",			"operatorClass" : "ReplaceIfTrueReceiverWithTrueOperator",			"mutationStart" : 37,			"method" : "visitPriorityContainer:",			"mutationEnd" : 122		},		{			"operatorDescription" : "Replace #ifTrue: with #ifFalse:",			"class" : "OPDynamicFormMagritteVisitor",			"operatorClass" : "ReplaceIfTrueWithIfFalseMutantOperator",			"mutationStart" : 37,			"method" : "visitPriorityContainer:",			"mutationEnd" : 122		},		{			"operatorDescription" : "Replace do block with [:each |]",			"class" : "OPDynamicFormMagritteVisitor",			"operatorClass" : "ReplaceDoBlockWithEmptyBlockOperator",			"mutationStart" : 126,			"method" : "visitPriorityContainer:",			"mutationEnd" : 177		},		{			"operatorDescription" : "Remove #not",			"class" : "OPDynamicFormMagritteVisitor",			"operatorClass" : "RemoveNotOperator",			"mutationStart" : 286,			"method" : "visitSingleOptionDescription:",			"mutationEnd" : 324		},		{			"operatorDescription" : "Replace #ifTrue:ifFalse: receiver with false",			"class" : "OPDynamicFormMagritteVisitor",			"operatorClass" : "ReplaceIfTrueIfFalseReceiverWithFalseOperator",			"mutationStart" : 57,			"method" : "visitSingleOptionDescription:",			"mutationEnd" : 230		},		{			"operatorDescription" : "Replace #ifTrue:ifFalse: receiver with true",			"class" : "OPDynamicFormMagritteVisitor",			"operatorClass" : "ReplaceIfTrueIfFalseReceiverWithTrueOperator",			"mutationStart" : 57,			"method" : "visitSingleOptionDescription:",			"mutationEnd" : 230		},		{			"operatorDescription" : "Remove ^",			"class" : "OPDynamicFormMagritteVisitor",			"operatorClass" : "RemoveCaretOperator",			"mutationStart" : 85,			"method" : "shouldIncludeLabelFor:",			"mutationEnd" : 137		},		{			"operatorDescription" : "Replace #> with #<",			"class" : "OPDynamicFormMagritteVisitor",			"operatorClass" : "ReplaceGreaterWithLessMutantOperator",			"mutationStart" : 87,			"method" : "shouldIncludeLabelFor:",			"mutationEnd" : 109		},		{			"operatorDescription" : "Remove ^",			"class" : "OPDynamicFormMagritteVisitor",			"operatorClass" : "RemoveCaretOperator",			"mutationStart" : 50,			"method" : "visit:",			"mutationEnd" : 55		},		{			"operatorDescription" : "Replace #ifFalse: receiver with false",			"class" : "OPDynamicFormMagritteVisitor",			"operatorClass" : "ReplaceIfFalseReceiverWithFalseOperator",			"mutationStart" : 18,			"method" : "visit:",			"mutationEnd" : 57		},		{			"operatorDescription" : "Replace #ifFalse: receiver with true",			"class" : "OPDynamicFormMagritteVisitor",			"operatorClass" : "ReplaceIfFalseReceiverWithTrueOperator",			"mutationStart" : 18,			"method" : "visit:",			"mutationEnd" : 57		},		{			"operatorDescription" : "Replace #ifFalse: with #ifTrue:",			"class" : "OPDynamicFormMagritteVisitor",			"operatorClass" : "ReplaceIfFalseWithIfTrueMutantOperator",			"mutationStart" : 18,			"method" : "visit:",			"mutationEnd" : 57		},		{			"operatorDescription" : "Remove Exception Handler Operator",			"class" : "OPDynamicFormMagritteVisitor",			"operatorClass" : "RemoveExceptionHandlerOperator",			"mutationStart" : 282,			"method" : "visitStringDescription:",			"mutationEnd" : 455		},		{			"operatorDescription" : "Remove ^",			"class" : "OPDynamicFormMagritteVisitor",			"operatorClass" : "RemoveCaretOperator",			"mutationStart" : 87,			"method" : "visitStringDescription:",			"mutationEnd" : 134		},		{			"operatorDescription" : "Replace #ifTrue: receiver with false",			"class" : "OPDynamicFormMagritteVisitor",			"operatorClass" : "ReplaceIfTrueReceiverWithFalseOperator",			"mutationStart" : 45,			"method" : "visitStringDescription:",			"mutationEnd" : 136		},		{			"operatorDescription" : "Replace #ifTrue: receiver with true",			"class" : "OPDynamicFormMagritteVisitor",			"operatorClass" : "ReplaceIfTrueReceiverWithTrueOperator",			"mutationStart" : 45,			"method" : "visitStringDescription:",			"mutationEnd" : 136		},		{			"operatorDescription" : "Replace #ifTrue: with #ifFalse:",			"class" : "OPDynamicFormMagritteVisitor",			"operatorClass" : "ReplaceIfTrueWithIfFalseMutantOperator",			"mutationStart" : 45,			"method" : "visitStringDescription:",			"mutationEnd" : 136		}	],	"mutationScoreAfter" : 10,	"mutationScoreBefore" : 0,	"testAmpLoc" : 35,	"amplifiedMethods" : [		"OPDynamicFormMagritteVisitorTest17>>#testToManyRelation_amp_R6",		"OPDynamicFormMagritteVisitorTest17>>#testToManyRelation_amp_A4"	],	"testLoc" : "19",	"amplifiedClass" : "OPDynamicFormMagritteVisitorTest17",	"numberOfAllMutationsInOriginal" : 20,	"targetLoc" : 57,	"newCovered" : [		{			"operatorDescription" : "Remove ^",			"class" : "OPDynamicFormMagritteVisitor",			"operatorClass" : "RemoveCaretOperator",			"mutationStart" : 13,			"method" : "controller",			"mutationEnd" : 24		},		{			"operatorDescription" : "Remove ^",			"class" : "OPDynamicFormMagritteVisitor",			"operatorClass" : "RemoveCaretOperator",			"mutationStart" : 7,			"method" : "form",			"mutationEnd" : 12		}	],	"timeBudgetFinished" : false,	"notCoveredInOriginal" : [		{			"operatorDescription" : "Replace #ifTrue: receiver with false",			"class" : "OPDynamicFormMagritteVisitor",			"operatorClass" : "ReplaceIfTrueReceiverWithFalseOperator",			"mutationStart" : 37,			"method" : "visitPriorityContainer:",			"mutationEnd" : 122		},		{			"operatorDescription" : "Replace #ifTrue: receiver with true",			"class" : "OPDynamicFormMagritteVisitor",			"operatorClass" : "ReplaceIfTrueReceiverWithTrueOperator",			"mutationStart" : 37,			"method" : "visitPriorityContainer:",			"mutationEnd" : 122		},		{			"operatorDescription" : "Replace #ifTrue: with #ifFalse:",			"class" : "OPDynamicFormMagritteVisitor",			"operatorClass" : "ReplaceIfTrueWithIfFalseMutantOperator",			"mutationStart" : 37,			"method" : "visitPriorityContainer:",			"mutationEnd" : 122		},		{			"operatorDescription" : "Replace do block with [:each |]",			"class" : "OPDynamicFormMagritteVisitor",			"operatorClass" : "ReplaceDoBlockWithEmptyBlockOperator",			"mutationStart" : 126,			"method" : "visitPriorityContainer:",			"mutationEnd" : 177		},		{			"operatorDescription" : "Remove #not",			"class" : "OPDynamicFormMagritteVisitor",			"operatorClass" : "RemoveNotOperator",			"mutationStart" : 286,			"method" : "visitSingleOptionDescription:",			"mutationEnd" : 324		},		{			"operatorDescription" : "Replace #ifTrue:ifFalse: receiver with false",			"class" : "OPDynamicFormMagritteVisitor",			"operatorClass" : "ReplaceIfTrueIfFalseReceiverWithFalseOperator",			"mutationStart" : 57,			"method" : "visitSingleOptionDescription:",			"mutationEnd" : 230		},		{			"operatorDescription" : "Replace #ifTrue:ifFalse: receiver with true",			"class" : "OPDynamicFormMagritteVisitor",			"operatorClass" : "ReplaceIfTrueIfFalseReceiverWithTrueOperator",			"mutationStart" : 57,			"method" : "visitSingleOptionDescription:",			"mutationEnd" : 230		},		{			"operatorDescription" : "Remove ^",			"class" : "OPDynamicFormMagritteVisitor",			"operatorClass" : "RemoveCaretOperator",			"mutationStart" : 85,			"method" : "shouldIncludeLabelFor:",			"mutationEnd" : 137		},		{			"operatorDescription" : "Replace #> with #<",			"class" : "OPDynamicFormMagritteVisitor",			"operatorClass" : "ReplaceGreaterWithLessMutantOperator",			"mutationStart" : 87,			"method" : "shouldIncludeLabelFor:",			"mutationEnd" : 109		},		{			"operatorDescription" : "Remove ^",			"class" : "OPDynamicFormMagritteVisitor",			"operatorClass" : "RemoveCaretOperator",			"mutationStart" : 13,			"method" : "controller",			"mutationEnd" : 24		},		{			"operatorDescription" : "Remove ^",			"class" : "OPDynamicFormMagritteVisitor",			"operatorClass" : "RemoveCaretOperator",			"mutationStart" : 7,			"method" : "form",			"mutationEnd" : 12		},		{			"operatorDescription" : "Remove ^",			"class" : "OPDynamicFormMagritteVisitor",			"operatorClass" : "RemoveCaretOperator",			"mutationStart" : 50,			"method" : "visit:",			"mutationEnd" : 55		},		{			"operatorDescription" : "Replace #ifFalse: receiver with false",			"class" : "OPDynamicFormMagritteVisitor",			"operatorClass" : "ReplaceIfFalseReceiverWithFalseOperator",			"mutationStart" : 18,			"method" : "visit:",			"mutationEnd" : 57		},		{			"operatorDescription" : "Replace #ifFalse: receiver with true",			"class" : "OPDynamicFormMagritteVisitor",			"operatorClass" : "ReplaceIfFalseReceiverWithTrueOperator",			"mutationStart" : 18,			"method" : "visit:",			"mutationEnd" : 57		},		{			"operatorDescription" : "Replace #ifFalse: with #ifTrue:",			"class" : "OPDynamicFormMagritteVisitor",			"operatorClass" : "ReplaceIfFalseWithIfTrueMutantOperator",			"mutationStart" : 18,			"method" : "visit:",			"mutationEnd" : 57		},		{			"operatorDescription" : "Remove Exception Handler Operator",			"class" : "OPDynamicFormMagritteVisitor",			"operatorClass" : "RemoveExceptionHandlerOperator",			"mutationStart" : 282,			"method" : "visitStringDescription:",			"mutationEnd" : 455		},		{			"operatorDescription" : "Remove ^",			"class" : "OPDynamicFormMagritteVisitor",			"operatorClass" : "RemoveCaretOperator",			"mutationStart" : 87,			"method" : "visitStringDescription:",			"mutationEnd" : 134		},		{			"operatorDescription" : "Replace #ifTrue: receiver with false",			"class" : "OPDynamicFormMagritteVisitor",			"operatorClass" : "ReplaceIfTrueReceiverWithFalseOperator",			"mutationStart" : 45,			"method" : "visitStringDescription:",			"mutationEnd" : 136		},		{			"operatorDescription" : "Replace #ifTrue: receiver with true",			"class" : "OPDynamicFormMagritteVisitor",			"operatorClass" : "ReplaceIfTrueReceiverWithTrueOperator",			"mutationStart" : 45,			"method" : "visitStringDescription:",			"mutationEnd" : 136		},		{			"operatorDescription" : "Replace #ifTrue: with #ifFalse:",			"class" : "OPDynamicFormMagritteVisitor",			"operatorClass" : "ReplaceIfTrueWithIfFalseMutantOperator",			"mutationStart" : 45,			"method" : "visitStringDescription:",			"mutationEnd" : 136		}	],	"testCase" : "OPDynamicFormMagritteVisitorTest",	"unixtime" : 1604588618,	"timeTotal" : 11}