{	"targetClasses" : [		"OPElementLayout"	],	"testMethodsIgnored" : [ ],	"methodsNotProfiled" : [		"OPElementLayout>>#printOn:"	],	"numberOfOriginalTestMethods" : 5,	"timeDetail" : [		"init: % 1.08 (443 milliseconds)",		"assertionAmplification: % 81.15 (33 seconds 398 milliseconds)",		"selection: % 10.03 (4 seconds 130 milliseconds)",		"inputAmplification: % 6.57 (2 seconds 703 milliseconds)",		"finalize: % 1.17 (483 milliseconds)"	],	"notCoveredInAmplified" : [		{			"operatorDescription" : "Replace #and: argument with [true]",			"class" : "OPElementLayout",			"operatorClass" : "ReplaceAndArgumentWithTrueOperator",			"mutationStart" : 20,			"method" : "=",			"mutationEnd" : 93		},		{			"operatorDescription" : "Remove ^",			"class" : "OPElementLayout",			"operatorClass" : "RemoveCaretOperator",			"mutationStart" : 62,			"method" : "printOn:",			"mutationEnd" : 67		},		{			"operatorDescription" : "Remove ^",			"class" : "OPElementLayout",			"operatorClass" : "RemoveCaretOperator",			"mutationStart" : 7,			"method" : "hash",			"mutationEnd" : 41		},		{			"operatorDescription" : "Remove ^",			"class" : "OPElementLayout class",			"operatorClass" : "RemoveCaretOperator",			"mutationStart" : 23,			"method" : "withPosition:",			"mutationEnd" : 63		},		{			"operatorDescription" : "Remove ^",			"class" : "OPElementLayout class",			"operatorClass" : "RemoveCaretOperator",			"mutationStart" : 7,			"method" : "none",			"mutationEnd" : 40		},		{			"operatorDescription" : "Replace #and: argument with [true]",			"class" : "OPElementLayout class",			"operatorClass" : "ReplaceAndArgumentWithTrueOperator",			"mutationStart" : 208,			"method" : "neoJsonMapping:",			"mutationEnd" : 259		},		{			"operatorDescription" : "Replace #and: receiver with true",			"class" : "OPElementLayout class",			"operatorClass" : "ReplaceAndReceiverWithTrueOperator",			"mutationStart" : 208,			"method" : "neoJsonMapping:",			"mutationEnd" : 259		},		{			"operatorDescription" : "Replace #and: with #or:",			"class" : "OPElementLayout class",			"operatorClass" : "ReplaceAndWithOrMutantOperator",			"mutationStart" : 208,			"method" : "neoJsonMapping:",			"mutationEnd" : 259		},		{			"operatorDescription" : "Replace #and: with false",			"class" : "OPElementLayout class",			"operatorClass" : "ReplaceAndWithFalseOperator",			"mutationStart" : 208,			"method" : "neoJsonMapping:",			"mutationEnd" : 259		},		{			"operatorDescription" : "Replace #ifTrue: receiver with true",			"class" : "OPElementLayout class",			"operatorClass" : "ReplaceIfTrueReceiverWithTrueOperator",			"mutationStart" : 348,			"method" : "neoJsonMapping:",			"mutationEnd" : 489		},		{			"operatorDescription" : "Replace #ifTrue:ifFalse: receiver with false",			"class" : "OPElementLayout class",			"operatorClass" : "ReplaceIfTrueIfFalseReceiverWithFalseOperator",			"mutationStart" : 208,			"method" : "neoJsonMapping:",			"mutationEnd" : 634		}	],	"mutationScoreAfter" : 65,	"mutationScoreBefore" : 50,	"testAmpLoc" : 39,	"amplifiedMethods" : [		"OPElementLayoutTest89>>#testContentFromJSON_amp_L3_A1",		"OPElementLayoutTest89>>#testJSONWithoutExtent_amp_A17"	],	"testLoc" : "40",	"amplifiedClass" : "OPElementLayoutTest89",	"numberOfAllMutationsInOriginal" : 32,	"targetLoc" : 97,	"newCovered" : [		{			"operatorDescription" : "Replace #and: receiver with true",			"class" : "OPElementLayout",			"operatorClass" : "ReplaceAndReceiverWithTrueOperator",			"mutationStart" : 20,			"method" : "=",			"mutationEnd" : 93		},		{			"operatorDescription" : "Replace #and: with #bEqv:",			"class" : "OPElementLayout",			"operatorClass" : "ReplaceAndWithEqvMutantOperator",			"mutationStart" : 20,			"method" : "=",			"mutationEnd" : 93		},		{			"operatorDescription" : "Replace #and: with #or:",			"class" : "OPElementLayout",			"operatorClass" : "ReplaceAndWithOrMutantOperator",			"mutationStart" : 20,			"method" : "=",			"mutationEnd" : 93		},		{			"operatorDescription" : "Remove ^",			"class" : "OPElementLayout",			"operatorClass" : "RemoveCaretOperator",			"mutationStart" : 9,			"method" : "isNone",			"mutationEnd" : 39		},		{			"operatorDescription" : "Remove ^",			"class" : "OPElementLayout",			"operatorClass" : "RemoveCaretOperator",			"mutationStart" : 12,			"method" : "hasExtent",			"mutationEnd" : 28		}	],	"timeBudgetFinished" : false,	"notCoveredInOriginal" : [		{			"operatorDescription" : "Replace #and: argument with [true]",			"class" : "OPElementLayout",			"operatorClass" : "ReplaceAndArgumentWithTrueOperator",			"mutationStart" : 20,			"method" : "=",			"mutationEnd" : 93		},		{			"operatorDescription" : "Replace #and: receiver with true",			"class" : "OPElementLayout",			"operatorClass" : "ReplaceAndReceiverWithTrueOperator",			"mutationStart" : 20,			"method" : "=",			"mutationEnd" : 93		},		{			"operatorDescription" : "Replace #and: with #bEqv:",			"class" : "OPElementLayout",			"operatorClass" : "ReplaceAndWithEqvMutantOperator",			"mutationStart" : 20,			"method" : "=",			"mutationEnd" : 93		},		{			"operatorDescription" : "Replace #and: with #or:",			"class" : "OPElementLayout",			"operatorClass" : "ReplaceAndWithOrMutantOperator",			"mutationStart" : 20,			"method" : "=",			"mutationEnd" : 93		},		{			"operatorDescription" : "Remove ^",			"class" : "OPElementLayout",			"operatorClass" : "RemoveCaretOperator",			"mutationStart" : 62,			"method" : "printOn:",			"mutationEnd" : 67		},		{			"operatorDescription" : "Remove ^",			"class" : "OPElementLayout",			"operatorClass" : "RemoveCaretOperator",			"mutationStart" : 9,			"method" : "isNone",			"mutationEnd" : 39		},		{			"operatorDescription" : "Remove ^",			"class" : "OPElementLayout",			"operatorClass" : "RemoveCaretOperator",			"mutationStart" : 12,			"method" : "hasExtent",			"mutationEnd" : 28		},		{			"operatorDescription" : "Remove ^",			"class" : "OPElementLayout",			"operatorClass" : "RemoveCaretOperator",			"mutationStart" : 7,			"method" : "hash",			"mutationEnd" : 41		},		{			"operatorDescription" : "Remove ^",			"class" : "OPElementLayout class",			"operatorClass" : "RemoveCaretOperator",			"mutationStart" : 23,			"method" : "withPosition:",			"mutationEnd" : 63		},		{			"operatorDescription" : "Remove ^",			"class" : "OPElementLayout class",			"operatorClass" : "RemoveCaretOperator",			"mutationStart" : 7,			"method" : "none",			"mutationEnd" : 40		},		{			"operatorDescription" : "Replace #and: argument with [true]",			"class" : "OPElementLayout class",			"operatorClass" : "ReplaceAndArgumentWithTrueOperator",			"mutationStart" : 208,			"method" : "neoJsonMapping:",			"mutationEnd" : 259		},		{			"operatorDescription" : "Replace #and: receiver with true",			"class" : "OPElementLayout class",			"operatorClass" : "ReplaceAndReceiverWithTrueOperator",			"mutationStart" : 208,			"method" : "neoJsonMapping:",			"mutationEnd" : 259		},		{			"operatorDescription" : "Replace #and: with #or:",			"class" : "OPElementLayout class",			"operatorClass" : "ReplaceAndWithOrMutantOperator",			"mutationStart" : 208,			"method" : "neoJsonMapping:",			"mutationEnd" : 259		},		{			"operatorDescription" : "Replace #and: with false",			"class" : "OPElementLayout class",			"operatorClass" : "ReplaceAndWithFalseOperator",			"mutationStart" : 208,			"method" : "neoJsonMapping:",			"mutationEnd" : 259		},		{			"operatorDescription" : "Replace #ifTrue: receiver with true",			"class" : "OPElementLayout class",			"operatorClass" : "ReplaceIfTrueReceiverWithTrueOperator",			"mutationStart" : 348,			"method" : "neoJsonMapping:",			"mutationEnd" : 489		},		{			"operatorDescription" : "Replace #ifTrue:ifFalse: receiver with false",			"class" : "OPElementLayout class",			"operatorClass" : "ReplaceIfTrueIfFalseReceiverWithFalseOperator",			"mutationStart" : 208,			"method" : "neoJsonMapping:",			"mutationEnd" : 634		}	],	"testCase" : "OPElementLayoutTest",	"unixtime" : 1604589797,	"timeTotal" : 41}