{	"targetClasses" : [		"OPFuelSerializer"	],	"testMethodsIgnored" : [ ],	"methodsNotProfiled" : [ ],	"numberOfOriginalTestMethods" : 3,	"timeDetail" : [		"init: % 1.04 (100 milliseconds)",		"assertionAmplification: % 66.34 (6 seconds 409 milliseconds)",		"selection: % 11.86 (1 second 146 milliseconds)",		"inputAmplification: % 19.66 (1 second 899 milliseconds)",		"finalize: % 1.11 (107 milliseconds)"	],	"notCoveredInAmplified" : [ ],	"mutationScoreAfter" : 100,	"mutationScoreBefore" : 50,	"testAmpLoc" : 77,	"amplifiedMethods" : [		"OPFuelSerializerTest53>>#testLoadMemento_amp"	],	"testLoc" : "2",	"amplifiedClass" : "OPFuelSerializerTest53",	"numberOfAllMutationsInOriginal" : 2,	"targetLoc" : 8,	"newCovered" : [		{			"operatorDescription" : "Remove ^",			"class" : "OPFuelSerializer",			"operatorClass" : "RemoveCaretOperator",			"mutationStart" : 13,			"method" : "formatName",			"mutationEnd" : 20		}	],	"timeBudgetFinished" : false,	"notCoveredInOriginal" : [		{			"operatorDescription" : "Remove ^",			"class" : "OPFuelSerializer",			"operatorClass" : "RemoveCaretOperator",			"mutationStart" : 13,			"method" : "formatName",			"mutationEnd" : 20		}	],	"testCase" : "OPFuelSerializerTest",	"unixtime" : 1604588535,	"timeTotal" : 9}