{	"targetClasses" : [		"OPNavigatorAdapters"	],	"testMethodsIgnored" : [ ],	"methodsNotProfiled" : [		"OPNavigatorAdapters>>#adaptersFor:in:detect:",		"OPNavigatorAdapters>>#adaptersFor:detect:",		"OPNavigatorAdapters>>#dependsTypeOf:on:in:",		"OPNavigatorAdapters>>#contextMenuFor:in:",		"OPNavigatorAdapters>>#dependentFor:in:"	],	"numberOfOriginalTestMethods" : 3,	"timeDetail" : [		"init: % 20.34 (11 seconds 367 milliseconds)",		"assertionAmplification: % 48.11 (26 seconds 884 milliseconds)",		"selection: % 8.74 (4 seconds 885 milliseconds)",		"inputAmplification: % 2.82 (1 second 574 milliseconds)",		"finalize: % 19.98 (11 seconds 165 milliseconds)"	],	"notCoveredInAmplified" : [		{			"operatorDescription" : "Remove ^",			"class" : "OPNavigatorAdapters",			"operatorClass" : "RemoveCaretOperator",			"mutationStart" : 220,			"method" : "adaptersFor:in:detect:",			"mutationEnd" : 222		},		{			"operatorDescription" : "Replace #ifTrue: receiver with false",			"class" : "OPNavigatorAdapters",			"operatorClass" : "ReplaceIfTrueReceiverWithFalseOperator",			"mutationStart" : 90,			"method" : "adaptersFor:in:detect:",			"mutationEnd" : 226		},		{			"operatorDescription" : "Replace #ifTrue: receiver with true",			"class" : "OPNavigatorAdapters",			"operatorClass" : "ReplaceIfTrueReceiverWithTrueOperator",			"mutationStart" : 90,			"method" : "adaptersFor:in:detect:",			"mutationEnd" : 226		},		{			"operatorDescription" : "Replace #ifTrue: with #ifFalse:",			"class" : "OPNavigatorAdapters",			"operatorClass" : "ReplaceIfTrueWithIfFalseMutantOperator",			"mutationStart" : 90,			"method" : "adaptersFor:in:detect:",			"mutationEnd" : 226		},		{			"operatorDescription" : "Replace do block with [:each |]",			"class" : "OPNavigatorAdapters",			"operatorClass" : "ReplaceDoBlockWithEmptyBlockOperator",			"mutationStart" : 61,			"method" : "adaptersFor:in:detect:",			"mutationEnd" : 228		},		{			"operatorDescription" : "Remove ^",			"class" : "OPNavigatorAdapters",			"operatorClass" : "RemoveCaretOperator",			"mutationStart" : 182,			"method" : "adaptersFor:detect:",			"mutationEnd" : 184		},		{			"operatorDescription" : "Replace #ifTrue: receiver with false",			"class" : "OPNavigatorAdapters",			"operatorClass" : "ReplaceIfTrueReceiverWithFalseOperator",			"mutationStart" : 75,			"method" : "adaptersFor:detect:",			"mutationEnd" : 188		},		{			"operatorDescription" : "Replace #ifTrue: receiver with true",			"class" : "OPNavigatorAdapters",			"operatorClass" : "ReplaceIfTrueReceiverWithTrueOperator",			"mutationStart" : 75,			"method" : "adaptersFor:detect:",			"mutationEnd" : 188		},		{			"operatorDescription" : "Replace #ifTrue: with #ifFalse:",			"class" : "OPNavigatorAdapters",			"operatorClass" : "ReplaceIfTrueWithIfFalseMutantOperator",			"mutationStart" : 75,			"method" : "adaptersFor:detect:",			"mutationEnd" : 188		},		{			"operatorDescription" : "Replace do block with [:each |]",			"class" : "OPNavigatorAdapters",			"operatorClass" : "ReplaceDoBlockWithEmptyBlockOperator",			"mutationStart" : 46,			"method" : "adaptersFor:detect:",			"mutationEnd" : 190		},		{			"operatorDescription" : "Remove ^",			"class" : "OPNavigatorAdapters",			"operatorClass" : "RemoveCaretOperator",			"mutationStart" : 61,			"method" : "dependsTypeOf:on:in:",			"mutationEnd" : 157		},		{			"operatorDescription" : "Replace #select: with #reject:",			"class" : "OPNavigatorAdapters",			"operatorClass" : "ReplaceSelectWithRejectMutantOperator",			"mutationStart" : 104,			"method" : "contextMenuFor:in:",			"mutationEnd" : 162		},		{			"operatorDescription" : "Replace Select block with [:each | false]",			"class" : "OPNavigatorAdapters",			"operatorClass" : "ReplaceSelectBlockWithAlwaysFalseBlockOperator",			"mutationStart" : 104,			"method" : "contextMenuFor:in:",			"mutationEnd" : 162		},		{			"operatorDescription" : "Replace Select block with [:each | true]",			"class" : "OPNavigatorAdapters",			"operatorClass" : "ReplaceSelectBlockWithAlwaysTrueBlockOperator",			"mutationStart" : 104,			"method" : "contextMenuFor:in:",			"mutationEnd" : 162		},		{			"operatorDescription" : "Replace do block with [:each |]",			"class" : "OPNavigatorAdapters",			"operatorClass" : "ReplaceDoBlockWithEmptyBlockOperator",			"mutationStart" : 103,			"method" : "contextMenuFor:in:",			"mutationEnd" : 309		},		{			"operatorDescription" : "Remove ^",			"class" : "OPNavigatorAdapters",			"operatorClass" : "RemoveCaretOperator",			"mutationStart" : 40,			"method" : "dependentFor:in:",			"mutationEnd" : 106		},		{			"operatorDescription" : "Replace detect: block with [:each | true] when #detect:ifNone: ",			"class" : "OPNavigatorAdapters",			"operatorClass" : "ReplaceDetectIfNoneFirstBlockWithAlwaysTrueBlockOperator",			"mutationStart" : 92,			"method" : "adapterFor:",			"mutationEnd" : 235		},		{			"operatorDescription" : "Replace ifNone: block with [] when #detect:ifNone:",			"class" : "OPNavigatorAdapters",			"operatorClass" : "ReplaceDetectIfNoneSecondBlockWithEmptyBlockOperator",			"mutationStart" : 92,			"method" : "adapterFor:",			"mutationEnd" : 235		},		{			"operatorDescription" : "Remove ^",			"class" : "OPNavigatorAdapters class",			"operatorClass" : "RemoveCaretOperator",			"mutationStart" : 10,			"method" : "default",			"mutationEnd" : 49		}	],	"mutationScoreAfter" : 24,	"mutationScoreBefore" : 32,	"testAmpLoc" : 0,	"amplifiedMethods" : [ ],	"testLoc" : "17",	"amplifiedClass" : "OPNavigatorAdaptersTest50",	"numberOfAllMutationsInOriginal" : 25,	"targetLoc" : 51,	"newCovered" : [		{			"operatorDescription" : "Replace detect: block with [:each | false] when #detect:ifNone: ",			"class" : "OPNavigatorAdapters",			"operatorClass" : "ReplaceDetectIfNoneFirstBlockWithAlwaysFalseBlockOperator",			"mutationStart" : 92,			"method" : "adapterFor:",			"mutationEnd" : 235		}	],	"timeBudgetFinished" : false,	"notCoveredInOriginal" : [		{			"operatorDescription" : "Remove ^",			"class" : "OPNavigatorAdapters",			"operatorClass" : "RemoveCaretOperator",			"mutationStart" : 220,			"method" : "adaptersFor:in:detect:",			"mutationEnd" : 222		},		{			"operatorDescription" : "Replace #ifTrue: receiver with false",			"class" : "OPNavigatorAdapters",			"operatorClass" : "ReplaceIfTrueReceiverWithFalseOperator",			"mutationStart" : 90,			"method" : "adaptersFor:in:detect:",			"mutationEnd" : 226		},		{			"operatorDescription" : "Replace #ifTrue: receiver with true",			"class" : "OPNavigatorAdapters",			"operatorClass" : "ReplaceIfTrueReceiverWithTrueOperator",			"mutationStart" : 90,			"method" : "adaptersFor:in:detect:",			"mutationEnd" : 226		},		{			"operatorDescription" : "Replace #ifTrue: with #ifFalse:",			"class" : "OPNavigatorAdapters",			"operatorClass" : "ReplaceIfTrueWithIfFalseMutantOperator",			"mutationStart" : 90,			"method" : "adaptersFor:in:detect:",			"mutationEnd" : 226		},		{			"operatorDescription" : "Replace do block with [:each |]",			"class" : "OPNavigatorAdapters",			"operatorClass" : "ReplaceDoBlockWithEmptyBlockOperator",			"mutationStart" : 61,			"method" : "adaptersFor:in:detect:",			"mutationEnd" : 228		},		{			"operatorDescription" : "Remove ^",			"class" : "OPNavigatorAdapters",			"operatorClass" : "RemoveCaretOperator",			"mutationStart" : 182,			"method" : "adaptersFor:detect:",			"mutationEnd" : 184		},		{			"operatorDescription" : "Replace #ifTrue: receiver with false",			"class" : "OPNavigatorAdapters",			"operatorClass" : "ReplaceIfTrueReceiverWithFalseOperator",			"mutationStart" : 75,			"method" : "adaptersFor:detect:",			"mutationEnd" : 188		},		{			"operatorDescription" : "Replace #ifTrue: receiver with true",			"class" : "OPNavigatorAdapters",			"operatorClass" : "ReplaceIfTrueReceiverWithTrueOperator",			"mutationStart" : 75,			"method" : "adaptersFor:detect:",			"mutationEnd" : 188		},		{			"operatorDescription" : "Replace #ifTrue: with #ifFalse:",			"class" : "OPNavigatorAdapters",			"operatorClass" : "ReplaceIfTrueWithIfFalseMutantOperator",			"mutationStart" : 75,			"method" : "adaptersFor:detect:",			"mutationEnd" : 188		},		{			"operatorDescription" : "Replace do block with [:each |]",			"class" : "OPNavigatorAdapters",			"operatorClass" : "ReplaceDoBlockWithEmptyBlockOperator",			"mutationStart" : 46,			"method" : "adaptersFor:detect:",			"mutationEnd" : 190		},		{			"operatorDescription" : "Remove ^",			"class" : "OPNavigatorAdapters",			"operatorClass" : "RemoveCaretOperator",			"mutationStart" : 61,			"method" : "dependsTypeOf:on:in:",			"mutationEnd" : 157		},		{			"operatorDescription" : "Replace #select: with #reject:",			"class" : "OPNavigatorAdapters",			"operatorClass" : "ReplaceSelectWithRejectMutantOperator",			"mutationStart" : 104,			"method" : "contextMenuFor:in:",			"mutationEnd" : 162		},		{			"operatorDescription" : "Replace Select block with [:each | false]",			"class" : "OPNavigatorAdapters",			"operatorClass" : "ReplaceSelectBlockWithAlwaysFalseBlockOperator",			"mutationStart" : 104,			"method" : "contextMenuFor:in:",			"mutationEnd" : 162		},		{			"operatorDescription" : "Replace Select block with [:each | true]",			"class" : "OPNavigatorAdapters",			"operatorClass" : "ReplaceSelectBlockWithAlwaysTrueBlockOperator",			"mutationStart" : 104,			"method" : "contextMenuFor:in:",			"mutationEnd" : 162		},		{			"operatorDescription" : "Replace do block with [:each |]",			"class" : "OPNavigatorAdapters",			"operatorClass" : "ReplaceDoBlockWithEmptyBlockOperator",			"mutationStart" : 103,			"method" : "contextMenuFor:in:",			"mutationEnd" : 309		},		{			"operatorDescription" : "Remove ^",			"class" : "OPNavigatorAdapters",			"operatorClass" : "RemoveCaretOperator",			"mutationStart" : 40,			"method" : "dependentFor:in:",			"mutationEnd" : 106		},		{			"operatorDescription" : "Remove ^",			"class" : "OPNavigatorAdapters class",			"operatorClass" : "RemoveCaretOperator",			"mutationStart" : 10,			"method" : "default",			"mutationEnd" : 49		}	],	"testCase" : "OPNavigatorAdaptersTest",	"unixtime" : 1604588606,	"timeTotal" : 55}