{	"targetClasses" : [		"OPNullSerializer"	],	"testMethodsIgnored" : [ ],	"methodsNotProfiled" : [		"OPNullSerializer>>#serialize:to:",		"OPNullSerializer>>#materializeFrom:"	],	"numberOfOriginalTestMethods" : 3,	"timeDetail" : [		"init: % 1.15 (44 milliseconds)",		"assertionAmplification: % 61.39 (2 seconds 348 milliseconds)",		"selection: % 9.49 (363 milliseconds)",		"inputAmplification: % 26.43 (1 second 11 milliseconds)",		"finalize: % 1.54 (59 milliseconds)"	],	"notCoveredInAmplified" : [ ],	"mutationScoreAfter" : 100,	"mutationScoreBefore" : 50,	"testAmpLoc" : 0,	"amplifiedMethods" : [ ],	"testLoc" : "9",	"amplifiedClass" : "OPNullSerializerTest53",	"numberOfAllMutationsInOriginal" : 2,	"targetLoc" : 8,	"newCovered" : [ ],	"timeBudgetFinished" : false,	"notCoveredInOriginal" : [		{			"operatorDescription" : "Remove ^",			"class" : "OPNullSerializer",			"operatorClass" : "RemoveCaretOperator",			"mutationStart" : 27,			"method" : "materializeFrom:",			"mutationEnd" : 31		}	],	"testCase" : "OPNullSerializerTest",	"unixtime" : 1604588549,	"timeTotal" : 3}