{	"targetClasses" : [		"OPProject"	],	"testMethodsIgnored" : [ ],	"methodsNotProfiled" : [		"OPProject>>#copyDiagram:",		"OPProject>>#storageFolder:",		"OPProject>>#whenChanged:",		"OPProject>>#storageFile:",		"OPProject>>#uuid:",		"OPProject>>#name:",		"OPProject>>#diagrams:",		"OPProject class>>#openOnModel:",		"OPProject class>>#name:",		"OPProject class>>#named:"	],	"numberOfOriginalTestMethods" : 2,	"timeDetail" : [		"init: % 0.03 (323 milliseconds)",		"assertionAmplification: % 98.03 (15 minutes 5 seconds 670 milliseconds)",		"selection: % 1.21 (11 seconds 209 milliseconds)",		"inputAmplification: % 0.22 (2 seconds 14 milliseconds)",		"finalize: % 0.50 (4 seconds 661 milliseconds)"	],	"notCoveredInAmplified" : [		{			"operatorDescription" : "Replace #select: with #reject:",			"class" : "OPProject",			"operatorClass" : "ReplaceSelectWithRejectMutantOperator",			"mutationStart" : 155,			"method" : "allBormEntities",			"mutationEnd" : 214		},		{			"operatorDescription" : "Replace Select block with [:each | false]",			"class" : "OPProject",			"operatorClass" : "ReplaceSelectBlockWithAlwaysFalseBlockOperator",			"mutationStart" : 155,			"method" : "allBormEntities",			"mutationEnd" : 214		},		{			"operatorDescription" : "Replace Select block with [:each | true]",			"class" : "OPProject",			"operatorClass" : "ReplaceSelectBlockWithAlwaysTrueBlockOperator",			"mutationStart" : 155,			"method" : "allBormEntities",			"mutationEnd" : 214		},		{			"operatorDescription" : "Remove ^",			"class" : "OPProject",			"operatorClass" : "RemoveCaretOperator",			"mutationStart" : 105,			"method" : "copyDiagram:",			"mutationEnd" : 116		},		{			"operatorDescription" : "Replace #ifTrue: receiver with false",			"class" : "OPProject",			"operatorClass" : "ReplaceIfTrueReceiverWithFalseOperator",			"mutationStart" : 115,			"method" : "removeModel:",			"mutationEnd" : 178		},		{			"operatorDescription" : "Replace #ifTrue: receiver with false",			"class" : "OPProject",			"operatorClass" : "ReplaceIfTrueReceiverWithFalseOperator",			"mutationStart" : 78,			"method" : "addModel:",			"mutationEnd" : 142		},		{			"operatorDescription" : "Remove ^",			"class" : "OPProject class",			"operatorClass" : "RemoveCaretOperator",			"mutationStart" : 22,			"method" : "openOnModel:",			"mutationEnd" : 79		},		{			"operatorDescription" : "Remove ^",			"class" : "OPProject class",			"operatorClass" : "RemoveCaretOperator",			"mutationStart" : 16,			"method" : "name:",			"mutationEnd" : 53		},		{			"operatorDescription" : "Remove ^",			"class" : "OPProject class",			"operatorClass" : "RemoveCaretOperator",			"mutationStart" : 17,			"method" : "named:",			"mutationEnd" : 54		}	],	"mutationScoreAfter" : 64,	"mutationScoreBefore" : 28,	"testAmpLoc" : 3014,	"amplifiedMethods" : [		"OPProjectTest35>>#testRemoveModel_amp_A38",		"OPProjectTest35>>#testAddModel_amp",		"OPProjectTest35>>#testAddModel_amp_A115_A28",		"OPProjectTest35>>#testAddModel_amp_A6",		"OPProjectTest35>>#testAddModel_amp_A115_A57_A4"	],	"testLoc" : "22",	"amplifiedClass" : "OPProjectTest35",	"numberOfAllMutationsInOriginal" : 25,	"targetLoc" : 111,	"newCovered" : [		{			"operatorDescription" : "Remove ^",			"class" : "OPProject",			"operatorClass" : "RemoveCaretOperator",			"mutationStart" : 7,			"method" : "name",			"mutationEnd" : 18		},		{			"operatorDescription" : "Remove ^",			"class" : "OPProject",			"operatorClass" : "RemoveCaretOperator",			"mutationStart" : 18,			"method" : "controllerClass",			"mutationEnd" : 38		},		{			"operatorDescription" : "Remove ^",			"class" : "OPProject",			"operatorClass" : "RemoveCaretOperator",			"mutationStart" : 41,			"method" : "descriptionName",			"mutationEnd" : 126		},		{			"operatorDescription" : "Remove ^",			"class" : "OPProject",			"operatorClass" : "RemoveCaretOperator",			"mutationStart" : 7,			"method" : "uuid",			"mutationEnd" : 12		},		{			"operatorDescription" : "Remove ^",			"class" : "OPProject",			"operatorClass" : "RemoveCaretOperator",			"mutationStart" : 7,			"method" : "open",			"mutationEnd" : 37		},		{			"operatorDescription" : "Remove ^",			"class" : "OPProject",			"operatorClass" : "RemoveCaretOperator",			"mutationStart" : 152,			"method" : "allBormEntities",			"mutationEnd" : 269		},		{			"operatorDescription" : "Replace #= with #'~='",			"class" : "OPProject",			"operatorClass" : "ReplaceEqualWithNotEqualOperator",			"mutationStart" : 131,			"method" : "ensureModelsHaveDiagrams",			"mutationEnd" : 151		},		{			"operatorDescription" : "Remove ^",			"class" : "OPProject",			"operatorClass" : "RemoveCaretOperator",			"mutationStart" : 14,			"method" : "storageFile",			"mutationEnd" : 26		},		{			"operatorDescription" : "Remove ^",			"class" : "OPProject",			"operatorClass" : "RemoveCaretOperator",			"mutationStart" : 63,			"method" : "storageFolder",			"mutationEnd" : 77		}	],	"timeBudgetFinished" : false,	"notCoveredInOriginal" : [		{			"operatorDescription" : "Remove ^",			"class" : "OPProject",			"operatorClass" : "RemoveCaretOperator",			"mutationStart" : 7,			"method" : "name",			"mutationEnd" : 18		},		{			"operatorDescription" : "Remove ^",			"class" : "OPProject",			"operatorClass" : "RemoveCaretOperator",			"mutationStart" : 18,			"method" : "controllerClass",			"mutationEnd" : 38		},		{			"operatorDescription" : "Remove ^",			"class" : "OPProject",			"operatorClass" : "RemoveCaretOperator",			"mutationStart" : 41,			"method" : "descriptionName",			"mutationEnd" : 126		},		{			"operatorDescription" : "Remove ^",			"class" : "OPProject",			"operatorClass" : "RemoveCaretOperator",			"mutationStart" : 7,			"method" : "uuid",			"mutationEnd" : 12		},		{			"operatorDescription" : "Remove ^",			"class" : "OPProject",			"operatorClass" : "RemoveCaretOperator",			"mutationStart" : 7,			"method" : "open",			"mutationEnd" : 37		},		{			"operatorDescription" : "Remove ^",			"class" : "OPProject",			"operatorClass" : "RemoveCaretOperator",			"mutationStart" : 152,			"method" : "allBormEntities",			"mutationEnd" : 269		},		{			"operatorDescription" : "Replace #select: with #reject:",			"class" : "OPProject",			"operatorClass" : "ReplaceSelectWithRejectMutantOperator",			"mutationStart" : 155,			"method" : "allBormEntities",			"mutationEnd" : 214		},		{			"operatorDescription" : "Replace Select block with [:each | false]",			"class" : "OPProject",			"operatorClass" : "ReplaceSelectBlockWithAlwaysFalseBlockOperator",			"mutationStart" : 155,			"method" : "allBormEntities",			"mutationEnd" : 214		},		{			"operatorDescription" : "Replace Select block with [:each | true]",			"class" : "OPProject",			"operatorClass" : "ReplaceSelectBlockWithAlwaysTrueBlockOperator",			"mutationStart" : 155,			"method" : "allBormEntities",			"mutationEnd" : 214		},		{			"operatorDescription" : "Remove ^",			"class" : "OPProject",			"operatorClass" : "RemoveCaretOperator",			"mutationStart" : 105,			"method" : "copyDiagram:",			"mutationEnd" : 116		},		{			"operatorDescription" : "Replace #ifTrue: receiver with false",			"class" : "OPProject",			"operatorClass" : "ReplaceIfTrueReceiverWithFalseOperator",			"mutationStart" : 115,			"method" : "removeModel:",			"mutationEnd" : 178		},		{			"operatorDescription" : "Replace #ifTrue: receiver with false",			"class" : "OPProject",			"operatorClass" : "ReplaceIfTrueReceiverWithFalseOperator",			"mutationStart" : 78,			"method" : "addModel:",			"mutationEnd" : 142		},		{			"operatorDescription" : "Replace #= with #'~='",			"class" : "OPProject",			"operatorClass" : "ReplaceEqualWithNotEqualOperator",			"mutationStart" : 131,			"method" : "ensureModelsHaveDiagrams",			"mutationEnd" : 151		},		{			"operatorDescription" : "Remove ^",			"class" : "OPProject",			"operatorClass" : "RemoveCaretOperator",			"mutationStart" : 14,			"method" : "storageFile",			"mutationEnd" : 26		},		{			"operatorDescription" : "Remove ^",			"class" : "OPProject",			"operatorClass" : "RemoveCaretOperator",			"mutationStart" : 63,			"method" : "storageFolder",			"mutationEnd" : 77		},		{			"operatorDescription" : "Remove ^",			"class" : "OPProject class",			"operatorClass" : "RemoveCaretOperator",			"mutationStart" : 22,			"method" : "openOnModel:",			"mutationEnd" : 79		},		{			"operatorDescription" : "Remove ^",			"class" : "OPProject class",			"operatorClass" : "RemoveCaretOperator",			"mutationStart" : 16,			"method" : "name:",			"mutationEnd" : 53		},		{			"operatorDescription" : "Remove ^",			"class" : "OPProject class",			"operatorClass" : "RemoveCaretOperator",			"mutationStart" : 17,			"method" : "named:",			"mutationEnd" : 54		}	],	"testCase" : "OPProjectTest",	"unixtime" : 1604589667,	"timeTotal" : 923}