{	"targetClasses" : [		"OPProjectDirectorySerializer"	],	"testMethodsIgnored" : [ ],	"methodsNotProfiled" : [		"OPProjectDirectorySerializer>>#saveProject:withMementos:to:",		"OPProjectDirectorySerializer>>#saveMementos:to:"	],	"numberOfOriginalTestMethods" : 6,	"timeDetail" : [		"init: % 1.59 (267 milliseconds)",		"assertionAmplification: % 45.05 (7 seconds 555 milliseconds)",		"selection: % 13.42 (2 seconds 250 milliseconds)",		"inputAmplification: % 38.53 (6 seconds 462 milliseconds)",		"finalize: % 1.42 (238 milliseconds)"	],	"notCoveredInAmplified" : [		{			"operatorDescription" : "Replace #/ with #*",			"class" : "OPProjectDirectorySerializer",			"operatorClass" : "ReplaceDivisionWithMultiplicationMutantOperator",			"mutationStart" : 222,			"method" : "saveProject:withMementos:to:",			"mutationEnd" : 239		},		{			"operatorDescription" : "Replace #/ with #*",			"class" : "OPProjectDirectorySerializer",			"operatorClass" : "ReplaceDivisionWithMultiplicationMutantOperator",			"mutationStart" : 107,			"method" : "saveMementos:to:",			"mutationEnd" : 124		},		{			"operatorDescription" : "Replace do block with [:each |]",			"class" : "OPProjectDirectorySerializer",			"operatorClass" : "ReplaceDoBlockWithEmptyBlockOperator",			"mutationStart" : 40,			"method" : "saveMementos:to:",			"mutationEnd" : 196		}	],	"mutationScoreAfter" : 82,	"mutationScoreBefore" : 82,	"testAmpLoc" : 0,	"amplifiedMethods" : [ ],	"testLoc" : "75",	"amplifiedClass" : "OPProjectDirectorySerializerTest105",	"numberOfAllMutationsInOriginal" : 17,	"targetLoc" : 59,	"newCovered" : [ ],	"timeBudgetFinished" : false,	"notCoveredInOriginal" : [		{			"operatorDescription" : "Replace #/ with #*",			"class" : "OPProjectDirectorySerializer",			"operatorClass" : "ReplaceDivisionWithMultiplicationMutantOperator",			"mutationStart" : 222,			"method" : "saveProject:withMementos:to:",			"mutationEnd" : 239		},		{			"operatorDescription" : "Replace #/ with #*",			"class" : "OPProjectDirectorySerializer",			"operatorClass" : "ReplaceDivisionWithMultiplicationMutantOperator",			"mutationStart" : 107,			"method" : "saveMementos:to:",			"mutationEnd" : 124		},		{			"operatorDescription" : "Replace do block with [:each |]",			"class" : "OPProjectDirectorySerializer",			"operatorClass" : "ReplaceDoBlockWithEmptyBlockOperator",			"mutationStart" : 40,			"method" : "saveMementos:to:",			"mutationEnd" : 196		}	],	"testCase" : "OPProjectDirectorySerializerTest",	"unixtime" : 1604625319,	"timeTotal" : 16}