{	"targetClasses" : [		"OPProjectController"	],	"testMethodsIgnored" : [ ],	"methodsNotProfiled" : [		"OPProjectController>>#selectInDiagram:",		"OPProjectController>>#saveState:to:",		"OPProjectController>>#hasDiagram:",		"OPProjectController>>#loadStateFrom:",		"OPProjectController>>#openProjectFromDirectory:",		"OPProjectController>>#initializeProjectFolder:",		"OPProjectController>>#openProjectFromFile:",		"OPProjectController>>#hasModel:diagram:"	],	"numberOfOriginalTestMethods" : 4,	"timeDetail" : [		"init: % 0.01 (2 seconds 868 milliseconds)",		"assertionAmplification: % 99.78 (9 hours 14 minutes 58 seconds 845 milliseconds)",		"selection: % 0.09 (29 seconds 293 milliseconds)",		"inputAmplification: % 0.12 (39 seconds 26 milliseconds)",		"finalize: % 0.01 (2 seconds 833 milliseconds)"	],	"notCoveredInAmplified" : [		{			"operatorDescription" : "Remove ^",			"class" : "OPProjectController",			"operatorClass" : "RemoveCaretOperator",			"mutationStart" : 182,			"method" : "projectFolder",			"mutationEnd" : 209		},		{			"operatorDescription" : "Remove ^",			"class" : "OPProjectController",			"operatorClass" : "RemoveCaretOperator",			"mutationStart" : 386,			"method" : "selectInDiagram:",			"mutationEnd" : 391		},		{			"operatorDescription" : "Replace #= with #'~='",			"class" : "OPProjectController",			"operatorClass" : "ReplaceEqualWithNotEqualOperator",			"mutationStart" : 108,			"method" : "selectInDiagram:",			"mutationEnd" : 133		},		{			"operatorDescription" : "Replace #ifTrue: receiver with false",			"class" : "OPProjectController",			"operatorClass" : "ReplaceIfTrueReceiverWithFalseOperator",			"mutationStart" : 108,			"method" : "selectInDiagram:",			"mutationEnd" : 393		},		{			"operatorDescription" : "Replace #ifTrue: receiver with true",			"class" : "OPProjectController",			"operatorClass" : "ReplaceIfTrueReceiverWithTrueOperator",			"mutationStart" : 108,			"method" : "selectInDiagram:",			"mutationEnd" : 393		},		{			"operatorDescription" : "Replace #ifTrue: with #ifFalse:",			"class" : "OPProjectController",			"operatorClass" : "ReplaceIfTrueWithIfFalseMutantOperator",			"mutationStart" : 108,			"method" : "selectInDiagram:",			"mutationEnd" : 393		},		{			"operatorDescription" : "Replace do block with [:each |]",			"class" : "OPProjectController",			"operatorClass" : "ReplaceDoBlockWithEmptyBlockOperator",			"mutationStart" : 33,			"method" : "selectInDiagram:",			"mutationEnd" : 397		},		{			"operatorDescription" : "Replace do block with [:each |]",			"class" : "OPProjectController",			"operatorClass" : "ReplaceDoBlockWithEmptyBlockOperator",			"mutationStart" : 66,			"method" : "selectInDiagram:",			"mutationEnd" : 395		},		{			"operatorDescription" : "Replace #= with #'~='",			"class" : "OPProjectController",			"operatorClass" : "ReplaceEqualWithNotEqualOperator",			"mutationStart" : 115,			"method" : "modelMementoFor:",			"mutationEnd" : 133		},		{			"operatorDescription" : "Remove ^",			"class" : "OPProjectController",			"operatorClass" : "RemoveCaretOperator",			"mutationStart" : 23,			"method" : "hasDiagram:",			"mutationEnd" : 83		},		{			"operatorDescription" : "Replace #= with #'~='",			"class" : "OPProjectController",			"operatorClass" : "ReplaceEqualWithNotEqualOperator",			"mutationStart" : 59,			"method" : "hasDiagram:",			"mutationEnd" : 81		},		{			"operatorDescription" : "Remove ^",			"class" : "OPProjectController",			"operatorClass" : "RemoveCaretOperator",			"mutationStart" : 23,			"method" : "loadStateFrom:",			"mutationEnd" : 57		},		{			"operatorDescription" : "Remove ^",			"class" : "OPProjectController",			"operatorClass" : "RemoveCaretOperator",			"mutationStart" : 286,			"method" : "projectFile",			"mutationEnd" : 311		},		{			"operatorDescription" : "Remove ^",			"class" : "OPProjectController",			"operatorClass" : "RemoveCaretOperator",			"mutationStart" : 128,			"method" : "openProjectFromDirectory:",			"mutationEnd" : 144		},		{			"operatorDescription" : "Replace #and: argument with [true]",			"class" : "OPProjectController",			"operatorClass" : "ReplaceAndArgumentWithTrueOperator",			"mutationStart" : 352,			"method" : "openDiagrams",			"mutationEnd" : 429		},		{			"operatorDescription" : "Replace #and: receiver with true",			"class" : "OPProjectController",			"operatorClass" : "ReplaceAndReceiverWithTrueOperator",			"mutationStart" : 352,			"method" : "openDiagrams",			"mutationEnd" : 429		},		{			"operatorDescription" : "Replace #and: with #bEqv:",			"class" : "OPProjectController",			"operatorClass" : "ReplaceAndWithEqvMutantOperator",			"mutationStart" : 352,			"method" : "openDiagrams",			"mutationEnd" : 429		},		{			"operatorDescription" : "Replace #and: with #nand:",			"class" : "OPProjectController",			"operatorClass" : "ReplaceAndWithNandMutantOperator",			"mutationStart" : 352,			"method" : "openDiagrams",			"mutationEnd" : 429		},		{			"operatorDescription" : "Replace #and: with #or:",			"class" : "OPProjectController",			"operatorClass" : "ReplaceAndWithOrMutantOperator",			"mutationStart" : 352,			"method" : "openDiagrams",			"mutationEnd" : 429		},		{			"operatorDescription" : "Replace #and: with false",			"class" : "OPProjectController",			"operatorClass" : "ReplaceAndWithFalseOperator",			"mutationStart" : 352,			"method" : "openDiagrams",			"mutationEnd" : 429		},		{			"operatorDescription" : "Replace #ifTrue: receiver with false",			"class" : "OPProjectController",			"operatorClass" : "ReplaceIfTrueReceiverWithFalseOperator",			"mutationStart" : 352,			"method" : "openDiagrams",			"mutationEnd" : 497		},		{			"operatorDescription" : "Replace #ifTrue: receiver with true",			"class" : "OPProjectController",			"operatorClass" : "ReplaceIfTrueReceiverWithTrueOperator",			"mutationStart" : 352,			"method" : "openDiagrams",			"mutationEnd" : 497		},		{			"operatorDescription" : "Replace #ifTrue: with #ifFalse:",			"class" : "OPProjectController",			"operatorClass" : "ReplaceIfTrueWithIfFalseMutantOperator",			"mutationStart" : 352,			"method" : "openDiagrams",			"mutationEnd" : 497		},		{			"operatorDescription" : "Replace detect: block with [:each | false] when #detect:ifNone: ",			"class" : "OPProjectController",			"operatorClass" : "ReplaceDetectIfNoneFirstBlockWithAlwaysFalseBlockOperator",			"mutationStart" : 76,			"method" : "openDiagrams",			"mutationEnd" : 161		},		{			"operatorDescription" : "Replace detect: block with [:each | true] when #detect:ifNone: ",			"class" : "OPProjectController",			"operatorClass" : "ReplaceDetectIfNoneFirstBlockWithAlwaysTrueBlockOperator",			"mutationStart" : 76,			"method" : "openDiagrams",			"mutationEnd" : 161		},		{			"operatorDescription" : "Replace ifNone: block with [] when #detect:ifNone:",			"class" : "OPProjectController",			"operatorClass" : "ReplaceDetectIfNoneSecondBlockWithEmptyBlockOperator",			"mutationStart" : 76,			"method" : "openDiagrams",			"mutationEnd" : 161		},		{			"operatorDescription" : "Remove ^",			"class" : "OPProjectController",			"operatorClass" : "RemoveCaretOperator",			"mutationStart" : 40,			"method" : "saveProject",			"mutationEnd" : 71		},		{			"operatorDescription" : "Replace #= with #'~='",			"class" : "OPProjectController",			"operatorClass" : "ReplaceEqualWithNotEqualOperator",			"mutationStart" : 221,			"method" : "updateDiagrams",			"mutationEnd" : 246		},		{			"operatorDescription" : "Replace #= with #'~='",			"class" : "OPProjectController",			"operatorClass" : "ReplaceEqualWithNotEqualOperator",			"mutationStart" : 532,			"method" : "updateDiagrams",			"mutationEnd" : 555		},		{			"operatorDescription" : "Replace do block with [:each |]",			"class" : "OPProjectController",			"operatorClass" : "ReplaceDoBlockWithEmptyBlockOperator",			"mutationStart" : 138,			"method" : "updateDiagrams",			"mutationEnd" : 649		},		{			"operatorDescription" : "Replace #/ with #*",			"class" : "OPProjectController",			"operatorClass" : "ReplaceDivisionWithMultiplicationMutantOperator",			"mutationStart" : 35,			"method" : "initializeProjectFolder:",			"mutationEnd" : 54		},		{			"operatorDescription" : "Replace #/ with #*",			"class" : "OPProjectController",			"operatorClass" : "ReplaceDivisionWithMultiplicationMutantOperator",			"mutationStart" : 191,			"method" : "openProjectFromFile:",			"mutationEnd" : 207		},		{			"operatorDescription" : "Remove ^",			"class" : "OPProjectController",			"operatorClass" : "RemoveCaretOperator",			"mutationStart" : 11,			"method" : "lastSave",			"mutationEnd" : 20		},		{			"operatorDescription" : "Remove ^",			"class" : "OPProjectController",			"operatorClass" : "RemoveCaretOperator",			"mutationStart" : 17,			"method" : "enabledPlugins",			"mutationEnd" : 50		},		{			"operatorDescription" : "Remove ^",			"class" : "OPProjectController",			"operatorClass" : "RemoveCaretOperator",			"mutationStart" : 37,			"method" : "hasModel:diagram:",			"mutationEnd" : 128		},		{			"operatorDescription" : "Replace #= with #'~='",			"class" : "OPProjectController",			"operatorClass" : "ReplaceEqualWithNotEqualOperator",			"mutationStart" : 75,			"method" : "hasModel:diagram:",			"mutationEnd" : 93		},		{			"operatorDescription" : "Replace #= with #'~='",			"class" : "OPProjectController",			"operatorClass" : "ReplaceEqualWithNotEqualOperator",			"mutationStart" : 102,			"method" : "hasModel:diagram:",			"mutationEnd" : 124		},		{			"operatorDescription" : "Replace #and: argument with [true]",			"class" : "OPProjectController",			"operatorClass" : "ReplaceAndArgumentWithTrueOperator",			"mutationStart" : 75,			"method" : "hasModel:diagram:",			"mutationEnd" : 126		},		{			"operatorDescription" : "Replace #and: receiver with true",			"class" : "OPProjectController",			"operatorClass" : "ReplaceAndReceiverWithTrueOperator",			"mutationStart" : 75,			"method" : "hasModel:diagram:",			"mutationEnd" : 126		},		{			"operatorDescription" : "Replace #and: with #bEqv:",			"class" : "OPProjectController",			"operatorClass" : "ReplaceAndWithEqvMutantOperator",			"mutationStart" : 75,			"method" : "hasModel:diagram:",			"mutationEnd" : 126		},		{			"operatorDescription" : "Replace #and: with #nand:",			"class" : "OPProjectController",			"operatorClass" : "ReplaceAndWithNandMutantOperator",			"mutationStart" : 75,			"method" : "hasModel:diagram:",			"mutationEnd" : 126		},		{			"operatorDescription" : "Replace #and: with #or:",			"class" : "OPProjectController",			"operatorClass" : "ReplaceAndWithOrMutantOperator",			"mutationStart" : 75,			"method" : "hasModel:diagram:",			"mutationEnd" : 126		},		{			"operatorDescription" : "Replace #and: with false",			"class" : "OPProjectController",			"operatorClass" : "ReplaceAndWithFalseOperator",			"mutationStart" : 75,			"method" : "hasModel:diagram:",			"mutationEnd" : 126		}	],	"mutationScoreAfter" : 18,	"mutationScoreBefore" : 18,	"testAmpLoc" : 125,	"amplifiedMethods" : [		"OPProjectControllerTest62>>#testAddController_amp"	],	"testLoc" : "49",	"amplifiedClass" : "OPProjectControllerTest62",	"numberOfAllMutationsInOriginal" : 53,	"targetLoc" : 168,	"newCovered" : [ ],	"timeBudgetFinished" : false,	"notCoveredInOriginal" : [		{			"operatorDescription" : "Remove ^",			"class" : "OPProjectController",			"operatorClass" : "RemoveCaretOperator",			"mutationStart" : 182,			"method" : "projectFolder",			"mutationEnd" : 209		},		{			"operatorDescription" : "Remove ^",			"class" : "OPProjectController",			"operatorClass" : "RemoveCaretOperator",			"mutationStart" : 386,			"method" : "selectInDiagram:",			"mutationEnd" : 391		},		{			"operatorDescription" : "Replace #= with #'~='",			"class" : "OPProjectController",			"operatorClass" : "ReplaceEqualWithNotEqualOperator",			"mutationStart" : 108,			"method" : "selectInDiagram:",			"mutationEnd" : 133		},		{			"operatorDescription" : "Replace #ifTrue: receiver with false",			"class" : "OPProjectController",			"operatorClass" : "ReplaceIfTrueReceiverWithFalseOperator",			"mutationStart" : 108,			"method" : "selectInDiagram:",			"mutationEnd" : 393		},		{			"operatorDescription" : "Replace #ifTrue: receiver with true",			"class" : "OPProjectController",			"operatorClass" : "ReplaceIfTrueReceiverWithTrueOperator",			"mutationStart" : 108,			"method" : "selectInDiagram:",			"mutationEnd" : 393		},		{			"operatorDescription" : "Replace #ifTrue: with #ifFalse:",			"class" : "OPProjectController",			"operatorClass" : "ReplaceIfTrueWithIfFalseMutantOperator",			"mutationStart" : 108,			"method" : "selectInDiagram:",			"mutationEnd" : 393		},		{			"operatorDescription" : "Replace do block with [:each |]",			"class" : "OPProjectController",			"operatorClass" : "ReplaceDoBlockWithEmptyBlockOperator",			"mutationStart" : 33,			"method" : "selectInDiagram:",			"mutationEnd" : 397		},		{			"operatorDescription" : "Replace do block with [:each |]",			"class" : "OPProjectController",			"operatorClass" : "ReplaceDoBlockWithEmptyBlockOperator",			"mutationStart" : 66,			"method" : "selectInDiagram:",			"mutationEnd" : 395		},		{			"operatorDescription" : "Replace #= with #'~='",			"class" : "OPProjectController",			"operatorClass" : "ReplaceEqualWithNotEqualOperator",			"mutationStart" : 115,			"method" : "modelMementoFor:",			"mutationEnd" : 133		},		{			"operatorDescription" : "Remove ^",			"class" : "OPProjectController",			"operatorClass" : "RemoveCaretOperator",			"mutationStart" : 23,			"method" : "hasDiagram:",			"mutationEnd" : 83		},		{			"operatorDescription" : "Replace #= with #'~='",			"class" : "OPProjectController",			"operatorClass" : "ReplaceEqualWithNotEqualOperator",			"mutationStart" : 59,			"method" : "hasDiagram:",			"mutationEnd" : 81		},		{			"operatorDescription" : "Remove ^",			"class" : "OPProjectController",			"operatorClass" : "RemoveCaretOperator",			"mutationStart" : 23,			"method" : "loadStateFrom:",			"mutationEnd" : 57		},		{			"operatorDescription" : "Remove ^",			"class" : "OPProjectController",			"operatorClass" : "RemoveCaretOperator",			"mutationStart" : 286,			"method" : "projectFile",			"mutationEnd" : 311		},		{			"operatorDescription" : "Remove ^",			"class" : "OPProjectController",			"operatorClass" : "RemoveCaretOperator",			"mutationStart" : 128,			"method" : "openProjectFromDirectory:",			"mutationEnd" : 144		},		{			"operatorDescription" : "Replace #and: argument with [true]",			"class" : "OPProjectController",			"operatorClass" : "ReplaceAndArgumentWithTrueOperator",			"mutationStart" : 352,			"method" : "openDiagrams",			"mutationEnd" : 429		},		{			"operatorDescription" : "Replace #and: receiver with true",			"class" : "OPProjectController",			"operatorClass" : "ReplaceAndReceiverWithTrueOperator",			"mutationStart" : 352,			"method" : "openDiagrams",			"mutationEnd" : 429		},		{			"operatorDescription" : "Replace #and: with #bEqv:",			"class" : "OPProjectController",			"operatorClass" : "ReplaceAndWithEqvMutantOperator",			"mutationStart" : 352,			"method" : "openDiagrams",			"mutationEnd" : 429		},		{			"operatorDescription" : "Replace #and: with #nand:",			"class" : "OPProjectController",			"operatorClass" : "ReplaceAndWithNandMutantOperator",			"mutationStart" : 352,			"method" : "openDiagrams",			"mutationEnd" : 429		},		{			"operatorDescription" : "Replace #and: with #or:",			"class" : "OPProjectController",			"operatorClass" : "ReplaceAndWithOrMutantOperator",			"mutationStart" : 352,			"method" : "openDiagrams",			"mutationEnd" : 429		},		{			"operatorDescription" : "Replace #and: with false",			"class" : "OPProjectController",			"operatorClass" : "ReplaceAndWithFalseOperator",			"mutationStart" : 352,			"method" : "openDiagrams",			"mutationEnd" : 429		},		{			"operatorDescription" : "Replace #ifTrue: receiver with false",			"class" : "OPProjectController",			"operatorClass" : "ReplaceIfTrueReceiverWithFalseOperator",			"mutationStart" : 352,			"method" : "openDiagrams",			"mutationEnd" : 497		},		{			"operatorDescription" : "Replace #ifTrue: receiver with true",			"class" : "OPProjectController",			"operatorClass" : "ReplaceIfTrueReceiverWithTrueOperator",			"mutationStart" : 352,			"method" : "openDiagrams",			"mutationEnd" : 497		},		{			"operatorDescription" : "Replace #ifTrue: with #ifFalse:",			"class" : "OPProjectController",			"operatorClass" : "ReplaceIfTrueWithIfFalseMutantOperator",			"mutationStart" : 352,			"method" : "openDiagrams",			"mutationEnd" : 497		},		{			"operatorDescription" : "Replace detect: block with [:each | false] when #detect:ifNone: ",			"class" : "OPProjectController",			"operatorClass" : "ReplaceDetectIfNoneFirstBlockWithAlwaysFalseBlockOperator",			"mutationStart" : 76,			"method" : "openDiagrams",			"mutationEnd" : 161		},		{			"operatorDescription" : "Replace detect: block with [:each | true] when #detect:ifNone: ",			"class" : "OPProjectController",			"operatorClass" : "ReplaceDetectIfNoneFirstBlockWithAlwaysTrueBlockOperator",			"mutationStart" : 76,			"method" : "openDiagrams",			"mutationEnd" : 161		},		{			"operatorDescription" : "Replace ifNone: block with [] when #detect:ifNone:",			"class" : "OPProjectController",			"operatorClass" : "ReplaceDetectIfNoneSecondBlockWithEmptyBlockOperator",			"mutationStart" : 76,			"method" : "openDiagrams",			"mutationEnd" : 161		},		{			"operatorDescription" : "Remove ^",			"class" : "OPProjectController",			"operatorClass" : "RemoveCaretOperator",			"mutationStart" : 40,			"method" : "saveProject",			"mutationEnd" : 71		},		{			"operatorDescription" : "Replace #= with #'~='",			"class" : "OPProjectController",			"operatorClass" : "ReplaceEqualWithNotEqualOperator",			"mutationStart" : 221,			"method" : "updateDiagrams",			"mutationEnd" : 246		},		{			"operatorDescription" : "Replace #= with #'~='",			"class" : "OPProjectController",			"operatorClass" : "ReplaceEqualWithNotEqualOperator",			"mutationStart" : 532,			"method" : "updateDiagrams",			"mutationEnd" : 555		},		{			"operatorDescription" : "Replace do block with [:each |]",			"class" : "OPProjectController",			"operatorClass" : "ReplaceDoBlockWithEmptyBlockOperator",			"mutationStart" : 138,			"method" : "updateDiagrams",			"mutationEnd" : 649		},		{			"operatorDescription" : "Replace #/ with #*",			"class" : "OPProjectController",			"operatorClass" : "ReplaceDivisionWithMultiplicationMutantOperator",			"mutationStart" : 35,			"method" : "initializeProjectFolder:",			"mutationEnd" : 54		},		{			"operatorDescription" : "Replace #/ with #*",			"class" : "OPProjectController",			"operatorClass" : "ReplaceDivisionWithMultiplicationMutantOperator",			"mutationStart" : 191,			"method" : "openProjectFromFile:",			"mutationEnd" : 207		},		{			"operatorDescription" : "Remove ^",			"class" : "OPProjectController",			"operatorClass" : "RemoveCaretOperator",			"mutationStart" : 11,			"method" : "lastSave",			"mutationEnd" : 20		},		{			"operatorDescription" : "Remove ^",			"class" : "OPProjectController",			"operatorClass" : "RemoveCaretOperator",			"mutationStart" : 17,			"method" : "enabledPlugins",			"mutationEnd" : 50		},		{			"operatorDescription" : "Remove ^",			"class" : "OPProjectController",			"operatorClass" : "RemoveCaretOperator",			"mutationStart" : 37,			"method" : "hasModel:diagram:",			"mutationEnd" : 128		},		{			"operatorDescription" : "Replace #= with #'~='",			"class" : "OPProjectController",			"operatorClass" : "ReplaceEqualWithNotEqualOperator",			"mutationStart" : 75,			"method" : "hasModel:diagram:",			"mutationEnd" : 93		},		{			"operatorDescription" : "Replace #= with #'~='",			"class" : "OPProjectController",			"operatorClass" : "ReplaceEqualWithNotEqualOperator",			"mutationStart" : 102,			"method" : "hasModel:diagram:",			"mutationEnd" : 124		},		{			"operatorDescription" : "Replace #and: argument with [true]",			"class" : "OPProjectController",			"operatorClass" : "ReplaceAndArgumentWithTrueOperator",			"mutationStart" : 75,			"method" : "hasModel:diagram:",			"mutationEnd" : 126		},		{			"operatorDescription" : "Replace #and: receiver with true",			"class" : "OPProjectController",			"operatorClass" : "ReplaceAndReceiverWithTrueOperator",			"mutationStart" : 75,			"method" : "hasModel:diagram:",			"mutationEnd" : 126		},		{			"operatorDescription" : "Replace #and: with #bEqv:",			"class" : "OPProjectController",			"operatorClass" : "ReplaceAndWithEqvMutantOperator",			"mutationStart" : 75,			"method" : "hasModel:diagram:",			"mutationEnd" : 126		},		{			"operatorDescription" : "Replace #and: with #nand:",			"class" : "OPProjectController",			"operatorClass" : "ReplaceAndWithNandMutantOperator",			"mutationStart" : 75,			"method" : "hasModel:diagram:",			"mutationEnd" : 126		},		{			"operatorDescription" : "Replace #and: with #or:",			"class" : "OPProjectController",			"operatorClass" : "ReplaceAndWithOrMutantOperator",			"mutationStart" : 75,			"method" : "hasModel:diagram:",			"mutationEnd" : 126		},		{			"operatorDescription" : "Replace #and: with false",			"class" : "OPProjectController",			"operatorClass" : "ReplaceAndWithFalseOperator",			"mutationStart" : 75,			"method" : "hasModel:diagram:",			"mutationEnd" : 126		}	],	"testCase" : "OPProjectControllerTest",	"unixtime" : 1604623170,	"timeTotal" : 33372}