{	"targetClasses" : [		"OPProjectDirectoryMaterializer"	],	"testMethodsIgnored" : [ ],	"methodsNotProfiled" : [ ],	"numberOfOriginalTestMethods" : 10,	"timeDetail" : [		"init: % 1.80 (6 seconds 454 milliseconds)",		"assertionAmplification: % 37.80 (2 minutes 15 seconds 260 milliseconds)",		"selection: % 49.12 (2 minutes 55 seconds 776 milliseconds)",		"inputAmplification: % 9.15 (32 seconds 736 milliseconds)",		"finalize: % 2.12 (7 seconds 591 milliseconds)"	],	"notCoveredInAmplified" : [		{			"operatorDescription" : "Remove ^",			"class" : "OPProjectDirectoryMaterializer",			"operatorClass" : "RemoveCaretOperator",			"mutationStart" : 129,			"method" : "modelIdFrom:",			"mutationEnd" : 146		},		{			"operatorDescription" : "Remove ^",			"class" : "OPProjectDirectoryMaterializer",			"operatorClass" : "RemoveCaretOperator",			"mutationStart" : 152,			"method" : "modelIdFrom:",			"mutationEnd" : 160		},		{			"operatorDescription" : "Replace #ifTrue: receiver with false",			"class" : "OPProjectDirectoryMaterializer",			"operatorClass" : "ReplaceIfTrueReceiverWithFalseOperator",			"mutationStart" : 84,			"method" : "modelIdFrom:",			"mutationEnd" : 148		},		{			"operatorDescription" : "Replace #ifTrue: receiver with true",			"class" : "OPProjectDirectoryMaterializer",			"operatorClass" : "ReplaceIfTrueReceiverWithTrueOperator",			"mutationStart" : 23,			"method" : "modelIdFrom:",			"mutationEnd" : 80		},		{			"operatorDescription" : "Replace #ifTrue: receiver with true",			"class" : "OPProjectDirectoryMaterializer",			"operatorClass" : "ReplaceIfTrueReceiverWithTrueOperator",			"mutationStart" : 84,			"method" : "modelIdFrom:",			"mutationEnd" : 148		},		{			"operatorDescription" : "Replace #ifTrue: with #ifFalse:",			"class" : "OPProjectDirectoryMaterializer",			"operatorClass" : "ReplaceIfTrueWithIfFalseMutantOperator",			"mutationStart" : 84,			"method" : "modelIdFrom:",			"mutationEnd" : 148		},		{			"operatorDescription" : "Replace #and: argument with [true]",			"class" : "OPProjectDirectoryMaterializer",			"operatorClass" : "ReplaceAndArgumentWithTrueOperator",			"mutationStart" : 232,			"method" : "readProjectInfoFrom:",			"mutationEnd" : 300		},		{			"operatorDescription" : "Replace #and: receiver with true",			"class" : "OPProjectDirectoryMaterializer",			"operatorClass" : "ReplaceAndReceiverWithTrueOperator",			"mutationStart" : 232,			"method" : "readProjectInfoFrom:",			"mutationEnd" : 300		},		{			"operatorDescription" : "Replace #and: with #bEqv:",			"class" : "OPProjectDirectoryMaterializer",			"operatorClass" : "ReplaceAndWithEqvMutantOperator",			"mutationStart" : 232,			"method" : "readProjectInfoFrom:",			"mutationEnd" : 300		},		{			"operatorDescription" : "Replace #and: with #or:",			"class" : "OPProjectDirectoryMaterializer",			"operatorClass" : "ReplaceAndWithOrMutantOperator",			"mutationStart" : 232,			"method" : "readProjectInfoFrom:",			"mutationEnd" : 300		},		{			"operatorDescription" : "Replace #ifFalse: receiver with true",			"class" : "OPProjectDirectoryMaterializer",			"operatorClass" : "ReplaceIfFalseReceiverWithTrueOperator",			"mutationStart" : 232,			"method" : "readProjectInfoFrom:",			"mutationEnd" : 394		},		{			"operatorDescription" : "Remove ^",			"class" : "OPProjectDirectoryMaterializer",			"operatorClass" : "RemoveCaretOperator",			"mutationStart" : 192,			"method" : "pluginForName:pluginVersion:",			"mutationEnd" : 260		}	],	"mutationScoreAfter" : 73,	"mutationScoreBefore" : 67,	"testAmpLoc" : 14,	"amplifiedMethods" : [		"OPProjectDirectoryMaterializerTest154>>#testPluginReferenceUnknown_amp_L3_A6",		"OPProjectDirectoryMaterializerTest154>>#testExporterVersion_amp_A2_A6"	],	"testLoc" : "63",	"amplifiedClass" : "OPProjectDirectoryMaterializerTest154",	"numberOfAllMutationsInOriginal" : 46,	"targetLoc" : 60,	"newCovered" : [		{			"operatorDescription" : "Replace #and: argument with [true]",			"class" : "OPProjectDirectoryMaterializer",			"operatorClass" : "ReplaceAndArgumentWithTrueOperator",			"mutationStart" : 122,			"method" : "pluginForName:pluginVersion:",			"mutationEnd" : 176		},		{			"operatorDescription" : "Replace #and: receiver with true",			"class" : "OPProjectDirectoryMaterializer",			"operatorClass" : "ReplaceAndReceiverWithTrueOperator",			"mutationStart" : 122,			"method" : "pluginForName:pluginVersion:",			"mutationEnd" : 176		},		{			"operatorDescription" : "Replace #and: with #or:",			"class" : "OPProjectDirectoryMaterializer",			"operatorClass" : "ReplaceAndWithOrMutantOperator",			"mutationStart" : 122,			"method" : "pluginForName:pluginVersion:",			"mutationEnd" : 176		}	],	"timeBudgetFinished" : false,	"notCoveredInOriginal" : [		{			"operatorDescription" : "Remove ^",			"class" : "OPProjectDirectoryMaterializer",			"operatorClass" : "RemoveCaretOperator",			"mutationStart" : 129,			"method" : "modelIdFrom:",			"mutationEnd" : 146		},		{			"operatorDescription" : "Remove ^",			"class" : "OPProjectDirectoryMaterializer",			"operatorClass" : "RemoveCaretOperator",			"mutationStart" : 152,			"method" : "modelIdFrom:",			"mutationEnd" : 160		},		{			"operatorDescription" : "Replace #ifTrue: receiver with false",			"class" : "OPProjectDirectoryMaterializer",			"operatorClass" : "ReplaceIfTrueReceiverWithFalseOperator",			"mutationStart" : 84,			"method" : "modelIdFrom:",			"mutationEnd" : 148		},		{			"operatorDescription" : "Replace #ifTrue: receiver with true",			"class" : "OPProjectDirectoryMaterializer",			"operatorClass" : "ReplaceIfTrueReceiverWithTrueOperator",			"mutationStart" : 23,			"method" : "modelIdFrom:",			"mutationEnd" : 80		},		{			"operatorDescription" : "Replace #ifTrue: receiver with true",			"class" : "OPProjectDirectoryMaterializer",			"operatorClass" : "ReplaceIfTrueReceiverWithTrueOperator",			"mutationStart" : 84,			"method" : "modelIdFrom:",			"mutationEnd" : 148		},		{			"operatorDescription" : "Replace #ifTrue: with #ifFalse:",			"class" : "OPProjectDirectoryMaterializer",			"operatorClass" : "ReplaceIfTrueWithIfFalseMutantOperator",			"mutationStart" : 84,			"method" : "modelIdFrom:",			"mutationEnd" : 148		},		{			"operatorDescription" : "Replace #and: argument with [true]",			"class" : "OPProjectDirectoryMaterializer",			"operatorClass" : "ReplaceAndArgumentWithTrueOperator",			"mutationStart" : 232,			"method" : "readProjectInfoFrom:",			"mutationEnd" : 300		},		{			"operatorDescription" : "Replace #and: receiver with true",			"class" : "OPProjectDirectoryMaterializer",			"operatorClass" : "ReplaceAndReceiverWithTrueOperator",			"mutationStart" : 232,			"method" : "readProjectInfoFrom:",			"mutationEnd" : 300		},		{			"operatorDescription" : "Replace #and: with #bEqv:",			"class" : "OPProjectDirectoryMaterializer",			"operatorClass" : "ReplaceAndWithEqvMutantOperator",			"mutationStart" : 232,			"method" : "readProjectInfoFrom:",			"mutationEnd" : 300		},		{			"operatorDescription" : "Replace #and: with #or:",			"class" : "OPProjectDirectoryMaterializer",			"operatorClass" : "ReplaceAndWithOrMutantOperator",			"mutationStart" : 232,			"method" : "readProjectInfoFrom:",			"mutationEnd" : 300		},		{			"operatorDescription" : "Replace #ifFalse: receiver with true",			"class" : "OPProjectDirectoryMaterializer",			"operatorClass" : "ReplaceIfFalseReceiverWithTrueOperator",			"mutationStart" : 232,			"method" : "readProjectInfoFrom:",			"mutationEnd" : 394		},		{			"operatorDescription" : "Remove ^",			"class" : "OPProjectDirectoryMaterializer",			"operatorClass" : "RemoveCaretOperator",			"mutationStart" : 192,			"method" : "pluginForName:pluginVersion:",			"mutationEnd" : 260		},		{			"operatorDescription" : "Replace #and: argument with [true]",			"class" : "OPProjectDirectoryMaterializer",			"operatorClass" : "ReplaceAndArgumentWithTrueOperator",			"mutationStart" : 122,			"method" : "pluginForName:pluginVersion:",			"mutationEnd" : 176		},		{			"operatorDescription" : "Replace #and: receiver with true",			"class" : "OPProjectDirectoryMaterializer",			"operatorClass" : "ReplaceAndReceiverWithTrueOperator",			"mutationStart" : 122,			"method" : "pluginForName:pluginVersion:",			"mutationEnd" : 176		},		{			"operatorDescription" : "Replace #and: with #or:",			"class" : "OPProjectDirectoryMaterializer",			"operatorClass" : "ReplaceAndWithOrMutantOperator",			"mutationStart" : 122,			"method" : "pluginForName:pluginVersion:",			"mutationEnd" : 176		}	],	"testCase" : "OPProjectDirectoryMaterializerTest",	"unixtime" : 1604624811,	"timeTotal" : 357}