{	"targetClasses" : [		"OPRTEdgeHighlighter"	],	"testMethodsIgnored" : [ ],	"methodsNotProfiled" : [ ],	"numberOfOriginalTestMethods" : 4,	"timeDetail" : [		"init: % 1.63 (251 milliseconds)",		"assertionAmplification: % 44.33 (6 seconds 847 milliseconds)",		"selection: % 36.96 (5 seconds 709 milliseconds)",		"inputAmplification: % 12.26 (1 second 894 milliseconds)",		"finalize: % 4.82 (744 milliseconds)"	],	"notCoveredInAmplified" : [		{			"operatorDescription" : "Remove ^",			"class" : "OPRTEdgeHighlighter",			"operatorClass" : "RemoveCaretOperator",			"mutationStart" : 36,			"method" : "remove",			"mutationEnd" : 41		},		{			"operatorDescription" : "Replace #ifFalse: receiver with true",			"class" : "OPRTEdgeHighlighter",			"operatorClass" : "ReplaceIfFalseReceiverWithTrueOperator",			"mutationStart" : 9,			"method" : "remove",			"mutationEnd" : 43		},		{			"operatorDescription" : "Remove ^",			"class" : "OPRTEdgeHighlighter class",			"operatorClass" : "RemoveCaretOperator",			"mutationStart" : 37,			"method" : "highlight:color:",			"mutationEnd" : 81		},		{			"operatorDescription" : "Replace #and: argument with [true]",			"class" : "OPRTEdgeHighlighter class",			"operatorClass" : "ReplaceAndArgumentWithTrueOperator",			"mutationStart" : 21,			"method" : "isFor:",			"mutationEnd" : 168		},		{			"operatorDescription" : "Replace #and: receiver with true",			"class" : "OPRTEdgeHighlighter class",			"operatorClass" : "ReplaceAndReceiverWithTrueOperator",			"mutationStart" : 21,			"method" : "isFor:",			"mutationEnd" : 168		},		{			"operatorDescription" : "Replace #and: with #bEqv:",			"class" : "OPRTEdgeHighlighter class",			"operatorClass" : "ReplaceAndWithEqvMutantOperator",			"mutationStart" : 21,			"method" : "isFor:",			"mutationEnd" : 168		},		{			"operatorDescription" : "Replace #and: with #or:",			"class" : "OPRTEdgeHighlighter class",			"operatorClass" : "ReplaceAndWithOrMutantOperator",			"mutationStart" : 21,			"method" : "isFor:",			"mutationEnd" : 168		}	],	"mutationScoreAfter" : 58,	"mutationScoreBefore" : 58,	"testAmpLoc" : 0,	"amplifiedMethods" : [ ],	"testLoc" : "25",	"amplifiedClass" : "OPRTEdgeHighlighterTest68",	"numberOfAllMutationsInOriginal" : 17,	"targetLoc" : 31,	"newCovered" : [ ],	"timeBudgetFinished" : false,	"notCoveredInOriginal" : [		{			"operatorDescription" : "Remove ^",			"class" : "OPRTEdgeHighlighter",			"operatorClass" : "RemoveCaretOperator",			"mutationStart" : 36,			"method" : "remove",			"mutationEnd" : 41		},		{			"operatorDescription" : "Replace #ifFalse: receiver with true",			"class" : "OPRTEdgeHighlighter",			"operatorClass" : "ReplaceIfFalseReceiverWithTrueOperator",			"mutationStart" : 9,			"method" : "remove",			"mutationEnd" : 43		},		{			"operatorDescription" : "Remove ^",			"class" : "OPRTEdgeHighlighter class",			"operatorClass" : "RemoveCaretOperator",			"mutationStart" : 37,			"method" : "highlight:color:",			"mutationEnd" : 81		},		{			"operatorDescription" : "Replace #and: argument with [true]",			"class" : "OPRTEdgeHighlighter class",			"operatorClass" : "ReplaceAndArgumentWithTrueOperator",			"mutationStart" : 21,			"method" : "isFor:",			"mutationEnd" : 168		},		{			"operatorDescription" : "Replace #and: receiver with true",			"class" : "OPRTEdgeHighlighter class",			"operatorClass" : "ReplaceAndReceiverWithTrueOperator",			"mutationStart" : 21,			"method" : "isFor:",			"mutationEnd" : 168		},		{			"operatorDescription" : "Replace #and: with #bEqv:",			"class" : "OPRTEdgeHighlighter class",			"operatorClass" : "ReplaceAndWithEqvMutantOperator",			"mutationStart" : 21,			"method" : "isFor:",			"mutationEnd" : 168		},		{			"operatorDescription" : "Replace #and: with #or:",			"class" : "OPRTEdgeHighlighter class",			"operatorClass" : "ReplaceAndWithOrMutantOperator",			"mutationStart" : 21,			"method" : "isFor:",			"mutationEnd" : 168		}	],	"testCase" : "OPRTEdgeHighlighterTest",	"unixtime" : 1604589684,	"timeTotal" : 15}