{	"targetClasses" : [		"OPRTAnchorConstraint"	],	"testMethodsIgnored" : [ ],	"methodsNotProfiled" : [		"OPRTAnchorConstraint>>#moveAwayFromSegment:",		"OPRTAnchorConstraint>>#moveAwayFrom:via:",		"OPRTAnchorConstraint>>#lineSegmentFor:"	],	"numberOfOriginalTestMethods" : 2,	"timeDetail" : [		"init: % 0.15 (724 milliseconds)",		"assertionAmplification: % 97.93 (8 minutes 234 milliseconds)",		"selection: % 0.83 (4 seconds 78 milliseconds)",		"inputAmplification: % 0.87 (4 seconds 283 milliseconds)",		"finalize: % 0.22 (1 second 78 milliseconds)"	],	"notCoveredInAmplified" : [		{			"operatorDescription" : "Replace #* with #/",			"class" : "OPRTAnchorConstraint",			"operatorClass" : "ReplaceMultiplicationWithDivisionMutantOperator",			"mutationStart" : 121,			"method" : "moveElement",			"mutationEnd" : 165		},		{			"operatorDescription" : "Replace #+ with #-",			"class" : "OPRTAnchorConstraint",			"operatorClass" : "ReplacePlusWithMinusMutantOperator",			"mutationStart" : 96,			"method" : "moveElement",			"mutationEnd" : 165		},		{			"operatorDescription" : "Replace #< with #>",			"class" : "OPRTAnchorConstraint",			"operatorClass" : "ReplaceLessWithGreaterMutantOperator",			"mutationStart" : 460,			"method" : "moveElement",			"mutationEnd" : 470		},		{			"operatorDescription" : "Replace #> with #<",			"class" : "OPRTAnchorConstraint",			"operatorClass" : "ReplaceGreaterWithLessMutantOperator",			"mutationStart" : 337,			"method" : "moveElement",			"mutationEnd" : 347		},		{			"operatorDescription" : "Replace #ifTrue: receiver with false",			"class" : "OPRTAnchorConstraint",			"operatorClass" : "ReplaceIfTrueReceiverWithFalseOperator",			"mutationStart" : 337,			"method" : "moveElement",			"mutationEnd" : 456		},		{			"operatorDescription" : "Replace #ifTrue: receiver with false",			"class" : "OPRTAnchorConstraint",			"operatorClass" : "ReplaceIfTrueReceiverWithFalseOperator",			"mutationStart" : 460,			"method" : "moveElement",			"mutationEnd" : 583		},		{			"operatorDescription" : "Replace #ifTrue: receiver with true",			"class" : "OPRTAnchorConstraint",			"operatorClass" : "ReplaceIfTrueReceiverWithTrueOperator",			"mutationStart" : 337,			"method" : "moveElement",			"mutationEnd" : 456		},		{			"operatorDescription" : "Replace #ifTrue: receiver with true",			"class" : "OPRTAnchorConstraint",			"operatorClass" : "ReplaceIfTrueReceiverWithTrueOperator",			"mutationStart" : 460,			"method" : "moveElement",			"mutationEnd" : 583		},		{			"operatorDescription" : "Replace #ifTrue: with #ifFalse:",			"class" : "OPRTAnchorConstraint",			"operatorClass" : "ReplaceIfTrueWithIfFalseMutantOperator",			"mutationStart" : 337,			"method" : "moveElement",			"mutationEnd" : 456		},		{			"operatorDescription" : "Replace #ifTrue: with #ifFalse:",			"class" : "OPRTAnchorConstraint",			"operatorClass" : "ReplaceIfTrueWithIfFalseMutantOperator",			"mutationStart" : 460,			"method" : "moveElement",			"mutationEnd" : 583		},		{			"operatorDescription" : "Replace #* with #/",			"class" : "OPRTAnchorConstraint",			"operatorClass" : "ReplaceMultiplicationWithDivisionMutantOperator",			"mutationStart" : 159,			"method" : "moveAwayFromSegment:",			"mutationEnd" : 238		},		{			"operatorDescription" : "Replace #+ with #-",			"class" : "OPRTAnchorConstraint",			"operatorClass" : "ReplacePlusWithMinusMutantOperator",			"mutationStart" : 190,			"method" : "moveAwayFromSegment:",			"mutationEnd" : 230		},		{			"operatorDescription" : "Replace #= with #'~='",			"class" : "OPRTAnchorConstraint",			"operatorClass" : "ReplaceEqualWithNotEqualOperator",			"mutationStart" : 243,			"method" : "build",			"mutationEnd" : 289		},		{			"operatorDescription" : "Replace #= with #'~='",			"class" : "OPRTAnchorConstraint",			"operatorClass" : "ReplaceEqualWithNotEqualOperator",			"mutationStart" : 295,			"method" : "build",			"mutationEnd" : 349		},		{			"operatorDescription" : "Replace #ifTrue: receiver with false",			"class" : "OPRTAnchorConstraint",			"operatorClass" : "ReplaceIfTrueReceiverWithFalseOperator",			"mutationStart" : 243,			"method" : "build",			"mutationEnd" : 419		},		{			"operatorDescription" : "Replace #ifTrue: receiver with true",			"class" : "OPRTAnchorConstraint",			"operatorClass" : "ReplaceIfTrueReceiverWithTrueOperator",			"mutationStart" : 243,			"method" : "build",			"mutationEnd" : 419		},		{			"operatorDescription" : "Replace #ifTrue: with #ifFalse:",			"class" : "OPRTAnchorConstraint",			"operatorClass" : "ReplaceIfTrueWithIfFalseMutantOperator",			"mutationStart" : 243,			"method" : "build",			"mutationEnd" : 419		},		{			"operatorDescription" : "Remove ^",			"class" : "OPRTAnchorConstraint",			"operatorClass" : "RemoveCaretOperator",			"mutationStart" : 179,			"method" : "segments",			"mutationEnd" : 202		},		{			"operatorDescription" : "Replace #ifTrue: receiver with false",			"class" : "OPRTAnchorConstraint",			"operatorClass" : "ReplaceIfTrueReceiverWithFalseOperator",			"mutationStart" : 131,			"method" : "segments",			"mutationEnd" : 204		},		{			"operatorDescription" : "Remove ^",			"class" : "OPRTAnchorConstraint",			"operatorClass" : "RemoveCaretOperator",			"mutationStart" : 16,			"method" : "anchorSegment",			"mutationEnd" : 64		},		{			"operatorDescription" : "Remove ^",			"class" : "OPRTAnchorConstraint",			"operatorClass" : "RemoveCaretOperator",			"mutationStart" : 273,			"method" : "moveAwayFrom:via:",			"mutationEnd" : 278		},		{			"operatorDescription" : "Replace #* with #/",			"class" : "OPRTAnchorConstraint",			"operatorClass" : "ReplaceMultiplicationWithDivisionMutantOperator",			"mutationStart" : 294,			"method" : "moveAwayFrom:via:",			"mutationEnd" : 357		},		{			"operatorDescription" : "Replace #+ with #-",			"class" : "OPRTAnchorConstraint",			"operatorClass" : "ReplacePlusWithMinusMutantOperator",			"mutationStart" : 558,			"method" : "moveAwayFrom:via:",			"mutationEnd" : 570		},		{			"operatorDescription" : "Replace #= with #'~='",			"class" : "OPRTAnchorConstraint",			"operatorClass" : "ReplaceEqualWithNotEqualOperator",			"mutationStart" : 247,			"method" : "moveAwayFrom:via:",			"mutationEnd" : 259		},		{			"operatorDescription" : "Replace #ifTrue: receiver with false",			"class" : "OPRTAnchorConstraint",			"operatorClass" : "ReplaceIfTrueReceiverWithFalseOperator",			"mutationStart" : 247,			"method" : "moveAwayFrom:via:",			"mutationEnd" : 280		},		{			"operatorDescription" : "Replace #ifTrue: receiver with true",			"class" : "OPRTAnchorConstraint",			"operatorClass" : "ReplaceIfTrueReceiverWithTrueOperator",			"mutationStart" : 247,			"method" : "moveAwayFrom:via:",			"mutationEnd" : 280		},		{			"operatorDescription" : "Replace #ifTrue: with #ifFalse:",			"class" : "OPRTAnchorConstraint",			"operatorClass" : "ReplaceIfTrueWithIfFalseMutantOperator",			"mutationStart" : 247,			"method" : "moveAwayFrom:via:",			"mutationEnd" : 280		},		{			"operatorDescription" : "Replace #select: with #reject:",			"class" : "OPRTAnchorConstraint",			"operatorClass" : "ReplaceSelectWithRejectMutantOperator",			"mutationStart" : 372,			"method" : "moveAwayFrom:via:",			"mutationEnd" : 461		},		{			"operatorDescription" : "Replace Select block with [:each | false]",			"class" : "OPRTAnchorConstraint",			"operatorClass" : "ReplaceSelectBlockWithAlwaysFalseBlockOperator",			"mutationStart" : 372,			"method" : "moveAwayFrom:via:",			"mutationEnd" : 461		},		{			"operatorDescription" : "Replace Select block with [:each | true]",			"class" : "OPRTAnchorConstraint",			"operatorClass" : "ReplaceSelectBlockWithAlwaysTrueBlockOperator",			"mutationStart" : 372,			"method" : "moveAwayFrom:via:",			"mutationEnd" : 461		},		{			"operatorDescription" : "Remove ^",			"class" : "OPRTAnchorConstraint",			"operatorClass" : "RemoveCaretOperator",			"mutationStart" : 478,			"method" : "computeExtraDistance",			"mutationEnd" : 480		},		{			"operatorDescription" : "Remove ^",			"class" : "OPRTAnchorConstraint",			"operatorClass" : "RemoveCaretOperator",			"mutationStart" : 486,			"method" : "computeExtraDistance",			"mutationEnd" : 568		},		{			"operatorDescription" : "Replace #'~=' with #=",			"class" : "OPRTAnchorConstraint",			"operatorClass" : "ReplaceNotEqualWithEqualOperator",			"mutationStart" : 310,			"method" : "computeExtraDistance",			"mutationEnd" : 353		},		{			"operatorDescription" : "Replace #> with #<",			"class" : "OPRTAnchorConstraint",			"operatorClass" : "ReplaceGreaterWithLessMutantOperator",			"mutationStart" : 488,			"method" : "computeExtraDistance",			"mutationEnd" : 507		},		{			"operatorDescription" : "Replace #ifTrue:ifFalse: receiver with false",			"class" : "OPRTAnchorConstraint",			"operatorClass" : "ReplaceIfTrueIfFalseReceiverWithFalseOperator",			"mutationStart" : 488,			"method" : "computeExtraDistance",			"mutationEnd" : 568		},		{			"operatorDescription" : "Replace #ifTrue:ifFalse: receiver with true",			"class" : "OPRTAnchorConstraint",			"operatorClass" : "ReplaceIfTrueIfFalseReceiverWithTrueOperator",			"mutationStart" : 488,			"method" : "computeExtraDistance",			"mutationEnd" : 568		},		{			"operatorDescription" : "Replace #* with #/",			"class" : "OPRTAnchorConstraint class",			"operatorClass" : "ReplaceMultiplicationWithDivisionMutantOperator",			"mutationStart" : 703,			"method" : "exampleSelfEdge",			"mutationEnd" : 710		}	],	"mutationScoreAfter" : 28,	"mutationScoreBefore" : 9,	"testAmpLoc" : 959,	"amplifiedMethods" : [		"OPRTAnchorConstraintTest33>>#testConnectionPath_amp_A9",		"OPRTAnchorConstraintTest33>>#testConnectionPath_amp_A11"	],	"testLoc" : "72",	"amplifiedClass" : "OPRTAnchorConstraintTest33",	"numberOfAllMutationsInOriginal" : 52,	"targetLoc" : 366,	"newCovered" : [		{			"operatorDescription" : "Remove ^",			"class" : "OPRTAnchorConstraint",			"operatorClass" : "RemoveCaretOperator",			"mutationStart" : 208,			"method" : "segments",			"mutationEnd" : 262		},		{			"operatorDescription" : "Replace #ifTrue: receiver with true",			"class" : "OPRTAnchorConstraint",			"operatorClass" : "ReplaceIfTrueReceiverWithTrueOperator",			"mutationStart" : 11,			"method" : "segments",			"mutationEnd" : 127		},		{			"operatorDescription" : "Replace #ifTrue: receiver with true",			"class" : "OPRTAnchorConstraint",			"operatorClass" : "ReplaceIfTrueReceiverWithTrueOperator",			"mutationStart" : 131,			"method" : "segments",			"mutationEnd" : 204		},		{			"operatorDescription" : "Replace #ifTrue: with #ifFalse:",			"class" : "OPRTAnchorConstraint",			"operatorClass" : "ReplaceIfTrueWithIfFalseMutantOperator",			"mutationStart" : 131,			"method" : "segments",			"mutationEnd" : 204		},		{			"operatorDescription" : "Remove ^",			"class" : "OPRTAnchorConstraint",			"operatorClass" : "RemoveCaretOperator",			"mutationStart" : 14,			"method" : "anchorShape",			"mutationEnd" : 26		},		{			"operatorDescription" : "Remove ^",			"class" : "OPRTAnchorConstraint",			"operatorClass" : "RemoveCaretOperator",			"mutationStart" : 10,			"method" : "element",			"mutationEnd" : 18		},		{			"operatorDescription" : "Remove ^",			"class" : "OPRTAnchorConstraint",			"operatorClass" : "RemoveCaretOperator",			"mutationStart" : 10,			"method" : "balance",			"mutationEnd" : 18		},		{			"operatorDescription" : "Remove ^",			"class" : "OPRTAnchorConstraint",			"operatorClass" : "RemoveCaretOperator",			"mutationStart" : 7,			"method" : "edge",			"mutationEnd" : 12		},		{			"operatorDescription" : "Remove ^",			"class" : "OPRTAnchorConstraint",			"operatorClass" : "RemoveCaretOperator",			"mutationStart" : 25,			"method" : "lineSegmentFor:",			"mutationEnd" : 51		},		{			"operatorDescription" : "Remove ^",			"class" : "OPRTAnchorConstraint",			"operatorClass" : "RemoveCaretOperator",			"mutationStart" : 14,			"method" : "minDistance",			"mutationEnd" : 26		}	],	"timeBudgetFinished" : false,	"notCoveredInOriginal" : [		{			"operatorDescription" : "Replace #* with #/",			"class" : "OPRTAnchorConstraint",			"operatorClass" : "ReplaceMultiplicationWithDivisionMutantOperator",			"mutationStart" : 121,			"method" : "moveElement",			"mutationEnd" : 165		},		{			"operatorDescription" : "Replace #+ with #-",			"class" : "OPRTAnchorConstraint",			"operatorClass" : "ReplacePlusWithMinusMutantOperator",			"mutationStart" : 96,			"method" : "moveElement",			"mutationEnd" : 165		},		{			"operatorDescription" : "Replace #< with #>",			"class" : "OPRTAnchorConstraint",			"operatorClass" : "ReplaceLessWithGreaterMutantOperator",			"mutationStart" : 460,			"method" : "moveElement",			"mutationEnd" : 470		},		{			"operatorDescription" : "Replace #> with #<",			"class" : "OPRTAnchorConstraint",			"operatorClass" : "ReplaceGreaterWithLessMutantOperator",			"mutationStart" : 337,			"method" : "moveElement",			"mutationEnd" : 347		},		{			"operatorDescription" : "Replace #ifTrue: receiver with false",			"class" : "OPRTAnchorConstraint",			"operatorClass" : "ReplaceIfTrueReceiverWithFalseOperator",			"mutationStart" : 337,			"method" : "moveElement",			"mutationEnd" : 456		},		{			"operatorDescription" : "Replace #ifTrue: receiver with false",			"class" : "OPRTAnchorConstraint",			"operatorClass" : "ReplaceIfTrueReceiverWithFalseOperator",			"mutationStart" : 460,			"method" : "moveElement",			"mutationEnd" : 583		},		{			"operatorDescription" : "Replace #ifTrue: receiver with true",			"class" : "OPRTAnchorConstraint",			"operatorClass" : "ReplaceIfTrueReceiverWithTrueOperator",			"mutationStart" : 337,			"method" : "moveElement",			"mutationEnd" : 456		},		{			"operatorDescription" : "Replace #ifTrue: receiver with true",			"class" : "OPRTAnchorConstraint",			"operatorClass" : "ReplaceIfTrueReceiverWithTrueOperator",			"mutationStart" : 460,			"method" : "moveElement",			"mutationEnd" : 583		},		{			"operatorDescription" : "Replace #ifTrue: with #ifFalse:",			"class" : "OPRTAnchorConstraint",			"operatorClass" : "ReplaceIfTrueWithIfFalseMutantOperator",			"mutationStart" : 337,			"method" : "moveElement",			"mutationEnd" : 456		},		{			"operatorDescription" : "Replace #ifTrue: with #ifFalse:",			"class" : "OPRTAnchorConstraint",			"operatorClass" : "ReplaceIfTrueWithIfFalseMutantOperator",			"mutationStart" : 460,			"method" : "moveElement",			"mutationEnd" : 583		},		{			"operatorDescription" : "Replace #* with #/",			"class" : "OPRTAnchorConstraint",			"operatorClass" : "ReplaceMultiplicationWithDivisionMutantOperator",			"mutationStart" : 159,			"method" : "moveAwayFromSegment:",			"mutationEnd" : 238		},		{			"operatorDescription" : "Replace #+ with #-",			"class" : "OPRTAnchorConstraint",			"operatorClass" : "ReplacePlusWithMinusMutantOperator",			"mutationStart" : 190,			"method" : "moveAwayFromSegment:",			"mutationEnd" : 230		},		{			"operatorDescription" : "Replace #= with #'~='",			"class" : "OPRTAnchorConstraint",			"operatorClass" : "ReplaceEqualWithNotEqualOperator",			"mutationStart" : 243,			"method" : "build",			"mutationEnd" : 289		},		{			"operatorDescription" : "Replace #= with #'~='",			"class" : "OPRTAnchorConstraint",			"operatorClass" : "ReplaceEqualWithNotEqualOperator",			"mutationStart" : 295,			"method" : "build",			"mutationEnd" : 349		},		{			"operatorDescription" : "Replace #ifTrue: receiver with false",			"class" : "OPRTAnchorConstraint",			"operatorClass" : "ReplaceIfTrueReceiverWithFalseOperator",			"mutationStart" : 243,			"method" : "build",			"mutationEnd" : 419		},		{			"operatorDescription" : "Replace #ifTrue: receiver with true",			"class" : "OPRTAnchorConstraint",			"operatorClass" : "ReplaceIfTrueReceiverWithTrueOperator",			"mutationStart" : 243,			"method" : "build",			"mutationEnd" : 419		},		{			"operatorDescription" : "Replace #ifTrue: with #ifFalse:",			"class" : "OPRTAnchorConstraint",			"operatorClass" : "ReplaceIfTrueWithIfFalseMutantOperator",			"mutationStart" : 243,			"method" : "build",			"mutationEnd" : 419		},		{			"operatorDescription" : "Remove ^",			"class" : "OPRTAnchorConstraint",			"operatorClass" : "RemoveCaretOperator",			"mutationStart" : 179,			"method" : "segments",			"mutationEnd" : 202		},		{			"operatorDescription" : "Remove ^",			"class" : "OPRTAnchorConstraint",			"operatorClass" : "RemoveCaretOperator",			"mutationStart" : 208,			"method" : "segments",			"mutationEnd" : 262		},		{			"operatorDescription" : "Replace #ifTrue: receiver with false",			"class" : "OPRTAnchorConstraint",			"operatorClass" : "ReplaceIfTrueReceiverWithFalseOperator",			"mutationStart" : 131,			"method" : "segments",			"mutationEnd" : 204		},		{			"operatorDescription" : "Replace #ifTrue: receiver with true",			"class" : "OPRTAnchorConstraint",			"operatorClass" : "ReplaceIfTrueReceiverWithTrueOperator",			"mutationStart" : 11,			"method" : "segments",			"mutationEnd" : 127		},		{			"operatorDescription" : "Replace #ifTrue: receiver with true",			"class" : "OPRTAnchorConstraint",			"operatorClass" : "ReplaceIfTrueReceiverWithTrueOperator",			"mutationStart" : 131,			"method" : "segments",			"mutationEnd" : 204		},		{			"operatorDescription" : "Replace #ifTrue: with #ifFalse:",			"class" : "OPRTAnchorConstraint",			"operatorClass" : "ReplaceIfTrueWithIfFalseMutantOperator",			"mutationStart" : 131,			"method" : "segments",			"mutationEnd" : 204		},		{			"operatorDescription" : "Remove ^",			"class" : "OPRTAnchorConstraint",			"operatorClass" : "RemoveCaretOperator",			"mutationStart" : 16,			"method" : "anchorSegment",			"mutationEnd" : 64		},		{			"operatorDescription" : "Remove ^",			"class" : "OPRTAnchorConstraint",			"operatorClass" : "RemoveCaretOperator",			"mutationStart" : 14,			"method" : "anchorShape",			"mutationEnd" : 26		},		{			"operatorDescription" : "Remove ^",			"class" : "OPRTAnchorConstraint",			"operatorClass" : "RemoveCaretOperator",			"mutationStart" : 273,			"method" : "moveAwayFrom:via:",			"mutationEnd" : 278		},		{			"operatorDescription" : "Replace #* with #/",			"class" : "OPRTAnchorConstraint",			"operatorClass" : "ReplaceMultiplicationWithDivisionMutantOperator",			"mutationStart" : 294,			"method" : "moveAwayFrom:via:",			"mutationEnd" : 357		},		{			"operatorDescription" : "Replace #+ with #-",			"class" : "OPRTAnchorConstraint",			"operatorClass" : "ReplacePlusWithMinusMutantOperator",			"mutationStart" : 558,			"method" : "moveAwayFrom:via:",			"mutationEnd" : 570		},		{			"operatorDescription" : "Replace #= with #'~='",			"class" : "OPRTAnchorConstraint",			"operatorClass" : "ReplaceEqualWithNotEqualOperator",			"mutationStart" : 247,			"method" : "moveAwayFrom:via:",			"mutationEnd" : 259		},		{			"operatorDescription" : "Replace #ifTrue: receiver with false",			"class" : "OPRTAnchorConstraint",			"operatorClass" : "ReplaceIfTrueReceiverWithFalseOperator",			"mutationStart" : 247,			"method" : "moveAwayFrom:via:",			"mutationEnd" : 280		},		{			"operatorDescription" : "Replace #ifTrue: receiver with true",			"class" : "OPRTAnchorConstraint",			"operatorClass" : "ReplaceIfTrueReceiverWithTrueOperator",			"mutationStart" : 247,			"method" : "moveAwayFrom:via:",			"mutationEnd" : 280		},		{			"operatorDescription" : "Replace #ifTrue: with #ifFalse:",			"class" : "OPRTAnchorConstraint",			"operatorClass" : "ReplaceIfTrueWithIfFalseMutantOperator",			"mutationStart" : 247,			"method" : "moveAwayFrom:via:",			"mutationEnd" : 280		},		{			"operatorDescription" : "Replace #select: with #reject:",			"class" : "OPRTAnchorConstraint",			"operatorClass" : "ReplaceSelectWithRejectMutantOperator",			"mutationStart" : 372,			"method" : "moveAwayFrom:via:",			"mutationEnd" : 461		},		{			"operatorDescription" : "Replace Select block with [:each | false]",			"class" : "OPRTAnchorConstraint",			"operatorClass" : "ReplaceSelectBlockWithAlwaysFalseBlockOperator",			"mutationStart" : 372,			"method" : "moveAwayFrom:via:",			"mutationEnd" : 461		},		{			"operatorDescription" : "Replace Select block with [:each | true]",			"class" : "OPRTAnchorConstraint",			"operatorClass" : "ReplaceSelectBlockWithAlwaysTrueBlockOperator",			"mutationStart" : 372,			"method" : "moveAwayFrom:via:",			"mutationEnd" : 461		},		{			"operatorDescription" : "Remove ^",			"class" : "OPRTAnchorConstraint",			"operatorClass" : "RemoveCaretOperator",			"mutationStart" : 10,			"method" : "element",			"mutationEnd" : 18		},		{			"operatorDescription" : "Remove ^",			"class" : "OPRTAnchorConstraint",			"operatorClass" : "RemoveCaretOperator",			"mutationStart" : 10,			"method" : "balance",			"mutationEnd" : 18		},		{			"operatorDescription" : "Remove ^",			"class" : "OPRTAnchorConstraint",			"operatorClass" : "RemoveCaretOperator",			"mutationStart" : 478,			"method" : "computeExtraDistance",			"mutationEnd" : 480		},		{			"operatorDescription" : "Remove ^",			"class" : "OPRTAnchorConstraint",			"operatorClass" : "RemoveCaretOperator",			"mutationStart" : 486,			"method" : "computeExtraDistance",			"mutationEnd" : 568		},		{			"operatorDescription" : "Replace #'~=' with #=",			"class" : "OPRTAnchorConstraint",			"operatorClass" : "ReplaceNotEqualWithEqualOperator",			"mutationStart" : 310,			"method" : "computeExtraDistance",			"mutationEnd" : 353		},		{			"operatorDescription" : "Replace #> with #<",			"class" : "OPRTAnchorConstraint",			"operatorClass" : "ReplaceGreaterWithLessMutantOperator",			"mutationStart" : 488,			"method" : "computeExtraDistance",			"mutationEnd" : 507		},		{			"operatorDescription" : "Replace #ifTrue:ifFalse: receiver with false",			"class" : "OPRTAnchorConstraint",			"operatorClass" : "ReplaceIfTrueIfFalseReceiverWithFalseOperator",			"mutationStart" : 488,			"method" : "computeExtraDistance",			"mutationEnd" : 568		},		{			"operatorDescription" : "Replace #ifTrue:ifFalse: receiver with true",			"class" : "OPRTAnchorConstraint",			"operatorClass" : "ReplaceIfTrueIfFalseReceiverWithTrueOperator",			"mutationStart" : 488,			"method" : "computeExtraDistance",			"mutationEnd" : 568		},		{			"operatorDescription" : "Remove ^",			"class" : "OPRTAnchorConstraint",			"operatorClass" : "RemoveCaretOperator",			"mutationStart" : 7,			"method" : "edge",			"mutationEnd" : 12		},		{			"operatorDescription" : "Remove ^",			"class" : "OPRTAnchorConstraint",			"operatorClass" : "RemoveCaretOperator",			"mutationStart" : 25,			"method" : "lineSegmentFor:",			"mutationEnd" : 51		},		{			"operatorDescription" : "Remove ^",			"class" : "OPRTAnchorConstraint",			"operatorClass" : "RemoveCaretOperator",			"mutationStart" : 14,			"method" : "minDistance",			"mutationEnd" : 26		},		{			"operatorDescription" : "Replace #* with #/",			"class" : "OPRTAnchorConstraint class",			"operatorClass" : "ReplaceMultiplicationWithDivisionMutantOperator",			"mutationStart" : 703,			"method" : "exampleSelfEdge",			"mutationEnd" : 710		}	],	"testCase" : "OPRTAnchorConstraintTest",	"unixtime" : 1604625302,	"timeTotal" : 490}