{	"targetClasses" : [		"OPRTViewHighlighter"	],	"testMethodsIgnored" : [ ],	"methodsNotProfiled" : [ ],	"numberOfOriginalTestMethods" : 4,	"timeDetail" : [		"init: % 1.83 (182 milliseconds)",		"assertionAmplification: % 61.62 (6 seconds 129 milliseconds)",		"selection: % 14.74 (1 second 466 milliseconds)",		"inputAmplification: % 19.95 (1 second 984 milliseconds)",		"finalize: % 1.86 (185 milliseconds)"	],	"notCoveredInAmplified" : [		{			"operatorDescription" : "Remove ^",			"class" : "OPRTViewHighlighter",			"operatorClass" : "RemoveCaretOperator",			"mutationStart" : 36,			"method" : "remove",			"mutationEnd" : 41		},		{			"operatorDescription" : "Replace #ifFalse: receiver with true",			"class" : "OPRTViewHighlighter",			"operatorClass" : "ReplaceIfFalseReceiverWithTrueOperator",			"mutationStart" : 9,			"method" : "remove",			"mutationEnd" : 43		},		{			"operatorDescription" : "Remove ^",			"class" : "OPRTViewHighlighter class",			"operatorClass" : "RemoveCaretOperator",			"mutationStart" : 37,			"method" : "highlight:color:",			"mutationEnd" : 81		}	],	"mutationScoreAfter" : 70,	"mutationScoreBefore" : 70,	"testAmpLoc" : 0,	"amplifiedMethods" : [ ],	"testLoc" : "21",	"amplifiedClass" : "OPRTViewHighlighterTest67",	"numberOfAllMutationsInOriginal" : 10,	"targetLoc" : 21,	"newCovered" : [ ],	"timeBudgetFinished" : false,	"notCoveredInOriginal" : [		{			"operatorDescription" : "Remove ^",			"class" : "OPRTViewHighlighter",			"operatorClass" : "RemoveCaretOperator",			"mutationStart" : 36,			"method" : "remove",			"mutationEnd" : 41		},		{			"operatorDescription" : "Replace #ifFalse: receiver with true",			"class" : "OPRTViewHighlighter",			"operatorClass" : "ReplaceIfFalseReceiverWithTrueOperator",			"mutationStart" : 9,			"method" : "remove",			"mutationEnd" : 43		},		{			"operatorDescription" : "Remove ^",			"class" : "OPRTViewHighlighter class",			"operatorClass" : "RemoveCaretOperator",			"mutationStart" : 37,			"method" : "highlight:color:",			"mutationEnd" : 81		}	],	"testCase" : "OPRTViewHighlighterTest",	"unixtime" : 1604588742,	"timeTotal" : 9}