{	"targetClasses" : [		"OPRTElementsConstraint"	],	"testMethodsIgnored" : [ ],	"methodsNotProfiled" : [		"OPRTElementsConstraint class>>#whenDragging:drawLineToPoint:"	],	"numberOfOriginalTestMethods" : 2,	"timeDetail" : [		"init: % 0.06 (66 milliseconds)",		"assertionAmplification: % 96.99 (1 minute 49 seconds 940 milliseconds)",		"selection: % 1.24 (1 second 410 milliseconds)",		"inputAmplification: % 1.61 (1 second 823 milliseconds)",		"finalize: % 0.10 (113 milliseconds)"	],	"notCoveredInAmplified" : [ ],	"mutationScoreAfter" : 100,	"mutationScoreBefore" : 50,	"testAmpLoc" : 384,	"amplifiedMethods" : [		"OPRTElementsConstraintTest33>>#testChangingExtent_amp"	],	"testLoc" : "19",	"amplifiedClass" : "OPRTElementsConstraintTest33",	"numberOfAllMutationsInOriginal" : 2,	"targetLoc" : 62,	"newCovered" : [		{			"operatorDescription" : "Remove ^",			"class" : "OPRTElementsConstraint class",			"operatorClass" : "RemoveCaretOperator",			"mutationStart" : 65,			"method" : "changeExtentOf:like:plus:",			"mutationEnd" : 139		}	],	"timeBudgetFinished" : false,	"notCoveredInOriginal" : [		{			"operatorDescription" : "Remove ^",			"class" : "OPRTElementsConstraint class",			"operatorClass" : "RemoveCaretOperator",			"mutationStart" : 65,			"method" : "changeExtentOf:like:plus:",			"mutationEnd" : 139		}	],	"testCase" : "OPRTElementsConstraintTest",	"unixtime" : 1604588732,	"timeTotal" : 113}