{	"targetClasses" : [		"OPRTStyledConnection"	],	"testMethodsIgnored" : [ ],	"methodsNotProfiled" : [		"OPRTStyledConnection>>#createLineToSelfFor:",		"OPRTStyledConnection>>#color:",		"OPRTStyledConnection>>#decorate:"	],	"numberOfOriginalTestMethods" : 4,	"timeDetail" : [		"init: % 0.05 (466 milliseconds)",		"assertionAmplification: % 99.04 (14 minutes 2 seconds 112 milliseconds)",		"selection: % 0.21 (1 second 762 milliseconds)",		"inputAmplification: % 0.63 (5 seconds 387 milliseconds)",		"finalize: % 0.06 (549 milliseconds)"	],	"notCoveredInAmplified" : [		{			"operatorDescription" : "Replace #* with #/",			"class" : "OPRTStyledConnection",			"operatorClass" : "ReplaceMultiplicationWithDivisionMutantOperator",			"mutationStart" : 230,			"method" : "createLineToSelfFor:",			"mutationEnd" : 279		},		{			"operatorDescription" : "Replace #+ with #-",			"class" : "OPRTStyledConnection",			"operatorClass" : "ReplacePlusWithMinusMutantOperator",			"mutationStart" : 134,			"method" : "createLineToSelfFor:",			"mutationEnd" : 174		},		{			"operatorDescription" : "Replace #+ with #-",			"class" : "OPRTStyledConnection",			"operatorClass" : "ReplacePlusWithMinusMutantOperator",			"mutationStart" : 185,			"method" : "createLineToSelfFor:",			"mutationEnd" : 284		},		{			"operatorDescription" : "Replace #- with #+",			"class" : "OPRTStyledConnection",			"operatorClass" : "ReplaceMinusWithPlusMutantOperator",			"mutationStart" : 185,			"method" : "createLineToSelfFor:",			"mutationEnd" : 223		},		{			"operatorDescription" : "Replace #and: argument with [true]",			"class" : "OPRTStyledConnection",			"operatorClass" : "ReplaceAndArgumentWithTrueOperator",			"mutationStart" : 41,			"method" : "pathFor:",			"mutationEnd" : 94		},		{			"operatorDescription" : "Replace #and: with false",			"class" : "OPRTStyledConnection",			"operatorClass" : "ReplaceAndWithFalseOperator",			"mutationStart" : 41,			"method" : "pathFor:",			"mutationEnd" : 94		},		{			"operatorDescription" : "Replace #ifTrue: receiver with false",			"class" : "OPRTStyledConnection",			"operatorClass" : "ReplaceIfTrueReceiverWithFalseOperator",			"mutationStart" : 41,			"method" : "pathFor:",			"mutationEnd" : 141		},		{			"operatorDescription" : "Replace #isEmpty with #notEmpty",			"class" : "OPRTStyledConnection",			"operatorClass" : "ReplaceIsEmptyWithNotEmptyMutantOperator",			"mutationStart" : 73,			"method" : "pathFor:",			"mutationEnd" : 91		},		{			"operatorDescription" : "Replace #ifFalse: receiver with false",			"class" : "OPRTStyledConnection",			"operatorClass" : "ReplaceIfFalseReceiverWithFalseOperator",			"mutationStart" : 153,			"method" : "changeDecorationsFor:trachelShape:",			"mutationEnd" : 516		},		{			"operatorDescription" : "Replace #ifFalse: receiver with false",			"class" : "OPRTStyledConnection",			"operatorClass" : "ReplaceIfFalseReceiverWithFalseOperator",			"mutationStart" : 564,			"method" : "changeDecorationsFor:trachelShape:",			"mutationEnd" : 1000		},		{			"operatorDescription" : "Remove ^",			"class" : "OPRTStyledConnection",			"operatorClass" : "RemoveCaretOperator",			"mutationStart" : 477,			"method" : "updateFor:trachelShape:",			"mutationEnd" : 490		}	],	"mutationScoreAfter" : 64,	"mutationScoreBefore" : 61,	"testAmpLoc" : 48,	"amplifiedMethods" : [		"OPRTStyledConnectionTest59>>#testChangeHead_amp_A16_D2_R1"	],	"testLoc" : "54",	"amplifiedClass" : "OPRTStyledConnectionTest59",	"numberOfAllMutationsInOriginal" : 31,	"targetLoc" : 152,	"newCovered" : [		{			"operatorDescription" : "Remove ^",			"class" : "OPRTStyledConnection",			"operatorClass" : "RemoveCaretOperator",			"mutationStart" : 14,			"method" : "decorations",			"mutationEnd" : 26		}	],	"timeBudgetFinished" : false,	"notCoveredInOriginal" : [		{			"operatorDescription" : "Replace #* with #/",			"class" : "OPRTStyledConnection",			"operatorClass" : "ReplaceMultiplicationWithDivisionMutantOperator",			"mutationStart" : 230,			"method" : "createLineToSelfFor:",			"mutationEnd" : 279		},		{			"operatorDescription" : "Replace #+ with #-",			"class" : "OPRTStyledConnection",			"operatorClass" : "ReplacePlusWithMinusMutantOperator",			"mutationStart" : 134,			"method" : "createLineToSelfFor:",			"mutationEnd" : 174		},		{			"operatorDescription" : "Replace #+ with #-",			"class" : "OPRTStyledConnection",			"operatorClass" : "ReplacePlusWithMinusMutantOperator",			"mutationStart" : 185,			"method" : "createLineToSelfFor:",			"mutationEnd" : 284		},		{			"operatorDescription" : "Replace #- with #+",			"class" : "OPRTStyledConnection",			"operatorClass" : "ReplaceMinusWithPlusMutantOperator",			"mutationStart" : 185,			"method" : "createLineToSelfFor:",			"mutationEnd" : 223		},		{			"operatorDescription" : "Replace #and: argument with [true]",			"class" : "OPRTStyledConnection",			"operatorClass" : "ReplaceAndArgumentWithTrueOperator",			"mutationStart" : 41,			"method" : "pathFor:",			"mutationEnd" : 94		},		{			"operatorDescription" : "Replace #and: with false",			"class" : "OPRTStyledConnection",			"operatorClass" : "ReplaceAndWithFalseOperator",			"mutationStart" : 41,			"method" : "pathFor:",			"mutationEnd" : 94		},		{			"operatorDescription" : "Replace #ifTrue: receiver with false",			"class" : "OPRTStyledConnection",			"operatorClass" : "ReplaceIfTrueReceiverWithFalseOperator",			"mutationStart" : 41,			"method" : "pathFor:",			"mutationEnd" : 141		},		{			"operatorDescription" : "Replace #isEmpty with #notEmpty",			"class" : "OPRTStyledConnection",			"operatorClass" : "ReplaceIsEmptyWithNotEmptyMutantOperator",			"mutationStart" : 73,			"method" : "pathFor:",			"mutationEnd" : 91		},		{			"operatorDescription" : "Replace #ifFalse: receiver with false",			"class" : "OPRTStyledConnection",			"operatorClass" : "ReplaceIfFalseReceiverWithFalseOperator",			"mutationStart" : 153,			"method" : "changeDecorationsFor:trachelShape:",			"mutationEnd" : 516		},		{			"operatorDescription" : "Replace #ifFalse: receiver with false",			"class" : "OPRTStyledConnection",			"operatorClass" : "ReplaceIfFalseReceiverWithFalseOperator",			"mutationStart" : 564,			"method" : "changeDecorationsFor:trachelShape:",			"mutationEnd" : 1000		},		{			"operatorDescription" : "Remove ^",			"class" : "OPRTStyledConnection",			"operatorClass" : "RemoveCaretOperator",			"mutationStart" : 14,			"method" : "decorations",			"mutationEnd" : 26		},		{			"operatorDescription" : "Remove ^",			"class" : "OPRTStyledConnection",			"operatorClass" : "RemoveCaretOperator",			"mutationStart" : 477,			"method" : "updateFor:trachelShape:",			"mutationEnd" : 490		}	],	"testCase" : "OPRTStyledConnectionTest",	"unixtime" : 1604624020,	"timeTotal" : 850}