{	"targetClasses" : [		"OPSpecEditableDropListMorph"	],	"testMethodsIgnored" : [ ],	"methodsNotProfiled" : [		"OPSpecEditableDropListMorph>>#getIconFor:"	],	"numberOfOriginalTestMethods" : 1,	"timeDetail" : [		"init: % 40.29 (11 seconds 984 milliseconds)",		"assertionAmplification: % 14.72 (4 seconds 378 milliseconds)",		"selection: % 4.90 (1 second 456 milliseconds)",		"inputAmplification: % 2.41 (716 milliseconds)",		"finalize: % 37.69 (11 seconds 210 milliseconds)"	],	"notCoveredInAmplified" : [		{			"operatorDescription" : "Remove ^",			"class" : "OPSpecEditableDropListMorph",			"operatorClass" : "RemoveCaretOperator",			"mutationStart" : 42,			"method" : "newListMorph",			"mutationEnd" : 454		},		{			"operatorDescription" : "Remove ^",			"class" : "OPSpecEditableDropListMorph",			"operatorClass" : "RemoveCaretOperator",			"mutationStart" : 22,			"method" : "getIconFor:",			"mutationEnd" : 52		}	],	"mutationScoreAfter" : 33,	"mutationScoreBefore" : 33,	"testAmpLoc" : 0,	"amplifiedMethods" : [ ],	"testLoc" : "2",	"amplifiedClass" : "OPSpecEditableDropListMorphTest19",	"numberOfAllMutationsInOriginal" : 3,	"targetLoc" : 32,	"newCovered" : [ ],	"timeBudgetFinished" : false,	"notCoveredInOriginal" : [		{			"operatorDescription" : "Remove ^",			"class" : "OPSpecEditableDropListMorph",			"operatorClass" : "RemoveCaretOperator",			"mutationStart" : 42,			"method" : "newListMorph",			"mutationEnd" : 454		},		{			"operatorDescription" : "Remove ^",			"class" : "OPSpecEditableDropListMorph",			"operatorClass" : "RemoveCaretOperator",			"mutationStart" : 22,			"method" : "getIconFor:",			"mutationEnd" : 52		}	],	"testCase" : "OPSpecEditableDropListMorphTest",	"unixtime" : 1604588525,	"timeTotal" : 29}