{	"targetClasses" : [		"OPStonSerializer"	],	"testMethodsIgnored" : [ ],	"methodsNotProfiled" : [ ],	"numberOfOriginalTestMethods" : 3,	"timeDetail" : [		"init: % 0.63 (58 milliseconds)",		"assertionAmplification: % 72.56 (6 seconds 678 milliseconds)",		"selection: % 10.39 (956 milliseconds)",		"inputAmplification: % 15.53 (1 second 429 milliseconds)",		"finalize: % 0.90 (83 milliseconds)"	],	"notCoveredInAmplified" : [ ],	"mutationScoreAfter" : 100,	"mutationScoreBefore" : 50,	"testAmpLoc" : 78,	"amplifiedMethods" : [		"OPStonSerializerTest49>>#testLoadMemento_amp_A7"	],	"testLoc" : "2",	"amplifiedClass" : "OPStonSerializerTest49",	"numberOfAllMutationsInOriginal" : 2,	"targetLoc" : 6,	"newCovered" : [		{			"operatorDescription" : "Remove ^",			"class" : "OPStonSerializer",			"operatorClass" : "RemoveCaretOperator",			"mutationStart" : 13,			"method" : "formatName",			"mutationEnd" : 20		}	],	"timeBudgetFinished" : false,	"notCoveredInOriginal" : [		{			"operatorDescription" : "Remove ^",			"class" : "OPStonSerializer",			"operatorClass" : "RemoveCaretOperator",			"mutationStart" : 13,			"method" : "formatName",			"mutationEnd" : 20		}	],	"testCase" : "OPStonSerializerTest",	"unixtime" : 1604588545,	"timeTotal" : 9}