{	"targetClasses" : [		"BlCornerRadii"	],	"testMethodsIgnored" : [ ],	"methodsNotProfiled" : [		"BlCornerRadii class>>#fileOutLocalMethodsInCategory:on:",		"BlCornerRadii class>>#addSelector:withMethod:",		"BlCornerRadii class>>#findOriginClassOf:",		"BlCornerRadii class>>#addAndClassifySelector:withMethod:inProtocol:",		"BlCornerRadii class>>#includesLocalSelector:",		"BlCornerRadii class>>#removeFromComposition:",		"BlCornerRadii class>>#recategorizeSelector:from:to:",		"BlCornerRadii class>>#removeFromSystem:",		"BlCornerRadii class>>#findOriginMethodOf:",		"BlCornerRadii class>>#addSelector:withMethod:notifying:",		"BlCornerRadii class>>#isLocalSelector:",		"BlCornerRadii class>>#isLocalAliasSelector:",		"BlCornerRadii class>>#removeSelector:",		"BlCornerRadii class>>#traitComposition:",		"BlCornerRadii class>>#isAliasSelector:",		"BlCornerRadii class>>#localMethodDict:",		"BlCornerRadii class>>#isLocalMethodsProtocol:"	],	"timeDetail" : [		"init: % 0.35 (594 milliseconds)",		"assertionAmplification: % 51.20 (1 minute 27 seconds 157 milliseconds)",		"selection: % 21.61 (36 seconds 781 milliseconds)",		"inputAmplification: % 26.44 (45 seconds 16 milliseconds)",		"finalize: % 0.40 (684 milliseconds)"	],	"notCoveredInAmplified" : [		{			"operatorDescription" : "Remove ^",			"class" : "BlCornerRadii",			"operatorClass" : "RemoveCaretOperator",			"mutationStart" : 71,			"method" : "=",			"mutationEnd" : 77		},		{			"operatorDescription" : "Remove ^",			"class" : "BlCornerRadii",			"operatorClass" : "RemoveCaretOperator",			"mutationStart" : 84,			"method" : "=",			"mutationEnd" : 288		},		{			"operatorDescription" : "Replace #= with #'~='",			"class" : "BlCornerRadii",			"operatorClass" : "ReplaceEqualWithNotEqualOperator",			"mutationStart" : 86,			"method" : "=",			"mutationEnd" : 128		},		{			"operatorDescription" : "Replace #= with #'~='",			"class" : "BlCornerRadii",			"operatorClass" : "ReplaceEqualWithNotEqualOperator",			"mutationStart" : 139,			"method" : "=",			"mutationEnd" : 183		},		{			"operatorDescription" : "Replace #= with #'~='",			"class" : "BlCornerRadii",			"operatorClass" : "ReplaceEqualWithNotEqualOperator",			"mutationStart" : 195,			"method" : "=",			"mutationEnd" : 231		},		{			"operatorDescription" : "Replace #= with #'~='",			"class" : "BlCornerRadii",			"operatorClass" : "ReplaceEqualWithNotEqualOperator",			"mutationStart" : 244,			"method" : "=",			"mutationEnd" : 282		},		{			"operatorDescription" : "Replace #and: argument with [true]",			"class" : "BlCornerRadii",			"operatorClass" : "ReplaceAndArgumentWithTrueOperator",			"mutationStart" : 86,			"method" : "=",			"mutationEnd" : 288		},		{			"operatorDescription" : "Replace #and: argument with [true]",			"class" : "BlCornerRadii",			"operatorClass" : "ReplaceAndArgumentWithTrueOperator",			"mutationStart" : 139,			"method" : "=",			"mutationEnd" : 286		},		{			"operatorDescription" : "Replace #and: argument with [true]",			"class" : "BlCornerRadii",			"operatorClass" : "ReplaceAndArgumentWithTrueOperator",			"mutationStart" : 195,			"method" : "=",			"mutationEnd" : 284		},		{			"operatorDescription" : "Replace #and: receiver with true",			"class" : "BlCornerRadii",			"operatorClass" : "ReplaceAndReceiverWithTrueOperator",			"mutationStart" : 86,			"method" : "=",			"mutationEnd" : 288		},		{			"operatorDescription" : "Replace #and: receiver with true",			"class" : "BlCornerRadii",			"operatorClass" : "ReplaceAndReceiverWithTrueOperator",			"mutationStart" : 139,			"method" : "=",			"mutationEnd" : 286		},		{			"operatorDescription" : "Replace #and: receiver with true",			"class" : "BlCornerRadii",			"operatorClass" : "ReplaceAndReceiverWithTrueOperator",			"mutationStart" : 195,			"method" : "=",			"mutationEnd" : 284		},		{			"operatorDescription" : "Replace #and: with #bEqv:",			"class" : "BlCornerRadii",			"operatorClass" : "ReplaceAndWithEqvMutantOperator",			"mutationStart" : 86,			"method" : "=",			"mutationEnd" : 288		},		{			"operatorDescription" : "Replace #and: with #bEqv:",			"class" : "BlCornerRadii",			"operatorClass" : "ReplaceAndWithEqvMutantOperator",			"mutationStart" : 139,			"method" : "=",			"mutationEnd" : 286		},		{			"operatorDescription" : "Replace #and: with #bEqv:",			"class" : "BlCornerRadii",			"operatorClass" : "ReplaceAndWithEqvMutantOperator",			"mutationStart" : 195,			"method" : "=",			"mutationEnd" : 284		},		{			"operatorDescription" : "Replace #and: with #nand:",			"class" : "BlCornerRadii",			"operatorClass" : "ReplaceAndWithNandMutantOperator",			"mutationStart" : 86,			"method" : "=",			"mutationEnd" : 288		},		{			"operatorDescription" : "Replace #and: with #nand:",			"class" : "BlCornerRadii",			"operatorClass" : "ReplaceAndWithNandMutantOperator",			"mutationStart" : 139,			"method" : "=",			"mutationEnd" : 286		},		{			"operatorDescription" : "Replace #and: with #nand:",			"class" : "BlCornerRadii",			"operatorClass" : "ReplaceAndWithNandMutantOperator",			"mutationStart" : 195,			"method" : "=",			"mutationEnd" : 284		},		{			"operatorDescription" : "Replace #and: with #or:",			"class" : "BlCornerRadii",			"operatorClass" : "ReplaceAndWithOrMutantOperator",			"mutationStart" : 86,			"method" : "=",			"mutationEnd" : 288		},		{			"operatorDescription" : "Replace #and: with #or:",			"class" : "BlCornerRadii",			"operatorClass" : "ReplaceAndWithOrMutantOperator",			"mutationStart" : 139,			"method" : "=",			"mutationEnd" : 286		},		{			"operatorDescription" : "Replace #and: with #or:",			"class" : "BlCornerRadii",			"operatorClass" : "ReplaceAndWithOrMutantOperator",			"mutationStart" : 195,			"method" : "=",			"mutationEnd" : 284		},		{			"operatorDescription" : "Replace #and: with false",			"class" : "BlCornerRadii",			"operatorClass" : "ReplaceAndWithFalseOperator",			"mutationStart" : 86,			"method" : "=",			"mutationEnd" : 288		},		{			"operatorDescription" : "Replace #and: with false",			"class" : "BlCornerRadii",			"operatorClass" : "ReplaceAndWithFalseOperator",			"mutationStart" : 139,			"method" : "=",			"mutationEnd" : 286		},		{			"operatorDescription" : "Replace #and: with false",			"class" : "BlCornerRadii",			"operatorClass" : "ReplaceAndWithFalseOperator",			"mutationStart" : 195,			"method" : "=",			"mutationEnd" : 284		},		{			"operatorDescription" : "Replace #ifFalse: receiver with false",			"class" : "BlCornerRadii",			"operatorClass" : "ReplaceIfFalseReceiverWithFalseOperator",			"mutationStart" : 19,			"method" : "=",			"mutationEnd" : 79		},		{			"operatorDescription" : "Replace #ifFalse: receiver with true",			"class" : "BlCornerRadii",			"operatorClass" : "ReplaceIfFalseReceiverWithTrueOperator",			"mutationStart" : 19,			"method" : "=",			"mutationEnd" : 79		},		{			"operatorDescription" : "Replace #ifFalse: with #ifTrue:",			"class" : "BlCornerRadii",			"operatorClass" : "ReplaceIfFalseWithIfTrueMutantOperator",			"mutationStart" : 19,			"method" : "=",			"mutationEnd" : 79		},		{			"operatorDescription" : "Replace a == b with (a == b) not",			"class" : "BlCornerRadii",			"operatorClass" : "ReplaceIdentityWithNegationOfIdentity",			"mutationStart" : 19,			"method" : "=",			"mutationEnd" : 56		},		{			"operatorDescription" : "Replace #max: with #min:",			"class" : "BlCornerRadii",			"operatorClass" : "ReplaceMaxWithMinMutantOperator",			"mutationStart" : 148,			"method" : "max",			"mutationEnd" : 176		}	],	"mutationScoreAfter" : 34,	"mutationScoreBefore" : 29,	"testAmpLoc" : 64,	"amplifiedMethods" : [		"BlCornerRadiiTest2038>>#testBottomLeft_amp_A50",		"BlCornerRadiiTest2038>>#testBottomLeft_amp_A9"	],	"testLoc" : "66",	"amplifiedClass" : "BlCornerRadiiTest2038",	"numberOfAllMutationsInOriginal" : 44,	"targetLoc" : 83,	"newCovered" : [		{			"operatorDescription" : "Remove ^",			"class" : "BlCornerRadii",			"operatorClass" : "RemoveCaretOperator",			"mutationStart" : 40,			"method" : "asArray",			"mutationEnd" : 97		},		{			"operatorDescription" : "Remove ^",			"class" : "BlCornerRadii",			"operatorClass" : "RemoveCaretOperator",			"mutationStart" : 7,			"method" : "hash",			"mutationEnd" : 89		}	],	"timeBudgetFinished" : false,	"notCoveredInOriginal" : [		{			"operatorDescription" : "Remove ^",			"class" : "BlCornerRadii",			"operatorClass" : "RemoveCaretOperator",			"mutationStart" : 71,			"method" : "=",			"mutationEnd" : 77		},		{			"operatorDescription" : "Remove ^",			"class" : "BlCornerRadii",			"operatorClass" : "RemoveCaretOperator",			"mutationStart" : 84,			"method" : "=",			"mutationEnd" : 288		},		{			"operatorDescription" : "Replace #= with #'~='",			"class" : "BlCornerRadii",			"operatorClass" : "ReplaceEqualWithNotEqualOperator",			"mutationStart" : 86,			"method" : "=",			"mutationEnd" : 128		},		{			"operatorDescription" : "Replace #= with #'~='",			"class" : "BlCornerRadii",			"operatorClass" : "ReplaceEqualWithNotEqualOperator",			"mutationStart" : 139,			"method" : "=",			"mutationEnd" : 183		},		{			"operatorDescription" : "Replace #= with #'~='",			"class" : "BlCornerRadii",			"operatorClass" : "ReplaceEqualWithNotEqualOperator",			"mutationStart" : 195,			"method" : "=",			"mutationEnd" : 231		},		{			"operatorDescription" : "Replace #= with #'~='",			"class" : "BlCornerRadii",			"operatorClass" : "ReplaceEqualWithNotEqualOperator",			"mutationStart" : 244,			"method" : "=",			"mutationEnd" : 282		},		{			"operatorDescription" : "Replace #and: argument with [true]",			"class" : "BlCornerRadii",			"operatorClass" : "ReplaceAndArgumentWithTrueOperator",			"mutationStart" : 86,			"method" : "=",			"mutationEnd" : 288		},		{			"operatorDescription" : "Replace #and: argument with [true]",			"class" : "BlCornerRadii",			"operatorClass" : "ReplaceAndArgumentWithTrueOperator",			"mutationStart" : 139,			"method" : "=",			"mutationEnd" : 286		},		{			"operatorDescription" : "Replace #and: argument with [true]",			"class" : "BlCornerRadii",			"operatorClass" : "ReplaceAndArgumentWithTrueOperator",			"mutationStart" : 195,			"method" : "=",			"mutationEnd" : 284		},		{			"operatorDescription" : "Replace #and: receiver with true",			"class" : "BlCornerRadii",			"operatorClass" : "ReplaceAndReceiverWithTrueOperator",			"mutationStart" : 86,			"method" : "=",			"mutationEnd" : 288		},		{			"operatorDescription" : "Replace #and: receiver with true",			"class" : "BlCornerRadii",			"operatorClass" : "ReplaceAndReceiverWithTrueOperator",			"mutationStart" : 139,			"method" : "=",			"mutationEnd" : 286		},		{			"operatorDescription" : "Replace #and: receiver with true",			"class" : "BlCornerRadii",			"operatorClass" : "ReplaceAndReceiverWithTrueOperator",			"mutationStart" : 195,			"method" : "=",			"mutationEnd" : 284		},		{			"operatorDescription" : "Replace #and: with #bEqv:",			"class" : "BlCornerRadii",			"operatorClass" : "ReplaceAndWithEqvMutantOperator",			"mutationStart" : 86,			"method" : "=",			"mutationEnd" : 288		},		{			"operatorDescription" : "Replace #and: with #bEqv:",			"class" : "BlCornerRadii",			"operatorClass" : "ReplaceAndWithEqvMutantOperator",			"mutationStart" : 139,			"method" : "=",			"mutationEnd" : 286		},		{			"operatorDescription" : "Replace #and: with #bEqv:",			"class" : "BlCornerRadii",			"operatorClass" : "ReplaceAndWithEqvMutantOperator",			"mutationStart" : 195,			"method" : "=",			"mutationEnd" : 284		},		{			"operatorDescription" : "Replace #and: with #nand:",			"class" : "BlCornerRadii",			"operatorClass" : "ReplaceAndWithNandMutantOperator",			"mutationStart" : 86,			"method" : "=",			"mutationEnd" : 288		},		{			"operatorDescription" : "Replace #and: with #nand:",			"class" : "BlCornerRadii",			"operatorClass" : "ReplaceAndWithNandMutantOperator",			"mutationStart" : 139,			"method" : "=",			"mutationEnd" : 286		},		{			"operatorDescription" : "Replace #and: with #nand:",			"class" : "BlCornerRadii",			"operatorClass" : "ReplaceAndWithNandMutantOperator",			"mutationStart" : 195,			"method" : "=",			"mutationEnd" : 284		},		{			"operatorDescription" : "Replace #and: with #or:",			"class" : "BlCornerRadii",			"operatorClass" : "ReplaceAndWithOrMutantOperator",			"mutationStart" : 86,			"method" : "=",			"mutationEnd" : 288		},		{			"operatorDescription" : "Replace #and: with #or:",			"class" : "BlCornerRadii",			"operatorClass" : "ReplaceAndWithOrMutantOperator",			"mutationStart" : 139,			"method" : "=",			"mutationEnd" : 286		},		{			"operatorDescription" : "Replace #and: with #or:",			"class" : "BlCornerRadii",			"operatorClass" : "ReplaceAndWithOrMutantOperator",			"mutationStart" : 195,			"method" : "=",			"mutationEnd" : 284		},		{			"operatorDescription" : "Replace #and: with false",			"class" : "BlCornerRadii",			"operatorClass" : "ReplaceAndWithFalseOperator",			"mutationStart" : 86,			"method" : "=",			"mutationEnd" : 288		},		{			"operatorDescription" : "Replace #and: with false",			"class" : "BlCornerRadii",			"operatorClass" : "ReplaceAndWithFalseOperator",			"mutationStart" : 139,			"method" : "=",			"mutationEnd" : 286		},		{			"operatorDescription" : "Replace #and: with false",			"class" : "BlCornerRadii",			"operatorClass" : "ReplaceAndWithFalseOperator",			"mutationStart" : 195,			"method" : "=",			"mutationEnd" : 284		},		{			"operatorDescription" : "Replace #ifFalse: receiver with false",			"class" : "BlCornerRadii",			"operatorClass" : "ReplaceIfFalseReceiverWithFalseOperator",			"mutationStart" : 19,			"method" : "=",			"mutationEnd" : 79		},		{			"operatorDescription" : "Replace #ifFalse: receiver with true",			"class" : "BlCornerRadii",			"operatorClass" : "ReplaceIfFalseReceiverWithTrueOperator",			"mutationStart" : 19,			"method" : "=",			"mutationEnd" : 79		},		{			"operatorDescription" : "Replace #ifFalse: with #ifTrue:",			"class" : "BlCornerRadii",			"operatorClass" : "ReplaceIfFalseWithIfTrueMutantOperator",			"mutationStart" : 19,			"method" : "=",			"mutationEnd" : 79		},		{			"operatorDescription" : "Replace a == b with (a == b) not",			"class" : "BlCornerRadii",			"operatorClass" : "ReplaceIdentityWithNegationOfIdentity",			"mutationStart" : 19,			"method" : "=",			"mutationEnd" : 56		},		{			"operatorDescription" : "Replace #max: with #min:",			"class" : "BlCornerRadii",			"operatorClass" : "ReplaceMaxWithMinMutantOperator",			"mutationStart" : 148,			"method" : "max",			"mutationEnd" : 176		},		{			"operatorDescription" : "Remove ^",			"class" : "BlCornerRadii",			"operatorClass" : "RemoveCaretOperator",			"mutationStart" : 40,			"method" : "asArray",			"mutationEnd" : 97		},		{			"operatorDescription" : "Remove ^",			"class" : "BlCornerRadii",			"operatorClass" : "RemoveCaretOperator",			"mutationStart" : 7,			"method" : "hash",			"mutationEnd" : 89		}	],	"testCase" : "BlCornerRadiiTest",	"unixtime" : 1601721510,	"timeTotal" : 170}