{	"targetClasses" : [		"BlCompulsoryCombination"	],	"testMethodsIgnored" : [ ],	"methodsNotProfiled" : [		"BlCompulsoryCombination>>#withAll:",		"BlCompulsoryCombination>>#accept:",		"BlCompulsoryCombination>>#printOn:",		"BlCompulsoryCombination>>#and:",		"BlCompulsoryCombination>>#includes:",		"BlCompulsoryCombination>>#storeOn:"	],	"timeDetail" : [		"init: % 0.24 (434 milliseconds)",		"assertionAmplification: % 69.37 (2 minutes 6 seconds 370 milliseconds)",		"selection: % 14.89 (27 seconds 125 milliseconds)",		"inputAmplification: % 15.24 (27 seconds 758 milliseconds)",		"finalize: % 0.26 (472 milliseconds)"	],	"notCoveredInAmplified" : [		{			"operatorDescription" : "Replace do block with [:each |]",			"class" : "BlCompulsoryCombination",			"operatorClass" : "ReplaceDoBlockWithEmptyBlockOperator",			"mutationStart" : 37,			"method" : "withAll:",			"mutationEnd" : 109		},		{			"operatorDescription" : "Remove ^",			"class" : "BlCompulsoryCombination",			"operatorClass" : "RemoveCaretOperator",			"mutationStart" : 114,			"method" : "=",			"mutationEnd" : 119		},		{			"operatorDescription" : "Remove ^",			"class" : "BlCompulsoryCombination",			"operatorClass" : "RemoveCaretOperator",			"mutationStart" : 166,			"method" : "=",			"mutationEnd" : 172		},		{			"operatorDescription" : "Remove ^",			"class" : "BlCompulsoryCombination",			"operatorClass" : "RemoveCaretOperator",			"mutationStart" : 178,			"method" : "=",			"mutationEnd" : 215		},		{			"operatorDescription" : "Replace #= with #'~='",			"class" : "BlCompulsoryCombination",			"operatorClass" : "ReplaceEqualWithNotEqualOperator",			"mutationStart" : 125,			"method" : "=",			"mutationEnd" : 151		},		{			"operatorDescription" : "Replace #= with #'~='",			"class" : "BlCompulsoryCombination",			"operatorClass" : "ReplaceEqualWithNotEqualOperator",			"mutationStart" : 180,			"method" : "=",			"mutationEnd" : 215		},		{			"operatorDescription" : "Replace #ifFalse: receiver with false",			"class" : "BlCompulsoryCombination",			"operatorClass" : "ReplaceIfFalseReceiverWithFalseOperator",			"mutationStart" : 125,			"method" : "=",			"mutationEnd" : 174		},		{			"operatorDescription" : "Replace #ifFalse: receiver with true",			"class" : "BlCompulsoryCombination",			"operatorClass" : "ReplaceIfFalseReceiverWithTrueOperator",			"mutationStart" : 125,			"method" : "=",			"mutationEnd" : 174		},		{			"operatorDescription" : "Replace #ifFalse: with #ifTrue:",			"class" : "BlCompulsoryCombination",			"operatorClass" : "ReplaceIfFalseWithIfTrueMutantOperator",			"mutationStart" : 125,			"method" : "=",			"mutationEnd" : 174		},		{			"operatorDescription" : "Replace #ifTrue: receiver with false",			"class" : "BlCompulsoryCombination",			"operatorClass" : "ReplaceIfTrueReceiverWithFalseOperator",			"mutationStart" : 85,			"method" : "=",			"mutationEnd" : 121		},		{			"operatorDescription" : "Replace #ifTrue: receiver with true",			"class" : "BlCompulsoryCombination",			"operatorClass" : "ReplaceIfTrueReceiverWithTrueOperator",			"mutationStart" : 85,			"method" : "=",			"mutationEnd" : 121		},		{			"operatorDescription" : "Replace #ifTrue: with #ifFalse:",			"class" : "BlCompulsoryCombination",			"operatorClass" : "ReplaceIfTrueWithIfFalseMutantOperator",			"mutationStart" : 85,			"method" : "=",			"mutationEnd" : 121		},		{			"operatorDescription" : "Replace a == b with (a == b) not",			"class" : "BlCompulsoryCombination",			"operatorClass" : "ReplaceIdentityWithNegationOfIdentity",			"mutationStart" : 85,			"method" : "=",			"mutationEnd" : 100		},		{			"operatorDescription" : "Remove ^",			"class" : "BlCompulsoryCombination",			"operatorClass" : "RemoveCaretOperator",			"mutationStart" : 33,			"method" : "accept:",			"mutationEnd" : 78		},		{			"operatorDescription" : "Remove ^",			"class" : "BlCompulsoryCombination",			"operatorClass" : "RemoveCaretOperator",			"mutationStart" : 59,			"method" : "and:",			"mutationEnd" : 92		},		{			"operatorDescription" : "Remove ^",			"class" : "BlCompulsoryCombination",			"operatorClass" : "RemoveCaretOperator",			"mutationStart" : 17,			"method" : "includes:",			"mutationEnd" : 95		},		{			"operatorDescription" : "Replace #'<=' with #<",			"class" : "BlCompulsoryCombination",			"operatorClass" : "ReplaceLessOrEqualWithLessMutantOperator",			"mutationStart" : 42,			"method" : "storeOn:",			"mutationEnd" : 63		},		{			"operatorDescription" : "Replace #'<=' with #=",			"class" : "BlCompulsoryCombination",			"operatorClass" : "ReplaceLessOrEqualWithEqualMutantOperator",			"mutationStart" : 42,			"method" : "storeOn:",			"mutationEnd" : 63		},		{			"operatorDescription" : "Replace #'<=' with #>",			"class" : "BlCompulsoryCombination",			"operatorClass" : "ReplaceLessOrEqualWithGreaterMutantOperator",			"mutationStart" : 42,			"method" : "storeOn:",			"mutationEnd" : 63		},		{			"operatorDescription" : "Replace #'<=' with true",			"class" : "BlCompulsoryCombination",			"operatorClass" : "ReplaceLessOrEqualWithTrueOperator",			"mutationStart" : 42,			"method" : "storeOn:",			"mutationEnd" : 63		},		{			"operatorDescription" : "Replace #- with #+",			"class" : "BlCompulsoryCombination",			"operatorClass" : "ReplaceMinusWithPlusMutantOperator",			"mutationStart" : 276,			"method" : "storeOn:",			"mutationEnd" : 296		},		{			"operatorDescription" : "Replace #= with #'~='",			"class" : "BlCompulsoryCombination",			"operatorClass" : "ReplaceEqualWithNotEqualOperator",			"mutationStart" : 146,			"method" : "storeOn:",			"mutationEnd" : 166		},		{			"operatorDescription" : "Replace #ifTrue: receiver with false",			"class" : "BlCompulsoryCombination",			"operatorClass" : "ReplaceIfTrueReceiverWithFalseOperator",			"mutationStart" : 146,			"method" : "storeOn:",			"mutationEnd" : 249		},		{			"operatorDescription" : "Replace #ifTrue: receiver with true",			"class" : "BlCompulsoryCombination",			"operatorClass" : "ReplaceIfTrueReceiverWithTrueOperator",			"mutationStart" : 146,			"method" : "storeOn:",			"mutationEnd" : 249		},		{			"operatorDescription" : "Replace #ifTrue: with #ifFalse:",			"class" : "BlCompulsoryCombination",			"operatorClass" : "ReplaceIfTrueWithIfFalseMutantOperator",			"mutationStart" : 146,			"method" : "storeOn:",			"mutationEnd" : 249		},		{			"operatorDescription" : "Replace #ifTrue:ifFalse: receiver with false",			"class" : "BlCompulsoryCombination",			"operatorClass" : "ReplaceIfTrueIfFalseReceiverWithFalseOperator",			"mutationStart" : 42,			"method" : "storeOn:",			"mutationEnd" : 461		},		{			"operatorDescription" : "Replace #ifTrue:ifFalse: receiver with true",			"class" : "BlCompulsoryCombination",			"operatorClass" : "ReplaceIfTrueIfFalseReceiverWithTrueOperator",			"mutationStart" : 42,			"method" : "storeOn:",			"mutationEnd" : 461		}	],	"mutationScoreAfter" : 20,	"mutationScoreBefore" : 11,	"testAmpLoc" : 18,	"amplifiedMethods" : [		"BlCompulsoryCombinationTest442>>#testInitialize_amp_A5_N0",		"BlCompulsoryCombinationTest442>>#testInitialize_amp_A6"	],	"testLoc" : "45",	"amplifiedClass" : "BlCompulsoryCombinationTest442",	"numberOfAllMutationsInOriginal" : 34,	"targetLoc" : 62,	"newCovered" : [		{			"operatorDescription" : "Remove ^",			"class" : "BlCompulsoryCombination",			"operatorClass" : "RemoveCaretOperator",			"mutationStart" : 15,			"method" : "isCompulsory",			"mutationEnd" : 20		},		{			"operatorDescription" : "Replace #ifTrue:ifFalse: receiver with false",			"class" : "BlCompulsoryCombination",			"operatorClass" : "ReplaceIfTrueIfFalseReceiverWithFalseOperator",			"mutationStart" : 23,			"method" : "with:",			"mutationEnd" : 164		},		{			"operatorDescription" : "Remove ^",			"class" : "BlCompulsoryCombination",			"operatorClass" : "RemoveCaretOperator",			"mutationStart" : 84,			"method" : "hash",			"mutationEnd" : 102		}	],	"timeBudgetFinished" : false,	"notCoveredInOriginal" : [		{			"operatorDescription" : "Replace do block with [:each |]",			"class" : "BlCompulsoryCombination",			"operatorClass" : "ReplaceDoBlockWithEmptyBlockOperator",			"mutationStart" : 37,			"method" : "withAll:",			"mutationEnd" : 109		},		{			"operatorDescription" : "Remove ^",			"class" : "BlCompulsoryCombination",			"operatorClass" : "RemoveCaretOperator",			"mutationStart" : 15,			"method" : "isCompulsory",			"mutationEnd" : 20		},		{			"operatorDescription" : "Remove ^",			"class" : "BlCompulsoryCombination",			"operatorClass" : "RemoveCaretOperator",			"mutationStart" : 114,			"method" : "=",			"mutationEnd" : 119		},		{			"operatorDescription" : "Remove ^",			"class" : "BlCompulsoryCombination",			"operatorClass" : "RemoveCaretOperator",			"mutationStart" : 166,			"method" : "=",			"mutationEnd" : 172		},		{			"operatorDescription" : "Remove ^",			"class" : "BlCompulsoryCombination",			"operatorClass" : "RemoveCaretOperator",			"mutationStart" : 178,			"method" : "=",			"mutationEnd" : 215		},		{			"operatorDescription" : "Replace #= with #'~='",			"class" : "BlCompulsoryCombination",			"operatorClass" : "ReplaceEqualWithNotEqualOperator",			"mutationStart" : 125,			"method" : "=",			"mutationEnd" : 151		},		{			"operatorDescription" : "Replace #= with #'~='",			"class" : "BlCompulsoryCombination",			"operatorClass" : "ReplaceEqualWithNotEqualOperator",			"mutationStart" : 180,			"method" : "=",			"mutationEnd" : 215		},		{			"operatorDescription" : "Replace #ifFalse: receiver with false",			"class" : "BlCompulsoryCombination",			"operatorClass" : "ReplaceIfFalseReceiverWithFalseOperator",			"mutationStart" : 125,			"method" : "=",			"mutationEnd" : 174		},		{			"operatorDescription" : "Replace #ifFalse: receiver with true",			"class" : "BlCompulsoryCombination",			"operatorClass" : "ReplaceIfFalseReceiverWithTrueOperator",			"mutationStart" : 125,			"method" : "=",			"mutationEnd" : 174		},		{			"operatorDescription" : "Replace #ifFalse: with #ifTrue:",			"class" : "BlCompulsoryCombination",			"operatorClass" : "ReplaceIfFalseWithIfTrueMutantOperator",			"mutationStart" : 125,			"method" : "=",			"mutationEnd" : 174		},		{			"operatorDescription" : "Replace #ifTrue: receiver with false",			"class" : "BlCompulsoryCombination",			"operatorClass" : "ReplaceIfTrueReceiverWithFalseOperator",			"mutationStart" : 85,			"method" : "=",			"mutationEnd" : 121		},		{			"operatorDescription" : "Replace #ifTrue: receiver with true",			"class" : "BlCompulsoryCombination",			"operatorClass" : "ReplaceIfTrueReceiverWithTrueOperator",			"mutationStart" : 85,			"method" : "=",			"mutationEnd" : 121		},		{			"operatorDescription" : "Replace #ifTrue: with #ifFalse:",			"class" : "BlCompulsoryCombination",			"operatorClass" : "ReplaceIfTrueWithIfFalseMutantOperator",			"mutationStart" : 85,			"method" : "=",			"mutationEnd" : 121		},		{			"operatorDescription" : "Replace a == b with (a == b) not",			"class" : "BlCompulsoryCombination",			"operatorClass" : "ReplaceIdentityWithNegationOfIdentity",			"mutationStart" : 85,			"method" : "=",			"mutationEnd" : 100		},		{			"operatorDescription" : "Remove ^",			"class" : "BlCompulsoryCombination",			"operatorClass" : "RemoveCaretOperator",			"mutationStart" : 33,			"method" : "accept:",			"mutationEnd" : 78		},		{			"operatorDescription" : "Remove ^",			"class" : "BlCompulsoryCombination",			"operatorClass" : "RemoveCaretOperator",			"mutationStart" : 59,			"method" : "and:",			"mutationEnd" : 92		},		{			"operatorDescription" : "Remove ^",			"class" : "BlCompulsoryCombination",			"operatorClass" : "RemoveCaretOperator",			"mutationStart" : 17,			"method" : "includes:",			"mutationEnd" : 95		},		{			"operatorDescription" : "Replace #ifTrue:ifFalse: receiver with false",			"class" : "BlCompulsoryCombination",			"operatorClass" : "ReplaceIfTrueIfFalseReceiverWithFalseOperator",			"mutationStart" : 23,			"method" : "with:",			"mutationEnd" : 164		},		{			"operatorDescription" : "Remove ^",			"class" : "BlCompulsoryCombination",			"operatorClass" : "RemoveCaretOperator",			"mutationStart" : 84,			"method" : "hash",			"mutationEnd" : 102		},		{			"operatorDescription" : "Replace #'<=' with #<",			"class" : "BlCompulsoryCombination",			"operatorClass" : "ReplaceLessOrEqualWithLessMutantOperator",			"mutationStart" : 42,			"method" : "storeOn:",			"mutationEnd" : 63		},		{			"operatorDescription" : "Replace #'<=' with #=",			"class" : "BlCompulsoryCombination",			"operatorClass" : "ReplaceLessOrEqualWithEqualMutantOperator",			"mutationStart" : 42,			"method" : "storeOn:",			"mutationEnd" : 63		},		{			"operatorDescription" : "Replace #'<=' with #>",			"class" : "BlCompulsoryCombination",			"operatorClass" : "ReplaceLessOrEqualWithGreaterMutantOperator",			"mutationStart" : 42,			"method" : "storeOn:",			"mutationEnd" : 63		},		{			"operatorDescription" : "Replace #'<=' with true",			"class" : "BlCompulsoryCombination",			"operatorClass" : "ReplaceLessOrEqualWithTrueOperator",			"mutationStart" : 42,			"method" : "storeOn:",			"mutationEnd" : 63		},		{			"operatorDescription" : "Replace #- with #+",			"class" : "BlCompulsoryCombination",			"operatorClass" : "ReplaceMinusWithPlusMutantOperator",			"mutationStart" : 276,			"method" : "storeOn:",			"mutationEnd" : 296		},		{			"operatorDescription" : "Replace #= with #'~='",			"class" : "BlCompulsoryCombination",			"operatorClass" : "ReplaceEqualWithNotEqualOperator",			"mutationStart" : 146,			"method" : "storeOn:",			"mutationEnd" : 166		},		{			"operatorDescription" : "Replace #ifTrue: receiver with false",			"class" : "BlCompulsoryCombination",			"operatorClass" : "ReplaceIfTrueReceiverWithFalseOperator",			"mutationStart" : 146,			"method" : "storeOn:",			"mutationEnd" : 249		},		{			"operatorDescription" : "Replace #ifTrue: receiver with true",			"class" : "BlCompulsoryCombination",			"operatorClass" : "ReplaceIfTrueReceiverWithTrueOperator",			"mutationStart" : 146,			"method" : "storeOn:",			"mutationEnd" : 249		},		{			"operatorDescription" : "Replace #ifTrue: with #ifFalse:",			"class" : "BlCompulsoryCombination",			"operatorClass" : "ReplaceIfTrueWithIfFalseMutantOperator",			"mutationStart" : 146,			"method" : "storeOn:",			"mutationEnd" : 249		},		{			"operatorDescription" : "Replace #ifTrue:ifFalse: receiver with false",			"class" : "BlCompulsoryCombination",			"operatorClass" : "ReplaceIfTrueIfFalseReceiverWithFalseOperator",			"mutationStart" : 42,			"method" : "storeOn:",			"mutationEnd" : 461		},		{			"operatorDescription" : "Replace #ifTrue:ifFalse: receiver with true",			"class" : "BlCompulsoryCombination",			"operatorClass" : "ReplaceIfTrueIfFalseReceiverWithTrueOperator",			"mutationStart" : 42,			"method" : "storeOn:",			"mutationEnd" : 461		}	],	"testCase" : "BlCompulsoryCombinationTest",	"unixtime" : 1601721041,	"timeTotal" : 182}