{	"targetClasses" : [		"BlInsets"	],	"testMethodsIgnored" : [ ],	"methodsNotProfiled" : [		"BlInsets>>#printOn:",		"BlInsets class>>#fileOutLocalMethodsInCategory:on:",		"BlInsets class>>#addSelector:withMethod:",		"BlInsets class>>#findOriginClassOf:",		"BlInsets class>>#left:",		"BlInsets class>>#addAndClassifySelector:withMethod:inProtocol:",		"BlInsets class>>#left:right:",		"BlInsets class>>#top:bottom:",		"BlInsets class>>#includesLocalSelector:",		"BlInsets class>>#removeFromComposition:",		"BlInsets class>>#recategorizeSelector:from:to:",		"BlInsets class>>#removeFromSystem:",		"BlInsets class>>#findOriginMethodOf:",		"BlInsets class>>#addSelector:withMethod:notifying:",		"BlInsets class>>#bottom:",		"BlInsets class>>#isLocalSelector:",		"BlInsets class>>#isLocalAliasSelector:",		"BlInsets class>>#removeSelector:",		"BlInsets class>>#traitComposition:",		"BlInsets class>>#right:",		"BlInsets class>>#isAliasSelector:",		"BlInsets class>>#localMethodDict:",		"BlInsets class>>#isLocalMethodsProtocol:"	],	"timeDetail" : [		"init: % 0.12 (1 second 635 milliseconds)",		"assertionAmplification: % 91.90 (20 minutes 11 seconds 135 milliseconds)",		"selection: % 3.87 (50 seconds 997 milliseconds)",		"inputAmplification: % 3.82 (50 seconds 340 milliseconds)",		"finalize: % 0.29 (3 seconds 781 milliseconds)"	],	"notCoveredInAmplified" : [		{			"operatorDescription" : "Remove ^",			"class" : "BlInsets",			"operatorClass" : "RemoveCaretOperator",			"mutationStart" : 42,			"method" : "=",			"mutationEnd" : 47		},		{			"operatorDescription" : "Remove ^",			"class" : "BlInsets",			"operatorClass" : "RemoveCaretOperator",			"mutationStart" : 94,			"method" : "=",			"mutationEnd" : 100		},		{			"operatorDescription" : "Replace #and: with #bEqv:",			"class" : "BlInsets",			"operatorClass" : "ReplaceAndWithEqvMutantOperator",			"mutationStart" : 173,			"method" : "=",			"mutationEnd" : 228		},		{			"operatorDescription" : "Replace #ifFalse: receiver with true",			"class" : "BlInsets",			"operatorClass" : "ReplaceIfFalseReceiverWithTrueOperator",			"mutationStart" : 53,			"method" : "=",			"mutationEnd" : 102		},		{			"operatorDescription" : "Replace #ifTrue: receiver with false",			"class" : "BlInsets",			"operatorClass" : "ReplaceIfTrueReceiverWithFalseOperator",			"mutationStart" : 13,			"method" : "=",			"mutationEnd" : 49		},		{			"operatorDescription" : "Replace #and: argument with [true]",			"class" : "BlInsets",			"operatorClass" : "ReplaceAndArgumentWithTrueOperator",			"mutationStart" : 184,			"method" : "isUniform",			"mutationEnd" : 256		},		{			"operatorDescription" : "Replace #and: receiver with true",			"class" : "BlInsets",			"operatorClass" : "ReplaceAndReceiverWithTrueOperator",			"mutationStart" : 100,			"method" : "isUniform",			"mutationEnd" : 260		},		{			"operatorDescription" : "Replace #and: receiver with true",			"class" : "BlInsets",			"operatorClass" : "ReplaceAndReceiverWithTrueOperator",			"mutationStart" : 140,			"method" : "isUniform",			"mutationEnd" : 258		},		{			"operatorDescription" : "Replace #and: receiver with true",			"class" : "BlInsets",			"operatorClass" : "ReplaceAndReceiverWithTrueOperator",			"mutationStart" : 184,			"method" : "isUniform",			"mutationEnd" : 256		},		{			"operatorDescription" : "Replace #and: with #or:",			"class" : "BlInsets",			"operatorClass" : "ReplaceAndWithOrMutantOperator",			"mutationStart" : 184,			"method" : "isUniform",			"mutationEnd" : 256		},		{			"operatorDescription" : "Remove ^",			"class" : "BlInsets",			"operatorClass" : "RemoveCaretOperator",			"mutationStart" : 131,			"method" : "printOn:",			"mutationEnd" : 136		},		{			"operatorDescription" : "Remove ^",			"class" : "BlInsets",			"operatorClass" : "RemoveCaretOperator",			"mutationStart" : 235,			"method" : "printOn:",			"mutationEnd" : 240		},		{			"operatorDescription" : "Replace #ifTrue: receiver with false",			"class" : "BlInsets",			"operatorClass" : "ReplaceIfTrueReceiverWithFalseOperator",			"mutationStart" : 71,			"method" : "printOn:",			"mutationEnd" : 138		},		{			"operatorDescription" : "Replace #ifTrue: receiver with false",			"class" : "BlInsets",			"operatorClass" : "ReplaceIfTrueReceiverWithFalseOperator",			"mutationStart" : 145,			"method" : "printOn:",			"mutationEnd" : 242		},		{			"operatorDescription" : "Replace #ifTrue: receiver with true",			"class" : "BlInsets",			"operatorClass" : "ReplaceIfTrueReceiverWithTrueOperator",			"mutationStart" : 71,			"method" : "printOn:",			"mutationEnd" : 138		},		{			"operatorDescription" : "Replace #ifTrue: receiver with true",			"class" : "BlInsets",			"operatorClass" : "ReplaceIfTrueReceiverWithTrueOperator",			"mutationStart" : 145,			"method" : "printOn:",			"mutationEnd" : 242		},		{			"operatorDescription" : "Replace #ifTrue: with #ifFalse:",			"class" : "BlInsets",			"operatorClass" : "ReplaceIfTrueWithIfFalseMutantOperator",			"mutationStart" : 71,			"method" : "printOn:",			"mutationEnd" : 138		},		{			"operatorDescription" : "Replace #ifTrue: with #ifFalse:",			"class" : "BlInsets",			"operatorClass" : "ReplaceIfTrueWithIfFalseMutantOperator",			"mutationStart" : 145,			"method" : "printOn:",			"mutationEnd" : 242		},		{			"operatorDescription" : "Replace #isEmpty with #notEmpty",			"class" : "BlInsets",			"operatorClass" : "ReplaceIsEmptyWithNotEmptyMutantOperator",			"mutationStart" : 71,			"method" : "printOn:",			"mutationEnd" : 82		},		{			"operatorDescription" : "Remove ^",			"class" : "BlInsets class",			"operatorClass" : "RemoveCaretOperator",			"mutationStart" : 10,			"method" : "left:",			"mutationEnd" : 58		},		{			"operatorDescription" : "Remove ^",			"class" : "BlInsets class",			"operatorClass" : "RemoveCaretOperator",			"mutationStart" : 18,			"method" : "left:right:",			"mutationEnd" : 66		},		{			"operatorDescription" : "Remove ^",			"class" : "BlInsets class",			"operatorClass" : "RemoveCaretOperator",			"mutationStart" : 19,			"method" : "top:bottom:",			"mutationEnd" : 67		},		{			"operatorDescription" : "Remove ^",			"class" : "BlInsets class",			"operatorClass" : "RemoveCaretOperator",			"mutationStart" : 10,			"method" : "top:",			"mutationEnd" : 58		},		{			"operatorDescription" : "Remove ^",			"class" : "BlInsets class",			"operatorClass" : "RemoveCaretOperator",			"mutationStart" : 13,			"method" : "bottom:",			"mutationEnd" : 61		},		{			"operatorDescription" : "Remove ^",			"class" : "BlInsets class",			"operatorClass" : "RemoveCaretOperator",			"mutationStart" : 17,			"method" : "top:left:",			"mutationEnd" : 65		},		{			"operatorDescription" : "Remove ^",			"class" : "BlInsets class",			"operatorClass" : "RemoveCaretOperator",			"mutationStart" : 11,			"method" : "right:",			"mutationEnd" : 59		},		{			"operatorDescription" : "Remove ^",			"class" : "BlInsets class",			"operatorClass" : "RemoveCaretOperator",			"mutationStart" : 18,			"method" : "top:right:",			"mutationEnd" : 66		}	],	"mutationScoreAfter" : 81,	"mutationScoreBefore" : 44,	"testAmpLoc" : 1597,	"amplifiedMethods" : [		"BlInsetsTest2916>>#testEqual_amp_L31",		"BlInsetsTest2916>>#testEqual_amp_L30_L39",		"BlInsetsTest2916>>#testEqual_amp_L3",		"BlInsetsTest2916>>#testEmpty_amp_T3",		"BlInsetsTest2916>>#testEqual_amp_L14",		"BlInsetsTest2916>>#testSubstraction_amp_L17_L11",		"BlInsetsTest2916>>#testEmpty_amp_T3_D1_L18",		"BlInsetsTest2916>>#testExpand_amp_T2_L12",		"BlInsetsTest2916>>#testEmpty_amp_T1",		"BlInsetsTest2916>>#testEmpty_amp_T3_A39_L22",		"BlInsetsTest2916>>#testEmpty_amp_A9",		"BlInsetsTest2916>>#testEqual_amp_L2",		"BlInsetsTest2916>>#testEmpty_amp_T3_D1_L52",		"BlInsetsTest2916>>#testEmpty_amp_A4",		"BlInsetsTest2916>>#testEmpty_amp_T3_D1_L58",		"BlInsetsTest2916>>#testEqual_amp_L0",		"BlInsetsTest2916>>#testEqual_amp_L9",		"BlInsetsTest2916>>#testEqual_amp_L16",		"BlInsetsTest2916>>#testEqual_amp_L24",		"BlInsetsTest2916>>#testEqual_amp_L35",		"BlInsetsTest2916>>#testEmpty_amp_T3_D1_L28",		"BlInsetsTest2916>>#testEqual_amp_L18",		"BlInsetsTest2916>>#testEqual_amp_L8",		"BlInsetsTest2916>>#testEmpty_amp",		"BlInsetsTest2916>>#testEmpty_amp_T3_D1_L20",		"BlInsetsTest2916>>#testEqual_amp_A35"	],	"testLoc" : "84",	"amplifiedClass" : "BlInsetsTest2916",	"numberOfAllMutationsInOriginal" : 145,	"targetLoc" : 279,	"newCovered" : [		{			"operatorDescription" : "Replace #and: argument with [true]",			"class" : "BlInsets",			"operatorClass" : "ReplaceAndArgumentWithTrueOperator",			"mutationStart" : 110,			"method" : "=",			"mutationEnd" : 232		},		{			"operatorDescription" : "Replace #and: argument with [true]",			"class" : "BlInsets",			"operatorClass" : "ReplaceAndArgumentWithTrueOperator",			"mutationStart" : 140,			"method" : "=",			"mutationEnd" : 230		},		{			"operatorDescription" : "Replace #and: argument with [true]",			"class" : "BlInsets",			"operatorClass" : "ReplaceAndArgumentWithTrueOperator",			"mutationStart" : 173,			"method" : "=",			"mutationEnd" : 228		},		{			"operatorDescription" : "Replace #and: receiver with true",			"class" : "BlInsets",			"operatorClass" : "ReplaceAndReceiverWithTrueOperator",			"mutationStart" : 110,			"method" : "=",			"mutationEnd" : 232		},		{			"operatorDescription" : "Replace #and: receiver with true",			"class" : "BlInsets",			"operatorClass" : "ReplaceAndReceiverWithTrueOperator",			"mutationStart" : 140,			"method" : "=",			"mutationEnd" : 230		},		{			"operatorDescription" : "Replace #and: receiver with true",			"class" : "BlInsets",			"operatorClass" : "ReplaceAndReceiverWithTrueOperator",			"mutationStart" : 173,			"method" : "=",			"mutationEnd" : 228		},		{			"operatorDescription" : "Replace #and: with #bEqv:",			"class" : "BlInsets",			"operatorClass" : "ReplaceAndWithEqvMutantOperator",			"mutationStart" : 110,			"method" : "=",			"mutationEnd" : 232		},		{			"operatorDescription" : "Replace #and: with #bEqv:",			"class" : "BlInsets",			"operatorClass" : "ReplaceAndWithEqvMutantOperator",			"mutationStart" : 140,			"method" : "=",			"mutationEnd" : 230		},		{			"operatorDescription" : "Replace #and: with #or:",			"class" : "BlInsets",			"operatorClass" : "ReplaceAndWithOrMutantOperator",			"mutationStart" : 110,			"method" : "=",			"mutationEnd" : 232		},		{			"operatorDescription" : "Replace #and: with #or:",			"class" : "BlInsets",			"operatorClass" : "ReplaceAndWithOrMutantOperator",			"mutationStart" : 140,			"method" : "=",			"mutationEnd" : 230		},		{			"operatorDescription" : "Replace #and: with #or:",			"class" : "BlInsets",			"operatorClass" : "ReplaceAndWithOrMutantOperator",			"mutationStart" : 173,			"method" : "=",			"mutationEnd" : 228		},		{			"operatorDescription" : "Replace #ifTrue: receiver with true",			"class" : "BlInsets",			"operatorClass" : "ReplaceIfTrueReceiverWithTrueOperator",			"mutationStart" : 13,			"method" : "=",			"mutationEnd" : 49		},		{			"operatorDescription" : "Replace #ifTrue: with #ifFalse:",			"class" : "BlInsets",			"operatorClass" : "ReplaceIfTrueWithIfFalseMutantOperator",			"mutationStart" : 13,			"method" : "=",			"mutationEnd" : 49		},		{			"operatorDescription" : "Replace a == b with (a == b) not",			"class" : "BlInsets",			"operatorClass" : "ReplaceIdentityWithNegationOfIdentity",			"mutationStart" : 13,			"method" : "=",			"mutationEnd" : 28		},		{			"operatorDescription" : "Replace #and: argument with [true]",			"class" : "BlInsets",			"operatorClass" : "ReplaceAndArgumentWithTrueOperator",			"mutationStart" : 216,			"method" : "isEmpty",			"mutationEnd" : 320		},		{			"operatorDescription" : "Replace #and: argument with [true]",			"class" : "BlInsets",			"operatorClass" : "ReplaceAndArgumentWithTrueOperator",			"mutationStart" : 241,			"method" : "isEmpty",			"mutationEnd" : 318		},		{			"operatorDescription" : "Replace #and: argument with [true]",			"class" : "BlInsets",			"operatorClass" : "ReplaceAndArgumentWithTrueOperator",			"mutationStart" : 269,			"method" : "isEmpty",			"mutationEnd" : 316		},		{			"operatorDescription" : "Replace #and: receiver with true",			"class" : "BlInsets",			"operatorClass" : "ReplaceAndReceiverWithTrueOperator",			"mutationStart" : 216,			"method" : "isEmpty",			"mutationEnd" : 320		},		{			"operatorDescription" : "Replace #and: receiver with true",			"class" : "BlInsets",			"operatorClass" : "ReplaceAndReceiverWithTrueOperator",			"mutationStart" : 241,			"method" : "isEmpty",			"mutationEnd" : 318		},		{			"operatorDescription" : "Replace #and: receiver with true",			"class" : "BlInsets",			"operatorClass" : "ReplaceAndReceiverWithTrueOperator",			"mutationStart" : 269,			"method" : "isEmpty",			"mutationEnd" : 316		},		{			"operatorDescription" : "Replace #and: with #bEqv:",			"class" : "BlInsets",			"operatorClass" : "ReplaceAndWithEqvMutantOperator",			"mutationStart" : 241,			"method" : "isEmpty",			"mutationEnd" : 318		},		{			"operatorDescription" : "Replace #and: with #bEqv:",			"class" : "BlInsets",			"operatorClass" : "ReplaceAndWithEqvMutantOperator",			"mutationStart" : 269,			"method" : "isEmpty",			"mutationEnd" : 316		},		{			"operatorDescription" : "Replace #and: with #or:",			"class" : "BlInsets",			"operatorClass" : "ReplaceAndWithOrMutantOperator",			"mutationStart" : 216,			"method" : "isEmpty",			"mutationEnd" : 320		},		{			"operatorDescription" : "Replace #and: with #or:",			"class" : "BlInsets",			"operatorClass" : "ReplaceAndWithOrMutantOperator",			"mutationStart" : 241,			"method" : "isEmpty",			"mutationEnd" : 318		},		{			"operatorDescription" : "Replace #and: with #or:",			"class" : "BlInsets",			"operatorClass" : "ReplaceAndWithOrMutantOperator",			"mutationStart" : 269,			"method" : "isEmpty",			"mutationEnd" : 316		},		{			"operatorDescription" : "Remove ^",			"class" : "BlInsets",			"operatorClass" : "RemoveCaretOperator",			"mutationStart" : 98,			"method" : "isUniform",			"mutationEnd" : 260		},		{			"operatorDescription" : "Replace #and: argument with [true]",			"class" : "BlInsets",			"operatorClass" : "ReplaceAndArgumentWithTrueOperator",			"mutationStart" : 100,			"method" : "isUniform",			"mutationEnd" : 260		},		{			"operatorDescription" : "Replace #and: argument with [true]",			"class" : "BlInsets",			"operatorClass" : "ReplaceAndArgumentWithTrueOperator",			"mutationStart" : 140,			"method" : "isUniform",			"mutationEnd" : 258		},		{			"operatorDescription" : "Replace #and: with #bEqv:",			"class" : "BlInsets",			"operatorClass" : "ReplaceAndWithEqvMutantOperator",			"mutationStart" : 100,			"method" : "isUniform",			"mutationEnd" : 260		},		{			"operatorDescription" : "Replace #and: with #bEqv:",			"class" : "BlInsets",			"operatorClass" : "ReplaceAndWithEqvMutantOperator",			"mutationStart" : 140,			"method" : "isUniform",			"mutationEnd" : 258		},		{			"operatorDescription" : "Replace #and: with #bEqv:",			"class" : "BlInsets",			"operatorClass" : "ReplaceAndWithEqvMutantOperator",			"mutationStart" : 184,			"method" : "isUniform",			"mutationEnd" : 256		},		{			"operatorDescription" : "Replace #and: with #nand:",			"class" : "BlInsets",			"operatorClass" : "ReplaceAndWithNandMutantOperator",			"mutationStart" : 100,			"method" : "isUniform",			"mutationEnd" : 260		},		{			"operatorDescription" : "Replace #and: with #nand:",			"class" : "BlInsets",			"operatorClass" : "ReplaceAndWithNandMutantOperator",			"mutationStart" : 140,			"method" : "isUniform",			"mutationEnd" : 258		},		{			"operatorDescription" : "Replace #and: with #nand:",			"class" : "BlInsets",			"operatorClass" : "ReplaceAndWithNandMutantOperator",			"mutationStart" : 184,			"method" : "isUniform",			"mutationEnd" : 256		},		{			"operatorDescription" : "Replace #and: with #or:",			"class" : "BlInsets",			"operatorClass" : "ReplaceAndWithOrMutantOperator",			"mutationStart" : 100,			"method" : "isUniform",			"mutationEnd" : 260		},		{			"operatorDescription" : "Replace #and: with #or:",			"class" : "BlInsets",			"operatorClass" : "ReplaceAndWithOrMutantOperator",			"mutationStart" : 140,			"method" : "isUniform",			"mutationEnd" : 258		},		{			"operatorDescription" : "Replace #and: with false",			"class" : "BlInsets",			"operatorClass" : "ReplaceAndWithFalseOperator",			"mutationStart" : 100,			"method" : "isUniform",			"mutationEnd" : 260		},		{			"operatorDescription" : "Replace #and: with false",			"class" : "BlInsets",			"operatorClass" : "ReplaceAndWithFalseOperator",			"mutationStart" : 140,			"method" : "isUniform",			"mutationEnd" : 258		},		{			"operatorDescription" : "Replace #and: with false",			"class" : "BlInsets",			"operatorClass" : "ReplaceAndWithFalseOperator",			"mutationStart" : 184,			"method" : "isUniform",			"mutationEnd" : 256		},		{			"operatorDescription" : "Remove ^",			"class" : "BlInsets",			"operatorClass" : "RemoveCaretOperator",			"mutationStart" : 31,			"method" : "asMargin",			"mutationEnd" : 86		},		{			"operatorDescription" : "Remove ^",			"class" : "BlInsets",			"operatorClass" : "RemoveCaretOperator",			"mutationStart" : 33,			"method" : "bottomRight",			"mutationEnd" : 48		},		{			"operatorDescription" : "Replace #max: with #min:",			"class" : "BlInsets",			"operatorClass" : "ReplaceMaxWithMinMutantOperator",			"mutationStart" : 31,			"method" : "-",			"mutationEnd" : 57		},		{			"operatorDescription" : "Replace #max: with #min:",			"class" : "BlInsets",			"operatorClass" : "ReplaceMaxWithMinMutantOperator",			"mutationStart" : 68,			"method" : "-",			"mutationEnd" : 98		},		{			"operatorDescription" : "Replace #max: with #min:",			"class" : "BlInsets",			"operatorClass" : "ReplaceMaxWithMinMutantOperator",			"mutationStart" : 110,			"method" : "-",			"mutationEnd" : 142		},		{			"operatorDescription" : "Replace #max: with #min:",			"class" : "BlInsets",			"operatorClass" : "ReplaceMaxWithMinMutantOperator",			"mutationStart" : 152,			"method" : "-",			"mutationEnd" : 180		},		{			"operatorDescription" : "Remove ^",			"class" : "BlInsets",			"operatorClass" : "RemoveCaretOperator",			"mutationStart" : 10,			"method" : "negated",			"mutationEnd" : 129		},		{			"operatorDescription" : "Remove ^",			"class" : "BlInsets",			"operatorClass" : "RemoveCaretOperator",			"mutationStart" : 29,			"method" : "topLeft",			"mutationEnd" : 40		},		{			"operatorDescription" : "Remove ^",			"class" : "BlInsets",			"operatorClass" : "RemoveCaretOperator",			"mutationStart" : 6,			"method" : "max",			"mutationEnd" : 67		},		{			"operatorDescription" : "Replace #max: with #min:",			"class" : "BlInsets",			"operatorClass" : "ReplaceMaxWithMinMutantOperator",			"mutationStart" : 8,			"method" : "max",			"mutationEnd" : 67		},		{			"operatorDescription" : "Replace #max: with #min:",			"class" : "BlInsets",			"operatorClass" : "ReplaceMaxWithMinMutantOperator",			"mutationStart" : 22,			"method" : "max",			"mutationEnd" : 67		},		{			"operatorDescription" : "Replace #max: with #min:",			"class" : "BlInsets",			"operatorClass" : "ReplaceMaxWithMinMutantOperator",			"mutationStart" : 39,			"method" : "max",			"mutationEnd" : 66		},		{			"operatorDescription" : "Remove ^",			"class" : "BlInsets",			"operatorClass" : "RemoveCaretOperator",			"mutationStart" : 30,			"method" : "topRight",			"mutationEnd" : 42		},		{			"operatorDescription" : "Remove ^",			"class" : "BlInsets",			"operatorClass" : "RemoveCaretOperator",			"mutationStart" : 32,			"method" : "bottomLeft",			"mutationEnd" : 46		},		{			"operatorDescription" : "Remove ^",			"class" : "BlInsets",			"operatorClass" : "RemoveCaretOperator",			"mutationStart" : 9,			"method" : "extent",			"mutationEnd" : 34		}	],	"timeBudgetFinished" : false,	"notCoveredInOriginal" : [		{			"operatorDescription" : "Remove ^",			"class" : "BlInsets",			"operatorClass" : "RemoveCaretOperator",			"mutationStart" : 42,			"method" : "=",			"mutationEnd" : 47		},		{			"operatorDescription" : "Remove ^",			"class" : "BlInsets",			"operatorClass" : "RemoveCaretOperator",			"mutationStart" : 94,			"method" : "=",			"mutationEnd" : 100		},		{			"operatorDescription" : "Replace #and: argument with [true]",			"class" : "BlInsets",			"operatorClass" : "ReplaceAndArgumentWithTrueOperator",			"mutationStart" : 110,			"method" : "=",			"mutationEnd" : 232		},		{			"operatorDescription" : "Replace #and: argument with [true]",			"class" : "BlInsets",			"operatorClass" : "ReplaceAndArgumentWithTrueOperator",			"mutationStart" : 140,			"method" : "=",			"mutationEnd" : 230		},		{			"operatorDescription" : "Replace #and: argument with [true]",			"class" : "BlInsets",			"operatorClass" : "ReplaceAndArgumentWithTrueOperator",			"mutationStart" : 173,			"method" : "=",			"mutationEnd" : 228		},		{			"operatorDescription" : "Replace #and: receiver with true",			"class" : "BlInsets",			"operatorClass" : "ReplaceAndReceiverWithTrueOperator",			"mutationStart" : 110,			"method" : "=",			"mutationEnd" : 232		},		{			"operatorDescription" : "Replace #and: receiver with true",			"class" : "BlInsets",			"operatorClass" : "ReplaceAndReceiverWithTrueOperator",			"mutationStart" : 140,			"method" : "=",			"mutationEnd" : 230		},		{			"operatorDescription" : "Replace #and: receiver with true",			"class" : "BlInsets",			"operatorClass" : "ReplaceAndReceiverWithTrueOperator",			"mutationStart" : 173,			"method" : "=",			"mutationEnd" : 228		},		{			"operatorDescription" : "Replace #and: with #bEqv:",			"class" : "BlInsets",			"operatorClass" : "ReplaceAndWithEqvMutantOperator",			"mutationStart" : 110,			"method" : "=",			"mutationEnd" : 232		},		{			"operatorDescription" : "Replace #and: with #bEqv:",			"class" : "BlInsets",			"operatorClass" : "ReplaceAndWithEqvMutantOperator",			"mutationStart" : 140,			"method" : "=",			"mutationEnd" : 230		},		{			"operatorDescription" : "Replace #and: with #bEqv:",			"class" : "BlInsets",			"operatorClass" : "ReplaceAndWithEqvMutantOperator",			"mutationStart" : 173,			"method" : "=",			"mutationEnd" : 228		},		{			"operatorDescription" : "Replace #and: with #or:",			"class" : "BlInsets",			"operatorClass" : "ReplaceAndWithOrMutantOperator",			"mutationStart" : 110,			"method" : "=",			"mutationEnd" : 232		},		{			"operatorDescription" : "Replace #and: with #or:",			"class" : "BlInsets",			"operatorClass" : "ReplaceAndWithOrMutantOperator",			"mutationStart" : 140,			"method" : "=",			"mutationEnd" : 230		},		{			"operatorDescription" : "Replace #and: with #or:",			"class" : "BlInsets",			"operatorClass" : "ReplaceAndWithOrMutantOperator",			"mutationStart" : 173,			"method" : "=",			"mutationEnd" : 228		},		{			"operatorDescription" : "Replace #ifFalse: receiver with true",			"class" : "BlInsets",			"operatorClass" : "ReplaceIfFalseReceiverWithTrueOperator",			"mutationStart" : 53,			"method" : "=",			"mutationEnd" : 102		},		{			"operatorDescription" : "Replace #ifTrue: receiver with false",			"class" : "BlInsets",			"operatorClass" : "ReplaceIfTrueReceiverWithFalseOperator",			"mutationStart" : 13,			"method" : "=",			"mutationEnd" : 49		},		{			"operatorDescription" : "Replace #ifTrue: receiver with true",			"class" : "BlInsets",			"operatorClass" : "ReplaceIfTrueReceiverWithTrueOperator",			"mutationStart" : 13,			"method" : "=",			"mutationEnd" : 49		},		{			"operatorDescription" : "Replace #ifTrue: with #ifFalse:",			"class" : "BlInsets",			"operatorClass" : "ReplaceIfTrueWithIfFalseMutantOperator",			"mutationStart" : 13,			"method" : "=",			"mutationEnd" : 49		},		{			"operatorDescription" : "Replace a == b with (a == b) not",			"class" : "BlInsets",			"operatorClass" : "ReplaceIdentityWithNegationOfIdentity",			"mutationStart" : 13,			"method" : "=",			"mutationEnd" : 28		},		{			"operatorDescription" : "Replace #and: argument with [true]",			"class" : "BlInsets",			"operatorClass" : "ReplaceAndArgumentWithTrueOperator",			"mutationStart" : 216,			"method" : "isEmpty",			"mutationEnd" : 320		},		{			"operatorDescription" : "Replace #and: argument with [true]",			"class" : "BlInsets",			"operatorClass" : "ReplaceAndArgumentWithTrueOperator",			"mutationStart" : 241,			"method" : "isEmpty",			"mutationEnd" : 318		},		{			"operatorDescription" : "Replace #and: argument with [true]",			"class" : "BlInsets",			"operatorClass" : "ReplaceAndArgumentWithTrueOperator",			"mutationStart" : 269,			"method" : "isEmpty",			"mutationEnd" : 316		},		{			"operatorDescription" : "Replace #and: receiver with true",			"class" : "BlInsets",			"operatorClass" : "ReplaceAndReceiverWithTrueOperator",			"mutationStart" : 216,			"method" : "isEmpty",			"mutationEnd" : 320		},		{			"operatorDescription" : "Replace #and: receiver with true",			"class" : "BlInsets",			"operatorClass" : "ReplaceAndReceiverWithTrueOperator",			"mutationStart" : 241,			"method" : "isEmpty",			"mutationEnd" : 318		},		{			"operatorDescription" : "Replace #and: receiver with true",			"class" : "BlInsets",			"operatorClass" : "ReplaceAndReceiverWithTrueOperator",			"mutationStart" : 269,			"method" : "isEmpty",			"mutationEnd" : 316		},		{			"operatorDescription" : "Replace #and: with #bEqv:",			"class" : "BlInsets",			"operatorClass" : "ReplaceAndWithEqvMutantOperator",			"mutationStart" : 241,			"method" : "isEmpty",			"mutationEnd" : 318		},		{			"operatorDescription" : "Replace #and: with #bEqv:",			"class" : "BlInsets",			"operatorClass" : "ReplaceAndWithEqvMutantOperator",			"mutationStart" : 269,			"method" : "isEmpty",			"mutationEnd" : 316		},		{			"operatorDescription" : "Replace #and: with #or:",			"class" : "BlInsets",			"operatorClass" : "ReplaceAndWithOrMutantOperator",			"mutationStart" : 216,			"method" : "isEmpty",			"mutationEnd" : 320		},		{			"operatorDescription" : "Replace #and: with #or:",			"class" : "BlInsets",			"operatorClass" : "ReplaceAndWithOrMutantOperator",			"mutationStart" : 241,			"method" : "isEmpty",			"mutationEnd" : 318		},		{			"operatorDescription" : "Replace #and: with #or:",			"class" : "BlInsets",			"operatorClass" : "ReplaceAndWithOrMutantOperator",			"mutationStart" : 269,			"method" : "isEmpty",			"mutationEnd" : 316		},		{			"operatorDescription" : "Remove ^",			"class" : "BlInsets",			"operatorClass" : "RemoveCaretOperator",			"mutationStart" : 98,			"method" : "isUniform",			"mutationEnd" : 260		},		{			"operatorDescription" : "Replace #and: argument with [true]",			"class" : "BlInsets",			"operatorClass" : "ReplaceAndArgumentWithTrueOperator",			"mutationStart" : 100,			"method" : "isUniform",			"mutationEnd" : 260		},		{			"operatorDescription" : "Replace #and: argument with [true]",			"class" : "BlInsets",			"operatorClass" : "ReplaceAndArgumentWithTrueOperator",			"mutationStart" : 140,			"method" : "isUniform",			"mutationEnd" : 258		},		{			"operatorDescription" : "Replace #and: argument with [true]",			"class" : "BlInsets",			"operatorClass" : "ReplaceAndArgumentWithTrueOperator",			"mutationStart" : 184,			"method" : "isUniform",			"mutationEnd" : 256		},		{			"operatorDescription" : "Replace #and: receiver with true",			"class" : "BlInsets",			"operatorClass" : "ReplaceAndReceiverWithTrueOperator",			"mutationStart" : 100,			"method" : "isUniform",			"mutationEnd" : 260		},		{			"operatorDescription" : "Replace #and: receiver with true",			"class" : "BlInsets",			"operatorClass" : "ReplaceAndReceiverWithTrueOperator",			"mutationStart" : 140,			"method" : "isUniform",			"mutationEnd" : 258		},		{			"operatorDescription" : "Replace #and: receiver with true",			"class" : "BlInsets",			"operatorClass" : "ReplaceAndReceiverWithTrueOperator",			"mutationStart" : 184,			"method" : "isUniform",			"mutationEnd" : 256		},		{			"operatorDescription" : "Replace #and: with #bEqv:",			"class" : "BlInsets",			"operatorClass" : "ReplaceAndWithEqvMutantOperator",			"mutationStart" : 100,			"method" : "isUniform",			"mutationEnd" : 260		},		{			"operatorDescription" : "Replace #and: with #bEqv:",			"class" : "BlInsets",			"operatorClass" : "ReplaceAndWithEqvMutantOperator",			"mutationStart" : 140,			"method" : "isUniform",			"mutationEnd" : 258		},		{			"operatorDescription" : "Replace #and: with #bEqv:",			"class" : "BlInsets",			"operatorClass" : "ReplaceAndWithEqvMutantOperator",			"mutationStart" : 184,			"method" : "isUniform",			"mutationEnd" : 256		},		{			"operatorDescription" : "Replace #and: with #nand:",			"class" : "BlInsets",			"operatorClass" : "ReplaceAndWithNandMutantOperator",			"mutationStart" : 100,			"method" : "isUniform",			"mutationEnd" : 260		},		{			"operatorDescription" : "Replace #and: with #nand:",			"class" : "BlInsets",			"operatorClass" : "ReplaceAndWithNandMutantOperator",			"mutationStart" : 140,			"method" : "isUniform",			"mutationEnd" : 258		},		{			"operatorDescription" : "Replace #and: with #nand:",			"class" : "BlInsets",			"operatorClass" : "ReplaceAndWithNandMutantOperator",			"mutationStart" : 184,			"method" : "isUniform",			"mutationEnd" : 256		},		{			"operatorDescription" : "Replace #and: with #or:",			"class" : "BlInsets",			"operatorClass" : "ReplaceAndWithOrMutantOperator",			"mutationStart" : 100,			"method" : "isUniform",			"mutationEnd" : 260		},		{			"operatorDescription" : "Replace #and: with #or:",			"class" : "BlInsets",			"operatorClass" : "ReplaceAndWithOrMutantOperator",			"mutationStart" : 140,			"method" : "isUniform",			"mutationEnd" : 258		},		{			"operatorDescription" : "Replace #and: with #or:",			"class" : "BlInsets",			"operatorClass" : "ReplaceAndWithOrMutantOperator",			"mutationStart" : 184,			"method" : "isUniform",			"mutationEnd" : 256		},		{			"operatorDescription" : "Replace #and: with false",			"class" : "BlInsets",			"operatorClass" : "ReplaceAndWithFalseOperator",			"mutationStart" : 100,			"method" : "isUniform",			"mutationEnd" : 260		},		{			"operatorDescription" : "Replace #and: with false",			"class" : "BlInsets",			"operatorClass" : "ReplaceAndWithFalseOperator",			"mutationStart" : 140,			"method" : "isUniform",			"mutationEnd" : 258		},		{			"operatorDescription" : "Replace #and: with false",			"class" : "BlInsets",			"operatorClass" : "ReplaceAndWithFalseOperator",			"mutationStart" : 184,			"method" : "isUniform",			"mutationEnd" : 256		},		{			"operatorDescription" : "Remove ^",			"class" : "BlInsets",			"operatorClass" : "RemoveCaretOperator",			"mutationStart" : 31,			"method" : "asMargin",			"mutationEnd" : 86		},		{			"operatorDescription" : "Remove ^",			"class" : "BlInsets",			"operatorClass" : "RemoveCaretOperator",			"mutationStart" : 33,			"method" : "bottomRight",			"mutationEnd" : 48		},		{			"operatorDescription" : "Replace #max: with #min:",			"class" : "BlInsets",			"operatorClass" : "ReplaceMaxWithMinMutantOperator",			"mutationStart" : 31,			"method" : "-",			"mutationEnd" : 57		},		{			"operatorDescription" : "Replace #max: with #min:",			"class" : "BlInsets",			"operatorClass" : "ReplaceMaxWithMinMutantOperator",			"mutationStart" : 68,			"method" : "-",			"mutationEnd" : 98		},		{			"operatorDescription" : "Replace #max: with #min:",			"class" : "BlInsets",			"operatorClass" : "ReplaceMaxWithMinMutantOperator",			"mutationStart" : 110,			"method" : "-",			"mutationEnd" : 142		},		{			"operatorDescription" : "Replace #max: with #min:",			"class" : "BlInsets",			"operatorClass" : "ReplaceMaxWithMinMutantOperator",			"mutationStart" : 152,			"method" : "-",			"mutationEnd" : 180		},		{			"operatorDescription" : "Remove ^",			"class" : "BlInsets",			"operatorClass" : "RemoveCaretOperator",			"mutationStart" : 10,			"method" : "negated",			"mutationEnd" : 129		},		{			"operatorDescription" : "Remove ^",			"class" : "BlInsets",			"operatorClass" : "RemoveCaretOperator",			"mutationStart" : 131,			"method" : "printOn:",			"mutationEnd" : 136		},		{			"operatorDescription" : "Remove ^",			"class" : "BlInsets",			"operatorClass" : "RemoveCaretOperator",			"mutationStart" : 235,			"method" : "printOn:",			"mutationEnd" : 240		},		{			"operatorDescription" : "Replace #ifTrue: receiver with false",			"class" : "BlInsets",			"operatorClass" : "ReplaceIfTrueReceiverWithFalseOperator",			"mutationStart" : 71,			"method" : "printOn:",			"mutationEnd" : 138		},		{			"operatorDescription" : "Replace #ifTrue: receiver with false",			"class" : "BlInsets",			"operatorClass" : "ReplaceIfTrueReceiverWithFalseOperator",			"mutationStart" : 145,			"method" : "printOn:",			"mutationEnd" : 242		},		{			"operatorDescription" : "Replace #ifTrue: receiver with true",			"class" : "BlInsets",			"operatorClass" : "ReplaceIfTrueReceiverWithTrueOperator",			"mutationStart" : 71,			"method" : "printOn:",			"mutationEnd" : 138		},		{			"operatorDescription" : "Replace #ifTrue: receiver with true",			"class" : "BlInsets",			"operatorClass" : "ReplaceIfTrueReceiverWithTrueOperator",			"mutationStart" : 145,			"method" : "printOn:",			"mutationEnd" : 242		},		{			"operatorDescription" : "Replace #ifTrue: with #ifFalse:",			"class" : "BlInsets",			"operatorClass" : "ReplaceIfTrueWithIfFalseMutantOperator",			"mutationStart" : 71,			"method" : "printOn:",			"mutationEnd" : 138		},		{			"operatorDescription" : "Replace #ifTrue: with #ifFalse:",			"class" : "BlInsets",			"operatorClass" : "ReplaceIfTrueWithIfFalseMutantOperator",			"mutationStart" : 145,			"method" : "printOn:",			"mutationEnd" : 242		},		{			"operatorDescription" : "Replace #isEmpty with #notEmpty",			"class" : "BlInsets",			"operatorClass" : "ReplaceIsEmptyWithNotEmptyMutantOperator",			"mutationStart" : 71,			"method" : "printOn:",			"mutationEnd" : 82		},		{			"operatorDescription" : "Remove ^",			"class" : "BlInsets",			"operatorClass" : "RemoveCaretOperator",			"mutationStart" : 29,			"method" : "topLeft",			"mutationEnd" : 40		},		{			"operatorDescription" : "Remove ^",			"class" : "BlInsets",			"operatorClass" : "RemoveCaretOperator",			"mutationStart" : 6,			"method" : "max",			"mutationEnd" : 67		},		{			"operatorDescription" : "Replace #max: with #min:",			"class" : "BlInsets",			"operatorClass" : "ReplaceMaxWithMinMutantOperator",			"mutationStart" : 8,			"method" : "max",			"mutationEnd" : 67		},		{			"operatorDescription" : "Replace #max: with #min:",			"class" : "BlInsets",			"operatorClass" : "ReplaceMaxWithMinMutantOperator",			"mutationStart" : 22,			"method" : "max",			"mutationEnd" : 67		},		{			"operatorDescription" : "Replace #max: with #min:",			"class" : "BlInsets",			"operatorClass" : "ReplaceMaxWithMinMutantOperator",			"mutationStart" : 39,			"method" : "max",			"mutationEnd" : 66		},		{			"operatorDescription" : "Remove ^",			"class" : "BlInsets",			"operatorClass" : "RemoveCaretOperator",			"mutationStart" : 30,			"method" : "topRight",			"mutationEnd" : 42		},		{			"operatorDescription" : "Remove ^",			"class" : "BlInsets",			"operatorClass" : "RemoveCaretOperator",			"mutationStart" : 32,			"method" : "bottomLeft",			"mutationEnd" : 46		},		{			"operatorDescription" : "Remove ^",			"class" : "BlInsets",			"operatorClass" : "RemoveCaretOperator",			"mutationStart" : 9,			"method" : "extent",			"mutationEnd" : 34		},		{			"operatorDescription" : "Remove ^",			"class" : "BlInsets class",			"operatorClass" : "RemoveCaretOperator",			"mutationStart" : 10,			"method" : "left:",			"mutationEnd" : 58		},		{			"operatorDescription" : "Remove ^",			"class" : "BlInsets class",			"operatorClass" : "RemoveCaretOperator",			"mutationStart" : 18,			"method" : "left:right:",			"mutationEnd" : 66		},		{			"operatorDescription" : "Remove ^",			"class" : "BlInsets class",			"operatorClass" : "RemoveCaretOperator",			"mutationStart" : 19,			"method" : "top:bottom:",			"mutationEnd" : 67		},		{			"operatorDescription" : "Remove ^",			"class" : "BlInsets class",			"operatorClass" : "RemoveCaretOperator",			"mutationStart" : 10,			"method" : "top:",			"mutationEnd" : 58		},		{			"operatorDescription" : "Remove ^",			"class" : "BlInsets class",			"operatorClass" : "RemoveCaretOperator",			"mutationStart" : 13,			"method" : "bottom:",			"mutationEnd" : 61		},		{			"operatorDescription" : "Remove ^",			"class" : "BlInsets class",			"operatorClass" : "RemoveCaretOperator",			"mutationStart" : 17,			"method" : "top:left:",			"mutationEnd" : 65		},		{			"operatorDescription" : "Remove ^",			"class" : "BlInsets class",			"operatorClass" : "RemoveCaretOperator",			"mutationStart" : 11,			"method" : "right:",			"mutationEnd" : 59		},		{			"operatorDescription" : "Remove ^",			"class" : "BlInsets class",			"operatorClass" : "RemoveCaretOperator",			"mutationStart" : 18,			"method" : "top:right:",			"mutationEnd" : 66		}	],	"testCase" : "BlInsetsTest",	"unixtime" : 1601722850,	"timeTotal" : 1317}