{	"targetClasses" : [		"BlLayoutExactResizer"	],	"testMethodsIgnored" : [ ],	"methodsNotProfiled" : [		"BlLayoutExactResizer>>#printOn:"	],	"timeDetail" : [		"init: % 4.48 (12 seconds 788 milliseconds)",		"assertionAmplification: % 55.02 (2 minutes 37 seconds 74 milliseconds)",		"selection: % 13.10 (37 seconds 404 milliseconds)",		"inputAmplification: % 23.20 (1 minute 6 seconds 251 milliseconds)",		"finalize: % 4.20 (11 seconds 989 milliseconds)"	],	"notCoveredInAmplified" : [		{			"operatorDescription" : "Remove ^",			"class" : "BlLayoutExactResizer",			"operatorClass" : "RemoveCaretOperator",			"mutationStart" : 42,			"method" : "=",			"mutationEnd" : 47		},		{			"operatorDescription" : "Replace #ifTrue: receiver with false",			"class" : "BlLayoutExactResizer",			"operatorClass" : "ReplaceIfTrueReceiverWithFalseOperator",			"mutationStart" : 13,			"method" : "=",			"mutationEnd" : 49		},		{			"operatorDescription" : "Remove ^",			"class" : "BlLayoutExactResizer",			"operatorClass" : "RemoveCaretOperator",			"mutationStart" : 7,			"method" : "hash",			"mutationEnd" : 41		},		{			"operatorDescription" : "Remove ^",			"class" : "BlLayoutExactResizer",			"operatorClass" : "RemoveCaretOperator",			"mutationStart" : 18,			"method" : "ifExact:",			"mutationEnd" : 36		},		{			"operatorDescription" : "Remove ^",			"class" : "BlLayoutExactResizer class",			"operatorClass" : "RemoveCaretOperator",			"mutationStart" : 10,			"method" : "hundred",			"mutationEnd" : 61		},		{			"operatorDescription" : "Remove ^",			"class" : "BlLayoutExactResizer class",			"operatorClass" : "RemoveCaretOperator",			"mutationStart" : 8,			"method" : "fifty",			"mutationEnd" : 54		},		{			"operatorDescription" : "Remove ^",			"class" : "BlLayoutExactResizer class",			"operatorClass" : "RemoveCaretOperator",			"mutationStart" : 7,			"method" : "zero",			"mutationEnd" : 50		},		{			"operatorDescription" : "Remove ^",			"class" : "BlLayoutExactResizer class",			"operatorClass" : "RemoveCaretOperator",			"mutationStart" : 43,			"method" : "size:",			"mutationEnd" : 53		},		{			"operatorDescription" : "Remove ^",			"class" : "BlLayoutExactResizer class",			"operatorClass" : "RemoveCaretOperator",			"mutationStart" : 87,			"method" : "size:",			"mutationEnd" : 98		},		{			"operatorDescription" : "Remove ^",			"class" : "BlLayoutExactResizer class",			"operatorClass" : "RemoveCaretOperator",			"mutationStart" : 133,			"method" : "size:",			"mutationEnd" : 146		},		{			"operatorDescription" : "Remove ^",			"class" : "BlLayoutExactResizer class",			"operatorClass" : "RemoveCaretOperator",			"mutationStart" : 153,			"method" : "size:",			"mutationEnd" : 190		},		{			"operatorDescription" : "Replace #= with #'~='",			"class" : "BlLayoutExactResizer class",			"operatorClass" : "ReplaceEqualWithNotEqualOperator",			"mutationStart" : 62,			"method" : "size:",			"mutationEnd" : 73		},		{			"operatorDescription" : "Replace #= with #'~='",			"class" : "BlLayoutExactResizer class",			"operatorClass" : "ReplaceEqualWithNotEqualOperator",			"mutationStart" : 107,			"method" : "size:",			"mutationEnd" : 119		},		{			"operatorDescription" : "Replace #ifTrue: receiver with false",			"class" : "BlLayoutExactResizer class",			"operatorClass" : "ReplaceIfTrueReceiverWithFalseOperator",			"mutationStart" : 16,			"method" : "size:",			"mutationEnd" : 55		},		{			"operatorDescription" : "Replace #ifTrue: receiver with false",			"class" : "BlLayoutExactResizer class",			"operatorClass" : "ReplaceIfTrueReceiverWithFalseOperator",			"mutationStart" : 62,			"method" : "size:",			"mutationEnd" : 100		},		{			"operatorDescription" : "Replace #ifTrue: receiver with false",			"class" : "BlLayoutExactResizer class",			"operatorClass" : "ReplaceIfTrueReceiverWithFalseOperator",			"mutationStart" : 107,			"method" : "size:",			"mutationEnd" : 148		},		{			"operatorDescription" : "Replace #ifTrue: receiver with true",			"class" : "BlLayoutExactResizer class",			"operatorClass" : "ReplaceIfTrueReceiverWithTrueOperator",			"mutationStart" : 16,			"method" : "size:",			"mutationEnd" : 55		},		{			"operatorDescription" : "Replace #ifTrue: receiver with true",			"class" : "BlLayoutExactResizer class",			"operatorClass" : "ReplaceIfTrueReceiverWithTrueOperator",			"mutationStart" : 62,			"method" : "size:",			"mutationEnd" : 100		},		{			"operatorDescription" : "Replace #ifTrue: receiver with true",			"class" : "BlLayoutExactResizer class",			"operatorClass" : "ReplaceIfTrueReceiverWithTrueOperator",			"mutationStart" : 107,			"method" : "size:",			"mutationEnd" : 148		},		{			"operatorDescription" : "Replace #ifTrue: with #ifFalse:",			"class" : "BlLayoutExactResizer class",			"operatorClass" : "ReplaceIfTrueWithIfFalseMutantOperator",			"mutationStart" : 16,			"method" : "size:",			"mutationEnd" : 55		},		{			"operatorDescription" : "Replace #ifTrue: with #ifFalse:",			"class" : "BlLayoutExactResizer class",			"operatorClass" : "ReplaceIfTrueWithIfFalseMutantOperator",			"mutationStart" : 62,			"method" : "size:",			"mutationEnd" : 100		},		{			"operatorDescription" : "Replace #ifTrue: with #ifFalse:",			"class" : "BlLayoutExactResizer class",			"operatorClass" : "ReplaceIfTrueWithIfFalseMutantOperator",			"mutationStart" : 107,			"method" : "size:",			"mutationEnd" : 148		}	],	"mutationScoreAfter" : 40,	"mutationScoreBefore" : 40,	"testAmpLoc" : 318,	"amplifiedMethods" : [		"BlLayoutExactResizerTest1242>>#testEquals_amp",		"BlLayoutExactResizerTest1242>>#testEquals_amp_A123",		"BlLayoutExactResizerTest1242>>#testEquals_amp_A139"	],	"testLoc" : "66",	"amplifiedClass" : "BlLayoutExactResizerTest1242",	"numberOfAllMutationsInOriginal" : 37,	"targetLoc" : 80,	"newCovered" : [ ],	"timeBudgetFinished" : false,	"notCoveredInOriginal" : [		{			"operatorDescription" : "Remove ^",			"class" : "BlLayoutExactResizer",			"operatorClass" : "RemoveCaretOperator",			"mutationStart" : 42,			"method" : "=",			"mutationEnd" : 47		},		{			"operatorDescription" : "Replace #ifTrue: receiver with false",			"class" : "BlLayoutExactResizer",			"operatorClass" : "ReplaceIfTrueReceiverWithFalseOperator",			"mutationStart" : 13,			"method" : "=",			"mutationEnd" : 49		},		{			"operatorDescription" : "Remove ^",			"class" : "BlLayoutExactResizer",			"operatorClass" : "RemoveCaretOperator",			"mutationStart" : 7,			"method" : "hash",			"mutationEnd" : 41		},		{			"operatorDescription" : "Remove ^",			"class" : "BlLayoutExactResizer",			"operatorClass" : "RemoveCaretOperator",			"mutationStart" : 18,			"method" : "ifExact:",			"mutationEnd" : 36		},		{			"operatorDescription" : "Remove ^",			"class" : "BlLayoutExactResizer class",			"operatorClass" : "RemoveCaretOperator",			"mutationStart" : 10,			"method" : "hundred",			"mutationEnd" : 61		},		{			"operatorDescription" : "Remove ^",			"class" : "BlLayoutExactResizer class",			"operatorClass" : "RemoveCaretOperator",			"mutationStart" : 8,			"method" : "fifty",			"mutationEnd" : 54		},		{			"operatorDescription" : "Remove ^",			"class" : "BlLayoutExactResizer class",			"operatorClass" : "RemoveCaretOperator",			"mutationStart" : 7,			"method" : "zero",			"mutationEnd" : 50		},		{			"operatorDescription" : "Remove ^",			"class" : "BlLayoutExactResizer class",			"operatorClass" : "RemoveCaretOperator",			"mutationStart" : 43,			"method" : "size:",			"mutationEnd" : 53		},		{			"operatorDescription" : "Remove ^",			"class" : "BlLayoutExactResizer class",			"operatorClass" : "RemoveCaretOperator",			"mutationStart" : 87,			"method" : "size:",			"mutationEnd" : 98		},		{			"operatorDescription" : "Remove ^",			"class" : "BlLayoutExactResizer class",			"operatorClass" : "RemoveCaretOperator",			"mutationStart" : 133,			"method" : "size:",			"mutationEnd" : 146		},		{			"operatorDescription" : "Remove ^",			"class" : "BlLayoutExactResizer class",			"operatorClass" : "RemoveCaretOperator",			"mutationStart" : 153,			"method" : "size:",			"mutationEnd" : 190		},		{			"operatorDescription" : "Replace #= with #'~='",			"class" : "BlLayoutExactResizer class",			"operatorClass" : "ReplaceEqualWithNotEqualOperator",			"mutationStart" : 62,			"method" : "size:",			"mutationEnd" : 73		},		{			"operatorDescription" : "Replace #= with #'~='",			"class" : "BlLayoutExactResizer class",			"operatorClass" : "ReplaceEqualWithNotEqualOperator",			"mutationStart" : 107,			"method" : "size:",			"mutationEnd" : 119		},		{			"operatorDescription" : "Replace #ifTrue: receiver with false",			"class" : "BlLayoutExactResizer class",			"operatorClass" : "ReplaceIfTrueReceiverWithFalseOperator",			"mutationStart" : 16,			"method" : "size:",			"mutationEnd" : 55		},		{			"operatorDescription" : "Replace #ifTrue: receiver with false",			"class" : "BlLayoutExactResizer class",			"operatorClass" : "ReplaceIfTrueReceiverWithFalseOperator",			"mutationStart" : 62,			"method" : "size:",			"mutationEnd" : 100		},		{			"operatorDescription" : "Replace #ifTrue: receiver with false",			"class" : "BlLayoutExactResizer class",			"operatorClass" : "ReplaceIfTrueReceiverWithFalseOperator",			"mutationStart" : 107,			"method" : "size:",			"mutationEnd" : 148		},		{			"operatorDescription" : "Replace #ifTrue: receiver with true",			"class" : "BlLayoutExactResizer class",			"operatorClass" : "ReplaceIfTrueReceiverWithTrueOperator",			"mutationStart" : 16,			"method" : "size:",			"mutationEnd" : 55		},		{			"operatorDescription" : "Replace #ifTrue: receiver with true",			"class" : "BlLayoutExactResizer class",			"operatorClass" : "ReplaceIfTrueReceiverWithTrueOperator",			"mutationStart" : 62,			"method" : "size:",			"mutationEnd" : 100		},		{			"operatorDescription" : "Replace #ifTrue: receiver with true",			"class" : "BlLayoutExactResizer class",			"operatorClass" : "ReplaceIfTrueReceiverWithTrueOperator",			"mutationStart" : 107,			"method" : "size:",			"mutationEnd" : 148		},		{			"operatorDescription" : "Replace #ifTrue: with #ifFalse:",			"class" : "BlLayoutExactResizer class",			"operatorClass" : "ReplaceIfTrueWithIfFalseMutantOperator",			"mutationStart" : 16,			"method" : "size:",			"mutationEnd" : 55		},		{			"operatorDescription" : "Replace #ifTrue: with #ifFalse:",			"class" : "BlLayoutExactResizer class",			"operatorClass" : "ReplaceIfTrueWithIfFalseMutantOperator",			"mutationStart" : 62,			"method" : "size:",			"mutationEnd" : 100		},		{			"operatorDescription" : "Replace #ifTrue: with #ifFalse:",			"class" : "BlLayoutExactResizer class",			"operatorClass" : "ReplaceIfTrueWithIfFalseMutantOperator",			"mutationStart" : 107,			"method" : "size:",			"mutationEnd" : 148		}	],	"testCase" : "BlLayoutExactResizerTest",	"unixtime" : 1601721328,	"timeTotal" : 285}