{	"targetClasses" : [		"BlLocalImageCache"	],	"testMethodsIgnored" : [		"BlLocalImageCacheTest>>#testCacheFileForSize",		"BlLocalImageCacheTest>>#testFlush",		"BlLocalImageCacheTest>>#testCacheFileForUrlSize"	],	"methodsNotProfiled" : [		"BlLocalImageCache>>#ensureCacheFileForFile:size:",		"BlLocalImageCache>>#gtStatusFor:",		"BlLocalImageCache>>#shutDown:",		"BlLocalImageCache class>>#shutDown:"	],	"timeDetail" : [		"init: % 0.73 (15 seconds 793 milliseconds)",		"assertionAmplification: % 87.79 (31 minutes 47 seconds 234 milliseconds)",		"selection: % 7.85 (2 minutes 50 seconds 483 milliseconds)",		"inputAmplification: % 2.94 (1 minute 3 seconds 767 milliseconds)",		"finalize: % 0.70 (15 seconds 157 milliseconds)"	],	"notCoveredInAmplified" : [ ],	"mutationScoreAfter" : 100,	"mutationScoreBefore" : 35,	"testAmpLoc" : 478,	"amplifiedMethods" : [		"BlLocalImageCacheTest3186>>#testCacheSizeFor_amp_R6_A14_T0",		"BlLocalImageCacheTest3186>>#testCacheSizeFor_amp_T3",		"BlLocalImageCacheTest3186>>#testCacheSizeFor_amp_T1_A41",		"BlLocalImageCacheTest3186>>#testCachedSize2000_amp",		"BlLocalImageCacheTest3186>>#testCacheSizeFor_amp_T5",		"BlLocalImageCacheTest3186>>#testCacheSizeFor_amp_A15",		"BlLocalImageCacheTest3186>>#testCacheSizeFor_amp_A22_T5"	],	"testLoc" : "165",	"amplifiedClass" : "BlLocalImageCacheTest3186",	"numberOfAllMutationsInOriginal" : 99,	"targetLoc" : 252,	"newCovered" : [		{			"operatorDescription" : "Replace do block with [:each |]",			"class" : "BlLocalImageCache",			"operatorClass" : "ReplaceDoBlockWithEmptyBlockOperator",			"mutationStart" : 154,			"method" : "cacheFileFor:size:",			"mutationEnd" : 230		},		{			"operatorDescription" : "Remove ^",			"class" : "BlLocalImageCache",			"operatorClass" : "RemoveCaretOperator",			"mutationStart" : 387,			"method" : "ensureCacheFileForFile:size:",			"mutationEnd" : 390		},		{			"operatorDescription" : "Remove ^",			"class" : "BlLocalImageCache",			"operatorClass" : "RemoveCaretOperator",			"mutationStart" : 487,			"method" : "ensureCacheFileForFile:size:",			"mutationEnd" : 496		},		{			"operatorDescription" : "Remove ^",			"class" : "BlLocalImageCache",			"operatorClass" : "RemoveCaretOperator",			"mutationStart" : 582,			"method" : "ensureCacheFileForFile:size:",			"mutationEnd" : 585		},		{			"operatorDescription" : "Remove ^",			"class" : "BlLocalImageCache",			"operatorClass" : "RemoveCaretOperator",			"mutationStart" : 850,			"method" : "ensureCacheFileForFile:size:",			"mutationEnd" : 859		},		{			"operatorDescription" : "Replace #'>=' with #=",			"class" : "BlLocalImageCache",			"operatorClass" : "ReplaceGreaterOrEqualWithEqualMutantOperator",			"mutationStart" : 542,			"method" : "ensureCacheFileForFile:size:",			"mutationEnd" : 570		},		{			"operatorDescription" : "Replace #'>=' with #>",			"class" : "BlLocalImageCache",			"operatorClass" : "ReplaceGreaterOrEqualWithGreaterMutantOperator",			"mutationStart" : 542,			"method" : "ensureCacheFileForFile:size:",			"mutationEnd" : 570		},		{			"operatorDescription" : "Replace #ifTrue: receiver with false",			"class" : "BlLocalImageCache",			"operatorClass" : "ReplaceIfTrueReceiverWithFalseOperator",			"mutationStart" : 332,			"method" : "ensureCacheFileForFile:size:",			"mutationEnd" : 392		},		{			"operatorDescription" : "Replace #ifTrue: receiver with false",			"class" : "BlLocalImageCache",			"operatorClass" : "ReplaceIfTrueReceiverWithFalseOperator",			"mutationStart" : 460,			"method" : "ensureCacheFileForFile:size:",			"mutationEnd" : 498		},		{			"operatorDescription" : "Replace #ifTrue: receiver with false",			"class" : "BlLocalImageCache",			"operatorClass" : "ReplaceIfTrueReceiverWithFalseOperator",			"mutationStart" : 542,			"method" : "ensureCacheFileForFile:size:",			"mutationEnd" : 587		},		{			"operatorDescription" : "Replace #ifTrue: receiver with true",			"class" : "BlLocalImageCache",			"operatorClass" : "ReplaceIfTrueReceiverWithTrueOperator",			"mutationStart" : 332,			"method" : "ensureCacheFileForFile:size:",			"mutationEnd" : 392		},		{			"operatorDescription" : "Replace #ifTrue: receiver with true",			"class" : "BlLocalImageCache",			"operatorClass" : "ReplaceIfTrueReceiverWithTrueOperator",			"mutationStart" : 460,			"method" : "ensureCacheFileForFile:size:",			"mutationEnd" : 498		},		{			"operatorDescription" : "Replace #ifTrue: receiver with true",			"class" : "BlLocalImageCache",			"operatorClass" : "ReplaceIfTrueReceiverWithTrueOperator",			"mutationStart" : 542,			"method" : "ensureCacheFileForFile:size:",			"mutationEnd" : 587		},		{			"operatorDescription" : "Replace #ifTrue: with #ifFalse:",			"class" : "BlLocalImageCache",			"operatorClass" : "ReplaceIfTrueWithIfFalseMutantOperator",			"mutationStart" : 332,			"method" : "ensureCacheFileForFile:size:",			"mutationEnd" : 392		},		{			"operatorDescription" : "Replace #ifTrue: with #ifFalse:",			"class" : "BlLocalImageCache",			"operatorClass" : "ReplaceIfTrueWithIfFalseMutantOperator",			"mutationStart" : 460,			"method" : "ensureCacheFileForFile:size:",			"mutationEnd" : 498		},		{			"operatorDescription" : "Replace #ifTrue: with #ifFalse:",			"class" : "BlLocalImageCache",			"operatorClass" : "ReplaceIfTrueWithIfFalseMutantOperator",			"mutationStart" : 542,			"method" : "ensureCacheFileForFile:size:",			"mutationEnd" : 587		},		{			"operatorDescription" : "Replace #or: argument with [false]",			"class" : "BlLocalImageCache",			"operatorClass" : "ReplaceOrArgumentWithFalseOperator",			"mutationStart" : 332,			"method" : "ensureCacheFileForFile:size:",			"mutationEnd" : 375		},		{			"operatorDescription" : "Replace #or: receiver with false",			"class" : "BlLocalImageCache",			"operatorClass" : "ReplaceOrReceiverWithFalseOperator",			"mutationStart" : 332,			"method" : "ensureCacheFileForFile:size:",			"mutationEnd" : 375		},		{			"operatorDescription" : "Replace #or: with #and:",			"class" : "BlLocalImageCache",			"operatorClass" : "ReplaceOrWithAndMutantOperator",			"mutationStart" : 332,			"method" : "ensureCacheFileForFile:size:",			"mutationEnd" : 375		},		{			"operatorDescription" : "Replace #or: with #bXor:",			"class" : "BlLocalImageCache",			"operatorClass" : "ReplaceOrWithXorMutantOperator",			"mutationStart" : 332,			"method" : "ensureCacheFileForFile:size:",			"mutationEnd" : 375		},		{			"operatorDescription" : "Replace #or: with true",			"class" : "BlLocalImageCache",			"operatorClass" : "ReplaceOrWithTrueOperator",			"mutationStart" : 332,			"method" : "ensureCacheFileForFile:size:",			"mutationEnd" : 375		},		{			"operatorDescription" : "Remove ^",			"class" : "BlLocalImageCache",			"operatorClass" : "RemoveCaretOperator",			"mutationStart" : 55,			"method" : "fileRoot",			"mutationEnd" : 63		},		{			"operatorDescription" : "Remove ^",			"class" : "BlLocalImageCache",			"operatorClass" : "RemoveCaretOperator",			"mutationStart" : 14,			"method" : "cacheRoot",			"mutationEnd" : 23		},		{			"operatorDescription" : "Remove ^",			"class" : "BlLocalImageCache",			"operatorClass" : "RemoveCaretOperator",			"mutationStart" : 857,			"method" : "gtStatusFor:",			"mutationEnd" : 862		},		{			"operatorDescription" : "Replace #* with #/",			"class" : "BlLocalImageCache",			"operatorClass" : "ReplaceMultiplicationWithDivisionMutantOperator",			"mutationStart" : 580,			"method" : "gtStatusFor:",			"mutationEnd" : 599		},		{			"operatorDescription" : "Remove ^",			"class" : "BlLocalImageCache",			"operatorClass" : "RemoveCaretOperator",			"mutationStart" : 63,			"method" : "currentSize",			"mutationEnd" : 86		},		{			"operatorDescription" : "Remove ^",			"class" : "BlLocalImageCache",			"operatorClass" : "RemoveCaretOperator",			"mutationStart" : 63,			"method" : "targetSize",			"mutationEnd" : 85		},		{			"operatorDescription" : "Remove ^",			"class" : "BlLocalImageCache",			"operatorClass" : "RemoveCaretOperator",			"mutationStart" : 99,			"method" : "emergencySize",			"mutationEnd" : 124		},		{			"operatorDescription" : "Replace #/ with #*",			"class" : "BlLocalImageCache",			"operatorClass" : "ReplaceDivisionWithMultiplicationMutantOperator",			"mutationStart" : 38,			"method" : "setDefaultLocation",			"mutationEnd" : 89		},		{			"operatorDescription" : "Replace #/ with #*",			"class" : "BlLocalImageCache",			"operatorClass" : "ReplaceDivisionWithMultiplicationMutantOperator",			"mutationStart" : 39,			"method" : "setDefaultLocation",			"mutationEnd" : 77		},		{			"operatorDescription" : "Replace #/ with #*",			"class" : "BlLocalImageCache",			"operatorClass" : "ReplaceDivisionWithMultiplicationMutantOperator",			"mutationStart" : 39,			"method" : "setDefaultLocation",			"mutationEnd" : 67		},		{			"operatorDescription" : "Remove Exception Handler Operator",			"class" : "BlLocalImageCache",			"operatorClass" : "RemoveExceptionHandlerOperator",			"mutationStart" : 217,			"method" : "ensureCreateDirectory:",			"mutationEnd" : 381		},		{			"operatorDescription" : "Replace #'<=' with #<",			"class" : "BlLocalImageCache",			"operatorClass" : "ReplaceLessOrEqualWithLessMutantOperator",			"mutationStart" : 318,			"method" : "ensureCreateDirectory:",			"mutationEnd" : 327		},		{			"operatorDescription" : "Replace #'<=' with #=",			"class" : "BlLocalImageCache",			"operatorClass" : "ReplaceLessOrEqualWithEqualMutantOperator",			"mutationStart" : 318,			"method" : "ensureCreateDirectory:",			"mutationEnd" : 327		},		{			"operatorDescription" : "Replace #'<=' with #>",			"class" : "BlLocalImageCache",			"operatorClass" : "ReplaceLessOrEqualWithGreaterMutantOperator",			"mutationStart" : 318,			"method" : "ensureCreateDirectory:",			"mutationEnd" : 327		},		{			"operatorDescription" : "Replace #'<=' with true",			"class" : "BlLocalImageCache",			"operatorClass" : "ReplaceLessOrEqualWithTrueOperator",			"mutationStart" : 318,			"method" : "ensureCreateDirectory:",			"mutationEnd" : 327		},		{			"operatorDescription" : "Replace #+ with #-",			"class" : "BlLocalImageCache",			"operatorClass" : "ReplacePlusWithMinusMutantOperator",			"mutationStart" : 304,			"method" : "ensureCreateDirectory:",			"mutationEnd" : 312		},		{			"operatorDescription" : "Replace #ifTrue: receiver with false",			"class" : "BlLocalImageCache",			"operatorClass" : "ReplaceIfTrueReceiverWithFalseOperator",			"mutationStart" : 318,			"method" : "ensureCreateDirectory:",			"mutationEnd" : 379		},		{			"operatorDescription" : "Replace #ifTrue: receiver with true",			"class" : "BlLocalImageCache",			"operatorClass" : "ReplaceIfTrueReceiverWithTrueOperator",			"mutationStart" : 318,			"method" : "ensureCreateDirectory:",			"mutationEnd" : 379		},		{			"operatorDescription" : "Replace #ifTrue: with #ifFalse:",			"class" : "BlLocalImageCache",			"operatorClass" : "ReplaceIfTrueWithIfFalseMutantOperator",			"mutationStart" : 318,			"method" : "ensureCreateDirectory:",			"mutationEnd" : 379		},		{			"operatorDescription" : "Remove ^",			"class" : "BlLocalImageCache",			"operatorClass" : "RemoveCaretOperator",			"mutationStart" : 662,			"method" : "url:size:for:",			"mutationEnd" : 748		},		{			"operatorDescription" : "Remove ^",			"class" : "BlLocalImageCache",			"operatorClass" : "RemoveCaretOperator",			"mutationStart" : 1661,			"method" : "url:size:for:",			"mutationEnd" : 1728		},		{			"operatorDescription" : "Remove ^",			"class" : "BlLocalImageCache",			"operatorClass" : "RemoveCaretOperator",			"mutationStart" : 2274,			"method" : "url:size:for:",			"mutationEnd" : 2339		},		{			"operatorDescription" : "Replace #+ with #-",			"class" : "BlLocalImageCache",			"operatorClass" : "ReplacePlusWithMinusMutantOperator",			"mutationStart" : 649,			"method" : "url:size:for:",			"mutationEnd" : 656		},		{			"operatorDescription" : "Replace #+ with #-",			"class" : "BlLocalImageCache",			"operatorClass" : "ReplacePlusWithMinusMutantOperator",			"mutationStart" : 1548,			"method" : "url:size:for:",			"mutationEnd" : 1557		},		{			"operatorDescription" : "Replace #+ with #-",			"class" : "BlLocalImageCache",			"operatorClass" : "ReplacePlusWithMinusMutantOperator",			"mutationStart" : 2261,			"method" : "url:size:for:",			"mutationEnd" : 2270		},		{			"operatorDescription" : "Replace #ifFalse: receiver with false",			"class" : "BlLocalImageCache",			"operatorClass" : "ReplaceIfFalseReceiverWithFalseOperator",			"mutationStart" : 983,			"method" : "url:size:for:",			"mutationEnd" : 1559		},		{			"operatorDescription" : "Replace #ifTrue: receiver with false",			"class" : "BlLocalImageCache",			"operatorClass" : "ReplaceIfTrueReceiverWithFalseOperator",			"mutationStart" : 610,			"method" : "url:size:for:",			"mutationEnd" : 750		},		{			"operatorDescription" : "Replace #ifTrue:ifFalse: receiver with false",			"class" : "BlLocalImageCache",			"operatorClass" : "ReplaceIfTrueIfFalseReceiverWithFalseOperator",			"mutationStart" : 1267,			"method" : "url:size:for:",			"mutationEnd" : 1363		},		{			"operatorDescription" : "Replace #ifTrue:ifFalse: receiver with true",			"class" : "BlLocalImageCache",			"operatorClass" : "ReplaceIfTrueIfFalseReceiverWithTrueOperator",			"mutationStart" : 1118,			"method" : "url:size:for:",			"mutationEnd" : 1365		},		{			"operatorDescription" : "Replace #ifTrue:ifFalse: receiver with true",			"class" : "BlLocalImageCache",			"operatorClass" : "ReplaceIfTrueIfFalseReceiverWithTrueOperator",			"mutationStart" : 1267,			"method" : "url:size:for:",			"mutationEnd" : 1363		},		{			"operatorDescription" : "Remove ^",			"class" : "BlLocalImageCache",			"operatorClass" : "RemoveCaretOperator",			"mutationStart" : 679,			"method" : "fileAt:size:",			"mutationEnd" : 757		},		{			"operatorDescription" : "Replace #'>=' with #=",			"class" : "BlLocalImageCache",			"operatorClass" : "ReplaceGreaterOrEqualWithEqualMutantOperator",			"mutationStart" : 803,			"method" : "fileAt:size:",			"mutationEnd" : 831		},		{			"operatorDescription" : "Replace #+ with #-",			"class" : "BlLocalImageCache",			"operatorClass" : "ReplacePlusWithMinusMutantOperator",			"mutationStart" : 667,			"method" : "fileAt:size:",			"mutationEnd" : 674		},		{			"operatorDescription" : "Replace #+ with #-",			"class" : "BlLocalImageCache",			"operatorClass" : "ReplacePlusWithMinusMutantOperator",			"mutationStart" : 1184,			"method" : "fileAt:size:",			"mutationEnd" : 1193		},		{			"operatorDescription" : "Replace #ifTrue: receiver with false",			"class" : "BlLocalImageCache",			"operatorClass" : "ReplaceIfTrueReceiverWithFalseOperator",			"mutationStart" : 629,			"method" : "fileAt:size:",			"mutationEnd" : 759		},		{			"operatorDescription" : "Replace #or: receiver with false",			"class" : "BlLocalImageCache",			"operatorClass" : "ReplaceOrReceiverWithFalseOperator",			"mutationStart" : 397,			"method" : "fileAt:size:",			"mutationEnd" : 440		},		{			"operatorDescription" : "Replace #or: with #bXor:",			"class" : "BlLocalImageCache",			"operatorClass" : "ReplaceOrWithXorMutantOperator",			"mutationStart" : 397,			"method" : "fileAt:size:",			"mutationEnd" : 440		},		{			"operatorDescription" : "Remove ^",			"class" : "BlLocalImageCache",			"operatorClass" : "RemoveCaretOperator",			"mutationStart" : 58,			"method" : "networkRoot",			"mutationEnd" : 69		},		{			"operatorDescription" : "Remove ^",			"class" : "BlLocalImageCache",			"operatorClass" : "RemoveCaretOperator",			"mutationStart" : 15,			"method" : "entryCount",			"mutationEnd" : 38		},		{			"operatorDescription" : "Remove ^",			"class" : "BlLocalImageCache",			"operatorClass" : "RemoveCaretOperator",			"mutationStart" : 16,			"method" : "taskitRunner",			"mutationEnd" : 92		},		{			"operatorDescription" : "Remove ^",			"class" : "BlLocalImageCache",			"operatorClass" : "RemoveCaretOperator",			"mutationStart" : 58,			"method" : "housekeeper",			"mutationEnd" : 69		},		{			"operatorDescription" : "Remove ^",			"class" : "BlLocalImageCache class",			"operatorClass" : "RemoveCaretOperator",			"mutationStart" : 12,			"method" : "current",			"mutationEnd" : 52		},		{			"operatorDescription" : "Remove ^",			"class" : "BlLocalImageCache class",			"operatorClass" : "RemoveCaretOperator",			"mutationStart" : 176,			"method" : "stopCurrent",			"mutationEnd" : 180		}	],	"timeBudgetFinished" : false,	"notCoveredInOriginal" : [		{			"operatorDescription" : "Remove Exception Handler Operator",			"class" : "BlLocalImageCache",			"operatorClass" : "RemoveExceptionHandlerOperator",			"mutationStart" : 217,			"method" : "ensureCreateDirectory:",			"mutationEnd" : 381		},		{			"operatorDescription" : "Replace #'<=' with #<",			"class" : "BlLocalImageCache",			"operatorClass" : "ReplaceLessOrEqualWithLessMutantOperator",			"mutationStart" : 318,			"method" : "ensureCreateDirectory:",			"mutationEnd" : 327		},		{			"operatorDescription" : "Replace #'<=' with #=",			"class" : "BlLocalImageCache",			"operatorClass" : "ReplaceLessOrEqualWithEqualMutantOperator",			"mutationStart" : 318,			"method" : "ensureCreateDirectory:",			"mutationEnd" : 327		},		{			"operatorDescription" : "Replace #'<=' with #>",			"class" : "BlLocalImageCache",			"operatorClass" : "ReplaceLessOrEqualWithGreaterMutantOperator",			"mutationStart" : 318,			"method" : "ensureCreateDirectory:",			"mutationEnd" : 327		},		{			"operatorDescription" : "Replace #'<=' with true",			"class" : "BlLocalImageCache",			"operatorClass" : "ReplaceLessOrEqualWithTrueOperator",			"mutationStart" : 318,			"method" : "ensureCreateDirectory:",			"mutationEnd" : 327		},		{			"operatorDescription" : "Replace #+ with #-",			"class" : "BlLocalImageCache",			"operatorClass" : "ReplacePlusWithMinusMutantOperator",			"mutationStart" : 304,			"method" : "ensureCreateDirectory:",			"mutationEnd" : 312		},		{			"operatorDescription" : "Replace #ifTrue: receiver with false",			"class" : "BlLocalImageCache",			"operatorClass" : "ReplaceIfTrueReceiverWithFalseOperator",			"mutationStart" : 318,			"method" : "ensureCreateDirectory:",			"mutationEnd" : 379		},		{			"operatorDescription" : "Replace #ifTrue: receiver with true",			"class" : "BlLocalImageCache",			"operatorClass" : "ReplaceIfTrueReceiverWithTrueOperator",			"mutationStart" : 318,			"method" : "ensureCreateDirectory:",			"mutationEnd" : 379		},		{			"operatorDescription" : "Replace #ifTrue: with #ifFalse:",			"class" : "BlLocalImageCache",			"operatorClass" : "ReplaceIfTrueWithIfFalseMutantOperator",			"mutationStart" : 318,			"method" : "ensureCreateDirectory:",			"mutationEnd" : 379		},		{			"operatorDescription" : "Remove ^",			"class" : "BlLocalImageCache",			"operatorClass" : "RemoveCaretOperator",			"mutationStart" : 662,			"method" : "url:size:for:",			"mutationEnd" : 748		},		{			"operatorDescription" : "Remove ^",			"class" : "BlLocalImageCache",			"operatorClass" : "RemoveCaretOperator",			"mutationStart" : 1661,			"method" : "url:size:for:",			"mutationEnd" : 1728		},		{			"operatorDescription" : "Remove ^",			"class" : "BlLocalImageCache",			"operatorClass" : "RemoveCaretOperator",			"mutationStart" : 2274,			"method" : "url:size:for:",			"mutationEnd" : 2339		},		{			"operatorDescription" : "Replace #+ with #-",			"class" : "BlLocalImageCache",			"operatorClass" : "ReplacePlusWithMinusMutantOperator",			"mutationStart" : 649,			"method" : "url:size:for:",			"mutationEnd" : 656		},		{			"operatorDescription" : "Replace #+ with #-",			"class" : "BlLocalImageCache",			"operatorClass" : "ReplacePlusWithMinusMutantOperator",			"mutationStart" : 1548,			"method" : "url:size:for:",			"mutationEnd" : 1557		},		{			"operatorDescription" : "Replace #+ with #-",			"class" : "BlLocalImageCache",			"operatorClass" : "ReplacePlusWithMinusMutantOperator",			"mutationStart" : 2261,			"method" : "url:size:for:",			"mutationEnd" : 2270		},		{			"operatorDescription" : "Replace #ifFalse: receiver with false",			"class" : "BlLocalImageCache",			"operatorClass" : "ReplaceIfFalseReceiverWithFalseOperator",			"mutationStart" : 983,			"method" : "url:size:for:",			"mutationEnd" : 1559		},		{			"operatorDescription" : "Replace #ifTrue: receiver with false",			"class" : "BlLocalImageCache",			"operatorClass" : "ReplaceIfTrueReceiverWithFalseOperator",			"mutationStart" : 610,			"method" : "url:size:for:",			"mutationEnd" : 750		},		{			"operatorDescription" : "Replace #ifTrue:ifFalse: receiver with false",			"class" : "BlLocalImageCache",			"operatorClass" : "ReplaceIfTrueIfFalseReceiverWithFalseOperator",			"mutationStart" : 1267,			"method" : "url:size:for:",			"mutationEnd" : 1363		},		{			"operatorDescription" : "Replace #ifTrue:ifFalse: receiver with true",			"class" : "BlLocalImageCache",			"operatorClass" : "ReplaceIfTrueIfFalseReceiverWithTrueOperator",			"mutationStart" : 1118,			"method" : "url:size:for:",			"mutationEnd" : 1365		},		{			"operatorDescription" : "Replace #ifTrue:ifFalse: receiver with true",			"class" : "BlLocalImageCache",			"operatorClass" : "ReplaceIfTrueIfFalseReceiverWithTrueOperator",			"mutationStart" : 1267,			"method" : "url:size:for:",			"mutationEnd" : 1363		},		{			"operatorDescription" : "Replace do block with [:each |]",			"class" : "BlLocalImageCache",			"operatorClass" : "ReplaceDoBlockWithEmptyBlockOperator",			"mutationStart" : 154,			"method" : "cacheFileFor:size:",			"mutationEnd" : 230		},		{			"operatorDescription" : "Remove ^",			"class" : "BlLocalImageCache",			"operatorClass" : "RemoveCaretOperator",			"mutationStart" : 387,			"method" : "ensureCacheFileForFile:size:",			"mutationEnd" : 390		},		{			"operatorDescription" : "Remove ^",			"class" : "BlLocalImageCache",			"operatorClass" : "RemoveCaretOperator",			"mutationStart" : 487,			"method" : "ensureCacheFileForFile:size:",			"mutationEnd" : 496		},		{			"operatorDescription" : "Remove ^",			"class" : "BlLocalImageCache",			"operatorClass" : "RemoveCaretOperator",			"mutationStart" : 582,			"method" : "ensureCacheFileForFile:size:",			"mutationEnd" : 585		},		{			"operatorDescription" : "Remove ^",			"class" : "BlLocalImageCache",			"operatorClass" : "RemoveCaretOperator",			"mutationStart" : 850,			"method" : "ensureCacheFileForFile:size:",			"mutationEnd" : 859		},		{			"operatorDescription" : "Replace #'>=' with #=",			"class" : "BlLocalImageCache",			"operatorClass" : "ReplaceGreaterOrEqualWithEqualMutantOperator",			"mutationStart" : 542,			"method" : "ensureCacheFileForFile:size:",			"mutationEnd" : 570		},		{			"operatorDescription" : "Replace #'>=' with #>",			"class" : "BlLocalImageCache",			"operatorClass" : "ReplaceGreaterOrEqualWithGreaterMutantOperator",			"mutationStart" : 542,			"method" : "ensureCacheFileForFile:size:",			"mutationEnd" : 570		},		{			"operatorDescription" : "Replace #ifTrue: receiver with false",			"class" : "BlLocalImageCache",			"operatorClass" : "ReplaceIfTrueReceiverWithFalseOperator",			"mutationStart" : 332,			"method" : "ensureCacheFileForFile:size:",			"mutationEnd" : 392		},		{			"operatorDescription" : "Replace #ifTrue: receiver with false",			"class" : "BlLocalImageCache",			"operatorClass" : "ReplaceIfTrueReceiverWithFalseOperator",			"mutationStart" : 460,			"method" : "ensureCacheFileForFile:size:",			"mutationEnd" : 498		},		{			"operatorDescription" : "Replace #ifTrue: receiver with false",			"class" : "BlLocalImageCache",			"operatorClass" : "ReplaceIfTrueReceiverWithFalseOperator",			"mutationStart" : 542,			"method" : "ensureCacheFileForFile:size:",			"mutationEnd" : 587		},		{			"operatorDescription" : "Replace #ifTrue: receiver with true",			"class" : "BlLocalImageCache",			"operatorClass" : "ReplaceIfTrueReceiverWithTrueOperator",			"mutationStart" : 332,			"method" : "ensureCacheFileForFile:size:",			"mutationEnd" : 392		},		{			"operatorDescription" : "Replace #ifTrue: receiver with true",			"class" : "BlLocalImageCache",			"operatorClass" : "ReplaceIfTrueReceiverWithTrueOperator",			"mutationStart" : 460,			"method" : "ensureCacheFileForFile:size:",			"mutationEnd" : 498		},		{			"operatorDescription" : "Replace #ifTrue: receiver with true",			"class" : "BlLocalImageCache",			"operatorClass" : "ReplaceIfTrueReceiverWithTrueOperator",			"mutationStart" : 542,			"method" : "ensureCacheFileForFile:size:",			"mutationEnd" : 587		},		{			"operatorDescription" : "Replace #ifTrue: with #ifFalse:",			"class" : "BlLocalImageCache",			"operatorClass" : "ReplaceIfTrueWithIfFalseMutantOperator",			"mutationStart" : 332,			"method" : "ensureCacheFileForFile:size:",			"mutationEnd" : 392		},		{			"operatorDescription" : "Replace #ifTrue: with #ifFalse:",			"class" : "BlLocalImageCache",			"operatorClass" : "ReplaceIfTrueWithIfFalseMutantOperator",			"mutationStart" : 460,			"method" : "ensureCacheFileForFile:size:",			"mutationEnd" : 498		},		{			"operatorDescription" : "Replace #ifTrue: with #ifFalse:",			"class" : "BlLocalImageCache",			"operatorClass" : "ReplaceIfTrueWithIfFalseMutantOperator",			"mutationStart" : 542,			"method" : "ensureCacheFileForFile:size:",			"mutationEnd" : 587		},		{			"operatorDescription" : "Replace #or: argument with [false]",			"class" : "BlLocalImageCache",			"operatorClass" : "ReplaceOrArgumentWithFalseOperator",			"mutationStart" : 332,			"method" : "ensureCacheFileForFile:size:",			"mutationEnd" : 375		},		{			"operatorDescription" : "Replace #or: receiver with false",			"class" : "BlLocalImageCache",			"operatorClass" : "ReplaceOrReceiverWithFalseOperator",			"mutationStart" : 332,			"method" : "ensureCacheFileForFile:size:",			"mutationEnd" : 375		},		{			"operatorDescription" : "Replace #or: with #and:",			"class" : "BlLocalImageCache",			"operatorClass" : "ReplaceOrWithAndMutantOperator",			"mutationStart" : 332,			"method" : "ensureCacheFileForFile:size:",			"mutationEnd" : 375		},		{			"operatorDescription" : "Replace #or: with #bXor:",			"class" : "BlLocalImageCache",			"operatorClass" : "ReplaceOrWithXorMutantOperator",			"mutationStart" : 332,			"method" : "ensureCacheFileForFile:size:",			"mutationEnd" : 375		},		{			"operatorDescription" : "Replace #or: with true",			"class" : "BlLocalImageCache",			"operatorClass" : "ReplaceOrWithTrueOperator",			"mutationStart" : 332,			"method" : "ensureCacheFileForFile:size:",			"mutationEnd" : 375		},		{			"operatorDescription" : "Remove ^",			"class" : "BlLocalImageCache",			"operatorClass" : "RemoveCaretOperator",			"mutationStart" : 55,			"method" : "fileRoot",			"mutationEnd" : 63		},		{			"operatorDescription" : "Remove ^",			"class" : "BlLocalImageCache",			"operatorClass" : "RemoveCaretOperator",			"mutationStart" : 14,			"method" : "cacheRoot",			"mutationEnd" : 23		},		{			"operatorDescription" : "Remove ^",			"class" : "BlLocalImageCache",			"operatorClass" : "RemoveCaretOperator",			"mutationStart" : 679,			"method" : "fileAt:size:",			"mutationEnd" : 757		},		{			"operatorDescription" : "Replace #'>=' with #=",			"class" : "BlLocalImageCache",			"operatorClass" : "ReplaceGreaterOrEqualWithEqualMutantOperator",			"mutationStart" : 803,			"method" : "fileAt:size:",			"mutationEnd" : 831		},		{			"operatorDescription" : "Replace #+ with #-",			"class" : "BlLocalImageCache",			"operatorClass" : "ReplacePlusWithMinusMutantOperator",			"mutationStart" : 667,			"method" : "fileAt:size:",			"mutationEnd" : 674		},		{			"operatorDescription" : "Replace #+ with #-",			"class" : "BlLocalImageCache",			"operatorClass" : "ReplacePlusWithMinusMutantOperator",			"mutationStart" : 1184,			"method" : "fileAt:size:",			"mutationEnd" : 1193		},		{			"operatorDescription" : "Replace #ifTrue: receiver with false",			"class" : "BlLocalImageCache",			"operatorClass" : "ReplaceIfTrueReceiverWithFalseOperator",			"mutationStart" : 629,			"method" : "fileAt:size:",			"mutationEnd" : 759		},		{			"operatorDescription" : "Replace #or: receiver with false",			"class" : "BlLocalImageCache",			"operatorClass" : "ReplaceOrReceiverWithFalseOperator",			"mutationStart" : 397,			"method" : "fileAt:size:",			"mutationEnd" : 440		},		{			"operatorDescription" : "Replace #or: with #bXor:",			"class" : "BlLocalImageCache",			"operatorClass" : "ReplaceOrWithXorMutantOperator",			"mutationStart" : 397,			"method" : "fileAt:size:",			"mutationEnd" : 440		},		{			"operatorDescription" : "Remove ^",			"class" : "BlLocalImageCache",			"operatorClass" : "RemoveCaretOperator",			"mutationStart" : 63,			"method" : "currentSize",			"mutationEnd" : 86		},		{			"operatorDescription" : "Remove ^",			"class" : "BlLocalImageCache",			"operatorClass" : "RemoveCaretOperator",			"mutationStart" : 857,			"method" : "gtStatusFor:",			"mutationEnd" : 862		},		{			"operatorDescription" : "Replace #* with #/",			"class" : "BlLocalImageCache",			"operatorClass" : "ReplaceMultiplicationWithDivisionMutantOperator",			"mutationStart" : 580,			"method" : "gtStatusFor:",			"mutationEnd" : 599		},		{			"operatorDescription" : "Remove ^",			"class" : "BlLocalImageCache",			"operatorClass" : "RemoveCaretOperator",			"mutationStart" : 58,			"method" : "networkRoot",			"mutationEnd" : 69		},		{			"operatorDescription" : "Remove ^",			"class" : "BlLocalImageCache",			"operatorClass" : "RemoveCaretOperator",			"mutationStart" : 15,			"method" : "entryCount",			"mutationEnd" : 38		},		{			"operatorDescription" : "Remove ^",			"class" : "BlLocalImageCache",			"operatorClass" : "RemoveCaretOperator",			"mutationStart" : 63,			"method" : "targetSize",			"mutationEnd" : 85		},		{			"operatorDescription" : "Remove ^",			"class" : "BlLocalImageCache",			"operatorClass" : "RemoveCaretOperator",			"mutationStart" : 99,			"method" : "emergencySize",			"mutationEnd" : 124		},		{			"operatorDescription" : "Replace #/ with #*",			"class" : "BlLocalImageCache",			"operatorClass" : "ReplaceDivisionWithMultiplicationMutantOperator",			"mutationStart" : 38,			"method" : "setDefaultLocation",			"mutationEnd" : 89		},		{			"operatorDescription" : "Replace #/ with #*",			"class" : "BlLocalImageCache",			"operatorClass" : "ReplaceDivisionWithMultiplicationMutantOperator",			"mutationStart" : 39,			"method" : "setDefaultLocation",			"mutationEnd" : 77		},		{			"operatorDescription" : "Replace #/ with #*",			"class" : "BlLocalImageCache",			"operatorClass" : "ReplaceDivisionWithMultiplicationMutantOperator",			"mutationStart" : 39,			"method" : "setDefaultLocation",			"mutationEnd" : 67		},		{			"operatorDescription" : "Remove ^",			"class" : "BlLocalImageCache",			"operatorClass" : "RemoveCaretOperator",			"mutationStart" : 16,			"method" : "taskitRunner",			"mutationEnd" : 92		},		{			"operatorDescription" : "Remove ^",			"class" : "BlLocalImageCache",			"operatorClass" : "RemoveCaretOperator",			"mutationStart" : 58,			"method" : "housekeeper",			"mutationEnd" : 69		},		{			"operatorDescription" : "Remove ^",			"class" : "BlLocalImageCache class",			"operatorClass" : "RemoveCaretOperator",			"mutationStart" : 12,			"method" : "current",			"mutationEnd" : 52		},		{			"operatorDescription" : "Remove ^",			"class" : "BlLocalImageCache class",			"operatorClass" : "RemoveCaretOperator",			"mutationStart" : 176,			"method" : "stopCurrent",			"mutationEnd" : 180		}	],	"testCase" : "BlLocalImageCacheTest",	"unixtime" : 1601725031,	"timeTotal" : 2172}