{	"targetClasses" : [		"BlShortcut"	],	"testMethodsIgnored" : [ ],	"methodsNotProfiled" : [		"BlShortcut>>#assert:description:",		"BlShortcut>>#description:",		"BlShortcut>>#match:",		"BlShortcut>>#printOn:",		"BlShortcut>>#repeatable:",		"BlShortcut>>#name:",		"BlShortcut>>#performDueTo:",		"BlShortcut>>#assert:",		"BlShortcut>>#action:",		"BlShortcut>>#gtInspectorSourceIn:",		"BlShortcut class>>#fileOutLocalMethodsInCategory:on:",		"BlShortcut class>>#addSelector:withMethod:",		"BlShortcut class>>#findOriginClassOf:",		"BlShortcut class>>#addAndClassifySelector:withMethod:inProtocol:",		"BlShortcut class>>#includesLocalSelector:",		"BlShortcut class>>#removeFromComposition:",		"BlShortcut class>>#recategorizeSelector:from:to:",		"BlShortcut class>>#removeFromSystem:",		"BlShortcut class>>#findOriginMethodOf:",		"BlShortcut class>>#addSelector:withMethod:notifying:",		"BlShortcut class>>#isLocalSelector:",		"BlShortcut class>>#isLocalAliasSelector:",		"BlShortcut class>>#assert:description:",		"BlShortcut class>>#removeSelector:",		"BlShortcut class>>#traitComposition:",		"BlShortcut class>>#assert:",		"BlShortcut class>>#isAliasSelector:",		"BlShortcut class>>#localMethodDict:",		"BlShortcut class>>#isLocalMethodsProtocol:"	],	"timeDetail" : [		"init: % 0.77 (164 milliseconds)",		"assertionAmplification: % 61.73 (13 seconds 84 milliseconds)",		"selection: % 15.56 (3 seconds 298 milliseconds)",		"inputAmplification: % 21.16 (4 seconds 485 milliseconds)",		"finalize: % 0.78 (165 milliseconds)"	],	"notCoveredInAmplified" : [ ],	"mutationScoreAfter" : 100,	"mutationScoreBefore" : 20,	"testAmpLoc" : 35,	"amplifiedMethods" : [		"BlShortcutTest85>>#testMatches_amp"	],	"testLoc" : "10",	"amplifiedClass" : "BlShortcutTest85",	"numberOfAllMutationsInOriginal" : 10,	"targetLoc" : 51,	"newCovered" : [ ],	"timeBudgetFinished" : false,	"notCoveredInOriginal" : [		{			"operatorDescription" : "Remove ^",			"class" : "BlShortcut",			"operatorClass" : "RemoveCaretOperator",			"mutationStart" : 23,			"method" : "match:",			"mutationEnd" : 61		},		{			"operatorDescription" : "Remove ^",			"class" : "BlShortcut",			"operatorClass" : "RemoveCaretOperator",			"mutationStart" : 7,			"method" : "name",			"mutationEnd" : 12		},		{			"operatorDescription" : "Remove ^",			"class" : "BlShortcut",			"operatorClass" : "RemoveCaretOperator",			"mutationStart" : 9,			"method" : "action",			"mutationEnd" : 16		},		{			"operatorDescription" : "Remove ^",			"class" : "BlShortcut",			"operatorClass" : "RemoveCaretOperator",			"mutationStart" : 14,			"method" : "description",			"mutationEnd" : 26		},		{			"operatorDescription" : "Remove ^",			"class" : "BlShortcut",			"operatorClass" : "RemoveCaretOperator",			"mutationStart" : 13,			"method" : "repeatable",			"mutationEnd" : 24		},		{			"operatorDescription" : "Replace #ifTrue: receiver with false",			"class" : "BlShortcut",			"operatorClass" : "ReplaceIfTrueReceiverWithFalseOperator",			"mutationStart" : 69,			"method" : "gtInspectorSourceIn:",			"mutationEnd" : 148		},		{			"operatorDescription" : "Replace #ifTrue: receiver with true",			"class" : "BlShortcut",			"operatorClass" : "ReplaceIfTrueReceiverWithTrueOperator",			"mutationStart" : 69,			"method" : "gtInspectorSourceIn:",			"mutationEnd" : 148		},		{			"operatorDescription" : "Replace #ifTrue: with #ifFalse:",			"class" : "BlShortcut",			"operatorClass" : "ReplaceIfTrueWithIfFalseMutantOperator",			"mutationStart" : 69,			"method" : "gtInspectorSourceIn:",			"mutationEnd" : 148		}	],	"testCase" : "BlShortcutTest",	"unixtime" : 1601720854,	"timeTotal" : 21}