{	"targetClasses" : [		"JQueryClass"	],	"testMethodsIgnored" : [ ],	"methodsNotProfiled" : [		"JQueryClass>>#unique:",		"JQueryClass>>#event:"	],	"numberOfOriginalTestMethods" : 30,	"timeDetail" : [		"init: % 35.29 (1 hour 36 minutes 52 seconds 503 milliseconds)",		"assertionAmplification: % 31.87 (1 hour 27 minutes 28 seconds 347 milliseconds)",		"selection: % 0.00 (0 seconds)",		"inputAmplification: % 0.00 (0 seconds)",		"finalize: % 32.84 (1 hour 30 minutes 7 seconds 653 milliseconds)"	],	"notCoveredInAmplified" : [		{			"operatorDescription" : "Remove ^",			"class" : "JQueryClass",			"operatorClass" : "RemoveCaretOperator",			"mutationStart" : 59,			"method" : "post",			"mutationEnd" : 79		},		{			"operatorDescription" : "Remove ^",			"class" : "JQueryClass",			"operatorClass" : "RemoveCaretOperator",			"mutationStart" : 70,			"method" : "event",			"mutationEnd" : 106		},		{			"operatorDescription" : "Remove ^",			"class" : "JQueryClass",			"operatorClass" : "RemoveCaretOperator",			"mutationStart" : 80,			"method" : "event:",			"mutationEnd" : 146		},		{			"operatorDescription" : "Remove ^",			"class" : "JQueryClass",			"operatorClass" : "RemoveCaretOperator",			"mutationStart" : 57,			"method" : "ajax",			"mutationEnd" : 77		},		{			"operatorDescription" : "Remove ^",			"class" : "JQueryClass",			"operatorClass" : "RemoveCaretOperator",			"mutationStart" : 61,			"method" : "ajaxSetup",			"mutationEnd" : 86		},		{			"operatorDescription" : "Remove ^",			"class" : "JQueryClass",			"operatorClass" : "RemoveCaretOperator",			"mutationStart" : 57,			"method" : "getJson",			"mutationEnd" : 80		},		{			"operatorDescription" : "Remove ^",			"class" : "JQueryClass",			"operatorClass" : "RemoveCaretOperator",			"mutationStart" : 57,			"method" : "get",			"mutationEnd" : 76		},		{			"operatorDescription" : "Remove ^",			"class" : "JQueryClass",			"operatorClass" : "RemoveCaretOperator",			"mutationStart" : 89,			"method" : "getScript",			"mutationEnd" : 114		}	],	"mutationScoreAfter" : 78,	"mutationScoreBefore" : 78,	"testAmpLoc" : 0,	"amplifiedMethods" : [ ],	"testLoc" : "134",	"amplifiedClass" : "JQueryClassTest12111",	"numberOfAllMutationsInOriginal" : 37,	"targetLoc" : 113,	"newCovered" : [ ],	"timeBudgetFinished" : false,	"notCoveredInOriginal" : [		{			"operatorDescription" : "Remove ^",			"class" : "JQueryClass",			"operatorClass" : "RemoveCaretOperator",			"mutationStart" : 59,			"method" : "post",			"mutationEnd" : 79		},		{			"operatorDescription" : "Remove ^",			"class" : "JQueryClass",			"operatorClass" : "RemoveCaretOperator",			"mutationStart" : 70,			"method" : "event",			"mutationEnd" : 106		},		{			"operatorDescription" : "Remove ^",			"class" : "JQueryClass",			"operatorClass" : "RemoveCaretOperator",			"mutationStart" : 80,			"method" : "event:",			"mutationEnd" : 146		},		{			"operatorDescription" : "Remove ^",			"class" : "JQueryClass",			"operatorClass" : "RemoveCaretOperator",			"mutationStart" : 57,			"method" : "ajax",			"mutationEnd" : 77		},		{			"operatorDescription" : "Remove ^",			"class" : "JQueryClass",			"operatorClass" : "RemoveCaretOperator",			"mutationStart" : 61,			"method" : "ajaxSetup",			"mutationEnd" : 86		},		{			"operatorDescription" : "Remove ^",			"class" : "JQueryClass",			"operatorClass" : "RemoveCaretOperator",			"mutationStart" : 57,			"method" : "getJson",			"mutationEnd" : 80		},		{			"operatorDescription" : "Remove ^",			"class" : "JQueryClass",			"operatorClass" : "RemoveCaretOperator",			"mutationStart" : 57,			"method" : "get",			"mutationEnd" : 76		},		{			"operatorDescription" : "Remove ^",			"class" : "JQueryClass",			"operatorClass" : "RemoveCaretOperator",			"mutationStart" : 89,			"method" : "getScript",			"mutationEnd" : 114		}	],	"testCase" : "JQueryClassTest",	"unixtime" : 1603172872,	"timeTotal" : 16468}