{	"targetClasses" : [		"JSDecoration"	],	"testMethodsIgnored" : [ ],	"methodsNotProfiled" : [		"JSDecoration>>#setOwner:",		"JSDecoration>>#javascriptContentOn:"	],	"numberOfOriginalTestMethods" : 23,	"timeDetail" : [		"init: % 15.68 (15 minutes 986 milliseconds)",		"assertionAmplification: % 74.18 (1 hour 11 minutes 2 seconds 349 milliseconds)",		"selection: % 0.00 (0 seconds)",		"inputAmplification: % 0.00 (0 seconds)",		"finalize: % 10.14 (9 minutes 42 seconds 912 milliseconds)"	],	"notCoveredInAmplified" : [		{			"operatorDescription" : "Remove ^",			"class" : "JSDecoration",			"operatorClass" : "RemoveCaretOperator",			"mutationStart" : 15,			"method" : "isJavascript",			"mutationEnd" : 20		},		{			"operatorDescription" : "Remove ^",			"class" : "JSDecoration",			"operatorClass" : "RemoveCaretOperator",			"mutationStart" : 16,			"method" : "renderContext",			"mutationEnd" : 36		}	],	"mutationScoreAfter" : 33,	"mutationScoreBefore" : 33,	"testAmpLoc" : 0,	"amplifiedMethods" : [ ],	"testLoc" : "157",	"amplifiedClass" : "JSDecorationTest12186",	"numberOfAllMutationsInOriginal" : 3,	"targetLoc" : 10,	"newCovered" : [ ],	"timeBudgetFinished" : false,	"notCoveredInOriginal" : [		{			"operatorDescription" : "Remove ^",			"class" : "JSDecoration",			"operatorClass" : "RemoveCaretOperator",			"mutationStart" : 15,			"method" : "isJavascript",			"mutationEnd" : 20		},		{			"operatorDescription" : "Remove ^",			"class" : "JSDecoration",			"operatorClass" : "RemoveCaretOperator",			"mutationStart" : 16,			"method" : "renderContext",			"mutationEnd" : 36		}	],	"testCase" : "JSDecorationTest",	"unixtime" : 1603245343,	"timeTotal" : 5746}