{	"targetClasses" : [		"JSStream"	],	"testMethodsIgnored" : [ ],	"methodsNotProfiled" : [		"JSStream>>#json:",		"JSStream class>>#encodeDictionary:on:"	],	"numberOfOriginalTestMethods" : 18,	"timeDetail" : [		"init: % 10.63 (12 seconds 479 milliseconds)",		"assertionAmplification: % 32.04 (37 seconds 626 milliseconds)",		"selection: % 18.36 (21 seconds 558 milliseconds)",		"inputAmplification: % 28.16 (33 seconds 66 milliseconds)",		"finalize: % 10.81 (12 seconds 690 milliseconds)"	],	"notCoveredInAmplified" : [		{			"operatorDescription" : "Replace #ifTrue:ifFalse: receiver with false",			"class" : "JSStream class",			"operatorClass" : "ReplaceIfTrueIfFalseReceiverWithFalseOperator",			"mutationStart" : 240,			"method" : "encodeDictionary:on:",			"mutationEnd" : 310		},		{			"operatorDescription" : "Replace #ifTrue:ifFalse: receiver with true",			"class" : "JSStream class",			"operatorClass" : "ReplaceIfTrueIfFalseReceiverWithTrueOperator",			"mutationStart" : 240,			"method" : "encodeDictionary:on:",			"mutationEnd" : 310		},		{			"operatorDescription" : "Replace #= with #'~='",			"class" : "JSStream class",			"operatorClass" : "ReplaceEqualWithNotEqualOperator",			"mutationStart" : 384,			"method" : "encodeString:on:",			"mutationEnd" : 398		},		{			"operatorDescription" : "Replace #= with #'~='",			"class" : "JSStream class",			"operatorClass" : "ReplaceEqualWithNotEqualOperator",			"mutationStart" : 485,			"method" : "encodeString:on:",			"mutationEnd" : 499		},		{			"operatorDescription" : "Replace #ifTrue:ifFalse: receiver with false",			"class" : "JSStream class",			"operatorClass" : "ReplaceIfTrueIfFalseReceiverWithFalseOperator",			"mutationStart" : 384,			"method" : "encodeString:on:",			"mutationEnd" : 613		},		{			"operatorDescription" : "Replace #ifTrue:ifFalse: receiver with false",			"class" : "JSStream class",			"operatorClass" : "ReplaceIfTrueIfFalseReceiverWithFalseOperator",			"mutationStart" : 485,			"method" : "encodeString:on:",			"mutationEnd" : 611		},		{			"operatorDescription" : "Replace #ifTrue:ifFalse: receiver with true",			"class" : "JSStream class",			"operatorClass" : "ReplaceIfTrueIfFalseReceiverWithTrueOperator",			"mutationStart" : 384,			"method" : "encodeString:on:",			"mutationEnd" : 613		},		{			"operatorDescription" : "Replace #ifTrue:ifFalse: receiver with true",			"class" : "JSStream class",			"operatorClass" : "ReplaceIfTrueIfFalseReceiverWithTrueOperator",			"mutationStart" : 485,			"method" : "encodeString:on:",			"mutationEnd" : 611		},		{			"operatorDescription" : "Replace #+ with #-",			"class" : "JSStream class",			"operatorClass" : "ReplacePlusWithMinusMutantOperator",			"mutationStart" : 215,			"method" : "initializeEncoding",			"mutationEnd" : 223		},		{			"operatorDescription" : "Replace #+ with #-",			"class" : "JSStream class",			"operatorClass" : "ReplacePlusWithMinusMutantOperator",			"mutationStart" : 429,			"method" : "initializeEncoding",			"mutationEnd" : 451		},		{			"operatorDescription" : "Replace #+ with #-",			"class" : "JSStream class",			"operatorClass" : "ReplacePlusWithMinusMutantOperator",			"mutationStart" : 474,			"method" : "initializeEncoding",			"mutationEnd" : 482		},		{			"operatorDescription" : "Replace #- with #+",			"class" : "JSStream class",			"operatorClass" : "ReplaceMinusWithPlusMutantOperator",			"mutationStart" : 359,			"method" : "initializeEncoding",			"mutationEnd" : 374		}	],	"mutationScoreAfter" : 50,	"mutationScoreBefore" : 50,	"testAmpLoc" : 0,	"amplifiedMethods" : [ ],	"testLoc" : "74",	"amplifiedClass" : "JSStreamTest10529",	"numberOfAllMutationsInOriginal" : 24,	"targetLoc" : 189,	"newCovered" : [ ],	"timeBudgetFinished" : false,	"notCoveredInOriginal" : [		{			"operatorDescription" : "Replace #ifTrue:ifFalse: receiver with false",			"class" : "JSStream class",			"operatorClass" : "ReplaceIfTrueIfFalseReceiverWithFalseOperator",			"mutationStart" : 240,			"method" : "encodeDictionary:on:",			"mutationEnd" : 310		},		{			"operatorDescription" : "Replace #ifTrue:ifFalse: receiver with true",			"class" : "JSStream class",			"operatorClass" : "ReplaceIfTrueIfFalseReceiverWithTrueOperator",			"mutationStart" : 240,			"method" : "encodeDictionary:on:",			"mutationEnd" : 310		},		{			"operatorDescription" : "Replace #= with #'~='",			"class" : "JSStream class",			"operatorClass" : "ReplaceEqualWithNotEqualOperator",			"mutationStart" : 384,			"method" : "encodeString:on:",			"mutationEnd" : 398		},		{			"operatorDescription" : "Replace #= with #'~='",			"class" : "JSStream class",			"operatorClass" : "ReplaceEqualWithNotEqualOperator",			"mutationStart" : 485,			"method" : "encodeString:on:",			"mutationEnd" : 499		},		{			"operatorDescription" : "Replace #ifTrue:ifFalse: receiver with false",			"class" : "JSStream class",			"operatorClass" : "ReplaceIfTrueIfFalseReceiverWithFalseOperator",			"mutationStart" : 384,			"method" : "encodeString:on:",			"mutationEnd" : 613		},		{			"operatorDescription" : "Replace #ifTrue:ifFalse: receiver with false",			"class" : "JSStream class",			"operatorClass" : "ReplaceIfTrueIfFalseReceiverWithFalseOperator",			"mutationStart" : 485,			"method" : "encodeString:on:",			"mutationEnd" : 611		},		{			"operatorDescription" : "Replace #ifTrue:ifFalse: receiver with true",			"class" : "JSStream class",			"operatorClass" : "ReplaceIfTrueIfFalseReceiverWithTrueOperator",			"mutationStart" : 384,			"method" : "encodeString:on:",			"mutationEnd" : 613		},		{			"operatorDescription" : "Replace #ifTrue:ifFalse: receiver with true",			"class" : "JSStream class",			"operatorClass" : "ReplaceIfTrueIfFalseReceiverWithTrueOperator",			"mutationStart" : 485,			"method" : "encodeString:on:",			"mutationEnd" : 611		},		{			"operatorDescription" : "Replace #+ with #-",			"class" : "JSStream class",			"operatorClass" : "ReplacePlusWithMinusMutantOperator",			"mutationStart" : 215,			"method" : "initializeEncoding",			"mutationEnd" : 223		},		{			"operatorDescription" : "Replace #+ with #-",			"class" : "JSStream class",			"operatorClass" : "ReplacePlusWithMinusMutantOperator",			"mutationStart" : 429,			"method" : "initializeEncoding",			"mutationEnd" : 451		},		{			"operatorDescription" : "Replace #+ with #-",			"class" : "JSStream class",			"operatorClass" : "ReplacePlusWithMinusMutantOperator",			"mutationStart" : 474,			"method" : "initializeEncoding",			"mutationEnd" : 482		},		{			"operatorDescription" : "Replace #- with #+",			"class" : "JSStream class",			"operatorClass" : "ReplaceMinusWithPlusMutantOperator",			"mutationStart" : 359,			"method" : "initializeEncoding",			"mutationEnd" : 374		}	],	"testCase" : "JSStreamTest",	"unixtime" : 1602532162,	"timeTotal" : 117}