{	"targetClasses" : [		"WAAnchorTag"	],	"testMethodsIgnored" : [ ],	"methodsNotProfiled" : [		"WAAnchorTag>>#on:of:",		"WAAnchorTag>>#document:mimeType:",		"WAAnchorTag>>#resourceUrl:",		"WAAnchorTag>>#media:",		"WAAnchorTag>>#fragment:",		"WAAnchorTag>>#document:",		"WAAnchorTag>>#document:mimeType:fileName:"	],	"numberOfOriginalTestMethods" : 8,	"timeDetail" : [		"init: % 24.72 (10 minutes 32 seconds 774 milliseconds)",		"assertionAmplification: % 56.03 (23 minutes 54 seconds 87 milliseconds)",		"selection: % 0.00 (0 seconds)",		"inputAmplification: % 0.00 (0 seconds)",		"finalize: % 19.25 (8 minutes 12 seconds 587 milliseconds)"	],	"notCoveredInAmplified" : [		{			"operatorDescription" : "Replace #ifFalse: receiver with false",			"class" : "WAAnchorTag",			"operatorClass" : "ReplaceIfFalseReceiverWithFalseOperator",			"mutationStart" : 15,			"method" : "with:",			"mutationEnd" : 74		},		{			"operatorDescription" : "Replace #ifFalse: receiver with false",			"class" : "WAAnchorTag",			"operatorClass" : "ReplaceIfFalseReceiverWithFalseOperator",			"mutationStart" : 153,			"method" : "document:mimeType:fileName:",			"mutationEnd" : 201		},		{			"operatorDescription" : "Replace #ifFalse: receiver with true",			"class" : "WAAnchorTag",			"operatorClass" : "ReplaceIfFalseReceiverWithTrueOperator",			"mutationStart" : 153,			"method" : "document:mimeType:fileName:",			"mutationEnd" : 201		},		{			"operatorDescription" : "Replace #ifFalse: with #ifTrue:",			"class" : "WAAnchorTag",			"operatorClass" : "ReplaceIfFalseWithIfTrueMutantOperator",			"mutationStart" : 153,			"method" : "document:mimeType:fileName:",			"mutationEnd" : 201		}	],	"mutationScoreAfter" : 66,	"mutationScoreBefore" : 66,	"testAmpLoc" : 0,	"amplifiedMethods" : [ ],	"testLoc" : "107",	"amplifiedClass" : "WAAnchorTagTest11830",	"numberOfAllMutationsInOriginal" : 12,	"targetLoc" : 78,	"newCovered" : [ ],	"timeBudgetFinished" : false,	"notCoveredInOriginal" : [		{			"operatorDescription" : "Replace #ifFalse: receiver with false",			"class" : "WAAnchorTag",			"operatorClass" : "ReplaceIfFalseReceiverWithFalseOperator",			"mutationStart" : 15,			"method" : "with:",			"mutationEnd" : 74		},		{			"operatorDescription" : "Replace #ifFalse: receiver with false",			"class" : "WAAnchorTag",			"operatorClass" : "ReplaceIfFalseReceiverWithFalseOperator",			"mutationStart" : 153,			"method" : "document:mimeType:fileName:",			"mutationEnd" : 201		},		{			"operatorDescription" : "Replace #ifFalse: receiver with true",			"class" : "WAAnchorTag",			"operatorClass" : "ReplaceIfFalseReceiverWithTrueOperator",			"mutationStart" : 153,			"method" : "document:mimeType:fileName:",			"mutationEnd" : 201		},		{			"operatorDescription" : "Replace #ifFalse: with #ifTrue:",			"class" : "WAAnchorTag",			"operatorClass" : "ReplaceIfFalseWithIfTrueMutantOperator",			"mutationStart" : 153,			"method" : "document:mimeType:fileName:",			"mutationEnd" : 201		}	],	"testCase" : "WAAnchorTagTest",	"unixtime" : 1602782502,	"timeTotal" : 2559}