{	"targetClasses" : [		"WAApplication"	],	"testMethodsIgnored" : [ ],	"methodsNotProfiled" : [		"WAApplication>>#sessionClass:",		"WAApplication>>#sessionsDo:",		"WAApplication>>#rootClass:",		"WAApplication>>#addLibrary:",		"WAApplication>>#keyFor:ifAbsent:",		"WAApplication>>#removeLibrary:",		"WAApplication>>#handleDefault:withKey:",		"WAApplication>>#register:at:"	],	"numberOfOriginalTestMethods" : 14,	"timeDetail" : [		"init: % 11.79 (12 seconds 466 milliseconds)",		"assertionAmplification: % 48.18 (50 seconds 943 milliseconds)",		"selection: % 13.23 (13 seconds 986 milliseconds)",		"inputAmplification: % 14.10 (14 seconds 902 milliseconds)",		"finalize: % 12.70 (13 seconds 427 milliseconds)"	],	"notCoveredInAmplified" : [		{			"operatorDescription" : "Remove ^",			"class" : "WAApplication",			"operatorClass" : "RemoveCaretOperator",			"mutationStart" : 23,			"method" : "sessionClass:",			"mutationEnd" : 100		},		{			"operatorDescription" : "Remove ^",			"class" : "WAApplication",			"operatorClass" : "RemoveCaretOperator",			"mutationStart" : 84,			"method" : "register:",			"mutationEnd" : 88		},		{			"operatorDescription" : "Remove ^",			"class" : "WAApplication",			"operatorClass" : "RemoveCaretOperator",			"mutationStart" : 91,			"method" : "isImplemented:",			"mutationEnd" : 125		},		{			"operatorDescription" : "Remove ^",			"class" : "WAApplication",			"operatorClass" : "RemoveCaretOperator",			"mutationStart" : 51,			"method" : "keyFor:ifAbsent:",			"mutationEnd" : 71		},		{			"operatorDescription" : "Remove ^",			"class" : "WAApplication",			"operatorClass" : "RemoveCaretOperator",			"mutationStart" : 15,			"method" : "cloneHandler",			"mutationEnd" : 54		},		{			"operatorDescription" : "Remove ^",			"class" : "WAApplication",			"operatorClass" : "RemoveCaretOperator",			"mutationStart" : 71,			"method" : "newSession",			"mutationEnd" : 188		},		{			"operatorDescription" : "Remove ^",			"class" : "WAApplication",			"operatorClass" : "RemoveCaretOperator",			"mutationStart" : 26,			"method" : "sessionAllowTermination",			"mutationEnd" : 70		},		{			"operatorDescription" : "Replace #= with #'~='",			"class" : "WAApplication",			"operatorClass" : "ReplaceEqualWithNotEqualOperator",			"mutationStart" : 121,			"method" : "removeLibrary:",			"mutationEnd" : 146		},		{			"operatorDescription" : "Replace #reject: with #select:",			"class" : "WAApplication",			"operatorClass" : "ReplaceRejectWithSelectMutantOperator",			"mutationStart" : 70,			"method" : "removeLibrary:",			"mutationEnd" : 149		},		{			"operatorDescription" : "Replace Reject block with [:each | false]",			"class" : "WAApplication",			"operatorClass" : "ReplaceRejectBlockWithAlwaysFalseBlockOperator",			"mutationStart" : 70,			"method" : "removeLibrary:",			"mutationEnd" : 149		},		{			"operatorDescription" : "Replace Reject block with [:each | true]",			"class" : "WAApplication",			"operatorClass" : "ReplaceRejectBlockWithAlwaysTrueBlockOperator",			"mutationStart" : 70,			"method" : "removeLibrary:",			"mutationEnd" : 149		},		{			"operatorDescription" : "Replace #ifTrue:ifFalse: receiver with false",			"class" : "WAApplication",			"operatorClass" : "ReplaceIfTrueIfFalseReceiverWithFalseOperator",			"mutationStart" : 243,			"method" : "handleFiltered:",			"mutationEnd" : 440		},		{			"operatorDescription" : "Replace #ifTrue:ifFalse: receiver with true",			"class" : "WAApplication",			"operatorClass" : "ReplaceIfTrueIfFalseReceiverWithTrueOperator",			"mutationStart" : 140,			"method" : "handleFiltered:",			"mutationEnd" : 442		},		{			"operatorDescription" : "Replace #ifTrue:ifFalse: receiver with true",			"class" : "WAApplication",			"operatorClass" : "ReplaceIfTrueIfFalseReceiverWithTrueOperator",			"mutationStart" : 243,			"method" : "handleFiltered:",			"mutationEnd" : 440		},		{			"operatorDescription" : "Remove ^",			"class" : "WAApplication",			"operatorClass" : "RemoveCaretOperator",			"mutationStart" : 87,			"method" : "register:at:",			"mutationEnd" : 92		},		{			"operatorDescription" : "Remove ^",			"class" : "WAApplication class",			"operatorClass" : "RemoveCaretOperator",			"mutationStart" : 14,			"method" : "description",			"mutationEnd" : 28		}	],	"mutationScoreAfter" : 40,	"mutationScoreBefore" : 11,	"testAmpLoc" : 2077,	"amplifiedMethods" : [		"WAApplicationTest9463>>#testAddFilter_amp_A3",		"WAApplicationTest9463>>#testAddFilter_amp_A0",		"WAApplicationTest9463>>#testCopyFilters_amp_A76",		"WAApplicationTest9463>>#testCopyFilters_amp_A75",		"WAApplicationTest9463>>#testAddFilter_amp_A1",		"WAApplicationTest9463>>#testCopyRegistry_amp_A0",		"WAApplicationTest9463>>#testCopyRegistry_amp_A22",		"WAApplicationTest9463>>#testCopyRegistry_amp",		"WAApplicationTest9463>>#testCopyRegistry_amp_A6",		"WAApplicationTest9463>>#testCopyRegistry_amp_A18",		"WAApplicationTest9463>>#testCopyFilters_amp",		"WAApplicationTest9463>>#testAddFilter_amp_A2",		"WAApplicationTest9463>>#testCopyRegistry_amp_A13",		"WAApplicationTest9463>>#testCopyRegistry_amp_A17"	],	"testLoc" : "68",	"amplifiedClass" : "WAApplicationTest9463",	"numberOfAllMutationsInOriginal" : 27,	"targetLoc" : 108,	"newCovered" : [		{			"operatorDescription" : "Remove ^",			"class" : "WAApplication",			"operatorClass" : "RemoveCaretOperator",			"mutationStart" : 18,			"method" : "resourceBaseUrl",			"mutationEnd" : 54		},		{			"operatorDescription" : "Remove ^",			"class" : "WAApplication",			"operatorClass" : "RemoveCaretOperator",			"mutationStart" : 11,			"method" : "mimeType",			"mutationEnd" : 40		},		{			"operatorDescription" : "Remove ^",			"class" : "WAApplication",			"operatorClass" : "RemoveCaretOperator",			"mutationStart" : 27,			"method" : "initialContinuationClass",			"mutationEnd" : 80		},		{			"operatorDescription" : "Remove ^",			"class" : "WAApplication",			"operatorClass" : "RemoveCaretOperator",			"mutationStart" : 123,			"method" : "sessions",			"mutationEnd" : 134		},		{			"operatorDescription" : "Remove ^",			"class" : "WAApplication",			"operatorClass" : "RemoveCaretOperator",			"mutationStart" : 15,			"method" : "sessionClass",			"mutationEnd" : 56		},		{			"operatorDescription" : "Remove ^",			"class" : "WAApplication",			"operatorClass" : "RemoveCaretOperator",			"mutationStart" : 16,			"method" : "isApplication",			"mutationEnd" : 21		},		{			"operatorDescription" : "Remove ^",			"class" : "WAApplication",			"operatorClass" : "RemoveCaretOperator",			"mutationStart" : 12,			"method" : "libraries",			"mutationEnd" : 76		},		{			"operatorDescription" : "Remove ^",			"class" : "WAApplication",			"operatorClass" : "RemoveCaretOperator",			"mutationStart" : 14,			"method" : "contentType",			"mutationEnd" : 95		}	],	"timeBudgetFinished" : false,	"notCoveredInOriginal" : [		{			"operatorDescription" : "Remove ^",			"class" : "WAApplication",			"operatorClass" : "RemoveCaretOperator",			"mutationStart" : 23,			"method" : "sessionClass:",			"mutationEnd" : 100		},		{			"operatorDescription" : "Remove ^",			"class" : "WAApplication",			"operatorClass" : "RemoveCaretOperator",			"mutationStart" : 18,			"method" : "resourceBaseUrl",			"mutationEnd" : 54		},		{			"operatorDescription" : "Remove ^",			"class" : "WAApplication",			"operatorClass" : "RemoveCaretOperator",			"mutationStart" : 84,			"method" : "register:",			"mutationEnd" : 88		},		{			"operatorDescription" : "Remove ^",			"class" : "WAApplication",			"operatorClass" : "RemoveCaretOperator",			"mutationStart" : 91,			"method" : "isImplemented:",			"mutationEnd" : 125		},		{			"operatorDescription" : "Remove ^",			"class" : "WAApplication",			"operatorClass" : "RemoveCaretOperator",			"mutationStart" : 11,			"method" : "mimeType",			"mutationEnd" : 40		},		{			"operatorDescription" : "Remove ^",			"class" : "WAApplication",			"operatorClass" : "RemoveCaretOperator",			"mutationStart" : 27,			"method" : "initialContinuationClass",			"mutationEnd" : 80		},		{			"operatorDescription" : "Remove ^",			"class" : "WAApplication",			"operatorClass" : "RemoveCaretOperator",			"mutationStart" : 51,			"method" : "keyFor:ifAbsent:",			"mutationEnd" : 71		},		{			"operatorDescription" : "Remove ^",			"class" : "WAApplication",			"operatorClass" : "RemoveCaretOperator",			"mutationStart" : 123,			"method" : "sessions",			"mutationEnd" : 134		},		{			"operatorDescription" : "Remove ^",			"class" : "WAApplication",			"operatorClass" : "RemoveCaretOperator",			"mutationStart" : 15,			"method" : "sessionClass",			"mutationEnd" : 56		},		{			"operatorDescription" : "Remove ^",			"class" : "WAApplication",			"operatorClass" : "RemoveCaretOperator",			"mutationStart" : 16,			"method" : "isApplication",			"mutationEnd" : 21		},		{			"operatorDescription" : "Remove ^",			"class" : "WAApplication",			"operatorClass" : "RemoveCaretOperator",			"mutationStart" : 12,			"method" : "libraries",			"mutationEnd" : 76		},		{			"operatorDescription" : "Remove ^",			"class" : "WAApplication",			"operatorClass" : "RemoveCaretOperator",			"mutationStart" : 15,			"method" : "cloneHandler",			"mutationEnd" : 54		},		{			"operatorDescription" : "Remove ^",			"class" : "WAApplication",			"operatorClass" : "RemoveCaretOperator",			"mutationStart" : 71,			"method" : "newSession",			"mutationEnd" : 188		},		{			"operatorDescription" : "Remove ^",			"class" : "WAApplication",			"operatorClass" : "RemoveCaretOperator",			"mutationStart" : 26,			"method" : "sessionAllowTermination",			"mutationEnd" : 70		},		{			"operatorDescription" : "Replace #= with #'~='",			"class" : "WAApplication",			"operatorClass" : "ReplaceEqualWithNotEqualOperator",			"mutationStart" : 121,			"method" : "removeLibrary:",			"mutationEnd" : 146		},		{			"operatorDescription" : "Replace #reject: with #select:",			"class" : "WAApplication",			"operatorClass" : "ReplaceRejectWithSelectMutantOperator",			"mutationStart" : 70,			"method" : "removeLibrary:",			"mutationEnd" : 149		},		{			"operatorDescription" : "Replace Reject block with [:each | false]",			"class" : "WAApplication",			"operatorClass" : "ReplaceRejectBlockWithAlwaysFalseBlockOperator",			"mutationStart" : 70,			"method" : "removeLibrary:",			"mutationEnd" : 149		},		{			"operatorDescription" : "Replace Reject block with [:each | true]",			"class" : "WAApplication",			"operatorClass" : "ReplaceRejectBlockWithAlwaysTrueBlockOperator",			"mutationStart" : 70,			"method" : "removeLibrary:",			"mutationEnd" : 149		},		{			"operatorDescription" : "Replace #ifTrue:ifFalse: receiver with false",			"class" : "WAApplication",			"operatorClass" : "ReplaceIfTrueIfFalseReceiverWithFalseOperator",			"mutationStart" : 243,			"method" : "handleFiltered:",			"mutationEnd" : 440		},		{			"operatorDescription" : "Replace #ifTrue:ifFalse: receiver with true",			"class" : "WAApplication",			"operatorClass" : "ReplaceIfTrueIfFalseReceiverWithTrueOperator",			"mutationStart" : 140,			"method" : "handleFiltered:",			"mutationEnd" : 442		},		{			"operatorDescription" : "Replace #ifTrue:ifFalse: receiver with true",			"class" : "WAApplication",			"operatorClass" : "ReplaceIfTrueIfFalseReceiverWithTrueOperator",			"mutationStart" : 243,			"method" : "handleFiltered:",			"mutationEnd" : 440		},		{			"operatorDescription" : "Remove ^",			"class" : "WAApplication",			"operatorClass" : "RemoveCaretOperator",			"mutationStart" : 87,			"method" : "register:at:",			"mutationEnd" : 92		},		{			"operatorDescription" : "Remove ^",			"class" : "WAApplication",			"operatorClass" : "RemoveCaretOperator",			"mutationStart" : 14,			"method" : "contentType",			"mutationEnd" : 95		},		{			"operatorDescription" : "Remove ^",			"class" : "WAApplication class",			"operatorClass" : "RemoveCaretOperator",			"mutationStart" : 14,			"method" : "description",			"mutationEnd" : 28		}	],	"testCase" : "WAApplicationTest",	"unixtime" : 1602531941,	"timeTotal" : 105}