{	"targetClasses" : [		"WABidirectionalCache"	],	"testMethodsIgnored" : [ ],	"methodsNotProfiled" : [		"WABidirectionalCache>>#removeKey:ifAbsent:",		"WABidirectionalCache>>#do:",		"WABidirectionalCache>>#includes:"	],	"numberOfOriginalTestMethods" : 9,	"timeDetail" : [		"init: % 0.58 (405 milliseconds)",		"assertionAmplification: % 52.58 (36 seconds 881 milliseconds)",		"selection: % 18.80 (13 seconds 183 milliseconds)",		"inputAmplification: % 27.52 (19 seconds 302 milliseconds)",		"finalize: % 0.52 (368 milliseconds)"	],	"notCoveredInAmplified" : [		{			"operatorDescription" : "Remove ^",			"class" : "WABidirectionalCache",			"operatorClass" : "RemoveCaretOperator",			"mutationStart" : 11,			"method" : "at:",			"mutationEnd" : 26		},		{			"operatorDescription" : "Replace #ifFalse: receiver with false",			"class" : "WABidirectionalCache",			"operatorClass" : "ReplaceIfFalseReceiverWithFalseOperator",			"mutationStart" : 68,			"method" : "at:put:",			"mutationEnd" : 117		},		{			"operatorDescription" : "Remove ^",			"class" : "WABidirectionalCache",			"operatorClass" : "RemoveCaretOperator",			"mutationStart" : 82,			"method" : "removeKey:ifAbsent:",			"mutationEnd" : 95		},		{			"operatorDescription" : "Remove ^",			"class" : "WABidirectionalCache",			"operatorClass" : "RemoveCaretOperator",			"mutationStart" : 152,			"method" : "removeKey:ifAbsent:",			"mutationEnd" : 158		},		{			"operatorDescription" : "Remove at:ifAbsent:",			"class" : "WABidirectionalCache",			"operatorClass" : "RemoveAtIfAbsentOperator",			"mutationStart" : 55,			"method" : "removeKey:ifAbsent:",			"mutationEnd" : 97		},		{			"operatorDescription" : "Replace do block with [:each |]",			"class" : "WABidirectionalCache",			"operatorClass" : "ReplaceDoBlockWithEmptyBlockOperator",			"mutationStart" : 13,			"method" : "do:",			"mutationEnd" : 28		},		{			"operatorDescription" : "Remove ^",			"class" : "WABidirectionalCache",			"operatorClass" : "RemoveCaretOperator",			"mutationStart" : 21,			"method" : "includes:",			"mutationEnd" : 51		}	],	"mutationScoreAfter" : 65,	"mutationScoreBefore" : 60,	"testAmpLoc" : 16,	"amplifiedMethods" : [		"WABidirectionalCacheTest9778>>#testKeyAtValue_amp_T0",		"WABidirectionalCacheTest9778>>#testAtPut_amp_A6"	],	"testLoc" : "73",	"amplifiedClass" : "WABidirectionalCacheTest9778",	"numberOfAllMutationsInOriginal" : 20,	"targetLoc" : 63,	"newCovered" : [		{			"operatorDescription" : "Remove ^",			"class" : "WABidirectionalCache",			"operatorClass" : "RemoveCaretOperator",			"mutationStart" : 7,			"method" : "keys",			"mutationEnd" : 18		}	],	"timeBudgetFinished" : false,	"notCoveredInOriginal" : [		{			"operatorDescription" : "Remove ^",			"class" : "WABidirectionalCache",			"operatorClass" : "RemoveCaretOperator",			"mutationStart" : 11,			"method" : "at:",			"mutationEnd" : 26		},		{			"operatorDescription" : "Replace #ifFalse: receiver with false",			"class" : "WABidirectionalCache",			"operatorClass" : "ReplaceIfFalseReceiverWithFalseOperator",			"mutationStart" : 68,			"method" : "at:put:",			"mutationEnd" : 117		},		{			"operatorDescription" : "Remove ^",			"class" : "WABidirectionalCache",			"operatorClass" : "RemoveCaretOperator",			"mutationStart" : 82,			"method" : "removeKey:ifAbsent:",			"mutationEnd" : 95		},		{			"operatorDescription" : "Remove ^",			"class" : "WABidirectionalCache",			"operatorClass" : "RemoveCaretOperator",			"mutationStart" : 152,			"method" : "removeKey:ifAbsent:",			"mutationEnd" : 158		},		{			"operatorDescription" : "Remove at:ifAbsent:",			"class" : "WABidirectionalCache",			"operatorClass" : "RemoveAtIfAbsentOperator",			"mutationStart" : 55,			"method" : "removeKey:ifAbsent:",			"mutationEnd" : 97		},		{			"operatorDescription" : "Replace do block with [:each |]",			"class" : "WABidirectionalCache",			"operatorClass" : "ReplaceDoBlockWithEmptyBlockOperator",			"mutationStart" : 13,			"method" : "do:",			"mutationEnd" : 28		},		{			"operatorDescription" : "Remove ^",			"class" : "WABidirectionalCache",			"operatorClass" : "RemoveCaretOperator",			"mutationStart" : 21,			"method" : "includes:",			"mutationEnd" : 51		},		{			"operatorDescription" : "Remove ^",			"class" : "WABidirectionalCache",			"operatorClass" : "RemoveCaretOperator",			"mutationStart" : 7,			"method" : "keys",			"mutationEnd" : 18		}	],	"testCase" : "WABidirectionalCacheTest",	"unixtime" : 1602532023,	"timeTotal" : 70}