{	"targetClasses" : [		"WABlockMimeDocument"	],	"testMethodsIgnored" : [ ],	"methodsNotProfiled" : [		"WABlockMimeDocument>>#contents:"	],	"numberOfOriginalTestMethods" : 6,	"timeDetail" : [		"init: % 46.71 (149 milliseconds)",		"finalize: % 53.29 (170 milliseconds)"	],	"notCoveredInAmplified" : [		{			"operatorDescription" : "Remove ^",			"class" : "WABlockMimeDocument",			"operatorClass" : "RemoveCaretOperator",			"mutationStart" : 75,			"method" : "seasideMimeDocumentType:",			"mutationEnd" : 80		},		{			"operatorDescription" : "Replace #ifTrue: receiver with false",			"class" : "WABlockMimeDocument",			"operatorClass" : "ReplaceIfTrueReceiverWithFalseOperator",			"mutationStart" : 37,			"method" : "seasideMimeDocumentType:",			"mutationEnd" : 82		}	],	"mutationScoreAfter" : 75,	"mutationScoreBefore" : 75,	"testAmpLoc" : 310,	"amplifiedMethods" : [		"WABlockMimeDocumentTest3438>>#testAsMIMEDocumentByteArray_amp",		"WABlockMimeDocumentTest3438>>#testAsMIMEDocumentByteArray_amp_A8"	],	"testLoc" : "42",	"amplifiedClass" : "WABlockMimeDocumentTest3438",	"numberOfAllMutationsInOriginal" : 8,	"targetLoc" : 19,	"newCovered" : [ ],	"timeBudgetFinished" : false,	"notCoveredInOriginal" : [		{			"operatorDescription" : "Remove ^",			"class" : "WABlockMimeDocument",			"operatorClass" : "RemoveCaretOperator",			"mutationStart" : 75,			"method" : "seasideMimeDocumentType:",			"mutationEnd" : 80		},		{			"operatorDescription" : "Replace #ifTrue: receiver with false",			"class" : "WABlockMimeDocument",			"operatorClass" : "ReplaceIfTrueReceiverWithFalseOperator",			"mutationStart" : 37,			"method" : "seasideMimeDocumentType:",			"mutationEnd" : 82		}	],	"testCase" : "WABlockMimeDocumentTest",	"unixtime" : 1602527602,	"timeTotal" : 0}