{	"targetClasses" : [		"WABulkReapingCache"	],	"testMethodsIgnored" : [ ],	"methodsNotProfiled" : [ ],	"numberOfOriginalTestMethods" : 10,	"timeDetail" : [		"init: % 1.46 (53 minutes 44 seconds 894 milliseconds)",		"assertionAmplification: % 88.54 (2 days 6 hours 27 minutes 89 milliseconds)",		"selection: % 4.62 (2 hours 50 minutes 19 seconds 73 milliseconds)",		"inputAmplification: % 4.02 (2 hours 28 minutes 22 seconds 832 milliseconds)",		"finalize: % 1.36 (50 minutes 13 seconds 570 milliseconds)"	],	"notCoveredInAmplified" : [		{			"operatorDescription" : "Replace #ifFalse: receiver with false",			"class" : "WABulkReapingCache",			"operatorClass" : "ReplaceIfFalseReceiverWithFalseOperator",			"mutationStart" : 1071,			"method" : "reap",			"mutationEnd" : 1135		},		{			"operatorDescription" : "Replace #ifFalse: receiver with true",			"class" : "WABulkReapingCache",			"operatorClass" : "ReplaceIfFalseReceiverWithTrueOperator",			"mutationStart" : 1071,			"method" : "reap",			"mutationEnd" : 1135		},		{			"operatorDescription" : "Replace #ifFalse: with #ifTrue:",			"class" : "WABulkReapingCache",			"operatorClass" : "ReplaceIfFalseWithIfTrueMutantOperator",			"mutationStart" : 1071,			"method" : "reap",			"mutationEnd" : 1135		},		{			"operatorDescription" : "Replace #ifTrue: receiver with false",			"class" : "WABulkReapingCache",			"operatorClass" : "ReplaceIfTrueReceiverWithFalseOperator",			"mutationStart" : 1001,			"method" : "reap",			"mutationEnd" : 1065		},		{			"operatorDescription" : "Replace #ifTrue: receiver with true",			"class" : "WABulkReapingCache",			"operatorClass" : "ReplaceIfTrueReceiverWithTrueOperator",			"mutationStart" : 1001,			"method" : "reap",			"mutationEnd" : 1065		},		{			"operatorDescription" : "Replace #ifTrue: with #ifFalse:",			"class" : "WABulkReapingCache",			"operatorClass" : "ReplaceIfTrueWithIfFalseMutantOperator",			"mutationStart" : 1001,			"method" : "reap",			"mutationEnd" : 1065		},		{			"operatorDescription" : "Remove ^",			"class" : "WABulkReapingCache",			"operatorClass" : "RemoveCaretOperator",			"mutationStart" : 200,			"method" : "at:put:",			"mutationEnd" : 209		},		{			"operatorDescription" : "Replace #ifTrue: receiver with false",			"class" : "WABulkReapingCache",			"operatorClass" : "ReplaceIfTrueReceiverWithFalseOperator",			"mutationStart" : 180,			"method" : "at:put:",			"mutationEnd" : 211		},		{			"operatorDescription" : "Replace do block with [:each |]",			"class" : "WABulkReapingCache",			"operatorClass" : "ReplaceDoBlockWithEmptyBlockOperator",			"mutationStart" : 8,			"method" : "clear",			"mutationEnd" : 72		},		{			"operatorDescription" : "Remove ^",			"class" : "WABulkReapingCache",			"operatorClass" : "RemoveCaretOperator",			"mutationStart" : 25,			"method" : "isExpired:",			"mutationEnd" : 76		},		{			"operatorDescription" : "Remove ^",			"class" : "WABulkReapingCache",			"operatorClass" : "RemoveCaretOperator",			"mutationStart" : 14,			"method" : "editorClass",			"mutationEnd" : 48		},		{			"operatorDescription" : "Replace #and: with #bEqv:",			"class" : "WABulkReapingCache",			"operatorClass" : "ReplaceAndWithEqvMutantOperator",			"mutationStart" : 168,			"method" : "isExpired:now:",			"mutationEnd" : 263		}	],	"mutationScoreAfter" : 78,	"mutationScoreBefore" : 76,	"testAmpLoc" : 36,	"amplifiedMethods" : [		"WABulkReapingCacheTest11828>>#testExpireAbsolute_amp",		"WABulkReapingCacheTest11828>>#testExpireRelative_amp",		"WABulkReapingCacheTest11828>>#testAtPut_amp_A6"	],	"testLoc" : "105",	"amplifiedClass" : "WABulkReapingCacheTest11828",	"numberOfAllMutationsInOriginal" : 56,	"targetLoc" : 89,	"newCovered" : [		{			"operatorDescription" : "Replace #and: with #bEqv:",			"class" : "WABulkReapingCache",			"operatorClass" : "ReplaceAndWithEqvMutantOperator",			"mutationStart" : 45,			"method" : "isExpired:now:",			"mutationEnd" : 141		}	],	"timeBudgetFinished" : false,	"notCoveredInOriginal" : [		{			"operatorDescription" : "Replace #ifFalse: receiver with false",			"class" : "WABulkReapingCache",			"operatorClass" : "ReplaceIfFalseReceiverWithFalseOperator",			"mutationStart" : 1071,			"method" : "reap",			"mutationEnd" : 1135		},		{			"operatorDescription" : "Replace #ifFalse: receiver with true",			"class" : "WABulkReapingCache",			"operatorClass" : "ReplaceIfFalseReceiverWithTrueOperator",			"mutationStart" : 1071,			"method" : "reap",			"mutationEnd" : 1135		},		{			"operatorDescription" : "Replace #ifFalse: with #ifTrue:",			"class" : "WABulkReapingCache",			"operatorClass" : "ReplaceIfFalseWithIfTrueMutantOperator",			"mutationStart" : 1071,			"method" : "reap",			"mutationEnd" : 1135		},		{			"operatorDescription" : "Replace #ifTrue: receiver with false",			"class" : "WABulkReapingCache",			"operatorClass" : "ReplaceIfTrueReceiverWithFalseOperator",			"mutationStart" : 1001,			"method" : "reap",			"mutationEnd" : 1065		},		{			"operatorDescription" : "Replace #ifTrue: receiver with true",			"class" : "WABulkReapingCache",			"operatorClass" : "ReplaceIfTrueReceiverWithTrueOperator",			"mutationStart" : 1001,			"method" : "reap",			"mutationEnd" : 1065		},		{			"operatorDescription" : "Replace #ifTrue: with #ifFalse:",			"class" : "WABulkReapingCache",			"operatorClass" : "ReplaceIfTrueWithIfFalseMutantOperator",			"mutationStart" : 1001,			"method" : "reap",			"mutationEnd" : 1065		},		{			"operatorDescription" : "Remove ^",			"class" : "WABulkReapingCache",			"operatorClass" : "RemoveCaretOperator",			"mutationStart" : 200,			"method" : "at:put:",			"mutationEnd" : 209		},		{			"operatorDescription" : "Replace #ifTrue: receiver with false",			"class" : "WABulkReapingCache",			"operatorClass" : "ReplaceIfTrueReceiverWithFalseOperator",			"mutationStart" : 180,			"method" : "at:put:",			"mutationEnd" : 211		},		{			"operatorDescription" : "Replace do block with [:each |]",			"class" : "WABulkReapingCache",			"operatorClass" : "ReplaceDoBlockWithEmptyBlockOperator",			"mutationStart" : 8,			"method" : "clear",			"mutationEnd" : 72		},		{			"operatorDescription" : "Remove ^",			"class" : "WABulkReapingCache",			"operatorClass" : "RemoveCaretOperator",			"mutationStart" : 25,			"method" : "isExpired:",			"mutationEnd" : 76		},		{			"operatorDescription" : "Remove ^",			"class" : "WABulkReapingCache",			"operatorClass" : "RemoveCaretOperator",			"mutationStart" : 14,			"method" : "editorClass",			"mutationEnd" : 48		},		{			"operatorDescription" : "Replace #and: with #bEqv:",			"class" : "WABulkReapingCache",			"operatorClass" : "ReplaceAndWithEqvMutantOperator",			"mutationStart" : 45,			"method" : "isExpired:now:",			"mutationEnd" : 141		},		{			"operatorDescription" : "Replace #and: with #bEqv:",			"class" : "WABulkReapingCache",			"operatorClass" : "ReplaceAndWithEqvMutantOperator",			"mutationStart" : 168,			"method" : "isExpired:now:",			"mutationEnd" : 263		}	],	"testCase" : "WABulkReapingCacheTest",	"unixtime" : 1602779932,	"timeTotal" : 221380}