{	"targetClasses" : [		"WAComponent"	],	"testMethodsIgnored" : [ ],	"methodsNotProfiled" : [		"WAComponent>>#chooseFrom:default:caption:onAnswer:",		"WAComponent>>#inform:",		"WAComponent>>#inform:onAnswer:",		"WAComponent>>#onAnswer:",		"WAComponent>>#removeDecoration:",		"WAComponent>>#request:onAnswer:",		"WAComponent>>#chooseFrom:",		"WAComponent>>#request:default:",		"WAComponent>>#show:onAnswer:",		"WAComponent>>#request:label:default:",		"WAComponent>>#decoration:shouldWrap:",		"WAComponent>>#chooseFrom:default:onAnswer:",		"WAComponent>>#accept:",		"WAComponent>>#chooseFrom:caption:",		"WAComponent>>#call:onAnswer:",		"WAComponent>>#chooseFrom:onAnswer:",		"WAComponent>>#request:",		"WAComponent>>#request:label:",		"WAComponent>>#addMessage:",		"WAComponent>>#addDecoration:",		"WAComponent>>#chooseFrom:default:",		"WAComponent>>#request:label:default:onAnswer:",		"WAComponent>>#filterWith:during:",		"WAComponent>>#show:onAnswer:delegation:",		"WAComponent>>#answer:",		"WAComponent>>#decoration:",		"WAComponent>>#chooseFrom:default:caption:",		"WAComponent>>#authenticateWith:during:",		"WAComponent>>#updateStates:",		"WAComponent>>#confirm:",		"WAComponent>>#acceptDecorated:",		"WAComponent>>#request:label:onAnswer:",		"WAComponent>>#decorateWith:during:",		"WAComponent>>#show:",		"WAComponent>>#request:default:onAnswer:",		"WAComponent>>#call:",		"WAComponent>>#wait:",		"WAComponent>>#chooseFrom:caption:onAnswer:",		"WAComponent>>#confirm:onAnswer:",		"WAComponent>>#validateWith:"	],	"numberOfOriginalTestMethods" : 15,	"timeDetail" : [		"init: % 40.92 (1 hour 38 minutes 20 seconds 815 milliseconds)",		"assertionAmplification: % 19.71 (47 minutes 22 seconds 790 milliseconds)",		"selection: % 0.00 (0 seconds)",		"inputAmplification: % 0.00 (0 seconds)",		"finalize: % 39.36 (1 hour 34 minutes 35 seconds 995 milliseconds)"	],	"notCoveredInAmplified" : [		{			"operatorDescription" : "Remove ^",			"class" : "WAComponent",			"operatorClass" : "RemoveCaretOperator",			"mutationStart" : 95,			"method" : "inform:",			"mutationEnd" : 150		},		{			"operatorDescription" : "Remove ^",			"class" : "WAComponent",			"operatorClass" : "RemoveCaretOperator",			"mutationStart" : 99,			"method" : "chooseFrom:",			"mutationEnd" : 162		},		{			"operatorDescription" : "Remove ^",			"class" : "WAComponent",			"operatorClass" : "RemoveCaretOperator",			"mutationStart" : 186,			"method" : "request:default:",			"mutationEnd" : 273		},		{			"operatorDescription" : "Remove ^",			"class" : "WAComponent",			"operatorClass" : "RemoveCaretOperator",			"mutationStart" : 236,			"method" : "request:label:default:",			"mutationEnd" : 343		},		{			"operatorDescription" : "Remove #not",			"class" : "WAComponent",			"operatorClass" : "RemoveNotOperator",			"mutationStart" : 87,			"method" : "decoration:shouldWrap:",			"mutationEnd" : 112		},		{			"operatorDescription" : "Replace #and: argument with [true]",			"class" : "WAComponent",			"operatorClass" : "ReplaceAndArgumentWithTrueOperator",			"mutationStart" : 56,			"method" : "decoration:shouldWrap:",			"mutationEnd" : 115		},		{			"operatorDescription" : "Replace #and: with #bEqv:",			"class" : "WAComponent",			"operatorClass" : "ReplaceAndWithEqvMutantOperator",			"mutationStart" : 56,			"method" : "decoration:shouldWrap:",			"mutationEnd" : 115		},		{			"operatorDescription" : "Replace #and: with #bEqv:",			"class" : "WAComponent",			"operatorClass" : "ReplaceAndWithEqvMutantOperator",			"mutationStart" : 125,			"method" : "decoration:shouldWrap:",			"mutationEnd" : 181		},		{			"operatorDescription" : "Replace #and: with false",			"class" : "WAComponent",			"operatorClass" : "ReplaceAndWithFalseOperator",			"mutationStart" : 56,			"method" : "decoration:shouldWrap:",			"mutationEnd" : 115		},		{			"operatorDescription" : "Replace #and: with false",			"class" : "WAComponent",			"operatorClass" : "ReplaceAndWithFalseOperator",			"mutationStart" : 125,			"method" : "decoration:shouldWrap:",			"mutationEnd" : 181		},		{			"operatorDescription" : "Replace #or: argument with [false]",			"class" : "WAComponent",			"operatorClass" : "ReplaceOrArgumentWithFalseOperator",			"mutationStart" : 56,			"method" : "decoration:shouldWrap:",			"mutationEnd" : 183		},		{			"operatorDescription" : "Replace #or: receiver with false",			"class" : "WAComponent",			"operatorClass" : "ReplaceOrReceiverWithFalseOperator",			"mutationStart" : 56,			"method" : "decoration:shouldWrap:",			"mutationEnd" : 183		},		{			"operatorDescription" : "Replace #or: with #and:",			"class" : "WAComponent",			"operatorClass" : "ReplaceOrWithAndMutantOperator",			"mutationStart" : 56,			"method" : "decoration:shouldWrap:",			"mutationEnd" : 183		},		{			"operatorDescription" : "Replace #or: with #bXor:",			"class" : "WAComponent",			"operatorClass" : "ReplaceOrWithXorMutantOperator",			"mutationStart" : 56,			"method" : "decoration:shouldWrap:",			"mutationEnd" : 183		},		{			"operatorDescription" : "Remove ^",			"class" : "WAComponent",			"operatorClass" : "RemoveCaretOperator",			"mutationStart" : 138,			"method" : "chooseFrom:caption:",			"mutationEnd" : 218		},		{			"operatorDescription" : "Replace #ifTrue: receiver with false",			"class" : "WAComponent",			"operatorClass" : "ReplaceIfTrueReceiverWithFalseOperator",			"mutationStart" : 417,			"method" : "call:onAnswer:",			"mutationEnd" : 534		},		{			"operatorDescription" : "Replace #ifTrue: receiver with true",			"class" : "WAComponent",			"operatorClass" : "ReplaceIfTrueReceiverWithTrueOperator",			"mutationStart" : 417,			"method" : "call:onAnswer:",			"mutationEnd" : 534		},		{			"operatorDescription" : "Replace #ifTrue: with #ifFalse:",			"class" : "WAComponent",			"operatorClass" : "ReplaceIfTrueWithIfFalseMutantOperator",			"mutationStart" : 417,			"method" : "call:onAnswer:",			"mutationEnd" : 534		},		{			"operatorDescription" : "Replace a == b with (a == b) not",			"class" : "WAComponent",			"operatorClass" : "ReplaceIdentityWithNegationOfIdentity",			"mutationStart" : 417,			"method" : "call:onAnswer:",			"mutationEnd" : 434		},		{			"operatorDescription" : "Remove ^",			"class" : "WAComponent",			"operatorClass" : "RemoveCaretOperator",			"mutationStart" : 123,			"method" : "request:",			"mutationEnd" : 186		},		{			"operatorDescription" : "Remove ^",			"class" : "WAComponent",			"operatorClass" : "RemoveCaretOperator",			"mutationStart" : 178,			"method" : "request:label:",			"mutationEnd" : 261		},		{			"operatorDescription" : "Remove ^",			"class" : "WAComponent",			"operatorClass" : "RemoveCaretOperator",			"mutationStart" : 160,			"method" : "addMessage:",			"mutationEnd" : 233		},		{			"operatorDescription" : "Replace #and: with false",			"class" : "WAComponent",			"operatorClass" : "ReplaceAndWithFalseOperator",			"mutationStart" : 185,			"method" : "addDecoration:",			"mutationEnd" : 257		},		{			"operatorDescription" : "Remove ^",			"class" : "WAComponent",			"operatorClass" : "RemoveCaretOperator",			"mutationStart" : 142,			"method" : "chooseFrom:default:",			"mutationEnd" : 223		},		{			"operatorDescription" : "Remove ^",			"class" : "WAComponent",			"operatorClass" : "RemoveCaretOperator",			"mutationStart" : 145,			"method" : "filterWith:during:",			"mutationEnd" : 152		},		{			"operatorDescription" : "Remove ^",			"class" : "WAComponent",			"operatorClass" : "RemoveCaretOperator",			"mutationStart" : 181,			"method" : "chooseFrom:default:caption:",			"mutationEnd" : 279		},		{			"operatorDescription" : "Replace #ifFalse: receiver with false",			"class" : "WAComponent",			"operatorClass" : "ReplaceIfFalseReceiverWithFalseOperator",			"mutationStart" : 58,			"method" : "updateStates:",			"mutationEnd" : 119		},		{			"operatorDescription" : "Replace #ifFalse: receiver with true",			"class" : "WAComponent",			"operatorClass" : "ReplaceIfFalseReceiverWithTrueOperator",			"mutationStart" : 58,			"method" : "updateStates:",			"mutationEnd" : 119		},		{			"operatorDescription" : "Replace #ifFalse: with #ifTrue:",			"class" : "WAComponent",			"operatorClass" : "ReplaceIfFalseWithIfTrueMutantOperator",			"mutationStart" : 58,			"method" : "updateStates:",			"mutationEnd" : 119		},		{			"operatorDescription" : "Remove ^",			"class" : "WAComponent",			"operatorClass" : "RemoveCaretOperator",			"mutationStart" : 118,			"method" : "confirm:",			"mutationEnd" : 174		},		{			"operatorDescription" : "Remove ^",			"class" : "WAComponent",			"operatorClass" : "RemoveCaretOperator",			"mutationStart" : 226,			"method" : "decorateWith:during:",			"mutationEnd" : 233		},		{			"operatorDescription" : "Remove ^",			"class" : "WAComponent",			"operatorClass" : "RemoveCaretOperator",			"mutationStart" : 199,			"method" : "call:",			"mutationEnd" : 255		},		{			"operatorDescription" : "Remove ^",			"class" : "WAComponent",			"operatorClass" : "RemoveCaretOperator",			"mutationStart" : 142,			"method" : "wait:",			"mutationEnd" : 210		},		{			"operatorDescription" : "Remove ^",			"class" : "WAComponent",			"operatorClass" : "RemoveCaretOperator",			"mutationStart" : 23,			"method" : "validateWith:",			"mutationEnd" : 93		},		{			"operatorDescription" : "Remove ^",			"class" : "WAComponent class",			"operatorClass" : "RemoveCaretOperator",			"mutationStart" : 14,			"method" : "description",			"mutationEnd" : 24		},		{			"operatorDescription" : "Remove ^",			"class" : "WAComponent class",			"operatorClass" : "RemoveCaretOperator",			"mutationStart" : 26,			"method" : "headerForExampleBrowser",			"mutationEnd" : 136		},		{			"operatorDescription" : "Replace #= with #'~='",			"class" : "WAComponent class",			"operatorClass" : "ReplaceEqualWithNotEqualOperator",			"mutationStart" : 28,			"method" : "headerForExampleBrowser",			"mutationEnd" : 55		},		{			"operatorDescription" : "Replace #ifTrue:ifFalse: receiver with false",			"class" : "WAComponent class",			"operatorClass" : "ReplaceIfTrueIfFalseReceiverWithFalseOperator",			"mutationStart" : 28,			"method" : "headerForExampleBrowser",			"mutationEnd" : 136		},		{			"operatorDescription" : "Replace #ifTrue:ifFalse: receiver with true",			"class" : "WAComponent class",			"operatorClass" : "ReplaceIfTrueIfFalseReceiverWithTrueOperator",			"mutationStart" : 28,			"method" : "headerForExampleBrowser",			"mutationEnd" : 136		},		{			"operatorDescription" : "Remove ^",			"class" : "WAComponent class",			"operatorClass" : "RemoveCaretOperator",			"mutationStart" : 131,			"method" : "canBeRoot",			"mutationEnd" : 137		}	],	"mutationScoreAfter" : 51,	"mutationScoreBefore" : 51,	"testAmpLoc" : 0,	"amplifiedMethods" : [ ],	"testLoc" : "316",	"amplifiedClass" : "WAComponentTest12200",	"numberOfAllMutationsInOriginal" : 82,	"targetLoc" : 238,	"newCovered" : [ ],	"timeBudgetFinished" : false,	"notCoveredInOriginal" : [		{			"operatorDescription" : "Remove ^",			"class" : "WAComponent",			"operatorClass" : "RemoveCaretOperator",			"mutationStart" : 95,			"method" : "inform:",			"mutationEnd" : 150		},		{			"operatorDescription" : "Remove ^",			"class" : "WAComponent",			"operatorClass" : "RemoveCaretOperator",			"mutationStart" : 99,			"method" : "chooseFrom:",			"mutationEnd" : 162		},		{			"operatorDescription" : "Remove ^",			"class" : "WAComponent",			"operatorClass" : "RemoveCaretOperator",			"mutationStart" : 186,			"method" : "request:default:",			"mutationEnd" : 273		},		{			"operatorDescription" : "Remove ^",			"class" : "WAComponent",			"operatorClass" : "RemoveCaretOperator",			"mutationStart" : 236,			"method" : "request:label:default:",			"mutationEnd" : 343		},		{			"operatorDescription" : "Remove #not",			"class" : "WAComponent",			"operatorClass" : "RemoveNotOperator",			"mutationStart" : 87,			"method" : "decoration:shouldWrap:",			"mutationEnd" : 112		},		{			"operatorDescription" : "Replace #and: argument with [true]",			"class" : "WAComponent",			"operatorClass" : "ReplaceAndArgumentWithTrueOperator",			"mutationStart" : 56,			"method" : "decoration:shouldWrap:",			"mutationEnd" : 115		},		{			"operatorDescription" : "Replace #and: with #bEqv:",			"class" : "WAComponent",			"operatorClass" : "ReplaceAndWithEqvMutantOperator",			"mutationStart" : 56,			"method" : "decoration:shouldWrap:",			"mutationEnd" : 115		},		{			"operatorDescription" : "Replace #and: with #bEqv:",			"class" : "WAComponent",			"operatorClass" : "ReplaceAndWithEqvMutantOperator",			"mutationStart" : 125,			"method" : "decoration:shouldWrap:",			"mutationEnd" : 181		},		{			"operatorDescription" : "Replace #and: with false",			"class" : "WAComponent",			"operatorClass" : "ReplaceAndWithFalseOperator",			"mutationStart" : 56,			"method" : "decoration:shouldWrap:",			"mutationEnd" : 115		},		{			"operatorDescription" : "Replace #and: with false",			"class" : "WAComponent",			"operatorClass" : "ReplaceAndWithFalseOperator",			"mutationStart" : 125,			"method" : "decoration:shouldWrap:",			"mutationEnd" : 181		},		{			"operatorDescription" : "Replace #or: argument with [false]",			"class" : "WAComponent",			"operatorClass" : "ReplaceOrArgumentWithFalseOperator",			"mutationStart" : 56,			"method" : "decoration:shouldWrap:",			"mutationEnd" : 183		},		{			"operatorDescription" : "Replace #or: receiver with false",			"class" : "WAComponent",			"operatorClass" : "ReplaceOrReceiverWithFalseOperator",			"mutationStart" : 56,			"method" : "decoration:shouldWrap:",			"mutationEnd" : 183		},		{			"operatorDescription" : "Replace #or: with #and:",			"class" : "WAComponent",			"operatorClass" : "ReplaceOrWithAndMutantOperator",			"mutationStart" : 56,			"method" : "decoration:shouldWrap:",			"mutationEnd" : 183		},		{			"operatorDescription" : "Replace #or: with #bXor:",			"class" : "WAComponent",			"operatorClass" : "ReplaceOrWithXorMutantOperator",			"mutationStart" : 56,			"method" : "decoration:shouldWrap:",			"mutationEnd" : 183		},		{			"operatorDescription" : "Remove ^",			"class" : "WAComponent",			"operatorClass" : "RemoveCaretOperator",			"mutationStart" : 138,			"method" : "chooseFrom:caption:",			"mutationEnd" : 218		},		{			"operatorDescription" : "Replace #ifTrue: receiver with false",			"class" : "WAComponent",			"operatorClass" : "ReplaceIfTrueReceiverWithFalseOperator",			"mutationStart" : 417,			"method" : "call:onAnswer:",			"mutationEnd" : 534		},		{			"operatorDescription" : "Replace #ifTrue: receiver with true",			"class" : "WAComponent",			"operatorClass" : "ReplaceIfTrueReceiverWithTrueOperator",			"mutationStart" : 417,			"method" : "call:onAnswer:",			"mutationEnd" : 534		},		{			"operatorDescription" : "Replace #ifTrue: with #ifFalse:",			"class" : "WAComponent",			"operatorClass" : "ReplaceIfTrueWithIfFalseMutantOperator",			"mutationStart" : 417,			"method" : "call:onAnswer:",			"mutationEnd" : 534		},		{			"operatorDescription" : "Replace a == b with (a == b) not",			"class" : "WAComponent",			"operatorClass" : "ReplaceIdentityWithNegationOfIdentity",			"mutationStart" : 417,			"method" : "call:onAnswer:",			"mutationEnd" : 434		},		{			"operatorDescription" : "Remove ^",			"class" : "WAComponent",			"operatorClass" : "RemoveCaretOperator",			"mutationStart" : 123,			"method" : "request:",			"mutationEnd" : 186		},		{			"operatorDescription" : "Remove ^",			"class" : "WAComponent",			"operatorClass" : "RemoveCaretOperator",			"mutationStart" : 178,			"method" : "request:label:",			"mutationEnd" : 261		},		{			"operatorDescription" : "Remove ^",			"class" : "WAComponent",			"operatorClass" : "RemoveCaretOperator",			"mutationStart" : 160,			"method" : "addMessage:",			"mutationEnd" : 233		},		{			"operatorDescription" : "Replace #and: with false",			"class" : "WAComponent",			"operatorClass" : "ReplaceAndWithFalseOperator",			"mutationStart" : 185,			"method" : "addDecoration:",			"mutationEnd" : 257		},		{			"operatorDescription" : "Remove ^",			"class" : "WAComponent",			"operatorClass" : "RemoveCaretOperator",			"mutationStart" : 142,			"method" : "chooseFrom:default:",			"mutationEnd" : 223		},		{			"operatorDescription" : "Remove ^",			"class" : "WAComponent",			"operatorClass" : "RemoveCaretOperator",			"mutationStart" : 145,			"method" : "filterWith:during:",			"mutationEnd" : 152		},		{			"operatorDescription" : "Remove ^",			"class" : "WAComponent",			"operatorClass" : "RemoveCaretOperator",			"mutationStart" : 181,			"method" : "chooseFrom:default:caption:",			"mutationEnd" : 279		},		{			"operatorDescription" : "Replace #ifFalse: receiver with false",			"class" : "WAComponent",			"operatorClass" : "ReplaceIfFalseReceiverWithFalseOperator",			"mutationStart" : 58,			"method" : "updateStates:",			"mutationEnd" : 119		},		{			"operatorDescription" : "Replace #ifFalse: receiver with true",			"class" : "WAComponent",			"operatorClass" : "ReplaceIfFalseReceiverWithTrueOperator",			"mutationStart" : 58,			"method" : "updateStates:",			"mutationEnd" : 119		},		{			"operatorDescription" : "Replace #ifFalse: with #ifTrue:",			"class" : "WAComponent",			"operatorClass" : "ReplaceIfFalseWithIfTrueMutantOperator",			"mutationStart" : 58,			"method" : "updateStates:",			"mutationEnd" : 119		},		{			"operatorDescription" : "Remove ^",			"class" : "WAComponent",			"operatorClass" : "RemoveCaretOperator",			"mutationStart" : 118,			"method" : "confirm:",			"mutationEnd" : 174		},		{			"operatorDescription" : "Remove ^",			"class" : "WAComponent",			"operatorClass" : "RemoveCaretOperator",			"mutationStart" : 226,			"method" : "decorateWith:during:",			"mutationEnd" : 233		},		{			"operatorDescription" : "Remove ^",			"class" : "WAComponent",			"operatorClass" : "RemoveCaretOperator",			"mutationStart" : 199,			"method" : "call:",			"mutationEnd" : 255		},		{			"operatorDescription" : "Remove ^",			"class" : "WAComponent",			"operatorClass" : "RemoveCaretOperator",			"mutationStart" : 142,			"method" : "wait:",			"mutationEnd" : 210		},		{			"operatorDescription" : "Remove ^",			"class" : "WAComponent",			"operatorClass" : "RemoveCaretOperator",			"mutationStart" : 23,			"method" : "validateWith:",			"mutationEnd" : 93		},		{			"operatorDescription" : "Remove ^",			"class" : "WAComponent class",			"operatorClass" : "RemoveCaretOperator",			"mutationStart" : 14,			"method" : "description",			"mutationEnd" : 24		},		{			"operatorDescription" : "Remove ^",			"class" : "WAComponent class",			"operatorClass" : "RemoveCaretOperator",			"mutationStart" : 26,			"method" : "headerForExampleBrowser",			"mutationEnd" : 136		},		{			"operatorDescription" : "Replace #= with #'~='",			"class" : "WAComponent class",			"operatorClass" : "ReplaceEqualWithNotEqualOperator",			"mutationStart" : 28,			"method" : "headerForExampleBrowser",			"mutationEnd" : 55		},		{			"operatorDescription" : "Replace #ifTrue:ifFalse: receiver with false",			"class" : "WAComponent class",			"operatorClass" : "ReplaceIfTrueIfFalseReceiverWithFalseOperator",			"mutationStart" : 28,			"method" : "headerForExampleBrowser",			"mutationEnd" : 136		},		{			"operatorDescription" : "Replace #ifTrue:ifFalse: receiver with true",			"class" : "WAComponent class",			"operatorClass" : "ReplaceIfTrueIfFalseReceiverWithTrueOperator",			"mutationStart" : 28,			"method" : "headerForExampleBrowser",			"mutationEnd" : 136		},		{			"operatorDescription" : "Remove ^",			"class" : "WAComponent class",			"operatorClass" : "RemoveCaretOperator",			"mutationStart" : 131,			"method" : "canBeRoot",			"mutationEnd" : 137		}	],	"testCase" : "WAComponentTest",	"unixtime" : 1603322047,	"timeTotal" : 14419}