{	"targetClasses" : [		"WACookieIfSupportedSessionTrackingStrategy"	],	"testMethodsIgnored" : [ ],	"methodsNotProfiled" : [ ],	"numberOfOriginalTestMethods" : 14,	"timeDetail" : [		"init: % 1.46 (283 milliseconds)",		"assertionAmplification: % 59.07 (11 seconds 426 milliseconds)",		"selection: % 15.30 (2 seconds 959 milliseconds)",		"inputAmplification: % 22.77 (4 seconds 405 milliseconds)",		"finalize: % 1.39 (269 milliseconds)"	],	"notCoveredInAmplified" : [		{			"operatorDescription" : "Replace #= with #'~='",			"class" : "WACookieIfSupportedSessionTrackingStrategy",			"operatorClass" : "ReplaceEqualWithNotEqualOperator",			"mutationStart" : 757,			"method" : "noHandlerFoundForKey:in:context:",			"mutationEnd" : 784		},		{			"operatorDescription" : "Replace #and: argument with [true]",			"class" : "WACookieIfSupportedSessionTrackingStrategy",			"operatorClass" : "ReplaceAndArgumentWithTrueOperator",			"mutationStart" : 735,			"method" : "noHandlerFoundForKey:in:context:",			"mutationEnd" : 787		},		{			"operatorDescription" : "Replace #and: receiver with true",			"class" : "WACookieIfSupportedSessionTrackingStrategy",			"operatorClass" : "ReplaceAndReceiverWithTrueOperator",			"mutationStart" : 735,			"method" : "noHandlerFoundForKey:in:context:",			"mutationEnd" : 787		},		{			"operatorDescription" : "Replace #and: with #bEqv:",			"class" : "WACookieIfSupportedSessionTrackingStrategy",			"operatorClass" : "ReplaceAndWithEqvMutantOperator",			"mutationStart" : 735,			"method" : "noHandlerFoundForKey:in:context:",			"mutationEnd" : 787		},		{			"operatorDescription" : "Replace #and: with #nand:",			"class" : "WACookieIfSupportedSessionTrackingStrategy",			"operatorClass" : "ReplaceAndWithNandMutantOperator",			"mutationStart" : 735,			"method" : "noHandlerFoundForKey:in:context:",			"mutationEnd" : 787		},		{			"operatorDescription" : "Replace #and: with #or:",			"class" : "WACookieIfSupportedSessionTrackingStrategy",			"operatorClass" : "ReplaceAndWithOrMutantOperator",			"mutationStart" : 735,			"method" : "noHandlerFoundForKey:in:context:",			"mutationEnd" : 787		},		{			"operatorDescription" : "Replace #and: with false",			"class" : "WACookieIfSupportedSessionTrackingStrategy",			"operatorClass" : "ReplaceAndWithFalseOperator",			"mutationStart" : 735,			"method" : "noHandlerFoundForKey:in:context:",			"mutationEnd" : 787		},		{			"operatorDescription" : "Replace #ifTrue: receiver with false",			"class" : "WACookieIfSupportedSessionTrackingStrategy",			"operatorClass" : "ReplaceIfTrueReceiverWithFalseOperator",			"mutationStart" : 360,			"method" : "noHandlerFoundForKey:in:context:",			"mutationEnd" : 629		},		{			"operatorDescription" : "Replace #ifTrue: receiver with false",			"class" : "WACookieIfSupportedSessionTrackingStrategy",			"operatorClass" : "ReplaceIfTrueReceiverWithFalseOperator",			"mutationStart" : 735,			"method" : "noHandlerFoundForKey:in:context:",			"mutationEnd" : 972		},		{			"operatorDescription" : "Replace #ifTrue: receiver with true",			"class" : "WACookieIfSupportedSessionTrackingStrategy",			"operatorClass" : "ReplaceIfTrueReceiverWithTrueOperator",			"mutationStart" : 360,			"method" : "noHandlerFoundForKey:in:context:",			"mutationEnd" : 629		},		{			"operatorDescription" : "Replace #ifTrue: receiver with true",			"class" : "WACookieIfSupportedSessionTrackingStrategy",			"operatorClass" : "ReplaceIfTrueReceiverWithTrueOperator",			"mutationStart" : 735,			"method" : "noHandlerFoundForKey:in:context:",			"mutationEnd" : 972		},		{			"operatorDescription" : "Replace #ifTrue: with #ifFalse:",			"class" : "WACookieIfSupportedSessionTrackingStrategy",			"operatorClass" : "ReplaceIfTrueWithIfFalseMutantOperator",			"mutationStart" : 360,			"method" : "noHandlerFoundForKey:in:context:",			"mutationEnd" : 629		},		{			"operatorDescription" : "Replace #ifTrue: with #ifFalse:",			"class" : "WACookieIfSupportedSessionTrackingStrategy",			"operatorClass" : "ReplaceIfTrueWithIfFalseMutantOperator",			"mutationStart" : 735,			"method" : "noHandlerFoundForKey:in:context:",			"mutationEnd" : 972		},		{			"operatorDescription" : "Replace #ifTrue:ifFalse: receiver with false",			"class" : "WACookieIfSupportedSessionTrackingStrategy",			"operatorClass" : "ReplaceIfTrueIfFalseReceiverWithFalseOperator",			"mutationStart" : 160,			"method" : "noHandlerFoundForKey:in:context:",			"mutationEnd" : 974		},		{			"operatorDescription" : "Replace #ifTrue:ifFalse: receiver with true",			"class" : "WACookieIfSupportedSessionTrackingStrategy",			"operatorClass" : "ReplaceIfTrueIfFalseReceiverWithTrueOperator",			"mutationStart" : 160,			"method" : "noHandlerFoundForKey:in:context:",			"mutationEnd" : 974		}	],	"mutationScoreAfter" : 0,	"mutationScoreBefore" : 0,	"testAmpLoc" : 0,	"amplifiedMethods" : [ ],	"testLoc" : "16",	"amplifiedClass" : "WACookieIfSupportedSessionTrackingStrategyTest1757",	"numberOfAllMutationsInOriginal" : 15,	"targetLoc" : 24,	"newCovered" : [ ],	"timeBudgetFinished" : false,	"notCoveredInOriginal" : [		{			"operatorDescription" : "Replace #= with #'~='",			"class" : "WACookieIfSupportedSessionTrackingStrategy",			"operatorClass" : "ReplaceEqualWithNotEqualOperator",			"mutationStart" : 757,			"method" : "noHandlerFoundForKey:in:context:",			"mutationEnd" : 784		},		{			"operatorDescription" : "Replace #and: argument with [true]",			"class" : "WACookieIfSupportedSessionTrackingStrategy",			"operatorClass" : "ReplaceAndArgumentWithTrueOperator",			"mutationStart" : 735,			"method" : "noHandlerFoundForKey:in:context:",			"mutationEnd" : 787		},		{			"operatorDescription" : "Replace #and: receiver with true",			"class" : "WACookieIfSupportedSessionTrackingStrategy",			"operatorClass" : "ReplaceAndReceiverWithTrueOperator",			"mutationStart" : 735,			"method" : "noHandlerFoundForKey:in:context:",			"mutationEnd" : 787		},		{			"operatorDescription" : "Replace #and: with #bEqv:",			"class" : "WACookieIfSupportedSessionTrackingStrategy",			"operatorClass" : "ReplaceAndWithEqvMutantOperator",			"mutationStart" : 735,			"method" : "noHandlerFoundForKey:in:context:",			"mutationEnd" : 787		},		{			"operatorDescription" : "Replace #and: with #nand:",			"class" : "WACookieIfSupportedSessionTrackingStrategy",			"operatorClass" : "ReplaceAndWithNandMutantOperator",			"mutationStart" : 735,			"method" : "noHandlerFoundForKey:in:context:",			"mutationEnd" : 787		},		{			"operatorDescription" : "Replace #and: with #or:",			"class" : "WACookieIfSupportedSessionTrackingStrategy",			"operatorClass" : "ReplaceAndWithOrMutantOperator",			"mutationStart" : 735,			"method" : "noHandlerFoundForKey:in:context:",			"mutationEnd" : 787		},		{			"operatorDescription" : "Replace #and: with false",			"class" : "WACookieIfSupportedSessionTrackingStrategy",			"operatorClass" : "ReplaceAndWithFalseOperator",			"mutationStart" : 735,			"method" : "noHandlerFoundForKey:in:context:",			"mutationEnd" : 787		},		{			"operatorDescription" : "Replace #ifTrue: receiver with false",			"class" : "WACookieIfSupportedSessionTrackingStrategy",			"operatorClass" : "ReplaceIfTrueReceiverWithFalseOperator",			"mutationStart" : 360,			"method" : "noHandlerFoundForKey:in:context:",			"mutationEnd" : 629		},		{			"operatorDescription" : "Replace #ifTrue: receiver with false",			"class" : "WACookieIfSupportedSessionTrackingStrategy",			"operatorClass" : "ReplaceIfTrueReceiverWithFalseOperator",			"mutationStart" : 735,			"method" : "noHandlerFoundForKey:in:context:",			"mutationEnd" : 972		},		{			"operatorDescription" : "Replace #ifTrue: receiver with true",			"class" : "WACookieIfSupportedSessionTrackingStrategy",			"operatorClass" : "ReplaceIfTrueReceiverWithTrueOperator",			"mutationStart" : 360,			"method" : "noHandlerFoundForKey:in:context:",			"mutationEnd" : 629		},		{			"operatorDescription" : "Replace #ifTrue: receiver with true",			"class" : "WACookieIfSupportedSessionTrackingStrategy",			"operatorClass" : "ReplaceIfTrueReceiverWithTrueOperator",			"mutationStart" : 735,			"method" : "noHandlerFoundForKey:in:context:",			"mutationEnd" : 972		},		{			"operatorDescription" : "Replace #ifTrue: with #ifFalse:",			"class" : "WACookieIfSupportedSessionTrackingStrategy",			"operatorClass" : "ReplaceIfTrueWithIfFalseMutantOperator",			"mutationStart" : 360,			"method" : "noHandlerFoundForKey:in:context:",			"mutationEnd" : 629		},		{			"operatorDescription" : "Replace #ifTrue: with #ifFalse:",			"class" : "WACookieIfSupportedSessionTrackingStrategy",			"operatorClass" : "ReplaceIfTrueWithIfFalseMutantOperator",			"mutationStart" : 735,			"method" : "noHandlerFoundForKey:in:context:",			"mutationEnd" : 972		},		{			"operatorDescription" : "Replace #ifTrue:ifFalse: receiver with false",			"class" : "WACookieIfSupportedSessionTrackingStrategy",			"operatorClass" : "ReplaceIfTrueIfFalseReceiverWithFalseOperator",			"mutationStart" : 160,			"method" : "noHandlerFoundForKey:in:context:",			"mutationEnd" : 974		},		{			"operatorDescription" : "Replace #ifTrue:ifFalse: receiver with true",			"class" : "WACookieIfSupportedSessionTrackingStrategy",			"operatorClass" : "ReplaceIfTrueIfFalseReceiverWithTrueOperator",			"mutationStart" : 160,			"method" : "noHandlerFoundForKey:in:context:",			"mutationEnd" : 974		}	],	"testCase" : "WACookieIfSupportedSessionTrackingStrategyTest",	"unixtime" : 1602514380,	"timeTotal" : 19}