{	"targetClasses" : [		"WACookieForBrowserIPForCrawlerTrackingStrategy"	],	"testMethodsIgnored" : [ ],	"methodsNotProfiled" : [		"WACookieForBrowserIPForCrawlerTrackingStrategy>>#noHandlerFoundForKey:in:context:",		"WACookieForBrowserIPForCrawlerTrackingStrategy>>#addKey:toUrl:",		"WACookieForBrowserIPForCrawlerTrackingStrategy>>#addKey:toContext:",		"WACookieForBrowserIPForCrawlerTrackingStrategy>>#strategyFor:",		"WACookieForBrowserIPForCrawlerTrackingStrategy>>#keyFromContext:"	],	"numberOfOriginalTestMethods" : 2,	"timeDetail" : [		"init: % 1.09 (214 milliseconds)",		"assertionAmplification: % 53.67 (10 seconds 555 milliseconds)",		"selection: % 20.38 (4 seconds 7 milliseconds)",		"inputAmplification: % 23.85 (4 seconds 690 milliseconds)",		"finalize: % 1.01 (199 milliseconds)"	],	"notCoveredInAmplified" : [		{			"operatorDescription" : "Remove ^",			"class" : "WACookieForBrowserIPForCrawlerTrackingStrategy",			"operatorClass" : "RemoveCaretOperator",			"mutationStart" : 75,			"method" : "noHandlerFoundForKey:in:context:",			"mutationEnd" : 186		},		{			"operatorDescription" : "Remove ^",			"class" : "WACookieForBrowserIPForCrawlerTrackingStrategy",			"operatorClass" : "RemoveCaretOperator",			"mutationStart" : 30,			"method" : "addKey:toUrl:",			"mutationEnd" : 100		},		{			"operatorDescription" : "Replace #and: receiver with true",			"class" : "WACookieForBrowserIPForCrawlerTrackingStrategy",			"operatorClass" : "ReplaceAndReceiverWithTrueOperator",			"mutationStart" : 99,			"method" : "isFromCrawler:",			"mutationEnd" : 216		},		{			"operatorDescription" : "Replace #and: with #bEqv:",			"class" : "WACookieForBrowserIPForCrawlerTrackingStrategy",			"operatorClass" : "ReplaceAndWithEqvMutantOperator",			"mutationStart" : 99,			"method" : "isFromCrawler:",			"mutationEnd" : 216		},		{			"operatorDescription" : "Remove ^",			"class" : "WACookieForBrowserIPForCrawlerTrackingStrategy",			"operatorClass" : "RemoveCaretOperator",			"mutationStart" : 45,			"method" : "addKey:toContext:",			"mutationEnd" : 126		},		{			"operatorDescription" : "Remove ^",			"class" : "WACookieForBrowserIPForCrawlerTrackingStrategy",			"operatorClass" : "RemoveCaretOperator",			"mutationStart" : 31,			"method" : "strategyFor:",			"mutationEnd" : 124		},		{			"operatorDescription" : "Replace #ifTrue:ifFalse: receiver with false",			"class" : "WACookieForBrowserIPForCrawlerTrackingStrategy",			"operatorClass" : "ReplaceIfTrueIfFalseReceiverWithFalseOperator",			"mutationStart" : 33,			"method" : "strategyFor:",			"mutationEnd" : 124		},		{			"operatorDescription" : "Replace #ifTrue:ifFalse: receiver with true",			"class" : "WACookieForBrowserIPForCrawlerTrackingStrategy",			"operatorClass" : "ReplaceIfTrueIfFalseReceiverWithTrueOperator",			"mutationStart" : 33,			"method" : "strategyFor:",			"mutationEnd" : 124		},		{			"operatorDescription" : "Remove ^",			"class" : "WACookieForBrowserIPForCrawlerTrackingStrategy",			"operatorClass" : "RemoveCaretOperator",			"mutationStart" : 34,			"method" : "keyFromContext:",			"mutationEnd" : 104		}	],	"mutationScoreAfter" : 43,	"mutationScoreBefore" : 43,	"testAmpLoc" : 0,	"amplifiedMethods" : [ ],	"testLoc" : "33",	"amplifiedClass" : "WACookieForBrowserIPForCrawlerTrackingStrategyTest2900",	"numberOfAllMutationsInOriginal" : 16,	"targetLoc" : 32,	"newCovered" : [ ],	"timeBudgetFinished" : false,	"notCoveredInOriginal" : [		{			"operatorDescription" : "Remove ^",			"class" : "WACookieForBrowserIPForCrawlerTrackingStrategy",			"operatorClass" : "RemoveCaretOperator",			"mutationStart" : 75,			"method" : "noHandlerFoundForKey:in:context:",			"mutationEnd" : 186		},		{			"operatorDescription" : "Remove ^",			"class" : "WACookieForBrowserIPForCrawlerTrackingStrategy",			"operatorClass" : "RemoveCaretOperator",			"mutationStart" : 30,			"method" : "addKey:toUrl:",			"mutationEnd" : 100		},		{			"operatorDescription" : "Replace #and: receiver with true",			"class" : "WACookieForBrowserIPForCrawlerTrackingStrategy",			"operatorClass" : "ReplaceAndReceiverWithTrueOperator",			"mutationStart" : 99,			"method" : "isFromCrawler:",			"mutationEnd" : 216		},		{			"operatorDescription" : "Replace #and: with #bEqv:",			"class" : "WACookieForBrowserIPForCrawlerTrackingStrategy",			"operatorClass" : "ReplaceAndWithEqvMutantOperator",			"mutationStart" : 99,			"method" : "isFromCrawler:",			"mutationEnd" : 216		},		{			"operatorDescription" : "Remove ^",			"class" : "WACookieForBrowserIPForCrawlerTrackingStrategy",			"operatorClass" : "RemoveCaretOperator",			"mutationStart" : 45,			"method" : "addKey:toContext:",			"mutationEnd" : 126		},		{			"operatorDescription" : "Remove ^",			"class" : "WACookieForBrowserIPForCrawlerTrackingStrategy",			"operatorClass" : "RemoveCaretOperator",			"mutationStart" : 31,			"method" : "strategyFor:",			"mutationEnd" : 124		},		{			"operatorDescription" : "Replace #ifTrue:ifFalse: receiver with false",			"class" : "WACookieForBrowserIPForCrawlerTrackingStrategy",			"operatorClass" : "ReplaceIfTrueIfFalseReceiverWithFalseOperator",			"mutationStart" : 33,			"method" : "strategyFor:",			"mutationEnd" : 124		},		{			"operatorDescription" : "Replace #ifTrue:ifFalse: receiver with true",			"class" : "WACookieForBrowserIPForCrawlerTrackingStrategy",			"operatorClass" : "ReplaceIfTrueIfFalseReceiverWithTrueOperator",			"mutationStart" : 33,			"method" : "strategyFor:",			"mutationEnd" : 124		},		{			"operatorDescription" : "Remove ^",			"class" : "WACookieForBrowserIPForCrawlerTrackingStrategy",			"operatorClass" : "RemoveCaretOperator",			"mutationStart" : 34,			"method" : "keyFromContext:",			"mutationEnd" : 104		}	],	"testCase" : "WACookieForBrowserIPForCrawlerTrackingStrategyTest",	"unixtime" : 1602526186,	"timeTotal" : 19}