{	"targetClasses" : [		"WACookieOnlySessionTrackingStrategy"	],	"testMethodsIgnored" : [ ],	"methodsNotProfiled" : [ ],	"numberOfOriginalTestMethods" : 13,	"timeDetail" : [		"init: % 0.04 (105 milliseconds)",		"assertionAmplification: % 57.55 (2 minutes 30 seconds 650 milliseconds)",		"selection: % 10.42 (27 seconds 275 milliseconds)",		"inputAmplification: % 31.94 (1 minute 23 seconds 619 milliseconds)",		"finalize: % 0.05 (119 milliseconds)"	],	"notCoveredInAmplified" : [		{			"operatorDescription" : "Replace #= with #'~='",			"class" : "WACookieOnlySessionTrackingStrategy",			"operatorClass" : "ReplaceEqualWithNotEqualOperator",			"mutationStart" : 154,			"method" : "noHandlerFoundForKey:in:context:",			"mutationEnd" : 173		},		{			"operatorDescription" : "Replace #ifFalse: receiver with false",			"class" : "WACookieOnlySessionTrackingStrategy",			"operatorClass" : "ReplaceIfFalseReceiverWithFalseOperator",			"mutationStart" : 154,			"method" : "noHandlerFoundForKey:in:context:",			"mutationEnd" : 400		},		{			"operatorDescription" : "Replace #ifFalse: receiver with true",			"class" : "WACookieOnlySessionTrackingStrategy",			"operatorClass" : "ReplaceIfFalseReceiverWithTrueOperator",			"mutationStart" : 154,			"method" : "noHandlerFoundForKey:in:context:",			"mutationEnd" : 400		},		{			"operatorDescription" : "Replace #ifFalse: with #ifTrue:",			"class" : "WACookieOnlySessionTrackingStrategy",			"operatorClass" : "ReplaceIfFalseWithIfTrueMutantOperator",			"mutationStart" : 154,			"method" : "noHandlerFoundForKey:in:context:",			"mutationEnd" : 400		},		{			"operatorDescription" : "Remove ^",			"class" : "WACookieOnlySessionTrackingStrategy class",			"operatorClass" : "RemoveCaretOperator",			"mutationStart" : 13,			"method" : "isAbstract",			"mutationEnd" : 58		},		{			"operatorDescription" : "Replace #= with #'~='",			"class" : "WACookieOnlySessionTrackingStrategy class",			"operatorClass" : "ReplaceEqualWithNotEqualOperator",			"mutationStart" : 15,			"method" : "isAbstract",			"mutationEnd" : 58		}	],	"mutationScoreAfter" : 0,	"mutationScoreBefore" : 0,	"testAmpLoc" : 0,	"amplifiedMethods" : [ ],	"testLoc" : "8",	"amplifiedClass" : "WACookieOnlySessionTrackingStrategyTest1106",	"numberOfAllMutationsInOriginal" : 6,	"targetLoc" : 14,	"newCovered" : [ ],	"timeBudgetFinished" : false,	"notCoveredInOriginal" : [		{			"operatorDescription" : "Replace #= with #'~='",			"class" : "WACookieOnlySessionTrackingStrategy",			"operatorClass" : "ReplaceEqualWithNotEqualOperator",			"mutationStart" : 154,			"method" : "noHandlerFoundForKey:in:context:",			"mutationEnd" : 173		},		{			"operatorDescription" : "Replace #ifFalse: receiver with false",			"class" : "WACookieOnlySessionTrackingStrategy",			"operatorClass" : "ReplaceIfFalseReceiverWithFalseOperator",			"mutationStart" : 154,			"method" : "noHandlerFoundForKey:in:context:",			"mutationEnd" : 400		},		{			"operatorDescription" : "Replace #ifFalse: receiver with true",			"class" : "WACookieOnlySessionTrackingStrategy",			"operatorClass" : "ReplaceIfFalseReceiverWithTrueOperator",			"mutationStart" : 154,			"method" : "noHandlerFoundForKey:in:context:",			"mutationEnd" : 400		},		{			"operatorDescription" : "Replace #ifFalse: with #ifTrue:",			"class" : "WACookieOnlySessionTrackingStrategy",			"operatorClass" : "ReplaceIfFalseWithIfTrueMutantOperator",			"mutationStart" : 154,			"method" : "noHandlerFoundForKey:in:context:",			"mutationEnd" : 400		},		{			"operatorDescription" : "Remove ^",			"class" : "WACookieOnlySessionTrackingStrategy class",			"operatorClass" : "RemoveCaretOperator",			"mutationStart" : 13,			"method" : "isAbstract",			"mutationEnd" : 58		},		{			"operatorDescription" : "Replace #= with #'~='",			"class" : "WACookieOnlySessionTrackingStrategy class",			"operatorClass" : "ReplaceEqualWithNotEqualOperator",			"mutationStart" : 15,			"method" : "isAbstract",			"mutationEnd" : 58		}	],	"testCase" : "WACookieOnlySessionTrackingStrategyTest",	"unixtime" : 1602488955,	"timeTotal" : 261}