{	"targetClasses" : [		"WACookie"	],	"testMethodsIgnored" : [ ],	"methodsNotProfiled" : [		"WACookie>>#writeCommentOn:",		"WACookie>>#writeDiscardOn:",		"WACookie>>#writeOn:",		"WACookie>>#expireIn:",		"WACookie>>#writeCommentUrlOn:",		"WACookie>>#expireInSeconds:",		"WACookie>>#write:asQuotedStringOn:",		"WACookie>>#writePortsOn:",		"WACookie>>#writeVersionOn:"	],	"numberOfOriginalTestMethods" : 16,	"timeDetail" : [		"init: % 40.20 (1 hour 22 minutes 31 seconds 881 milliseconds)",		"assertionAmplification: % 21.46 (44 minutes 3 seconds 534 milliseconds)",		"selection: % 0.00 (0 seconds)",		"inputAmplification: % 0.00 (0 seconds)",		"finalize: % 38.34 (1 hour 18 minutes 43 seconds 88 milliseconds)"	],	"notCoveredInAmplified" : [		{			"operatorDescription" : "Replace #ifTrue:ifFalse: receiver with false",			"class" : "WACookie",			"operatorClass" : "ReplaceIfTrueIfFalseReceiverWithFalseOperator",			"mutationStart" : 46,			"method" : "write:quoted:on:",			"mutationEnd" : 167		},		{			"operatorDescription" : "Remove ^",			"class" : "WACookie",			"operatorClass" : "RemoveCaretOperator",			"mutationStart" : 11,			"method" : "sameSite",			"mutationEnd" : 20		},		{			"operatorDescription" : "Remove ^",			"class" : "WACookie",			"operatorClass" : "RemoveCaretOperator",			"mutationStart" : 57,			"method" : "writeCommentOn:",			"mutationEnd" : 62		},		{			"operatorDescription" : "Replace #ifTrue: receiver with false",			"class" : "WACookie",			"operatorClass" : "ReplaceIfTrueReceiverWithFalseOperator",			"mutationStart" : 26,			"method" : "writeCommentOn:",			"mutationEnd" : 64		},		{			"operatorDescription" : "Replace #ifTrue: receiver with true",			"class" : "WACookie",			"operatorClass" : "ReplaceIfTrueReceiverWithTrueOperator",			"mutationStart" : 26,			"method" : "writeCommentOn:",			"mutationEnd" : 64		},		{			"operatorDescription" : "Replace #ifTrue: with #ifFalse:",			"class" : "WACookie",			"operatorClass" : "ReplaceIfTrueWithIfFalseMutantOperator",			"mutationStart" : 26,			"method" : "writeCommentOn:",			"mutationEnd" : 64		},		{			"operatorDescription" : "Replace #and: argument with [true]",			"class" : "WACookie",			"operatorClass" : "ReplaceAndArgumentWithTrueOperator",			"mutationStart" : 26,			"method" : "writeDiscardOn:",			"mutationEnd" : 68		},		{			"operatorDescription" : "Replace #and: receiver with true",			"class" : "WACookie",			"operatorClass" : "ReplaceAndReceiverWithTrueOperator",			"mutationStart" : 26,			"method" : "writeDiscardOn:",			"mutationEnd" : 68		},		{			"operatorDescription" : "Replace #and: with #bEqv:",			"class" : "WACookie",			"operatorClass" : "ReplaceAndWithEqvMutantOperator",			"mutationStart" : 26,			"method" : "writeDiscardOn:",			"mutationEnd" : 68		},		{			"operatorDescription" : "Replace #and: with #nand:",			"class" : "WACookie",			"operatorClass" : "ReplaceAndWithNandMutantOperator",			"mutationStart" : 26,			"method" : "writeDiscardOn:",			"mutationEnd" : 68		},		{			"operatorDescription" : "Replace #and: with #or:",			"class" : "WACookie",			"operatorClass" : "ReplaceAndWithOrMutantOperator",			"mutationStart" : 26,			"method" : "writeDiscardOn:",			"mutationEnd" : 68		},		{			"operatorDescription" : "Replace #and: with false",			"class" : "WACookie",			"operatorClass" : "ReplaceAndWithFalseOperator",			"mutationStart" : 26,			"method" : "writeDiscardOn:",			"mutationEnd" : 68		},		{			"operatorDescription" : "Replace #ifTrue: receiver with false",			"class" : "WACookie",			"operatorClass" : "ReplaceIfTrueReceiverWithFalseOperator",			"mutationStart" : 26,			"method" : "writeDiscardOn:",			"mutationEnd" : 114		},		{			"operatorDescription" : "Replace #ifTrue: receiver with true",			"class" : "WACookie",			"operatorClass" : "ReplaceIfTrueReceiverWithTrueOperator",			"mutationStart" : 26,			"method" : "writeDiscardOn:",			"mutationEnd" : 114		},		{			"operatorDescription" : "Replace #ifTrue: with #ifFalse:",			"class" : "WACookie",			"operatorClass" : "ReplaceIfTrueWithIfFalseMutantOperator",			"mutationStart" : 26,			"method" : "writeDiscardOn:",			"mutationEnd" : 114		},		{			"operatorDescription" : "Replace #+ with #-",			"class" : "WACookie",			"operatorClass" : "ReplacePlusWithMinusMutantOperator",			"mutationStart" : 95,			"method" : "expireIn:",			"mutationEnd" : 121		},		{			"operatorDescription" : "Remove ^",			"class" : "WACookie",			"operatorClass" : "RemoveCaretOperator",			"mutationStart" : 62,			"method" : "writeCommentUrlOn:",			"mutationEnd" : 67		},		{			"operatorDescription" : "Replace #ifTrue: receiver with false",			"class" : "WACookie",			"operatorClass" : "ReplaceIfTrueReceiverWithFalseOperator",			"mutationStart" : 30,			"method" : "writeCommentUrlOn:",			"mutationEnd" : 69		},		{			"operatorDescription" : "Replace #ifTrue: receiver with true",			"class" : "WACookie",			"operatorClass" : "ReplaceIfTrueReceiverWithTrueOperator",			"mutationStart" : 30,			"method" : "writeCommentUrlOn:",			"mutationEnd" : 69		},		{			"operatorDescription" : "Replace #ifTrue: with #ifFalse:",			"class" : "WACookie",			"operatorClass" : "ReplaceIfTrueWithIfFalseMutantOperator",			"mutationStart" : 30,			"method" : "writeCommentUrlOn:",			"mutationEnd" : 69		},		{			"operatorDescription" : "Remove ^",			"class" : "WACookie",			"operatorClass" : "RemoveCaretOperator",			"mutationStart" : 13,			"method" : "commentUrl",			"mutationEnd" : 24		},		{			"operatorDescription" : "Replace #= with #'~='",			"class" : "WACookie",			"operatorClass" : "ReplaceEqualWithNotEqualOperator",			"mutationStart" : 90,			"method" : "write:asQuotedStringOn:",			"mutationEnd" : 98		},		{			"operatorDescription" : "Replace #ifTrue:ifFalse: receiver with false",			"class" : "WACookie",			"operatorClass" : "ReplaceIfTrueIfFalseReceiverWithFalseOperator",			"mutationStart" : 90,			"method" : "write:asQuotedStringOn:",			"mutationEnd" : 177		},		{			"operatorDescription" : "Replace #ifTrue:ifFalse: receiver with true",			"class" : "WACookie",			"operatorClass" : "ReplaceIfTrueIfFalseReceiverWithTrueOperator",			"mutationStart" : 90,			"method" : "write:asQuotedStringOn:",			"mutationEnd" : 177		},		{			"operatorDescription" : "Replace do block with [:each |]",			"class" : "WACookie",			"operatorClass" : "ReplaceDoBlockWithEmptyBlockOperator",			"mutationStart" : 66,			"method" : "write:asQuotedStringOn:",			"mutationEnd" : 179		},		{			"operatorDescription" : "Remove ^",			"class" : "WACookie",			"operatorClass" : "RemoveCaretOperator",			"mutationStart" : 70,			"method" : "writePathQuoted:on:",			"mutationEnd" : 75		},		{			"operatorDescription" : "Replace #ifTrue: receiver with false",			"class" : "WACookie",			"operatorClass" : "ReplaceIfTrueReceiverWithFalseOperator",			"mutationStart" : 40,			"method" : "writePathQuoted:on:",			"mutationEnd" : 77		},		{			"operatorDescription" : "Remove ^",			"class" : "WACookie",			"operatorClass" : "RemoveCaretOperator",			"mutationStart" : 10,			"method" : "discard",			"mutationEnd" : 18		},		{			"operatorDescription" : "Remove ^",			"class" : "WACookie",			"operatorClass" : "RemoveCaretOperator",			"mutationStart" : 10,			"method" : "comment",			"mutationEnd" : 18		},		{			"operatorDescription" : "Remove ^",			"class" : "WACookie",			"operatorClass" : "RemoveCaretOperator",			"mutationStart" : 55,			"method" : "writePortsOn:",			"mutationEnd" : 60		},		{			"operatorDescription" : "Replace #ifTrue: receiver with false",			"class" : "WACookie",			"operatorClass" : "ReplaceIfTrueReceiverWithFalseOperator",			"mutationStart" : 24,			"method" : "writePortsOn:",			"mutationEnd" : 62		},		{			"operatorDescription" : "Replace #ifTrue: receiver with true",			"class" : "WACookie",			"operatorClass" : "ReplaceIfTrueReceiverWithTrueOperator",			"mutationStart" : 24,			"method" : "writePortsOn:",			"mutationEnd" : 62		},		{			"operatorDescription" : "Replace #ifTrue: with #ifFalse:",			"class" : "WACookie",			"operatorClass" : "ReplaceIfTrueWithIfFalseMutantOperator",			"mutationStart" : 24,			"method" : "writePortsOn:",			"mutationEnd" : 62		}	],	"mutationScoreAfter" : 50,	"mutationScoreBefore" : 50,	"testAmpLoc" : 0,	"amplifiedMethods" : [ ],	"testLoc" : "215",	"amplifiedClass" : "WACookieTest12196",	"numberOfAllMutationsInOriginal" : 66,	"targetLoc" : 168,	"newCovered" : [ ],	"timeBudgetFinished" : false,	"notCoveredInOriginal" : [		{			"operatorDescription" : "Replace #ifTrue:ifFalse: receiver with false",			"class" : "WACookie",			"operatorClass" : "ReplaceIfTrueIfFalseReceiverWithFalseOperator",			"mutationStart" : 46,			"method" : "write:quoted:on:",			"mutationEnd" : 167		},		{			"operatorDescription" : "Remove ^",			"class" : "WACookie",			"operatorClass" : "RemoveCaretOperator",			"mutationStart" : 11,			"method" : "sameSite",			"mutationEnd" : 20		},		{			"operatorDescription" : "Remove ^",			"class" : "WACookie",			"operatorClass" : "RemoveCaretOperator",			"mutationStart" : 57,			"method" : "writeCommentOn:",			"mutationEnd" : 62		},		{			"operatorDescription" : "Replace #ifTrue: receiver with false",			"class" : "WACookie",			"operatorClass" : "ReplaceIfTrueReceiverWithFalseOperator",			"mutationStart" : 26,			"method" : "writeCommentOn:",			"mutationEnd" : 64		},		{			"operatorDescription" : "Replace #ifTrue: receiver with true",			"class" : "WACookie",			"operatorClass" : "ReplaceIfTrueReceiverWithTrueOperator",			"mutationStart" : 26,			"method" : "writeCommentOn:",			"mutationEnd" : 64		},		{			"operatorDescription" : "Replace #ifTrue: with #ifFalse:",			"class" : "WACookie",			"operatorClass" : "ReplaceIfTrueWithIfFalseMutantOperator",			"mutationStart" : 26,			"method" : "writeCommentOn:",			"mutationEnd" : 64		},		{			"operatorDescription" : "Replace #and: argument with [true]",			"class" : "WACookie",			"operatorClass" : "ReplaceAndArgumentWithTrueOperator",			"mutationStart" : 26,			"method" : "writeDiscardOn:",			"mutationEnd" : 68		},		{			"operatorDescription" : "Replace #and: receiver with true",			"class" : "WACookie",			"operatorClass" : "ReplaceAndReceiverWithTrueOperator",			"mutationStart" : 26,			"method" : "writeDiscardOn:",			"mutationEnd" : 68		},		{			"operatorDescription" : "Replace #and: with #bEqv:",			"class" : "WACookie",			"operatorClass" : "ReplaceAndWithEqvMutantOperator",			"mutationStart" : 26,			"method" : "writeDiscardOn:",			"mutationEnd" : 68		},		{			"operatorDescription" : "Replace #and: with #nand:",			"class" : "WACookie",			"operatorClass" : "ReplaceAndWithNandMutantOperator",			"mutationStart" : 26,			"method" : "writeDiscardOn:",			"mutationEnd" : 68		},		{			"operatorDescription" : "Replace #and: with #or:",			"class" : "WACookie",			"operatorClass" : "ReplaceAndWithOrMutantOperator",			"mutationStart" : 26,			"method" : "writeDiscardOn:",			"mutationEnd" : 68		},		{			"operatorDescription" : "Replace #and: with false",			"class" : "WACookie",			"operatorClass" : "ReplaceAndWithFalseOperator",			"mutationStart" : 26,			"method" : "writeDiscardOn:",			"mutationEnd" : 68		},		{			"operatorDescription" : "Replace #ifTrue: receiver with false",			"class" : "WACookie",			"operatorClass" : "ReplaceIfTrueReceiverWithFalseOperator",			"mutationStart" : 26,			"method" : "writeDiscardOn:",			"mutationEnd" : 114		},		{			"operatorDescription" : "Replace #ifTrue: receiver with true",			"class" : "WACookie",			"operatorClass" : "ReplaceIfTrueReceiverWithTrueOperator",			"mutationStart" : 26,			"method" : "writeDiscardOn:",			"mutationEnd" : 114		},		{			"operatorDescription" : "Replace #ifTrue: with #ifFalse:",			"class" : "WACookie",			"operatorClass" : "ReplaceIfTrueWithIfFalseMutantOperator",			"mutationStart" : 26,			"method" : "writeDiscardOn:",			"mutationEnd" : 114		},		{			"operatorDescription" : "Replace #+ with #-",			"class" : "WACookie",			"operatorClass" : "ReplacePlusWithMinusMutantOperator",			"mutationStart" : 95,			"method" : "expireIn:",			"mutationEnd" : 121		},		{			"operatorDescription" : "Remove ^",			"class" : "WACookie",			"operatorClass" : "RemoveCaretOperator",			"mutationStart" : 62,			"method" : "writeCommentUrlOn:",			"mutationEnd" : 67		},		{			"operatorDescription" : "Replace #ifTrue: receiver with false",			"class" : "WACookie",			"operatorClass" : "ReplaceIfTrueReceiverWithFalseOperator",			"mutationStart" : 30,			"method" : "writeCommentUrlOn:",			"mutationEnd" : 69		},		{			"operatorDescription" : "Replace #ifTrue: receiver with true",			"class" : "WACookie",			"operatorClass" : "ReplaceIfTrueReceiverWithTrueOperator",			"mutationStart" : 30,			"method" : "writeCommentUrlOn:",			"mutationEnd" : 69		},		{			"operatorDescription" : "Replace #ifTrue: with #ifFalse:",			"class" : "WACookie",			"operatorClass" : "ReplaceIfTrueWithIfFalseMutantOperator",			"mutationStart" : 30,			"method" : "writeCommentUrlOn:",			"mutationEnd" : 69		},		{			"operatorDescription" : "Remove ^",			"class" : "WACookie",			"operatorClass" : "RemoveCaretOperator",			"mutationStart" : 13,			"method" : "commentUrl",			"mutationEnd" : 24		},		{			"operatorDescription" : "Replace #= with #'~='",			"class" : "WACookie",			"operatorClass" : "ReplaceEqualWithNotEqualOperator",			"mutationStart" : 90,			"method" : "write:asQuotedStringOn:",			"mutationEnd" : 98		},		{			"operatorDescription" : "Replace #ifTrue:ifFalse: receiver with false",			"class" : "WACookie",			"operatorClass" : "ReplaceIfTrueIfFalseReceiverWithFalseOperator",			"mutationStart" : 90,			"method" : "write:asQuotedStringOn:",			"mutationEnd" : 177		},		{			"operatorDescription" : "Replace #ifTrue:ifFalse: receiver with true",			"class" : "WACookie",			"operatorClass" : "ReplaceIfTrueIfFalseReceiverWithTrueOperator",			"mutationStart" : 90,			"method" : "write:asQuotedStringOn:",			"mutationEnd" : 177		},		{			"operatorDescription" : "Replace do block with [:each |]",			"class" : "WACookie",			"operatorClass" : "ReplaceDoBlockWithEmptyBlockOperator",			"mutationStart" : 66,			"method" : "write:asQuotedStringOn:",			"mutationEnd" : 179		},		{			"operatorDescription" : "Remove ^",			"class" : "WACookie",			"operatorClass" : "RemoveCaretOperator",			"mutationStart" : 70,			"method" : "writePathQuoted:on:",			"mutationEnd" : 75		},		{			"operatorDescription" : "Replace #ifTrue: receiver with false",			"class" : "WACookie",			"operatorClass" : "ReplaceIfTrueReceiverWithFalseOperator",			"mutationStart" : 40,			"method" : "writePathQuoted:on:",			"mutationEnd" : 77		},		{			"operatorDescription" : "Remove ^",			"class" : "WACookie",			"operatorClass" : "RemoveCaretOperator",			"mutationStart" : 10,			"method" : "discard",			"mutationEnd" : 18		},		{			"operatorDescription" : "Remove ^",			"class" : "WACookie",			"operatorClass" : "RemoveCaretOperator",			"mutationStart" : 10,			"method" : "comment",			"mutationEnd" : 18		},		{			"operatorDescription" : "Remove ^",			"class" : "WACookie",			"operatorClass" : "RemoveCaretOperator",			"mutationStart" : 55,			"method" : "writePortsOn:",			"mutationEnd" : 60		},		{			"operatorDescription" : "Replace #ifTrue: receiver with false",			"class" : "WACookie",			"operatorClass" : "ReplaceIfTrueReceiverWithFalseOperator",			"mutationStart" : 24,			"method" : "writePortsOn:",			"mutationEnd" : 62		},		{			"operatorDescription" : "Replace #ifTrue: receiver with true",			"class" : "WACookie",			"operatorClass" : "ReplaceIfTrueReceiverWithTrueOperator",			"mutationStart" : 24,			"method" : "writePortsOn:",			"mutationEnd" : 62		},		{			"operatorDescription" : "Replace #ifTrue: with #ifFalse:",			"class" : "WACookie",			"operatorClass" : "ReplaceIfTrueWithIfFalseMutantOperator",			"mutationStart" : 24,			"method" : "writePortsOn:",			"mutationEnd" : 62		}	],	"testCase" : "WACookieTest",	"unixtime" : 1603268986,	"timeTotal" : 12318}