{	"targetClasses" : [		"WADispatcher"	],	"testMethodsIgnored" : [ ],	"methodsNotProfiled" : [		"WADispatcher>>#urlFor:",		"WADispatcher>>#defaultName:",		"WADispatcher>>#handleDefault:",		"WADispatcher>>#childrenDo:",		"WADispatcher>>#handlerAtAll:"	],	"numberOfOriginalTestMethods" : 14,	"timeDetail" : [		"init: % 0.03 (413 milliseconds)",		"assertionAmplification: % 84.85 (20 minutes 26 seconds 760 milliseconds)",		"selection: % 9.57 (2 minutes 18 seconds 325 milliseconds)",		"inputAmplification: % 5.50 (1 minute 19 seconds 530 milliseconds)",		"finalize: % 0.06 (797 milliseconds)"	],	"notCoveredInAmplified" : [		{			"operatorDescription" : "Remove ^",			"class" : "WADispatcher",			"operatorClass" : "RemoveCaretOperator",			"mutationStart" : 98,			"method" : "unregister:",			"mutationEnd" : 127		},		{			"operatorDescription" : "Remove ^",			"class" : "WADispatcher",			"operatorClass" : "RemoveCaretOperator",			"mutationStart" : 64,			"method" : "handlerAt:ifAbsent:",			"mutationEnd" : 77		},		{			"operatorDescription" : "Replace #ifTrue: receiver with false",			"class" : "WADispatcher",			"operatorClass" : "ReplaceIfTrueReceiverWithFalseOperator",			"mutationStart" : 38,			"method" : "handlerAt:ifAbsent:",			"mutationEnd" : 79		},		{			"operatorDescription" : "Remove ^",			"class" : "WADispatcher",			"operatorClass" : "RemoveCaretOperator",			"mutationStart" : 50,			"method" : "defaultHandler",			"mutationEnd" : 54		},		{			"operatorDescription" : "Remove ^",			"class" : "WADispatcher",			"operatorClass" : "RemoveCaretOperator",			"mutationStart" : 60,			"method" : "defaultHandler",			"mutationEnd" : 111		},		{			"operatorDescription" : "Replace #ifTrue: receiver with false",			"class" : "WADispatcher",			"operatorClass" : "ReplaceIfTrueReceiverWithFalseOperator",			"mutationStart" : 17,			"method" : "defaultHandler",			"mutationEnd" : 56		},		{			"operatorDescription" : "Replace #ifTrue: receiver with true",			"class" : "WADispatcher",			"operatorClass" : "ReplaceIfTrueReceiverWithTrueOperator",			"mutationStart" : 17,			"method" : "defaultHandler",			"mutationEnd" : 56		},		{			"operatorDescription" : "Replace #ifTrue: with #ifFalse:",			"class" : "WADispatcher",			"operatorClass" : "ReplaceIfTrueWithIfFalseMutantOperator",			"mutationStart" : 17,			"method" : "defaultHandler",			"mutationEnd" : 56		},		{			"operatorDescription" : "Replace #ifTrue:ifFalse: receiver with false",			"class" : "WADispatcher",			"operatorClass" : "ReplaceIfTrueIfFalseReceiverWithFalseOperator",			"mutationStart" : 33,			"method" : "handleDefault:",			"mutationEnd" : 197		},		{			"operatorDescription" : "Replace #ifTrue:ifFalse: receiver with true",			"class" : "WADispatcher",			"operatorClass" : "ReplaceIfTrueIfFalseReceiverWithTrueOperator",			"mutationStart" : 33,			"method" : "handleDefault:",			"mutationEnd" : 197		},		{			"operatorDescription" : "Replace do block with [:each |]",			"class" : "WADispatcher",			"operatorClass" : "ReplaceDoBlockWithEmptyBlockOperator",			"mutationStart" : 21,			"method" : "childrenDo:",			"mutationEnd" : 39		},		{			"operatorDescription" : "Replace #ifTrue:ifFalse: receiver with false",			"class" : "WADispatcher",			"operatorClass" : "ReplaceIfTrueIfFalseReceiverWithFalseOperator",			"mutationStart" : 87,			"method" : "handleFiltered:",			"mutationEnd" : 223		},		{			"operatorDescription" : "Remove ^",			"class" : "WADispatcher",			"operatorClass" : "RemoveCaretOperator",			"mutationStart" : 37,			"method" : "handlerAtAll:",			"mutationEnd" : 130		},		{			"operatorDescription" : "Replace inject:aValue into:aBlock with aValue",			"class" : "WADispatcher",			"operatorClass" : "RemoveInjectIntoOperator",			"mutationStart" : 39,			"method" : "handlerAtAll:",			"mutationEnd" : 130		},		{			"operatorDescription" : "Remove ^",			"class" : "WADispatcher class",			"operatorClass" : "RemoveCaretOperator",			"mutationStart" : 14,			"method" : "description",			"mutationEnd" : 27		},		{			"operatorDescription" : "Remove ^",			"class" : "WADispatcher class",			"operatorClass" : "RemoveCaretOperator",			"mutationStart" : 10,			"method" : "default",			"mutationEnd" : 49		}	],	"mutationScoreAfter" : 46,	"mutationScoreBefore" : 36,	"testAmpLoc" : 2500,	"amplifiedMethods" : [		"WADispatcherTest4198>>#testAddFilter_amp_A3",		"WADispatcherTest4198>>#testAddFilter_amp_A0",		"WADispatcherTest4198>>#testCopyFilters_amp_A76",		"WADispatcherTest4198>>#testCopyDispatcher_amp_A41",		"WADispatcherTest4198>>#testCopyFilters_amp_A75",		"WADispatcherTest4198>>#testAddFilter_amp_A1",		"WADispatcherTest4198>>#testCopyDispatcher_amp_A42",		"WADispatcherTest4198>>#testCopyDispatcher_amp",		"WADispatcherTest4198>>#testCopyFilters_amp",		"WADispatcherTest4198>>#testAddFilter_amp_A2"	],	"testLoc" : "44",	"amplifiedClass" : "WADispatcherTest4198",	"numberOfAllMutationsInOriginal" : 30,	"targetLoc" : 81,	"newCovered" : [		{			"operatorDescription" : "Remove ^",			"class" : "WADispatcher",			"operatorClass" : "RemoveCaretOperator",			"mutationStart" : 26,			"method" : "urlFor:",			"mutationEnd" : 98		},		{			"operatorDescription" : "Remove ^",			"class" : "WADispatcher",			"operatorClass" : "RemoveCaretOperator",			"mutationStart" : 88,			"method" : "unregister:",			"mutationEnd" : 92		},		{			"operatorDescription" : "Remove ^",			"class" : "WADispatcher",			"operatorClass" : "RemoveCaretOperator",			"mutationStart" : 25,			"method" : "configurationComponent",			"mutationEnd" : 53		}	],	"timeBudgetFinished" : false,	"notCoveredInOriginal" : [		{			"operatorDescription" : "Remove ^",			"class" : "WADispatcher",			"operatorClass" : "RemoveCaretOperator",			"mutationStart" : 25,			"method" : "configurationComponent",			"mutationEnd" : 53		},		{			"operatorDescription" : "Remove ^",			"class" : "WADispatcher",			"operatorClass" : "RemoveCaretOperator",			"mutationStart" : 64,			"method" : "handlerAt:ifAbsent:",			"mutationEnd" : 77		},		{			"operatorDescription" : "Replace #ifTrue: receiver with false",			"class" : "WADispatcher",			"operatorClass" : "ReplaceIfTrueReceiverWithFalseOperator",			"mutationStart" : 38,			"method" : "handlerAt:ifAbsent:",			"mutationEnd" : 79		},		{			"operatorDescription" : "Remove ^",			"class" : "WADispatcher",			"operatorClass" : "RemoveCaretOperator",			"mutationStart" : 26,			"method" : "urlFor:",			"mutationEnd" : 98		},		{			"operatorDescription" : "Remove ^",			"class" : "WADispatcher",			"operatorClass" : "RemoveCaretOperator",			"mutationStart" : 88,			"method" : "unregister:",			"mutationEnd" : 92		},		{			"operatorDescription" : "Remove ^",			"class" : "WADispatcher",			"operatorClass" : "RemoveCaretOperator",			"mutationStart" : 98,			"method" : "unregister:",			"mutationEnd" : 127		},		{			"operatorDescription" : "Remove ^",			"class" : "WADispatcher",			"operatorClass" : "RemoveCaretOperator",			"mutationStart" : 50,			"method" : "defaultHandler",			"mutationEnd" : 54		},		{			"operatorDescription" : "Remove ^",			"class" : "WADispatcher",			"operatorClass" : "RemoveCaretOperator",			"mutationStart" : 60,			"method" : "defaultHandler",			"mutationEnd" : 111		},		{			"operatorDescription" : "Replace #ifTrue: receiver with false",			"class" : "WADispatcher",			"operatorClass" : "ReplaceIfTrueReceiverWithFalseOperator",			"mutationStart" : 17,			"method" : "defaultHandler",			"mutationEnd" : 56		},		{			"operatorDescription" : "Replace #ifTrue: receiver with true",			"class" : "WADispatcher",			"operatorClass" : "ReplaceIfTrueReceiverWithTrueOperator",			"mutationStart" : 17,			"method" : "defaultHandler",			"mutationEnd" : 56		},		{			"operatorDescription" : "Replace #ifTrue: with #ifFalse:",			"class" : "WADispatcher",			"operatorClass" : "ReplaceIfTrueWithIfFalseMutantOperator",			"mutationStart" : 17,			"method" : "defaultHandler",			"mutationEnd" : 56		},		{			"operatorDescription" : "Replace #ifTrue:ifFalse: receiver with false",			"class" : "WADispatcher",			"operatorClass" : "ReplaceIfTrueIfFalseReceiverWithFalseOperator",			"mutationStart" : 33,			"method" : "handleDefault:",			"mutationEnd" : 197		},		{			"operatorDescription" : "Replace #ifTrue:ifFalse: receiver with true",			"class" : "WADispatcher",			"operatorClass" : "ReplaceIfTrueIfFalseReceiverWithTrueOperator",			"mutationStart" : 33,			"method" : "handleDefault:",			"mutationEnd" : 197		},		{			"operatorDescription" : "Replace do block with [:each |]",			"class" : "WADispatcher",			"operatorClass" : "ReplaceDoBlockWithEmptyBlockOperator",			"mutationStart" : 21,			"method" : "childrenDo:",			"mutationEnd" : 39		},		{			"operatorDescription" : "Replace #ifTrue:ifFalse: receiver with false",			"class" : "WADispatcher",			"operatorClass" : "ReplaceIfTrueIfFalseReceiverWithFalseOperator",			"mutationStart" : 87,			"method" : "handleFiltered:",			"mutationEnd" : 223		},		{			"operatorDescription" : "Remove ^",			"class" : "WADispatcher",			"operatorClass" : "RemoveCaretOperator",			"mutationStart" : 37,			"method" : "handlerAtAll:",			"mutationEnd" : 130		},		{			"operatorDescription" : "Replace inject:aValue into:aBlock with aValue",			"class" : "WADispatcher",			"operatorClass" : "RemoveInjectIntoOperator",			"mutationStart" : 39,			"method" : "handlerAtAll:",			"mutationEnd" : 130		},		{			"operatorDescription" : "Remove ^",			"class" : "WADispatcher class",			"operatorClass" : "RemoveCaretOperator",			"mutationStart" : 14,			"method" : "description",			"mutationEnd" : 27		},		{			"operatorDescription" : "Remove ^",			"class" : "WADispatcher class",			"operatorClass" : "RemoveCaretOperator",			"mutationStart" : 10,			"method" : "default",			"mutationEnd" : 49		}	],	"testCase" : "WADispatcherTest",	"unixtime" : 1602529524,	"timeTotal" : 1445}