{	"targetClasses" : [		"WAEnterpriseAuberginesStrategy"	],	"testMethodsIgnored" : [ ],	"methodsNotProfiled" : [ ],	"numberOfOriginalTestMethods" : 14,	"timeDetail" : [		"init: % 52.23 (352 milliseconds)",		"finalize: % 47.77 (322 milliseconds)"	],	"notCoveredInAmplified" : [		{			"operatorDescription" : "Replace #= with #'~='",			"class" : "WAEnterpriseAuberginesStrategy",			"operatorClass" : "ReplaceEqualWithNotEqualOperator",			"mutationStart" : 283,			"method" : "deleteOldOrConflictingCookieIn:context:",			"mutationEnd" : 310		},		{			"operatorDescription" : "Replace #and: argument with [true]",			"class" : "WAEnterpriseAuberginesStrategy",			"operatorClass" : "ReplaceAndArgumentWithTrueOperator",			"mutationStart" : 235,			"method" : "deleteOldOrConflictingCookieIn:context:",			"mutationEnd" : 315		},		{			"operatorDescription" : "Replace #and: receiver with true",			"class" : "WAEnterpriseAuberginesStrategy",			"operatorClass" : "ReplaceAndReceiverWithTrueOperator",			"mutationStart" : 235,			"method" : "deleteOldOrConflictingCookieIn:context:",			"mutationEnd" : 315		},		{			"operatorDescription" : "Replace #and: with #bEqv:",			"class" : "WAEnterpriseAuberginesStrategy",			"operatorClass" : "ReplaceAndWithEqvMutantOperator",			"mutationStart" : 235,			"method" : "deleteOldOrConflictingCookieIn:context:",			"mutationEnd" : 315		},		{			"operatorDescription" : "Replace #and: with #nand:",			"class" : "WAEnterpriseAuberginesStrategy",			"operatorClass" : "ReplaceAndWithNandMutantOperator",			"mutationStart" : 235,			"method" : "deleteOldOrConflictingCookieIn:context:",			"mutationEnd" : 315		},		{			"operatorDescription" : "Replace #and: with #or:",			"class" : "WAEnterpriseAuberginesStrategy",			"operatorClass" : "ReplaceAndWithOrMutantOperator",			"mutationStart" : 235,			"method" : "deleteOldOrConflictingCookieIn:context:",			"mutationEnd" : 315		},		{			"operatorDescription" : "Replace #and: with false",			"class" : "WAEnterpriseAuberginesStrategy",			"operatorClass" : "ReplaceAndWithFalseOperator",			"mutationStart" : 235,			"method" : "deleteOldOrConflictingCookieIn:context:",			"mutationEnd" : 315		},		{			"operatorDescription" : "Replace #ifTrue: receiver with false",			"class" : "WAEnterpriseAuberginesStrategy",			"operatorClass" : "ReplaceIfTrueReceiverWithFalseOperator",			"mutationStart" : 235,			"method" : "deleteOldOrConflictingCookieIn:context:",			"mutationEnd" : 496		},		{			"operatorDescription" : "Replace #ifTrue: receiver with true",			"class" : "WAEnterpriseAuberginesStrategy",			"operatorClass" : "ReplaceIfTrueReceiverWithTrueOperator",			"mutationStart" : 235,			"method" : "deleteOldOrConflictingCookieIn:context:",			"mutationEnd" : 496		},		{			"operatorDescription" : "Replace #ifTrue: with #ifFalse:",			"class" : "WAEnterpriseAuberginesStrategy",			"operatorClass" : "ReplaceIfTrueWithIfFalseMutantOperator",			"mutationStart" : 235,			"method" : "deleteOldOrConflictingCookieIn:context:",			"mutationEnd" : 496		},		{			"operatorDescription" : "Replace #or: argument with [false]",			"class" : "WAEnterpriseAuberginesStrategy",			"operatorClass" : "ReplaceOrArgumentWithFalseOperator",			"mutationStart" : 257,			"method" : "deleteOldOrConflictingCookieIn:context:",			"mutationEnd" : 312		},		{			"operatorDescription" : "Replace #or: receiver with false",			"class" : "WAEnterpriseAuberginesStrategy",			"operatorClass" : "ReplaceOrReceiverWithFalseOperator",			"mutationStart" : 257,			"method" : "deleteOldOrConflictingCookieIn:context:",			"mutationEnd" : 312		},		{			"operatorDescription" : "Replace #or: with #and:",			"class" : "WAEnterpriseAuberginesStrategy",			"operatorClass" : "ReplaceOrWithAndMutantOperator",			"mutationStart" : 257,			"method" : "deleteOldOrConflictingCookieIn:context:",			"mutationEnd" : 312		},		{			"operatorDescription" : "Replace #or: with #bXor:",			"class" : "WAEnterpriseAuberginesStrategy",			"operatorClass" : "ReplaceOrWithXorMutantOperator",			"mutationStart" : 257,			"method" : "deleteOldOrConflictingCookieIn:context:",			"mutationEnd" : 312		},		{			"operatorDescription" : "Replace #or: with true",			"class" : "WAEnterpriseAuberginesStrategy",			"operatorClass" : "ReplaceOrWithTrueOperator",			"mutationStart" : 257,			"method" : "deleteOldOrConflictingCookieIn:context:",			"mutationEnd" : 312		},		{			"operatorDescription" : "Remove ^",			"class" : "WAEnterpriseAuberginesStrategy",			"operatorClass" : "RemoveCaretOperator",			"mutationStart" : 233,			"method" : "keyFromContext:",			"mutationEnd" : 237		}	],	"mutationScoreAfter" : 23,	"mutationScoreBefore" : 23,	"testAmpLoc" : 0,	"amplifiedMethods" : [ ],	"testLoc" : "24",	"amplifiedClass" : "WAEnterpriseAuberginesStrategyTest1758",	"numberOfAllMutationsInOriginal" : 21,	"targetLoc" : 28,	"newCovered" : [ ],	"timeBudgetFinished" : false,	"notCoveredInOriginal" : [		{			"operatorDescription" : "Replace #= with #'~='",			"class" : "WAEnterpriseAuberginesStrategy",			"operatorClass" : "ReplaceEqualWithNotEqualOperator",			"mutationStart" : 283,			"method" : "deleteOldOrConflictingCookieIn:context:",			"mutationEnd" : 310		},		{			"operatorDescription" : "Replace #and: argument with [true]",			"class" : "WAEnterpriseAuberginesStrategy",			"operatorClass" : "ReplaceAndArgumentWithTrueOperator",			"mutationStart" : 235,			"method" : "deleteOldOrConflictingCookieIn:context:",			"mutationEnd" : 315		},		{			"operatorDescription" : "Replace #and: receiver with true",			"class" : "WAEnterpriseAuberginesStrategy",			"operatorClass" : "ReplaceAndReceiverWithTrueOperator",			"mutationStart" : 235,			"method" : "deleteOldOrConflictingCookieIn:context:",			"mutationEnd" : 315		},		{			"operatorDescription" : "Replace #and: with #bEqv:",			"class" : "WAEnterpriseAuberginesStrategy",			"operatorClass" : "ReplaceAndWithEqvMutantOperator",			"mutationStart" : 235,			"method" : "deleteOldOrConflictingCookieIn:context:",			"mutationEnd" : 315		},		{			"operatorDescription" : "Replace #and: with #nand:",			"class" : "WAEnterpriseAuberginesStrategy",			"operatorClass" : "ReplaceAndWithNandMutantOperator",			"mutationStart" : 235,			"method" : "deleteOldOrConflictingCookieIn:context:",			"mutationEnd" : 315		},		{			"operatorDescription" : "Replace #and: with #or:",			"class" : "WAEnterpriseAuberginesStrategy",			"operatorClass" : "ReplaceAndWithOrMutantOperator",			"mutationStart" : 235,			"method" : "deleteOldOrConflictingCookieIn:context:",			"mutationEnd" : 315		},		{			"operatorDescription" : "Replace #and: with false",			"class" : "WAEnterpriseAuberginesStrategy",			"operatorClass" : "ReplaceAndWithFalseOperator",			"mutationStart" : 235,			"method" : "deleteOldOrConflictingCookieIn:context:",			"mutationEnd" : 315		},		{			"operatorDescription" : "Replace #ifTrue: receiver with false",			"class" : "WAEnterpriseAuberginesStrategy",			"operatorClass" : "ReplaceIfTrueReceiverWithFalseOperator",			"mutationStart" : 235,			"method" : "deleteOldOrConflictingCookieIn:context:",			"mutationEnd" : 496		},		{			"operatorDescription" : "Replace #ifTrue: receiver with true",			"class" : "WAEnterpriseAuberginesStrategy",			"operatorClass" : "ReplaceIfTrueReceiverWithTrueOperator",			"mutationStart" : 235,			"method" : "deleteOldOrConflictingCookieIn:context:",			"mutationEnd" : 496		},		{			"operatorDescription" : "Replace #ifTrue: with #ifFalse:",			"class" : "WAEnterpriseAuberginesStrategy",			"operatorClass" : "ReplaceIfTrueWithIfFalseMutantOperator",			"mutationStart" : 235,			"method" : "deleteOldOrConflictingCookieIn:context:",			"mutationEnd" : 496		},		{			"operatorDescription" : "Replace #or: argument with [false]",			"class" : "WAEnterpriseAuberginesStrategy",			"operatorClass" : "ReplaceOrArgumentWithFalseOperator",			"mutationStart" : 257,			"method" : "deleteOldOrConflictingCookieIn:context:",			"mutationEnd" : 312		},		{			"operatorDescription" : "Replace #or: receiver with false",			"class" : "WAEnterpriseAuberginesStrategy",			"operatorClass" : "ReplaceOrReceiverWithFalseOperator",			"mutationStart" : 257,			"method" : "deleteOldOrConflictingCookieIn:context:",			"mutationEnd" : 312		},		{			"operatorDescription" : "Replace #or: with #and:",			"class" : "WAEnterpriseAuberginesStrategy",			"operatorClass" : "ReplaceOrWithAndMutantOperator",			"mutationStart" : 257,			"method" : "deleteOldOrConflictingCookieIn:context:",			"mutationEnd" : 312		},		{			"operatorDescription" : "Replace #or: with #bXor:",			"class" : "WAEnterpriseAuberginesStrategy",			"operatorClass" : "ReplaceOrWithXorMutantOperator",			"mutationStart" : 257,			"method" : "deleteOldOrConflictingCookieIn:context:",			"mutationEnd" : 312		},		{			"operatorDescription" : "Replace #or: with true",			"class" : "WAEnterpriseAuberginesStrategy",			"operatorClass" : "ReplaceOrWithTrueOperator",			"mutationStart" : 257,			"method" : "deleteOldOrConflictingCookieIn:context:",			"mutationEnd" : 312		},		{			"operatorDescription" : "Remove ^",			"class" : "WAEnterpriseAuberginesStrategy",			"operatorClass" : "RemoveCaretOperator",			"mutationStart" : 233,			"method" : "keyFromContext:",			"mutationEnd" : 237		}	],	"testCase" : "WAEnterpriseAuberginesStrategyTest",	"unixtime" : 1602514390,	"timeTotal" : 0}