{	"targetClasses" : [		"WAErrorHandler"	],	"testMethodsIgnored" : [ ],	"methodsNotProfiled" : [ ],	"numberOfOriginalTestMethods" : 11,	"timeDetail" : [		"init: % 3.77 (11 seconds 644 milliseconds)",		"assertionAmplification: % 77.20 (3 minutes 58 seconds 281 milliseconds)",		"selection: % 9.11 (28 seconds 115 milliseconds)",		"inputAmplification: % 6.27 (19 seconds 363 milliseconds)",		"finalize: % 3.65 (11 seconds 270 milliseconds)"	],	"notCoveredInAmplified" : [		{			"operatorDescription" : "Remove ^",			"class" : "WAErrorHandler",			"operatorClass" : "RemoveCaretOperator",			"mutationStart" : 23,			"method" : "handleError:",			"mutationEnd" : 51		},		{			"operatorDescription" : "Remove ^",			"class" : "WAErrorHandler",			"operatorClass" : "RemoveCaretOperator",			"mutationStart" : 144,			"method" : "handleDefault:",			"mutationEnd" : 176		},		{			"operatorDescription" : "Remove ^",			"class" : "WAErrorHandler",			"operatorClass" : "RemoveCaretOperator",			"mutationStart" : 72,			"method" : "handleException:",			"mutationEnd" : 102		},		{			"operatorDescription" : "Remove ^",			"class" : "WAErrorHandler",			"operatorClass" : "RemoveCaretOperator",			"mutationStart" : 151,			"method" : "handleException:",			"mutationEnd" : 183		},		{			"operatorDescription" : "Remove ^",			"class" : "WAErrorHandler",			"operatorClass" : "RemoveCaretOperator",			"mutationStart" : 190,			"method" : "handleException:",			"mutationEnd" : 225		},		{			"operatorDescription" : "Replace #ifTrue: receiver with true",			"class" : "WAErrorHandler",			"operatorClass" : "ReplaceIfTrueReceiverWithTrueOperator",			"mutationStart" : 31,			"method" : "handleException:",			"mutationEnd" : 104		},		{			"operatorDescription" : "Replace #ifTrue: receiver with true",			"class" : "WAErrorHandler",			"operatorClass" : "ReplaceIfTrueReceiverWithTrueOperator",			"mutationStart" : 108,			"method" : "handleException:",			"mutationEnd" : 185		},		{			"operatorDescription" : "Remove ^",			"class" : "WAErrorHandler",			"operatorClass" : "RemoveCaretOperator",			"mutationStart" : 26,			"method" : "handleWarning:",			"mutationEnd" : 55		}	],	"mutationScoreAfter" : 38,	"mutationScoreBefore" : 38,	"testAmpLoc" : 0,	"amplifiedMethods" : [ ],	"testLoc" : "30",	"amplifiedClass" : "WAErrorHandlerTest2727",	"numberOfAllMutationsInOriginal" : 13,	"targetLoc" : 18,	"newCovered" : [ ],	"timeBudgetFinished" : false,	"notCoveredInOriginal" : [		{			"operatorDescription" : "Remove ^",			"class" : "WAErrorHandler",			"operatorClass" : "RemoveCaretOperator",			"mutationStart" : 23,			"method" : "handleError:",			"mutationEnd" : 51		},		{			"operatorDescription" : "Remove ^",			"class" : "WAErrorHandler",			"operatorClass" : "RemoveCaretOperator",			"mutationStart" : 144,			"method" : "handleDefault:",			"mutationEnd" : 176		},		{			"operatorDescription" : "Remove ^",			"class" : "WAErrorHandler",			"operatorClass" : "RemoveCaretOperator",			"mutationStart" : 72,			"method" : "handleException:",			"mutationEnd" : 102		},		{			"operatorDescription" : "Remove ^",			"class" : "WAErrorHandler",			"operatorClass" : "RemoveCaretOperator",			"mutationStart" : 151,			"method" : "handleException:",			"mutationEnd" : 183		},		{			"operatorDescription" : "Remove ^",			"class" : "WAErrorHandler",			"operatorClass" : "RemoveCaretOperator",			"mutationStart" : 190,			"method" : "handleException:",			"mutationEnd" : 225		},		{			"operatorDescription" : "Replace #ifTrue: receiver with true",			"class" : "WAErrorHandler",			"operatorClass" : "ReplaceIfTrueReceiverWithTrueOperator",			"mutationStart" : 31,			"method" : "handleException:",			"mutationEnd" : 104		},		{			"operatorDescription" : "Replace #ifTrue: receiver with true",			"class" : "WAErrorHandler",			"operatorClass" : "ReplaceIfTrueReceiverWithTrueOperator",			"mutationStart" : 108,			"method" : "handleException:",			"mutationEnd" : 185		},		{			"operatorDescription" : "Remove ^",			"class" : "WAErrorHandler",			"operatorClass" : "RemoveCaretOperator",			"mutationStart" : 26,			"method" : "handleWarning:",			"mutationEnd" : 55		}	],	"testCase" : "WAErrorHandlerTest",	"unixtime" : 1602514788,	"timeTotal" : 308}