{	"targetClasses" : [		"WAFileHandler"	],	"testMethodsIgnored" : [ ],	"methodsNotProfiled" : [		"WAFileHandler class>>#default:"	],	"numberOfOriginalTestMethods" : 16,	"timeDetail" : [		"init: % 3.45 (12 seconds 349 milliseconds)",		"assertionAmplification: % 75.53 (4 minutes 30 seconds 276 milliseconds)",		"selection: % 8.57 (30 seconds 651 milliseconds)",		"inputAmplification: % 8.82 (31 seconds 566 milliseconds)",		"finalize: % 3.63 (13 seconds 2 milliseconds)"	],	"notCoveredInAmplified" : [		{			"operatorDescription" : "Remove ^",			"class" : "WAFileHandler",			"operatorClass" : "RemoveCaretOperator",			"mutationStart" : 131,			"method" : "responseForContext:",			"mutationEnd" : 217		},		{			"operatorDescription" : "Remove ^",			"class" : "WAFileHandler",			"operatorClass" : "RemoveCaretOperator",			"mutationStart" : 295,			"method" : "responseForContext:",			"mutationEnd" : 347		},		{			"operatorDescription" : "Remove ^",			"class" : "WAFileHandler class",			"operatorClass" : "RemoveCaretOperator",			"mutationStart" : 14,			"method" : "description",			"mutationEnd" : 29		},		{			"operatorDescription" : "Remove ^",			"class" : "WAFileHandler class",			"operatorClass" : "RemoveCaretOperator",			"mutationStart" : 59,			"method" : "default",			"mutationEnd" : 67		},		{			"operatorDescription" : "Replace #ifTrue: receiver with false",			"class" : "WAFileHandler class",			"operatorClass" : "ReplaceIfTrueReceiverWithFalseOperator",			"mutationStart" : 11,			"method" : "default",			"mutationEnd" : 55		},		{			"operatorDescription" : "Replace #ifTrue: receiver with true",			"class" : "WAFileHandler class",			"operatorClass" : "ReplaceIfTrueReceiverWithTrueOperator",			"mutationStart" : 11,			"method" : "default",			"mutationEnd" : 55		},		{			"operatorDescription" : "Replace #ifTrue: with #ifFalse:",			"class" : "WAFileHandler class",			"operatorClass" : "ReplaceIfTrueWithIfFalseMutantOperator",			"mutationStart" : 11,			"method" : "default",			"mutationEnd" : 55		}	],	"mutationScoreAfter" : 73,	"mutationScoreBefore" : 65,	"testAmpLoc" : 2160,	"amplifiedMethods" : [		"WAFileHandlerTest6037>>#testAddFilter_amp_A3",		"WAFileHandlerTest6037>>#testAddFilter_amp_A0",		"WAFileHandlerTest6037>>#testCopyFilters_amp_A76",		"WAFileHandlerTest6037>>#testCopyFilters_amp_A75",		"WAFileHandlerTest6037>>#testAddFilter_amp_A1",		"WAFileHandlerTest6037>>#testHandleDoesNotExist_amp_A0",		"WAFileHandlerTest6037>>#testCopyFilters_amp",		"WAFileHandlerTest6037>>#testAddFilter_amp_A2",		"WAFileHandlerTest6037>>#testHandleDoesNotExist_amp_A1"	],	"testLoc" : "58",	"amplifiedClass" : "WAFileHandlerTest6037",	"numberOfAllMutationsInOriginal" : 26,	"targetLoc" : 62,	"newCovered" : [		{			"operatorDescription" : "Remove ^",			"class" : "WAFileHandler",			"operatorClass" : "RemoveCaretOperator",			"mutationStart" : 25,			"method" : "xSendfileBaseDirectory",			"mutationEnd" : 68		},		{			"operatorDescription" : "Remove ^",			"class" : "WAFileHandler",			"operatorClass" : "RemoveCaretOperator",			"mutationStart" : 25,			"method" : "configurationComponent",			"mutationEnd" : 54		}	],	"timeBudgetFinished" : false,	"notCoveredInOriginal" : [		{			"operatorDescription" : "Remove ^",			"class" : "WAFileHandler",			"operatorClass" : "RemoveCaretOperator",			"mutationStart" : 25,			"method" : "xSendfileBaseDirectory",			"mutationEnd" : 68		},		{			"operatorDescription" : "Remove ^",			"class" : "WAFileHandler",			"operatorClass" : "RemoveCaretOperator",			"mutationStart" : 25,			"method" : "configurationComponent",			"mutationEnd" : 54		},		{			"operatorDescription" : "Remove ^",			"class" : "WAFileHandler",			"operatorClass" : "RemoveCaretOperator",			"mutationStart" : 131,			"method" : "responseForContext:",			"mutationEnd" : 217		},		{			"operatorDescription" : "Remove ^",			"class" : "WAFileHandler",			"operatorClass" : "RemoveCaretOperator",			"mutationStart" : 295,			"method" : "responseForContext:",			"mutationEnd" : 347		},		{			"operatorDescription" : "Remove ^",			"class" : "WAFileHandler class",			"operatorClass" : "RemoveCaretOperator",			"mutationStart" : 14,			"method" : "description",			"mutationEnd" : 29		},		{			"operatorDescription" : "Remove ^",			"class" : "WAFileHandler class",			"operatorClass" : "RemoveCaretOperator",			"mutationStart" : 59,			"method" : "default",			"mutationEnd" : 67		},		{			"operatorDescription" : "Replace #ifTrue: receiver with false",			"class" : "WAFileHandler class",			"operatorClass" : "ReplaceIfTrueReceiverWithFalseOperator",			"mutationStart" : 11,			"method" : "default",			"mutationEnd" : 55		},		{			"operatorDescription" : "Replace #ifTrue: receiver with true",			"class" : "WAFileHandler class",			"operatorClass" : "ReplaceIfTrueReceiverWithTrueOperator",			"mutationStart" : 11,			"method" : "default",			"mutationEnd" : 55		},		{			"operatorDescription" : "Replace #ifTrue: with #ifFalse:",			"class" : "WAFileHandler class",			"operatorClass" : "ReplaceIfTrueWithIfFalseMutantOperator",			"mutationStart" : 11,			"method" : "default",			"mutationEnd" : 55		}	],	"testCase" : "WAFileHandlerTest",	"unixtime" : 1602531113,	"timeTotal" : 357}