{	"targetClasses" : [		"WAFileMetadataLibrary"	],	"testMethodsIgnored" : [ ],	"methodsNotProfiled" : [		"WAFileMetadataLibrary>>#isFileSelector:",		"WAFileMetadataLibrary>>#mimetypeOf:",		"WAFileMetadataLibrary>>#handle:",		"WAFileMetadataLibrary>>#fileResourceOf:",		"WAFileMetadataLibrary>>#asFileAndFoldername:",		"WAFileMetadataLibrary>>#fileSizeOf:",		"WAFileMetadataLibrary>>#asFilename:",		"WAFileMetadataLibrary class>>#absolutePathFromRelative:",		"WAFileMetadataLibrary class>>#addFileAt:relativeToRootDirectory:",		"WAFileMetadataLibrary class>>#recursivelyAddAllFilesIn:relativeToRootDirectory:",		"WAFileMetadataLibrary class>>#addFileNamed:contents:",		"WAFileMetadataLibrary class>>#recursivelyAddAllFilesIn:"	],	"numberOfOriginalTestMethods" : 13,	"timeDetail" : [		"init: % 17.22 (49 minutes 44 seconds 503 milliseconds)",		"assertionAmplification: % 54.26 (2 hours 36 minutes 46 seconds 248 milliseconds)",		"selection: % 13.06 (37 minutes 44 seconds 665 milliseconds)",		"inputAmplification: % 1.43 (4 minutes 8 seconds 459 milliseconds)",		"finalize: % 14.03 (40 minutes 31 seconds 764 milliseconds)"	],	"notCoveredInAmplified" : [		{			"operatorDescription" : "Replace do block with [:each |]",			"class" : "WAFileMetadataLibrary",			"operatorClass" : "ReplaceDoBlockWithEmptyBlockOperator",			"mutationStart" : 262,			"method" : "deployFiles",			"mutationEnd" : 560		},		{			"operatorDescription" : "Replace #and: argument with [true]",			"class" : "WAFileMetadataLibrary",			"operatorClass" : "ReplaceAndArgumentWithTrueOperator",			"mutationStart" : 112,			"method" : "isFileSelector:",			"mutationEnd" : 171		},		{			"operatorDescription" : "Replace #and: receiver with true",			"class" : "WAFileMetadataLibrary",			"operatorClass" : "ReplaceAndReceiverWithTrueOperator",			"mutationStart" : 112,			"method" : "isFileSelector:",			"mutationEnd" : 171		},		{			"operatorDescription" : "Replace #and: with #bEqv:",			"class" : "WAFileMetadataLibrary",			"operatorClass" : "ReplaceAndWithEqvMutantOperator",			"mutationStart" : 112,			"method" : "isFileSelector:",			"mutationEnd" : 171		},		{			"operatorDescription" : "Replace #and: with #or:",			"class" : "WAFileMetadataLibrary",			"operatorClass" : "ReplaceAndWithOrMutantOperator",			"mutationStart" : 112,			"method" : "isFileSelector:",			"mutationEnd" : 171		},		{			"operatorDescription" : "Remove ^",			"class" : "WAFileMetadataLibrary",			"operatorClass" : "RemoveCaretOperator",			"mutationStart" : 379,			"method" : "handle:",			"mutationEnd" : 384		},		{			"operatorDescription" : "Replace #ifFalse: receiver with true",			"class" : "WAFileMetadataLibrary",			"operatorClass" : "ReplaceIfFalseReceiverWithTrueOperator",			"mutationStart" : 325,			"method" : "handle:",			"mutationEnd" : 386		},		{			"operatorDescription" : "Replace #ifTrue:ifFalse: receiver with false",			"class" : "WAFileMetadataLibrary",			"operatorClass" : "ReplaceIfTrueIfFalseReceiverWithFalseOperator",			"mutationStart" : 481,			"method" : "handle:",			"mutationEnd" : 943		},		{			"operatorDescription" : "Replace #ifTrue:ifFalse: receiver with true",			"class" : "WAFileMetadataLibrary",			"operatorClass" : "ReplaceIfTrueIfFalseReceiverWithTrueOperator",			"mutationStart" : 30,			"method" : "fileResourceOf:",			"mutationEnd" : 146		},		{			"operatorDescription" : "Remove ^",			"class" : "WAFileMetadataLibrary",			"operatorClass" : "RemoveCaretOperator",			"mutationStart" : 24,			"method" : "fileSizeOf:",			"mutationEnd" : 77		},		{			"operatorDescription" : "Remove ^",			"class" : "WAFileMetadataLibrary class",			"operatorClass" : "RemoveCaretOperator",			"mutationStart" : 335,			"method" : "absolutePathFromRelative:",			"mutationEnd" : 374		},		{			"operatorDescription" : "Replace #ifTrue: receiver with false",			"class" : "WAFileMetadataLibrary class",			"operatorClass" : "ReplaceIfTrueReceiverWithFalseOperator",			"mutationStart" : 142,			"method" : "absolutePathFromRelative:",			"mutationEnd" : 235		},		{			"operatorDescription" : "Replace #ifTrue: receiver with true",			"class" : "WAFileMetadataLibrary class",			"operatorClass" : "ReplaceIfTrueReceiverWithTrueOperator",			"mutationStart" : 142,			"method" : "absolutePathFromRelative:",			"mutationEnd" : 235		},		{			"operatorDescription" : "Replace #ifTrue: with #ifFalse:",			"class" : "WAFileMetadataLibrary class",			"operatorClass" : "ReplaceIfTrueWithIfFalseMutantOperator",			"mutationStart" : 142,			"method" : "absolutePathFromRelative:",			"mutationEnd" : 235		},		{			"operatorDescription" : "Replace #isEmpty with #notEmpty",			"class" : "WAFileMetadataLibrary class",			"operatorClass" : "ReplaceIsEmptyWithNotEmptyMutantOperator",			"mutationStart" : 142,			"method" : "absolutePathFromRelative:",			"mutationEnd" : 157		},		{			"operatorDescription" : "Replace #= with #'~='",			"class" : "WAFileMetadataLibrary class",			"operatorClass" : "ReplaceEqualWithNotEqualOperator",			"mutationStart" : 224,			"method" : "addFileAt:relativeToRootDirectory:",			"mutationEnd" : 269		},		{			"operatorDescription" : "Replace #ifTrue: receiver with false",			"class" : "WAFileMetadataLibrary class",			"operatorClass" : "ReplaceIfTrueReceiverWithFalseOperator",			"mutationStart" : 224,			"method" : "addFileAt:relativeToRootDirectory:",			"mutationEnd" : 333		},		{			"operatorDescription" : "Replace #ifTrue: receiver with true",			"class" : "WAFileMetadataLibrary class",			"operatorClass" : "ReplaceIfTrueReceiverWithTrueOperator",			"mutationStart" : 224,			"method" : "addFileAt:relativeToRootDirectory:",			"mutationEnd" : 333		},		{			"operatorDescription" : "Replace #ifTrue: with #ifFalse:",			"class" : "WAFileMetadataLibrary class",			"operatorClass" : "ReplaceIfTrueWithIfFalseMutantOperator",			"mutationStart" : 224,			"method" : "addFileAt:relativeToRootDirectory:",			"mutationEnd" : 333		},		{			"operatorDescription" : "Replace do block with [:each |]",			"class" : "WAFileMetadataLibrary class",			"operatorClass" : "ReplaceDoBlockWithEmptyBlockOperator",			"mutationStart" : 87,			"method" : "recursivelyAddAllFilesIn:relativeToRootDirectory:",			"mutationEnd" : 235		},		{			"operatorDescription" : "Replace do block with [:each |]",			"class" : "WAFileMetadataLibrary class",			"operatorClass" : "ReplaceDoBlockWithEmptyBlockOperator",			"mutationStart" : 239,			"method" : "recursivelyAddAllFilesIn:relativeToRootDirectory:",			"mutationEnd" : 366		},		{			"operatorDescription" : "Replace #ifTrue:ifFalse: receiver with false",			"class" : "WAFileMetadataLibrary class",			"operatorClass" : "ReplaceIfTrueIfFalseReceiverWithFalseOperator",			"mutationStart" : 1219,			"method" : "addFileNamed:contents:",			"mutationEnd" : 1400		},		{			"operatorDescription" : "Replace #= with #'~='",			"class" : "WAFileMetadataLibrary class",			"operatorClass" : "ReplaceEqualWithNotEqualOperator",			"mutationStart" : 216,			"method" : "recursivelyAddAllFilesIn:",			"mutationEnd" : 275		},		{			"operatorDescription" : "Replace #ifTrue:ifFalse: receiver with false",			"class" : "WAFileMetadataLibrary class",			"operatorClass" : "ReplaceIfTrueIfFalseReceiverWithFalseOperator",			"mutationStart" : 291,			"method" : "recursivelyAddAllFilesIn:",			"mutationEnd" : 389		},		{			"operatorDescription" : "Replace #ifTrue:ifFalse: receiver with true",			"class" : "WAFileMetadataLibrary class",			"operatorClass" : "ReplaceIfTrueIfFalseReceiverWithTrueOperator",			"mutationStart" : 291,			"method" : "recursivelyAddAllFilesIn:",			"mutationEnd" : 389		}	],	"mutationScoreAfter" : 39,	"mutationScoreBefore" : 46,	"testAmpLoc" : 0,	"amplifiedMethods" : [ ],	"testLoc" : "145",	"amplifiedClass" : "WAFileMetadataLibraryTest12184",	"numberOfAllMutationsInOriginal" : 41,	"targetLoc" : 180,	"newCovered" : [ ],	"timeBudgetFinished" : false,	"notCoveredInOriginal" : [		{			"operatorDescription" : "Replace do block with [:each |]",			"class" : "WAFileMetadataLibrary",			"operatorClass" : "ReplaceDoBlockWithEmptyBlockOperator",			"mutationStart" : 262,			"method" : "deployFiles",			"mutationEnd" : 560		},		{			"operatorDescription" : "Replace #and: argument with [true]",			"class" : "WAFileMetadataLibrary",			"operatorClass" : "ReplaceAndArgumentWithTrueOperator",			"mutationStart" : 112,			"method" : "isFileSelector:",			"mutationEnd" : 171		},		{			"operatorDescription" : "Replace #and: with #bEqv:",			"class" : "WAFileMetadataLibrary",			"operatorClass" : "ReplaceAndWithEqvMutantOperator",			"mutationStart" : 112,			"method" : "isFileSelector:",			"mutationEnd" : 171		},		{			"operatorDescription" : "Remove ^",			"class" : "WAFileMetadataLibrary",			"operatorClass" : "RemoveCaretOperator",			"mutationStart" : 379,			"method" : "handle:",			"mutationEnd" : 384		},		{			"operatorDescription" : "Replace #ifFalse: receiver with true",			"class" : "WAFileMetadataLibrary",			"operatorClass" : "ReplaceIfFalseReceiverWithTrueOperator",			"mutationStart" : 325,			"method" : "handle:",			"mutationEnd" : 386		},		{			"operatorDescription" : "Replace #ifTrue:ifFalse: receiver with false",			"class" : "WAFileMetadataLibrary",			"operatorClass" : "ReplaceIfTrueIfFalseReceiverWithFalseOperator",			"mutationStart" : 481,			"method" : "handle:",			"mutationEnd" : 943		},		{			"operatorDescription" : "Replace #ifTrue:ifFalse: receiver with true",			"class" : "WAFileMetadataLibrary",			"operatorClass" : "ReplaceIfTrueIfFalseReceiverWithTrueOperator",			"mutationStart" : 30,			"method" : "fileResourceOf:",			"mutationEnd" : 146		},		{			"operatorDescription" : "Remove ^",			"class" : "WAFileMetadataLibrary",			"operatorClass" : "RemoveCaretOperator",			"mutationStart" : 24,			"method" : "fileSizeOf:",			"mutationEnd" : 77		},		{			"operatorDescription" : "Remove ^",			"class" : "WAFileMetadataLibrary class",			"operatorClass" : "RemoveCaretOperator",			"mutationStart" : 335,			"method" : "absolutePathFromRelative:",			"mutationEnd" : 374		},		{			"operatorDescription" : "Replace #ifTrue: receiver with false",			"class" : "WAFileMetadataLibrary class",			"operatorClass" : "ReplaceIfTrueReceiverWithFalseOperator",			"mutationStart" : 142,			"method" : "absolutePathFromRelative:",			"mutationEnd" : 235		},		{			"operatorDescription" : "Replace #ifTrue: receiver with true",			"class" : "WAFileMetadataLibrary class",			"operatorClass" : "ReplaceIfTrueReceiverWithTrueOperator",			"mutationStart" : 142,			"method" : "absolutePathFromRelative:",			"mutationEnd" : 235		},		{			"operatorDescription" : "Replace #ifTrue: with #ifFalse:",			"class" : "WAFileMetadataLibrary class",			"operatorClass" : "ReplaceIfTrueWithIfFalseMutantOperator",			"mutationStart" : 142,			"method" : "absolutePathFromRelative:",			"mutationEnd" : 235		},		{			"operatorDescription" : "Replace #isEmpty with #notEmpty",			"class" : "WAFileMetadataLibrary class",			"operatorClass" : "ReplaceIsEmptyWithNotEmptyMutantOperator",			"mutationStart" : 142,			"method" : "absolutePathFromRelative:",			"mutationEnd" : 157		},		{			"operatorDescription" : "Replace #= with #'~='",			"class" : "WAFileMetadataLibrary class",			"operatorClass" : "ReplaceEqualWithNotEqualOperator",			"mutationStart" : 224,			"method" : "addFileAt:relativeToRootDirectory:",			"mutationEnd" : 269		},		{			"operatorDescription" : "Replace #ifTrue: receiver with false",			"class" : "WAFileMetadataLibrary class",			"operatorClass" : "ReplaceIfTrueReceiverWithFalseOperator",			"mutationStart" : 224,			"method" : "addFileAt:relativeToRootDirectory:",			"mutationEnd" : 333		},		{			"operatorDescription" : "Replace #ifTrue: receiver with true",			"class" : "WAFileMetadataLibrary class",			"operatorClass" : "ReplaceIfTrueReceiverWithTrueOperator",			"mutationStart" : 224,			"method" : "addFileAt:relativeToRootDirectory:",			"mutationEnd" : 333		},		{			"operatorDescription" : "Replace #ifTrue: with #ifFalse:",			"class" : "WAFileMetadataLibrary class",			"operatorClass" : "ReplaceIfTrueWithIfFalseMutantOperator",			"mutationStart" : 224,			"method" : "addFileAt:relativeToRootDirectory:",			"mutationEnd" : 333		},		{			"operatorDescription" : "Replace do block with [:each |]",			"class" : "WAFileMetadataLibrary class",			"operatorClass" : "ReplaceDoBlockWithEmptyBlockOperator",			"mutationStart" : 87,			"method" : "recursivelyAddAllFilesIn:relativeToRootDirectory:",			"mutationEnd" : 235		},		{			"operatorDescription" : "Replace do block with [:each |]",			"class" : "WAFileMetadataLibrary class",			"operatorClass" : "ReplaceDoBlockWithEmptyBlockOperator",			"mutationStart" : 239,			"method" : "recursivelyAddAllFilesIn:relativeToRootDirectory:",			"mutationEnd" : 366		},		{			"operatorDescription" : "Replace #= with #'~='",			"class" : "WAFileMetadataLibrary class",			"operatorClass" : "ReplaceEqualWithNotEqualOperator",			"mutationStart" : 216,			"method" : "recursivelyAddAllFilesIn:",			"mutationEnd" : 275		},		{			"operatorDescription" : "Replace #ifTrue:ifFalse: receiver with false",			"class" : "WAFileMetadataLibrary class",			"operatorClass" : "ReplaceIfTrueIfFalseReceiverWithFalseOperator",			"mutationStart" : 291,			"method" : "recursivelyAddAllFilesIn:",			"mutationEnd" : 389		},		{			"operatorDescription" : "Replace #ifTrue:ifFalse: receiver with true",			"class" : "WAFileMetadataLibrary class",			"operatorClass" : "ReplaceIfTrueIfFalseReceiverWithTrueOperator",			"mutationStart" : 291,			"method" : "recursivelyAddAllFilesIn:",			"mutationEnd" : 389		}	],	"testCase" : "WAFileMetadataLibraryTest",	"unixtime" : 1603239589,	"timeTotal" : 17335}