{	"targetClasses" : [		"WAFileLibrary"	],	"testMethodsIgnored" : [ ],	"methodsNotProfiled" : [		"WAFileLibrary>>#mimetypeOf:",		"WAFileLibrary>>#mimetypeForFile:",		"WAFileLibrary>>#handle:",		"WAFileLibrary>>#documentOf:",		"WAFileLibrary>>#fileSizeOf:",		"WAFileLibrary>>#asFilename:",		"WAFileLibrary class>>#addFileNamed:contents:"	],	"numberOfOriginalTestMethods" : 17,	"timeDetail" : [		"init: % 26.99 (50 minutes 51 seconds 529 milliseconds)",		"assertionAmplification: % 21.10 (39 minutes 45 seconds 870 milliseconds)",		"selection: % 24.24 (45 minutes 40 seconds 594 milliseconds)",		"inputAmplification: % 2.83 (5 minutes 20 seconds 4 milliseconds)",		"finalize: % 24.85 (46 minutes 49 seconds 634 milliseconds)"	],	"notCoveredInAmplified" : [		{			"operatorDescription" : "Replace do block with [:each |]",			"class" : "WAFileLibrary",			"operatorClass" : "ReplaceDoBlockWithEmptyBlockOperator",			"mutationStart" : 260,			"method" : "deployFiles",			"mutationEnd" : 405		},		{			"operatorDescription" : "Remove ^",			"class" : "WAFileLibrary",			"operatorClass" : "RemoveCaretOperator",			"mutationStart" : 199,			"method" : "handle:",			"mutationEnd" : 204		},		{			"operatorDescription" : "Replace #ifFalse: receiver with true",			"class" : "WAFileLibrary",			"operatorClass" : "ReplaceIfFalseReceiverWithTrueOperator",			"mutationStart" : 145,			"method" : "handle:",			"mutationEnd" : 206		},		{			"operatorDescription" : "Replace #ifTrue:ifFalse: receiver with false",			"class" : "WAFileLibrary",			"operatorClass" : "ReplaceIfTrueIfFalseReceiverWithFalseOperator",			"mutationStart" : 253,			"method" : "handle:",			"mutationEnd" : 711		},		{			"operatorDescription" : "Remove ^",			"class" : "WAFileLibrary",			"operatorClass" : "RemoveCaretOperator",			"mutationStart" : 22,			"method" : "fileSizeOf:",			"mutationEnd" : 51		},		{			"operatorDescription" : "Replace #ifTrue: receiver with false",			"class" : "WAFileLibrary class",			"operatorClass" : "ReplaceIfTrueReceiverWithFalseOperator",			"mutationStart" : 199,			"method" : "migrateToSeaside29",			"mutationEnd" : 389		},		{			"operatorDescription" : "Replace #ifTrue: receiver with true",			"class" : "WAFileLibrary class",			"operatorClass" : "ReplaceIfTrueReceiverWithTrueOperator",			"mutationStart" : 199,			"method" : "migrateToSeaside29",			"mutationEnd" : 389		},		{			"operatorDescription" : "Replace #ifTrue: with #ifFalse:",			"class" : "WAFileLibrary class",			"operatorClass" : "ReplaceIfTrueWithIfFalseMutantOperator",			"mutationStart" : 199,			"method" : "migrateToSeaside29",			"mutationEnd" : 389		},		{			"operatorDescription" : "Replace do block with [:each |]",			"class" : "WAFileLibrary class",			"operatorClass" : "ReplaceDoBlockWithEmptyBlockOperator",			"mutationStart" : 66,			"method" : "migrateToSeaside29",			"mutationEnd" : 391		},		{			"operatorDescription" : "Replace #> with #<",			"class" : "WAFileLibrary class",			"operatorClass" : "ReplaceGreaterWithLessMutantOperator",			"mutationStart" : 225,			"method" : "adjustForVisualWorks",			"mutationEnd" : 283		},		{			"operatorDescription" : "Replace #ifTrue: receiver with false",			"class" : "WAFileLibrary class",			"operatorClass" : "ReplaceIfTrueReceiverWithFalseOperator",			"mutationStart" : 225,			"method" : "adjustForVisualWorks",			"mutationEnd" : 420		},		{			"operatorDescription" : "Replace #ifTrue: receiver with true",			"class" : "WAFileLibrary class",			"operatorClass" : "ReplaceIfTrueReceiverWithTrueOperator",			"mutationStart" : 225,			"method" : "adjustForVisualWorks",			"mutationEnd" : 420		},		{			"operatorDescription" : "Replace #ifTrue: with #ifFalse:",			"class" : "WAFileLibrary class",			"operatorClass" : "ReplaceIfTrueWithIfFalseMutantOperator",			"mutationStart" : 225,			"method" : "adjustForVisualWorks",			"mutationEnd" : 420		},		{			"operatorDescription" : "Replace do block with [:each |]",			"class" : "WAFileLibrary class",			"operatorClass" : "ReplaceDoBlockWithEmptyBlockOperator",			"mutationStart" : 146,			"method" : "adjustForVisualWorks",			"mutationEnd" : 422		}	],	"mutationScoreAfter" : 57,	"mutationScoreBefore" : 57,	"testAmpLoc" : 0,	"amplifiedMethods" : [ ],	"testLoc" : "199",	"amplifiedClass" : "WAFileLibraryTest12194",	"numberOfAllMutationsInOriginal" : 33,	"targetLoc" : 123,	"newCovered" : [ ],	"timeBudgetFinished" : false,	"notCoveredInOriginal" : [		{			"operatorDescription" : "Replace do block with [:each |]",			"class" : "WAFileLibrary",			"operatorClass" : "ReplaceDoBlockWithEmptyBlockOperator",			"mutationStart" : 260,			"method" : "deployFiles",			"mutationEnd" : 405		},		{			"operatorDescription" : "Remove ^",			"class" : "WAFileLibrary",			"operatorClass" : "RemoveCaretOperator",			"mutationStart" : 199,			"method" : "handle:",			"mutationEnd" : 204		},		{			"operatorDescription" : "Replace #ifFalse: receiver with true",			"class" : "WAFileLibrary",			"operatorClass" : "ReplaceIfFalseReceiverWithTrueOperator",			"mutationStart" : 145,			"method" : "handle:",			"mutationEnd" : 206		},		{			"operatorDescription" : "Replace #ifTrue:ifFalse: receiver with false",			"class" : "WAFileLibrary",			"operatorClass" : "ReplaceIfTrueIfFalseReceiverWithFalseOperator",			"mutationStart" : 253,			"method" : "handle:",			"mutationEnd" : 711		},		{			"operatorDescription" : "Remove ^",			"class" : "WAFileLibrary",			"operatorClass" : "RemoveCaretOperator",			"mutationStart" : 22,			"method" : "fileSizeOf:",			"mutationEnd" : 51		},		{			"operatorDescription" : "Replace #ifTrue: receiver with false",			"class" : "WAFileLibrary class",			"operatorClass" : "ReplaceIfTrueReceiverWithFalseOperator",			"mutationStart" : 199,			"method" : "migrateToSeaside29",			"mutationEnd" : 389		},		{			"operatorDescription" : "Replace #ifTrue: receiver with true",			"class" : "WAFileLibrary class",			"operatorClass" : "ReplaceIfTrueReceiverWithTrueOperator",			"mutationStart" : 199,			"method" : "migrateToSeaside29",			"mutationEnd" : 389		},		{			"operatorDescription" : "Replace #ifTrue: with #ifFalse:",			"class" : "WAFileLibrary class",			"operatorClass" : "ReplaceIfTrueWithIfFalseMutantOperator",			"mutationStart" : 199,			"method" : "migrateToSeaside29",			"mutationEnd" : 389		},		{			"operatorDescription" : "Replace do block with [:each |]",			"class" : "WAFileLibrary class",			"operatorClass" : "ReplaceDoBlockWithEmptyBlockOperator",			"mutationStart" : 66,			"method" : "migrateToSeaside29",			"mutationEnd" : 391		},		{			"operatorDescription" : "Replace #> with #<",			"class" : "WAFileLibrary class",			"operatorClass" : "ReplaceGreaterWithLessMutantOperator",			"mutationStart" : 225,			"method" : "adjustForVisualWorks",			"mutationEnd" : 283		},		{			"operatorDescription" : "Replace #ifTrue: receiver with false",			"class" : "WAFileLibrary class",			"operatorClass" : "ReplaceIfTrueReceiverWithFalseOperator",			"mutationStart" : 225,			"method" : "adjustForVisualWorks",			"mutationEnd" : 420		},		{			"operatorDescription" : "Replace #ifTrue: receiver with true",			"class" : "WAFileLibrary class",			"operatorClass" : "ReplaceIfTrueReceiverWithTrueOperator",			"mutationStart" : 225,			"method" : "adjustForVisualWorks",			"mutationEnd" : 420		},		{			"operatorDescription" : "Replace #ifTrue: with #ifFalse:",			"class" : "WAFileLibrary class",			"operatorClass" : "ReplaceIfTrueWithIfFalseMutantOperator",			"mutationStart" : 225,			"method" : "adjustForVisualWorks",			"mutationEnd" : 420		},		{			"operatorDescription" : "Replace do block with [:each |]",			"class" : "WAFileLibrary class",			"operatorClass" : "ReplaceDoBlockWithEmptyBlockOperator",			"mutationStart" : 146,			"method" : "adjustForVisualWorks",			"mutationEnd" : 422		}	],	"testCase" : "WAFileLibraryTest",	"unixtime" : 1603256658,	"timeTotal" : 11307}