{	"targetClasses" : [		"WAFormTag"	],	"testMethodsIgnored" : [ ],	"methodsNotProfiled" : [ ],	"numberOfOriginalTestMethods" : 5,	"timeDetail" : [		"init: % 0.56 (311 milliseconds)",		"assertionAmplification: % 54.48 (30 seconds 238 milliseconds)",		"selection: % 6.93 (3 seconds 848 milliseconds)",		"inputAmplification: % 37.07 (20 seconds 576 milliseconds)",		"finalize: % 0.96 (535 milliseconds)"	],	"notCoveredInAmplified" : [		{			"operatorDescription" : "Replace #and: receiver with true",			"class" : "WAFormTag",			"operatorClass" : "ReplaceAndReceiverWithTrueOperator",			"mutationStart" : 185,			"method" : "isInternetExplorer",			"mutationEnd" : 342		},		{			"operatorDescription" : "Replace #and: with #bEqv:",			"class" : "WAFormTag",			"operatorClass" : "ReplaceAndWithEqvMutantOperator",			"mutationStart" : 185,			"method" : "isInternetExplorer",			"mutationEnd" : 342		}	],	"mutationScoreAfter" : 91,	"mutationScoreBefore" : 91,	"testAmpLoc" : 0,	"amplifiedMethods" : [ ],	"testLoc" : "50",	"amplifiedClass" : "WAFormTagTest4427",	"numberOfAllMutationsInOriginal" : 24,	"targetLoc" : 39,	"newCovered" : [		{			"operatorDescription" : "Remove ^",			"class" : "WAFormTag",			"operatorClass" : "RemoveCaretOperator",			"mutationStart" : 8,			"method" : "isGet",			"mutationEnd" : 45		}	],	"timeBudgetFinished" : false,	"notCoveredInOriginal" : [		{			"operatorDescription" : "Replace #and: receiver with true",			"class" : "WAFormTag",			"operatorClass" : "ReplaceAndReceiverWithTrueOperator",			"mutationStart" : 185,			"method" : "isInternetExplorer",			"mutationEnd" : 342		},		{			"operatorDescription" : "Replace #and: with #bEqv:",			"class" : "WAFormTag",			"operatorClass" : "ReplaceAndWithEqvMutantOperator",			"mutationStart" : 185,			"method" : "isInternetExplorer",			"mutationEnd" : 342		}	],	"testCase" : "WAFormTagTest",	"unixtime" : 1602529656,	"timeTotal" : 55}