{	"targetClasses" : [		"WAHeaderFields"	],	"testMethodsIgnored" : [ ],	"methodsNotProfiled" : [ ],	"numberOfOriginalTestMethods" : 35,	"timeDetail" : [		"init: % 0.05 (292 milliseconds)",		"assertionAmplification: % 54.21 (5 minutes 18 seconds 74 milliseconds)",		"selection: % 12.69 (1 minute 14 seconds 442 milliseconds)",		"inputAmplification: % 33.00 (3 minutes 13 seconds 608 milliseconds)",		"finalize: % 0.06 (337 milliseconds)"	],	"notCoveredInAmplified" : [		{			"operatorDescription" : "Replace #or: argument with [false]",			"class" : "WAHeaderFields",			"operatorClass" : "ReplaceOrArgumentWithFalseOperator",			"mutationStart" : 47,			"method" : "checkValue:",			"mutationEnd" : 128		}	],	"mutationScoreAfter" : 94,	"mutationScoreBefore" : 83,	"testAmpLoc" : 52,	"amplifiedMethods" : [		"WAHeaderFieldsTest9183>>#testAddAll_amp_O0_L21_L20",		"WAHeaderFieldsTest9183>>#testAtPut_amp_A6"	],	"testLoc" : "61",	"amplifiedClass" : "WAHeaderFieldsTest9183",	"numberOfAllMutationsInOriginal" : 18,	"targetLoc" : 10,	"newCovered" : [		{			"operatorDescription" : "Replace #or: receiver with false",			"class" : "WAHeaderFields",			"operatorClass" : "ReplaceOrReceiverWithFalseOperator",			"mutationStart" : 47,			"method" : "checkValue:",			"mutationEnd" : 128		},		{			"operatorDescription" : "Replace #or: with #and:",			"class" : "WAHeaderFields",			"operatorClass" : "ReplaceOrWithAndMutantOperator",			"mutationStart" : 47,			"method" : "checkValue:",			"mutationEnd" : 128		}	],	"timeBudgetFinished" : false,	"notCoveredInOriginal" : [		{			"operatorDescription" : "Replace #or: argument with [false]",			"class" : "WAHeaderFields",			"operatorClass" : "ReplaceOrArgumentWithFalseOperator",			"mutationStart" : 47,			"method" : "checkValue:",			"mutationEnd" : 128		},		{			"operatorDescription" : "Replace #or: receiver with false",			"class" : "WAHeaderFields",			"operatorClass" : "ReplaceOrReceiverWithFalseOperator",			"mutationStart" : 47,			"method" : "checkValue:",			"mutationEnd" : 128		},		{			"operatorDescription" : "Replace #or: with #and:",			"class" : "WAHeaderFields",			"operatorClass" : "ReplaceOrWithAndMutantOperator",			"mutationStart" : 47,			"method" : "checkValue:",			"mutationEnd" : 128		}	],	"testCase" : "WAHeaderFieldsTest",	"unixtime" : 1602531821,	"timeTotal" : 586}