{	"targetClasses" : [		"WAHtmlAttributes"	],	"testMethodsIgnored" : [ ],	"methodsNotProfiled" : [		"WAHtmlAttributes>>#addMedia:"	],	"numberOfOriginalTestMethods" : 8,	"timeDetail" : [		"init: % 7.53 (14 seconds 993 milliseconds)",		"assertionAmplification: % 53.92 (1 minute 47 seconds 345 milliseconds)",		"selection: % 13.49 (26 seconds 862 milliseconds)",		"inputAmplification: % 18.70 (37 seconds 232 milliseconds)",		"finalize: % 6.36 (12 seconds 653 milliseconds)"	],	"notCoveredInAmplified" : [		{			"operatorDescription" : "Replace #ifTrue:ifFalse: receiver with false",			"class" : "WAHtmlAttributes",			"operatorClass" : "ReplaceIfTrueIfFalseReceiverWithFalseOperator",			"mutationStart" : 455,			"method" : "at:append:separator:",			"mutationEnd" : 657		}	],	"mutationScoreAfter" : 94,	"mutationScoreBefore" : 94,	"testAmpLoc" : 7,	"amplifiedMethods" : [		"WAHtmlAttributesTest11642>>#testAtPut_amp_A6"	],	"testLoc" : "83",	"amplifiedClass" : "WAHtmlAttributesTest11642",	"numberOfAllMutationsInOriginal" : 19,	"targetLoc" : 40,	"newCovered" : [		{			"operatorDescription" : "Replace #ifTrue: with #ifFalse:",			"class" : "WAHtmlAttributes",			"operatorClass" : "ReplaceIfTrueWithIfFalseMutantOperator",			"mutationStart" : 363,			"method" : "at:append:separator:",			"mutationEnd" : 659		}	],	"timeBudgetFinished" : false,	"notCoveredInOriginal" : [		{			"operatorDescription" : "Replace #ifTrue:ifFalse: receiver with false",			"class" : "WAHtmlAttributes",			"operatorClass" : "ReplaceIfTrueIfFalseReceiverWithFalseOperator",			"mutationStart" : 455,			"method" : "at:append:separator:",			"mutationEnd" : 657		}	],	"testCase" : "WAHtmlAttributesTest",	"unixtime" : 1602533511,	"timeTotal" : 199}