{	"targetClasses" : [		"WAHttpVersion"	],	"testMethodsIgnored" : [ ],	"methodsNotProfiled" : [ ],	"numberOfOriginalTestMethods" : 14,	"timeDetail" : [		"init: % 2.34 (1 hour 11 minutes 23 seconds 23 milliseconds)",		"assertionAmplification: % 78.84 (1 day 16 hours 5 minutes 33 seconds 388 milliseconds)",		"selection: % 12.05 (6 hours 7 minutes 47 seconds 443 milliseconds)",		"inputAmplification: % 4.53 (2 hours 18 minutes 11 seconds 664 milliseconds)",		"finalize: % 2.24 (1 hour 8 minutes 19 seconds 15 milliseconds)"	],	"notCoveredInAmplified" : [		{			"operatorDescription" : "Replace #and: with #bEqv:",			"class" : "WAHttpVersion",			"operatorClass" : "ReplaceAndWithEqvMutantOperator",			"mutationStart" : 56,			"method" : "<",			"mutationEnd" : 119		},		{			"operatorDescription" : "Replace #or: with #bXor:",			"class" : "WAHttpVersion",			"operatorClass" : "ReplaceOrWithXorMutantOperator",			"mutationStart" : 19,			"method" : "<",			"mutationEnd" : 121		},		{			"operatorDescription" : "Replace #or: with #bXor:",			"class" : "WAHttpVersion",			"operatorClass" : "ReplaceOrWithXorMutantOperator",			"mutationStart" : 20,			"method" : "<=",			"mutationEnd" : 68		},		{			"operatorDescription" : "Replace #and: receiver with true",			"class" : "WAHttpVersion",			"operatorClass" : "ReplaceAndReceiverWithTrueOperator",			"mutationStart" : 19,			"method" : "=",			"mutationEnd" : 82		},		{			"operatorDescription" : "Replace #and: with #bEqv:",			"class" : "WAHttpVersion",			"operatorClass" : "ReplaceAndWithEqvMutantOperator",			"mutationStart" : 56,			"method" : ">",			"mutationEnd" : 119		},		{			"operatorDescription" : "Replace #or: with #bXor:",			"class" : "WAHttpVersion",			"operatorClass" : "ReplaceOrWithXorMutantOperator",			"mutationStart" : 19,			"method" : ">",			"mutationEnd" : 121		},		{			"operatorDescription" : "Replace #and: receiver with true",			"class" : "WAHttpVersion",			"operatorClass" : "ReplaceAndReceiverWithTrueOperator",			"mutationStart" : 13,			"method" : "isHttp11",			"mutationEnd" : 40		},		{			"operatorDescription" : "Replace #and: with #bEqv:",			"class" : "WAHttpVersion",			"operatorClass" : "ReplaceAndWithEqvMutantOperator",			"mutationStart" : 13,			"method" : "isHttp11",			"mutationEnd" : 40		},		{			"operatorDescription" : "Replace #or: with #bXor:",			"class" : "WAHttpVersion",			"operatorClass" : "ReplaceOrWithXorMutantOperator",			"mutationStart" : 20,			"method" : ">=",			"mutationEnd" : 68		},		{			"operatorDescription" : "Remove ^",			"class" : "WAHttpVersion",			"operatorClass" : "RemoveCaretOperator",			"mutationStart" : 7,			"method" : "hash",			"mutationEnd" : 37		},		{			"operatorDescription" : "Replace #and: receiver with true",			"class" : "WAHttpVersion",			"operatorClass" : "ReplaceAndReceiverWithTrueOperator",			"mutationStart" : 13,			"method" : "isHttp10",			"mutationEnd" : 40		},		{			"operatorDescription" : "Replace #and: with #bEqv:",			"class" : "WAHttpVersion",			"operatorClass" : "ReplaceAndWithEqvMutantOperator",			"mutationStart" : 13,			"method" : "isHttp10",			"mutationEnd" : 40		}	],	"mutationScoreAfter" : 86,	"mutationScoreBefore" : 86,	"testAmpLoc" : 0,	"amplifiedMethods" : [ ],	"testLoc" : "124",	"amplifiedClass" : "WAHttpVersionTest12107",	"numberOfAllMutationsInOriginal" : 87,	"targetLoc" : 73,	"newCovered" : [ ],	"timeBudgetFinished" : false,	"notCoveredInOriginal" : [		{			"operatorDescription" : "Replace #and: with #bEqv:",			"class" : "WAHttpVersion",			"operatorClass" : "ReplaceAndWithEqvMutantOperator",			"mutationStart" : 56,			"method" : "<",			"mutationEnd" : 119		},		{			"operatorDescription" : "Replace #or: with #bXor:",			"class" : "WAHttpVersion",			"operatorClass" : "ReplaceOrWithXorMutantOperator",			"mutationStart" : 19,			"method" : "<",			"mutationEnd" : 121		},		{			"operatorDescription" : "Replace #or: with #bXor:",			"class" : "WAHttpVersion",			"operatorClass" : "ReplaceOrWithXorMutantOperator",			"mutationStart" : 20,			"method" : "<=",			"mutationEnd" : 68		},		{			"operatorDescription" : "Replace #and: receiver with true",			"class" : "WAHttpVersion",			"operatorClass" : "ReplaceAndReceiverWithTrueOperator",			"mutationStart" : 19,			"method" : "=",			"mutationEnd" : 82		},		{			"operatorDescription" : "Replace #and: with #bEqv:",			"class" : "WAHttpVersion",			"operatorClass" : "ReplaceAndWithEqvMutantOperator",			"mutationStart" : 56,			"method" : ">",			"mutationEnd" : 119		},		{			"operatorDescription" : "Replace #or: with #bXor:",			"class" : "WAHttpVersion",			"operatorClass" : "ReplaceOrWithXorMutantOperator",			"mutationStart" : 19,			"method" : ">",			"mutationEnd" : 121		},		{			"operatorDescription" : "Replace #and: receiver with true",			"class" : "WAHttpVersion",			"operatorClass" : "ReplaceAndReceiverWithTrueOperator",			"mutationStart" : 13,			"method" : "isHttp11",			"mutationEnd" : 40		},		{			"operatorDescription" : "Replace #and: with #bEqv:",			"class" : "WAHttpVersion",			"operatorClass" : "ReplaceAndWithEqvMutantOperator",			"mutationStart" : 13,			"method" : "isHttp11",			"mutationEnd" : 40		},		{			"operatorDescription" : "Replace #or: with #bXor:",			"class" : "WAHttpVersion",			"operatorClass" : "ReplaceOrWithXorMutantOperator",			"mutationStart" : 20,			"method" : ">=",			"mutationEnd" : 68		},		{			"operatorDescription" : "Remove ^",			"class" : "WAHttpVersion",			"operatorClass" : "RemoveCaretOperator",			"mutationStart" : 7,			"method" : "hash",			"mutationEnd" : 37		},		{			"operatorDescription" : "Replace #and: receiver with true",			"class" : "WAHttpVersion",			"operatorClass" : "ReplaceAndReceiverWithTrueOperator",			"mutationStart" : 13,			"method" : "isHttp10",			"mutationEnd" : 40		},		{			"operatorDescription" : "Replace #and: with #bEqv:",			"class" : "WAHttpVersion",			"operatorClass" : "ReplaceAndWithEqvMutantOperator",			"mutationStart" : 13,			"method" : "isHttp10",			"mutationEnd" : 40		}	],	"testCase" : "WAHttpVersionTest",	"unixtime" : 1603153447,	"timeTotal" : 183074}