{	"targetClasses" : [		"WAIPSessionTrackingStrategy"	],	"testMethodsIgnored" : [ ],	"methodsNotProfiled" : [ ],	"numberOfOriginalTestMethods" : 6,	"timeDetail" : [		"init: % 0.12 (53 milliseconds)",		"assertionAmplification: % 59.93 (27 seconds 559 milliseconds)",		"selection: % 12.99 (5 seconds 973 milliseconds)",		"inputAmplification: % 26.85 (12 seconds 349 milliseconds)",		"finalize: % 0.12 (53 milliseconds)"	],	"notCoveredInAmplified" : [		{			"operatorDescription" : "Remove ^",			"class" : "WAIPSessionTrackingStrategy class",			"operatorClass" : "RemoveCaretOperator",			"mutationStart" : 13,			"method" : "isAbstract",			"mutationEnd" : 18		}	],	"mutationScoreAfter" : 50,	"mutationScoreBefore" : 50,	"testAmpLoc" : 0,	"amplifiedMethods" : [ ],	"testLoc" : "10",	"amplifiedClass" : "WAIPSessionTrackingStrategyTest1504",	"numberOfAllMutationsInOriginal" : 2,	"targetLoc" : 6,	"newCovered" : [ ],	"timeBudgetFinished" : false,	"notCoveredInOriginal" : [		{			"operatorDescription" : "Remove ^",			"class" : "WAIPSessionTrackingStrategy class",			"operatorClass" : "RemoveCaretOperator",			"mutationStart" : 13,			"method" : "isAbstract",			"mutationEnd" : 18		}	],	"testCase" : "WAIPSessionTrackingStrategyTest",	"unixtime" : 1602489004,	"timeTotal" : 45}