{	"targetClasses" : [		"WAKeyGenerator"	],	"testMethodsIgnored" : [ ],	"methodsNotProfiled" : [		"WAKeyGenerator>>#generator:",		"WAKeyGenerator>>#space:",		"WAKeyGenerator class>>#use:during:",		"WAKeyGenerator class>>#current:"	],	"numberOfOriginalTestMethods" : 1,	"timeDetail" : [		"init: % 0.35 (144 milliseconds)",		"assertionAmplification: % 64.28 (26 seconds 432 milliseconds)",		"selection: % 17.82 (7 seconds 328 milliseconds)",		"inputAmplification: % 17.32 (7 seconds 122 milliseconds)",		"finalize: % 0.23 (95 milliseconds)"	],	"notCoveredInAmplified" : [		{			"operatorDescription" : "Remove ^",			"class" : "WAKeyGenerator class",			"operatorClass" : "RemoveCaretOperator",			"mutationStart" : 96,			"method" : "use:during:",			"mutationEnd" : 139		}	],	"mutationScoreAfter" : 66,	"mutationScoreBefore" : 66,	"testAmpLoc" : 0,	"amplifiedMethods" : [ ],	"testLoc" : "11",	"amplifiedClass" : "WAKeyGeneratorTest1595",	"numberOfAllMutationsInOriginal" : 3,	"targetLoc" : 40,	"newCovered" : [ ],	"timeBudgetFinished" : false,	"notCoveredInOriginal" : [		{			"operatorDescription" : "Remove ^",			"class" : "WAKeyGenerator class",			"operatorClass" : "RemoveCaretOperator",			"mutationStart" : 96,			"method" : "use:during:",			"mutationEnd" : 139		}	],	"testCase" : "WAKeyGeneratorTest",	"unixtime" : 1602489051,	"timeTotal" : 41}