{	"targetClasses" : [		"WALocale"	],	"testMethodsIgnored" : [ ],	"methodsNotProfiled" : [		"WALocale>>#printOn:"	],	"numberOfOriginalTestMethods" : 7,	"timeDetail" : [		"init: % 0.52 (575 milliseconds)",		"assertionAmplification: % 56.74 (1 minute 2 seconds 355 milliseconds)",		"selection: % 19.13 (21 seconds 28 milliseconds)",		"inputAmplification: % 23.05 (25 seconds 334 milliseconds)",		"finalize: % 0.55 (601 milliseconds)"	],	"notCoveredInAmplified" : [		{			"operatorDescription" : "Remove ^",			"class" : "WALocale",			"operatorClass" : "RemoveCaretOperator",			"mutationStart" : 431,			"method" : "greaseString",			"mutationEnd" : 438		},		{			"operatorDescription" : "Remove ^",			"class" : "WALocale class",			"operatorClass" : "RemoveCaretOperator",			"mutationStart" : 15,			"method" : "languageList",			"mutationEnd" : 11802		},		{			"operatorDescription" : "Remove ^",			"class" : "WALocale class",			"operatorClass" : "RemoveCaretOperator",			"mutationStart" : 14,			"method" : "countryList",			"mutationEnd" : 6485		},		{			"operatorDescription" : "Replace do block with [:each |]",			"class" : "WALocale class",			"operatorClass" : "ReplaceDoBlockWithEmptyBlockOperator",			"mutationStart" : 92,			"method" : "initializeCountryList",			"mutationEnd" : 231		},		{			"operatorDescription" : "Replace #> with #<",			"class" : "WALocale class",			"operatorClass" : "ReplaceGreaterWithLessMutantOperator",			"mutationStart" : 129,			"method" : "initializeLangaugeList",			"mutationEnd" : 141		},		{			"operatorDescription" : "Replace #ifTrue:ifFalse: receiver with false",			"class" : "WALocale class",			"operatorClass" : "ReplaceIfTrueIfFalseReceiverWithFalseOperator",			"mutationStart" : 129,			"method" : "initializeLangaugeList",			"mutationEnd" : 322		},		{			"operatorDescription" : "Replace #ifTrue:ifFalse: receiver with true",			"class" : "WALocale class",			"operatorClass" : "ReplaceIfTrueIfFalseReceiverWithTrueOperator",			"mutationStart" : 129,			"method" : "initializeLangaugeList",			"mutationEnd" : 322		},		{			"operatorDescription" : "Replace do block with [:each |]",			"class" : "WALocale class",			"operatorClass" : "ReplaceDoBlockWithEmptyBlockOperator",			"mutationStart" : 95,			"method" : "initializeLangaugeList",			"mutationEnd" : 324		}	],	"mutationScoreAfter" : 78,	"mutationScoreBefore" : 78,	"testAmpLoc" : 0,	"amplifiedMethods" : [ ],	"testLoc" : "59",	"amplifiedClass" : "WALocaleTest6648",	"numberOfAllMutationsInOriginal" : 37,	"targetLoc" : 153,	"newCovered" : [ ],	"timeBudgetFinished" : false,	"notCoveredInOriginal" : [		{			"operatorDescription" : "Remove ^",			"class" : "WALocale",			"operatorClass" : "RemoveCaretOperator",			"mutationStart" : 431,			"method" : "greaseString",			"mutationEnd" : 438		},		{			"operatorDescription" : "Remove ^",			"class" : "WALocale class",			"operatorClass" : "RemoveCaretOperator",			"mutationStart" : 15,			"method" : "languageList",			"mutationEnd" : 11802		},		{			"operatorDescription" : "Remove ^",			"class" : "WALocale class",			"operatorClass" : "RemoveCaretOperator",			"mutationStart" : 14,			"method" : "countryList",			"mutationEnd" : 6485		},		{			"operatorDescription" : "Replace do block with [:each |]",			"class" : "WALocale class",			"operatorClass" : "ReplaceDoBlockWithEmptyBlockOperator",			"mutationStart" : 92,			"method" : "initializeCountryList",			"mutationEnd" : 231		},		{			"operatorDescription" : "Replace #> with #<",			"class" : "WALocale class",			"operatorClass" : "ReplaceGreaterWithLessMutantOperator",			"mutationStart" : 129,			"method" : "initializeLangaugeList",			"mutationEnd" : 141		},		{			"operatorDescription" : "Replace #ifTrue:ifFalse: receiver with false",			"class" : "WALocale class",			"operatorClass" : "ReplaceIfTrueIfFalseReceiverWithFalseOperator",			"mutationStart" : 129,			"method" : "initializeLangaugeList",			"mutationEnd" : 322		},		{			"operatorDescription" : "Replace #ifTrue:ifFalse: receiver with true",			"class" : "WALocale class",			"operatorClass" : "ReplaceIfTrueIfFalseReceiverWithTrueOperator",			"mutationStart" : 129,			"method" : "initializeLangaugeList",			"mutationEnd" : 322		},		{			"operatorDescription" : "Replace do block with [:each |]",			"class" : "WALocale class",			"operatorClass" : "ReplaceDoBlockWithEmptyBlockOperator",			"mutationStart" : 95,			"method" : "initializeLangaugeList",			"mutationEnd" : 324		}	],	"testCase" : "WALocaleTest",	"unixtime" : 1602531232,	"timeTotal" : 109}