{	"targetClasses" : [		"WAMergedRequestFields"	],	"testMethodsIgnored" : [ ],	"methodsNotProfiled" : [ ],	"numberOfOriginalTestMethods" : 16,	"timeDetail" : [		"init: % 4.26 (35 minutes 2 seconds 96 milliseconds)",		"assertionAmplification: % 70.85 (9 hours 42 minutes 53 seconds 888 milliseconds)",		"selection: % 8.99 (1 hour 13 minutes 57 seconds 40 milliseconds)",		"inputAmplification: % 12.07 (1 hour 39 minutes 15 seconds 764 milliseconds)",		"finalize: % 3.83 (31 minutes 32 seconds 684 milliseconds)"	],	"notCoveredInAmplified" : [		{			"operatorDescription" : "Remove ^",			"class" : "WAMergedRequestFields",			"operatorClass" : "RemoveCaretOperator",			"mutationStart" : 125,			"method" : "at:ifPresent:",			"mutationEnd" : 129		}	],	"mutationScoreAfter" : 96,	"mutationScoreBefore" : 96,	"testAmpLoc" : 0,	"amplifiedMethods" : [ ],	"testLoc" : "143",	"amplifiedClass" : "WAMergedRequestFieldsTest12176",	"numberOfAllMutationsInOriginal" : 31,	"targetLoc" : 56,	"newCovered" : [ ],	"timeBudgetFinished" : false,	"notCoveredInOriginal" : [		{			"operatorDescription" : "Remove ^",			"class" : "WAMergedRequestFields",			"operatorClass" : "RemoveCaretOperator",			"mutationStart" : 125,			"method" : "at:ifPresent:",			"mutationEnd" : 129		}	],	"testCase" : "WAMergedRequestFieldsTest",	"unixtime" : 1603222246,	"timeTotal" : 49361}