{	"targetClasses" : [		"WAMimeDocument"	],	"testMethodsIgnored" : [ ],	"methodsNotProfiled" : [ ],	"numberOfOriginalTestMethods" : 6,	"timeDetail" : [		"init: % 0.05 (426 milliseconds)",		"assertionAmplification: % 93.25 (14 minutes 20 seconds 168 milliseconds)",		"selection: % 3.97 (36 seconds 584 milliseconds)",		"inputAmplification: % 2.68 (24 seconds 766 milliseconds)",		"finalize: % 0.05 (441 milliseconds)"	],	"notCoveredInAmplified" : [		{			"operatorDescription" : "Remove ^",			"class" : "WAMimeDocument",			"operatorClass" : "RemoveCaretOperator",			"mutationStart" : 16,			"method" : "contentStream",			"mutationEnd" : 41		},		{			"operatorDescription" : "Remove ^",			"class" : "WAMimeDocument",			"operatorClass" : "RemoveCaretOperator",			"mutationStart" : 13,			"method" : "=",			"mutationEnd" : 184		},		{			"operatorDescription" : "Replace #= with #'~='",			"class" : "WAMimeDocument",			"operatorClass" : "ReplaceEqualWithNotEqualOperator",			"mutationStart" : 60,			"method" : "=",			"mutationEnd" : 92		},		{			"operatorDescription" : "Replace #= with #'~='",			"class" : "WAMimeDocument",			"operatorClass" : "ReplaceEqualWithNotEqualOperator",			"mutationStart" : 103,			"method" : "=",			"mutationEnd" : 135		},		{			"operatorDescription" : "Replace #= with #'~='",			"class" : "WAMimeDocument",			"operatorClass" : "ReplaceEqualWithNotEqualOperator",			"mutationStart" : 146,			"method" : "=",			"mutationEnd" : 178		},		{			"operatorDescription" : "Replace #and: argument with [true]",			"class" : "WAMimeDocument",			"operatorClass" : "ReplaceAndArgumentWithTrueOperator",			"mutationStart" : 15,			"method" : "=",			"mutationEnd" : 184		},		{			"operatorDescription" : "Replace #and: argument with [true]",			"class" : "WAMimeDocument",			"operatorClass" : "ReplaceAndArgumentWithTrueOperator",			"mutationStart" : 60,			"method" : "=",			"mutationEnd" : 182		},		{			"operatorDescription" : "Replace #and: argument with [true]",			"class" : "WAMimeDocument",			"operatorClass" : "ReplaceAndArgumentWithTrueOperator",			"mutationStart" : 103,			"method" : "=",			"mutationEnd" : 180		},		{			"operatorDescription" : "Replace #and: receiver with true",			"class" : "WAMimeDocument",			"operatorClass" : "ReplaceAndReceiverWithTrueOperator",			"mutationStart" : 15,			"method" : "=",			"mutationEnd" : 184		},		{			"operatorDescription" : "Replace #and: receiver with true",			"class" : "WAMimeDocument",			"operatorClass" : "ReplaceAndReceiverWithTrueOperator",			"mutationStart" : 60,			"method" : "=",			"mutationEnd" : 182		},		{			"operatorDescription" : "Replace #and: receiver with true",			"class" : "WAMimeDocument",			"operatorClass" : "ReplaceAndReceiverWithTrueOperator",			"mutationStart" : 103,			"method" : "=",			"mutationEnd" : 180		},		{			"operatorDescription" : "Replace #and: with #bEqv:",			"class" : "WAMimeDocument",			"operatorClass" : "ReplaceAndWithEqvMutantOperator",			"mutationStart" : 15,			"method" : "=",			"mutationEnd" : 184		},		{			"operatorDescription" : "Replace #and: with #bEqv:",			"class" : "WAMimeDocument",			"operatorClass" : "ReplaceAndWithEqvMutantOperator",			"mutationStart" : 60,			"method" : "=",			"mutationEnd" : 182		},		{			"operatorDescription" : "Replace #and: with #bEqv:",			"class" : "WAMimeDocument",			"operatorClass" : "ReplaceAndWithEqvMutantOperator",			"mutationStart" : 103,			"method" : "=",			"mutationEnd" : 180		},		{			"operatorDescription" : "Replace #and: with #nand:",			"class" : "WAMimeDocument",			"operatorClass" : "ReplaceAndWithNandMutantOperator",			"mutationStart" : 15,			"method" : "=",			"mutationEnd" : 184		},		{			"operatorDescription" : "Replace #and: with #nand:",			"class" : "WAMimeDocument",			"operatorClass" : "ReplaceAndWithNandMutantOperator",			"mutationStart" : 60,			"method" : "=",			"mutationEnd" : 182		},		{			"operatorDescription" : "Replace #and: with #nand:",			"class" : "WAMimeDocument",			"operatorClass" : "ReplaceAndWithNandMutantOperator",			"mutationStart" : 103,			"method" : "=",			"mutationEnd" : 180		},		{			"operatorDescription" : "Replace #and: with #or:",			"class" : "WAMimeDocument",			"operatorClass" : "ReplaceAndWithOrMutantOperator",			"mutationStart" : 15,			"method" : "=",			"mutationEnd" : 184		},		{			"operatorDescription" : "Replace #and: with #or:",			"class" : "WAMimeDocument",			"operatorClass" : "ReplaceAndWithOrMutantOperator",			"mutationStart" : 60,			"method" : "=",			"mutationEnd" : 182		},		{			"operatorDescription" : "Replace #and: with #or:",			"class" : "WAMimeDocument",			"operatorClass" : "ReplaceAndWithOrMutantOperator",			"mutationStart" : 103,			"method" : "=",			"mutationEnd" : 180		},		{			"operatorDescription" : "Replace #and: with false",			"class" : "WAMimeDocument",			"operatorClass" : "ReplaceAndWithFalseOperator",			"mutationStart" : 15,			"method" : "=",			"mutationEnd" : 184		},		{			"operatorDescription" : "Replace #and: with false",			"class" : "WAMimeDocument",			"operatorClass" : "ReplaceAndWithFalseOperator",			"mutationStart" : 60,			"method" : "=",			"mutationEnd" : 182		},		{			"operatorDescription" : "Replace #and: with false",			"class" : "WAMimeDocument",			"operatorClass" : "ReplaceAndWithFalseOperator",			"mutationStart" : 103,			"method" : "=",			"mutationEnd" : 180		},		{			"operatorDescription" : "Remove ^",			"class" : "WAMimeDocument class",			"operatorClass" : "RemoveCaretOperator",			"mutationStart" : 18,			"method" : "on:",			"mutationEnd" : 53		}	],	"mutationScoreAfter" : 25,	"mutationScoreBefore" : 18,	"testAmpLoc" : 310,	"amplifiedMethods" : [		"WAMimeDocumentTest3437>>#testAsMIMEDocumentByteArray_amp",		"WAMimeDocumentTest3437>>#testAsMIMEDocumentByteArray_amp_A8"	],	"testLoc" : "40",	"amplifiedClass" : "WAMimeDocumentTest3437",	"numberOfAllMutationsInOriginal" : 32,	"targetLoc" : 51,	"newCovered" : [		{			"operatorDescription" : "Remove ^",			"class" : "WAMimeDocument",			"operatorClass" : "RemoveCaretOperator",			"mutationStart" : 63,			"method" : "fileName",			"mutationEnd" : 72		},		{			"operatorDescription" : "Remove ^",			"class" : "WAMimeDocument",			"operatorClass" : "RemoveCaretOperator",			"mutationStart" : 7,			"method" : "hash",			"mutationEnd" : 86		}	],	"timeBudgetFinished" : false,	"notCoveredInOriginal" : [		{			"operatorDescription" : "Remove ^",			"class" : "WAMimeDocument",			"operatorClass" : "RemoveCaretOperator",			"mutationStart" : 16,			"method" : "contentStream",			"mutationEnd" : 41		},		{			"operatorDescription" : "Remove ^",			"class" : "WAMimeDocument",			"operatorClass" : "RemoveCaretOperator",			"mutationStart" : 13,			"method" : "=",			"mutationEnd" : 184		},		{			"operatorDescription" : "Replace #= with #'~='",			"class" : "WAMimeDocument",			"operatorClass" : "ReplaceEqualWithNotEqualOperator",			"mutationStart" : 60,			"method" : "=",			"mutationEnd" : 92		},		{			"operatorDescription" : "Replace #= with #'~='",			"class" : "WAMimeDocument",			"operatorClass" : "ReplaceEqualWithNotEqualOperator",			"mutationStart" : 103,			"method" : "=",			"mutationEnd" : 135		},		{			"operatorDescription" : "Replace #= with #'~='",			"class" : "WAMimeDocument",			"operatorClass" : "ReplaceEqualWithNotEqualOperator",			"mutationStart" : 146,			"method" : "=",			"mutationEnd" : 178		},		{			"operatorDescription" : "Replace #and: argument with [true]",			"class" : "WAMimeDocument",			"operatorClass" : "ReplaceAndArgumentWithTrueOperator",			"mutationStart" : 15,			"method" : "=",			"mutationEnd" : 184		},		{			"operatorDescription" : "Replace #and: argument with [true]",			"class" : "WAMimeDocument",			"operatorClass" : "ReplaceAndArgumentWithTrueOperator",			"mutationStart" : 60,			"method" : "=",			"mutationEnd" : 182		},		{			"operatorDescription" : "Replace #and: argument with [true]",			"class" : "WAMimeDocument",			"operatorClass" : "ReplaceAndArgumentWithTrueOperator",			"mutationStart" : 103,			"method" : "=",			"mutationEnd" : 180		},		{			"operatorDescription" : "Replace #and: receiver with true",			"class" : "WAMimeDocument",			"operatorClass" : "ReplaceAndReceiverWithTrueOperator",			"mutationStart" : 15,			"method" : "=",			"mutationEnd" : 184		},		{			"operatorDescription" : "Replace #and: receiver with true",			"class" : "WAMimeDocument",			"operatorClass" : "ReplaceAndReceiverWithTrueOperator",			"mutationStart" : 60,			"method" : "=",			"mutationEnd" : 182		},		{			"operatorDescription" : "Replace #and: receiver with true",			"class" : "WAMimeDocument",			"operatorClass" : "ReplaceAndReceiverWithTrueOperator",			"mutationStart" : 103,			"method" : "=",			"mutationEnd" : 180		},		{			"operatorDescription" : "Replace #and: with #bEqv:",			"class" : "WAMimeDocument",			"operatorClass" : "ReplaceAndWithEqvMutantOperator",			"mutationStart" : 15,			"method" : "=",			"mutationEnd" : 184		},		{			"operatorDescription" : "Replace #and: with #bEqv:",			"class" : "WAMimeDocument",			"operatorClass" : "ReplaceAndWithEqvMutantOperator",			"mutationStart" : 60,			"method" : "=",			"mutationEnd" : 182		},		{			"operatorDescription" : "Replace #and: with #bEqv:",			"class" : "WAMimeDocument",			"operatorClass" : "ReplaceAndWithEqvMutantOperator",			"mutationStart" : 103,			"method" : "=",			"mutationEnd" : 180		},		{			"operatorDescription" : "Replace #and: with #nand:",			"class" : "WAMimeDocument",			"operatorClass" : "ReplaceAndWithNandMutantOperator",			"mutationStart" : 15,			"method" : "=",			"mutationEnd" : 184		},		{			"operatorDescription" : "Replace #and: with #nand:",			"class" : "WAMimeDocument",			"operatorClass" : "ReplaceAndWithNandMutantOperator",			"mutationStart" : 60,			"method" : "=",			"mutationEnd" : 182		},		{			"operatorDescription" : "Replace #and: with #nand:",			"class" : "WAMimeDocument",			"operatorClass" : "ReplaceAndWithNandMutantOperator",			"mutationStart" : 103,			"method" : "=",			"mutationEnd" : 180		},		{			"operatorDescription" : "Replace #and: with #or:",			"class" : "WAMimeDocument",			"operatorClass" : "ReplaceAndWithOrMutantOperator",			"mutationStart" : 15,			"method" : "=",			"mutationEnd" : 184		},		{			"operatorDescription" : "Replace #and: with #or:",			"class" : "WAMimeDocument",			"operatorClass" : "ReplaceAndWithOrMutantOperator",			"mutationStart" : 60,			"method" : "=",			"mutationEnd" : 182		},		{			"operatorDescription" : "Replace #and: with #or:",			"class" : "WAMimeDocument",			"operatorClass" : "ReplaceAndWithOrMutantOperator",			"mutationStart" : 103,			"method" : "=",			"mutationEnd" : 180		},		{			"operatorDescription" : "Replace #and: with false",			"class" : "WAMimeDocument",			"operatorClass" : "ReplaceAndWithFalseOperator",			"mutationStart" : 15,			"method" : "=",			"mutationEnd" : 184		},		{			"operatorDescription" : "Replace #and: with false",			"class" : "WAMimeDocument",			"operatorClass" : "ReplaceAndWithFalseOperator",			"mutationStart" : 60,			"method" : "=",			"mutationEnd" : 182		},		{			"operatorDescription" : "Replace #and: with false",			"class" : "WAMimeDocument",			"operatorClass" : "ReplaceAndWithFalseOperator",			"mutationStart" : 103,			"method" : "=",			"mutationEnd" : 180		},		{			"operatorDescription" : "Remove ^",			"class" : "WAMimeDocument",			"operatorClass" : "RemoveCaretOperator",			"mutationStart" : 63,			"method" : "fileName",			"mutationEnd" : 72		},		{			"operatorDescription" : "Remove ^",			"class" : "WAMimeDocument",			"operatorClass" : "RemoveCaretOperator",			"mutationStart" : 7,			"method" : "hash",			"mutationEnd" : 86		},		{			"operatorDescription" : "Remove ^",			"class" : "WAMimeDocument class",			"operatorClass" : "RemoveCaretOperator",			"mutationStart" : 18,			"method" : "on:",			"mutationEnd" : 53		}	],	"testCase" : "WAMimeDocumentTest",	"unixtime" : 1602527600,	"timeTotal" : 922}