{	"targetClasses" : [		"WAMimeType"	],	"testMethodsIgnored" : [ ],	"methodsNotProfiled" : [		"WAMimeType>>#parameterAt:put:",		"WAMimeType>>#printOn:"	],	"numberOfOriginalTestMethods" : 12,	"timeDetail" : [		"init: % 3.85 (2 hours 7 seconds 285 milliseconds)",		"assertionAmplification: % 60.45 (1 day 7 hours 27 minutes 49 seconds 166 milliseconds)",		"selection: % 27.78 (14 hours 27 minutes 39 seconds 792 milliseconds)",		"inputAmplification: % 4.15 (2 hours 9 minutes 39 seconds 234 milliseconds)",		"finalize: % 3.77 (1 hour 57 minutes 38 seconds 28 milliseconds)"	],	"notCoveredInAmplified" : [		{			"operatorDescription" : "Replace #ifFalse: receiver with false",			"class" : "WAMimeType",			"operatorClass" : "ReplaceIfFalseReceiverWithFalseOperator",			"mutationStart" : 86,			"method" : "greaseString",			"mutationEnd" : 222		},		{			"operatorDescription" : "Replace #ifFalse: receiver with false",			"class" : "WAMimeType",			"operatorClass" : "ReplaceIfFalseReceiverWithFalseOperator",			"mutationStart" : 400,			"method" : "greaseString",			"mutationEnd" : 564		},		{			"operatorDescription" : "Replace #or: with #bXor:",			"class" : "WAMimeType",			"operatorClass" : "ReplaceOrWithXorMutantOperator",			"mutationStart" : 104,			"method" : "isNonStandard",			"mutationEnd" : 296		},		{			"operatorDescription" : "Replace #or: with #bXor:",			"class" : "WAMimeType",			"operatorClass" : "ReplaceOrWithXorMutantOperator",			"mutationStart" : 154,			"method" : "isNonStandard",			"mutationEnd" : 294		},		{			"operatorDescription" : "Replace #or: with #bXor:",			"class" : "WAMimeType",			"operatorClass" : "ReplaceOrWithXorMutantOperator",			"mutationStart" : 204,			"method" : "isNonStandard",			"mutationEnd" : 292		},		{			"operatorDescription" : "Replace #and: with #bEqv:",			"class" : "WAMimeType",			"operatorClass" : "ReplaceAndWithEqvMutantOperator",			"mutationStart" : 131,			"method" : "matches:",			"mutationEnd" : 260		},		{			"operatorDescription" : "Replace #or: with #bXor:",			"class" : "WAMimeType",			"operatorClass" : "ReplaceOrWithXorMutantOperator",			"mutationStart" : 131,			"method" : "matches:",			"mutationEnd" : 189		},		{			"operatorDescription" : "Replace #or: with #bXor:",			"class" : "WAMimeType",			"operatorClass" : "ReplaceOrWithXorMutantOperator",			"mutationStart" : 203,			"method" : "matches:",			"mutationEnd" : 258		},		{			"operatorDescription" : "Replace #and: receiver with true",			"class" : "WAMimeType",			"operatorClass" : "ReplaceAndReceiverWithTrueOperator",			"mutationStart" : 12,			"method" : "=",			"mutationEnd" : 105		},		{			"operatorDescription" : "Replace #and: receiver with true",			"class" : "WAMimeType",			"operatorClass" : "ReplaceAndReceiverWithTrueOperator",			"mutationStart" : 50,			"method" : "=",			"mutationEnd" : 103		},		{			"operatorDescription" : "Replace #and: with #bEqv:",			"class" : "WAMimeType",			"operatorClass" : "ReplaceAndWithEqvMutantOperator",			"mutationStart" : 12,			"method" : "=",			"mutationEnd" : 105		},		{			"operatorDescription" : "Replace #and: with #bEqv:",			"class" : "WAMimeType",			"operatorClass" : "ReplaceAndWithEqvMutantOperator",			"mutationStart" : 50,			"method" : "=",			"mutationEnd" : 103		},		{			"operatorDescription" : "Replace #ifTrue: receiver with true",			"class" : "WAMimeType",			"operatorClass" : "ReplaceIfTrueReceiverWithTrueOperator",			"mutationStart" : 136,			"method" : "isBinary",			"mutationEnd" : 245		},		{			"operatorDescription" : "Remove ^",			"class" : "WAMimeType",			"operatorClass" : "RemoveCaretOperator",			"mutationStart" : 7,			"method" : "hash",			"mutationEnd" : 44		},		{			"operatorDescription" : "Remove at:ifAbsent:",			"class" : "WAMimeType",			"operatorClass" : "RemoveAtIfAbsentOperator",			"mutationStart" : 12,			"method" : "charSet",			"mutationEnd" : 58		},		{			"operatorDescription" : "Remove ^",			"class" : "WAMimeType class",			"operatorClass" : "RemoveCaretOperator",			"mutationStart" : 687,			"method" : "fromString:",			"mutationEnd" : 719		},		{			"operatorDescription" : "Replace #ifTrue: receiver with false",			"class" : "WAMimeType class",			"operatorClass" : "ReplaceIfTrueReceiverWithFalseOperator",			"mutationStart" : 651,			"method" : "fromString:",			"mutationEnd" : 721		},		{			"operatorDescription" : "Remove ^",			"class" : "WAMimeType class",			"operatorClass" : "RemoveCaretOperator",			"mutationStart" : 11,			"method" : "textHtml",			"mutationEnd" : 41		},		{			"operatorDescription" : "Remove ^",			"class" : "WAMimeType class",			"operatorClass" : "RemoveCaretOperator",			"mutationStart" : 17,			"method" : "textJavascript",			"mutationEnd" : 53		},		{			"operatorDescription" : "Remove ^",			"class" : "WAMimeType class",			"operatorClass" : "RemoveCaretOperator",			"mutationStart" : 12,			"method" : "textPlain",			"mutationEnd" : 43		},		{			"operatorDescription" : "Remove ^",			"class" : "WAMimeType class",			"operatorClass" : "RemoveCaretOperator",			"mutationStart" : 18,			"method" : "applicationJson",			"mutationEnd" : 55		},		{			"operatorDescription" : "Remove ^",			"class" : "WAMimeType class",			"operatorClass" : "RemoveCaretOperator",			"mutationStart" : 20,			"method" : "applicationRssXml",			"mutationEnd" : 60		},		{			"operatorDescription" : "Remove ^",			"class" : "WAMimeType class",			"operatorClass" : "RemoveCaretOperator",			"mutationStart" : 10,			"method" : "textCss",			"mutationEnd" : 39		},		{			"operatorDescription" : "Remove ^",			"class" : "WAMimeType class",			"operatorClass" : "RemoveCaretOperator",			"mutationStart" : 21,			"method" : "applicationAtomXml",			"mutationEnd" : 62		},		{			"operatorDescription" : "Remove ^",			"class" : "WAMimeType class",			"operatorClass" : "RemoveCaretOperator",			"mutationStart" : 17,			"method" : "formUrlencoded",			"mutationEnd" : 71		},		{			"operatorDescription" : "Remove ^",			"class" : "WAMimeType class",			"operatorClass" : "RemoveCaretOperator",			"mutationStart" : 12,			"method" : "imageJpeg",			"mutationEnd" : 43		},		{			"operatorDescription" : "Remove ^",			"class" : "WAMimeType class",			"operatorClass" : "RemoveCaretOperator",			"mutationStart" : 25,			"method" : "applicationOctetStream",			"mutationEnd" : 70		},		{			"operatorDescription" : "Remove ^",			"class" : "WAMimeType class",			"operatorClass" : "RemoveCaretOperator",			"mutationStart" : 11,			"method" : "imagePng",			"mutationEnd" : 41		},		{			"operatorDescription" : "Remove ^",			"class" : "WAMimeType class",			"operatorClass" : "RemoveCaretOperator",			"mutationStart" : 11,			"method" : "imageGif",			"mutationEnd" : 41		}	],	"mutationScoreAfter" : 77,	"mutationScoreBefore" : 77,	"testAmpLoc" : 0,	"amplifiedMethods" : [ ],	"testLoc" : "112",	"amplifiedClass" : "WAMimeTypeTest11970",	"numberOfAllMutationsInOriginal" : 127,	"targetLoc" : 223,	"newCovered" : [ ],	"timeBudgetFinished" : false,	"notCoveredInOriginal" : [		{			"operatorDescription" : "Replace #ifFalse: receiver with false",			"class" : "WAMimeType",			"operatorClass" : "ReplaceIfFalseReceiverWithFalseOperator",			"mutationStart" : 86,			"method" : "greaseString",			"mutationEnd" : 222		},		{			"operatorDescription" : "Replace #ifFalse: receiver with false",			"class" : "WAMimeType",			"operatorClass" : "ReplaceIfFalseReceiverWithFalseOperator",			"mutationStart" : 400,			"method" : "greaseString",			"mutationEnd" : 564		},		{			"operatorDescription" : "Replace #or: with #bXor:",			"class" : "WAMimeType",			"operatorClass" : "ReplaceOrWithXorMutantOperator",			"mutationStart" : 104,			"method" : "isNonStandard",			"mutationEnd" : 296		},		{			"operatorDescription" : "Replace #or: with #bXor:",			"class" : "WAMimeType",			"operatorClass" : "ReplaceOrWithXorMutantOperator",			"mutationStart" : 154,			"method" : "isNonStandard",			"mutationEnd" : 294		},		{			"operatorDescription" : "Replace #or: with #bXor:",			"class" : "WAMimeType",			"operatorClass" : "ReplaceOrWithXorMutantOperator",			"mutationStart" : 204,			"method" : "isNonStandard",			"mutationEnd" : 292		},		{			"operatorDescription" : "Replace #and: with #bEqv:",			"class" : "WAMimeType",			"operatorClass" : "ReplaceAndWithEqvMutantOperator",			"mutationStart" : 131,			"method" : "matches:",			"mutationEnd" : 260		},		{			"operatorDescription" : "Replace #or: with #bXor:",			"class" : "WAMimeType",			"operatorClass" : "ReplaceOrWithXorMutantOperator",			"mutationStart" : 131,			"method" : "matches:",			"mutationEnd" : 189		},		{			"operatorDescription" : "Replace #or: with #bXor:",			"class" : "WAMimeType",			"operatorClass" : "ReplaceOrWithXorMutantOperator",			"mutationStart" : 203,			"method" : "matches:",			"mutationEnd" : 258		},		{			"operatorDescription" : "Replace #and: receiver with true",			"class" : "WAMimeType",			"operatorClass" : "ReplaceAndReceiverWithTrueOperator",			"mutationStart" : 12,			"method" : "=",			"mutationEnd" : 105		},		{			"operatorDescription" : "Replace #and: receiver with true",			"class" : "WAMimeType",			"operatorClass" : "ReplaceAndReceiverWithTrueOperator",			"mutationStart" : 50,			"method" : "=",			"mutationEnd" : 103		},		{			"operatorDescription" : "Replace #and: with #bEqv:",			"class" : "WAMimeType",			"operatorClass" : "ReplaceAndWithEqvMutantOperator",			"mutationStart" : 12,			"method" : "=",			"mutationEnd" : 105		},		{			"operatorDescription" : "Replace #and: with #bEqv:",			"class" : "WAMimeType",			"operatorClass" : "ReplaceAndWithEqvMutantOperator",			"mutationStart" : 50,			"method" : "=",			"mutationEnd" : 103		},		{			"operatorDescription" : "Replace #ifTrue: receiver with true",			"class" : "WAMimeType",			"operatorClass" : "ReplaceIfTrueReceiverWithTrueOperator",			"mutationStart" : 136,			"method" : "isBinary",			"mutationEnd" : 245		},		{			"operatorDescription" : "Remove ^",			"class" : "WAMimeType",			"operatorClass" : "RemoveCaretOperator",			"mutationStart" : 7,			"method" : "hash",			"mutationEnd" : 44		},		{			"operatorDescription" : "Remove at:ifAbsent:",			"class" : "WAMimeType",			"operatorClass" : "RemoveAtIfAbsentOperator",			"mutationStart" : 12,			"method" : "charSet",			"mutationEnd" : 58		},		{			"operatorDescription" : "Remove ^",			"class" : "WAMimeType class",			"operatorClass" : "RemoveCaretOperator",			"mutationStart" : 687,			"method" : "fromString:",			"mutationEnd" : 719		},		{			"operatorDescription" : "Replace #ifTrue: receiver with false",			"class" : "WAMimeType class",			"operatorClass" : "ReplaceIfTrueReceiverWithFalseOperator",			"mutationStart" : 651,			"method" : "fromString:",			"mutationEnd" : 721		},		{			"operatorDescription" : "Remove ^",			"class" : "WAMimeType class",			"operatorClass" : "RemoveCaretOperator",			"mutationStart" : 11,			"method" : "textHtml",			"mutationEnd" : 41		},		{			"operatorDescription" : "Remove ^",			"class" : "WAMimeType class",			"operatorClass" : "RemoveCaretOperator",			"mutationStart" : 17,			"method" : "textJavascript",			"mutationEnd" : 53		},		{			"operatorDescription" : "Remove ^",			"class" : "WAMimeType class",			"operatorClass" : "RemoveCaretOperator",			"mutationStart" : 12,			"method" : "textPlain",			"mutationEnd" : 43		},		{			"operatorDescription" : "Remove ^",			"class" : "WAMimeType class",			"operatorClass" : "RemoveCaretOperator",			"mutationStart" : 18,			"method" : "applicationJson",			"mutationEnd" : 55		},		{			"operatorDescription" : "Remove ^",			"class" : "WAMimeType class",			"operatorClass" : "RemoveCaretOperator",			"mutationStart" : 20,			"method" : "applicationRssXml",			"mutationEnd" : 60		},		{			"operatorDescription" : "Remove ^",			"class" : "WAMimeType class",			"operatorClass" : "RemoveCaretOperator",			"mutationStart" : 10,			"method" : "textCss",			"mutationEnd" : 39		},		{			"operatorDescription" : "Remove ^",			"class" : "WAMimeType class",			"operatorClass" : "RemoveCaretOperator",			"mutationStart" : 21,			"method" : "applicationAtomXml",			"mutationEnd" : 62		},		{			"operatorDescription" : "Remove ^",			"class" : "WAMimeType class",			"operatorClass" : "RemoveCaretOperator",			"mutationStart" : 17,			"method" : "formUrlencoded",			"mutationEnd" : 71		},		{			"operatorDescription" : "Remove ^",			"class" : "WAMimeType class",			"operatorClass" : "RemoveCaretOperator",			"mutationStart" : 12,			"method" : "imageJpeg",			"mutationEnd" : 43		},		{			"operatorDescription" : "Remove ^",			"class" : "WAMimeType class",			"operatorClass" : "RemoveCaretOperator",			"mutationStart" : 25,			"method" : "applicationOctetStream",			"mutationEnd" : 70		},		{			"operatorDescription" : "Remove ^",			"class" : "WAMimeType class",			"operatorClass" : "RemoveCaretOperator",			"mutationStart" : 11,			"method" : "imagePng",			"mutationEnd" : 41		},		{			"operatorDescription" : "Remove ^",			"class" : "WAMimeType class",			"operatorClass" : "RemoveCaretOperator",			"mutationStart" : 11,			"method" : "imageGif",			"mutationEnd" : 41		}	],	"testCase" : "WAMimeTypeTest",	"unixtime" : 1602969885,	"timeTotal" : 187373}