{	"targetClasses" : [		"WAMutex"	],	"testMethodsIgnored" : [ ],	"methodsNotProfiled" : [ ],	"numberOfOriginalTestMethods" : 6,	"timeDetail" : [		"init: % 0.04 (10 seconds 689 milliseconds)",		"assertionAmplification: % 89.07 (6 hours 11 minutes 22 seconds 658 milliseconds)",		"selection: % 1.64 (6 minutes 50 seconds 755 milliseconds)",		"inputAmplification: % 7.78 (32 minutes 25 seconds 714 milliseconds)",		"finalize: % 1.46 (6 minutes 5 seconds 803 milliseconds)"	],	"notCoveredInAmplified" : [		{			"operatorDescription" : "Replace #ifFalse: receiver with false",			"class" : "WAMutex",			"operatorClass" : "ReplaceIfFalseReceiverWithFalseOperator",			"mutationStart" : 42,			"method" : "terminateOwner",			"mutationEnd" : 100		}	],	"mutationScoreAfter" : 88,	"mutationScoreBefore" : 88,	"testAmpLoc" : 0,	"amplifiedMethods" : [ ],	"testLoc" : "101",	"amplifiedClass" : "WAMutexTest11676",	"numberOfAllMutationsInOriginal" : 9,	"targetLoc" : 23,	"newCovered" : [		{			"operatorDescription" : "Remove ^",			"class" : "WAMutex",			"operatorClass" : "RemoveCaretOperator",			"mutationStart" : 69,			"method" : "critical:",			"mutationEnd" : 226		}	],	"timeBudgetFinished" : false,	"notCoveredInOriginal" : [		{			"operatorDescription" : "Replace #ifFalse: receiver with false",			"class" : "WAMutex",			"operatorClass" : "ReplaceIfFalseReceiverWithFalseOperator",			"mutationStart" : 42,			"method" : "terminateOwner",			"mutationEnd" : 100		}	],	"testCase" : "WAMutexTest",	"unixtime" : 1602558542,	"timeTotal" : 25015}