{	"targetClasses" : [		"WAPharoEncoder"	],	"testMethodsIgnored" : [ ],	"methodsNotProfiled" : [		"WAPharoEncoder>>#basicNextPutAll:",		"WAPharoEncoder>>#nextPutAllFast:",		"WAPharoEncoder>>#greaseNext:putAllFast:startingAt:",		"WAPharoEncoder>>#nextPut:",		"WAPharoEncoder>>#initializeOn:table:delegate:",		"WAPharoEncoder>>#greaseNext:putAll:startingAt:",		"WAPharoEncoder>>#includesUnsafeCharacter:",		"WAPharoEncoder>>#nextPutAll:",		"WAPharoEncoder>>#basicNextPut:",		"WAPharoEncoder class>>#delegateOn:",		"WAPharoEncoder class>>#on:",		"WAPharoEncoder class>>#on:codec:"	],	"numberOfOriginalTestMethods" : 14,	"timeDetail" : [		"init: % 0.47 (1 second 80 milliseconds)",		"assertionAmplification: % 50.01 (1 minute 54 seconds 463 milliseconds)",		"selection: % 16.31 (37 seconds 336 milliseconds)",		"inputAmplification: % 32.64 (1 minute 14 seconds 708 milliseconds)",		"finalize: % 0.56 (1 second 272 milliseconds)"	],	"notCoveredInAmplified" : [		{			"operatorDescription" : "Replace #- with #+",			"class" : "WAPharoEncoder",			"operatorClass" : "ReplaceMinusWithPlusMutantOperator",			"mutationStart" : 614,			"method" : "nextPutAllFast:",			"mutationEnd" : 641		},		{			"operatorDescription" : "Replace #ifTrue: receiver with true",			"class" : "WAPharoEncoder",			"operatorClass" : "ReplaceIfTrueReceiverWithTrueOperator",			"mutationStart" : 227,			"method" : "nextPutAllFast:",			"mutationEnd" : 345		},		{			"operatorDescription" : "Replace #'>=' with #=",			"class" : "WAPharoEncoder",			"operatorClass" : "ReplaceGreaterOrEqualWithEqualMutantOperator",			"mutationStart" : 888,			"method" : "greaseNext:putAllFast:startingAt:",			"mutationEnd" : 924		},		{			"operatorDescription" : "Replace #'>=' with #=",			"class" : "WAPharoEncoder",			"operatorClass" : "ReplaceGreaterOrEqualWithEqualMutantOperator",			"mutationStart" : 944,			"method" : "greaseNext:putAllFast:startingAt:",			"mutationEnd" : 980		},		{			"operatorDescription" : "Replace #'>=' with #>",			"class" : "WAPharoEncoder",			"operatorClass" : "ReplaceGreaterOrEqualWithGreaterMutantOperator",			"mutationStart" : 370,			"method" : "greaseNext:putAllFast:startingAt:",			"mutationEnd" : 406		},		{			"operatorDescription" : "Replace #'>=' with #>",			"class" : "WAPharoEncoder",			"operatorClass" : "ReplaceGreaterOrEqualWithGreaterMutantOperator",			"mutationStart" : 944,			"method" : "greaseNext:putAllFast:startingAt:",			"mutationEnd" : 980		},		{			"operatorDescription" : "Replace #+ with #-",			"class" : "WAPharoEncoder",			"operatorClass" : "ReplacePlusWithMinusMutantOperator",			"mutationStart" : 442,			"method" : "greaseNext:putAllFast:startingAt:",			"mutationEnd" : 479		},		{			"operatorDescription" : "Replace #+ with #-",			"class" : "WAPharoEncoder",			"operatorClass" : "ReplacePlusWithMinusMutantOperator",			"mutationStart" : 442,			"method" : "greaseNext:putAllFast:startingAt:",			"mutationEnd" : 463		},		{			"operatorDescription" : "Replace #ifFalse: receiver with false",			"class" : "WAPharoEncoder",			"operatorClass" : "ReplaceIfFalseReceiverWithFalseOperator",			"mutationStart" : 944,			"method" : "greaseNext:putAllFast:startingAt:",			"mutationEnd" : 1091		},		{			"operatorDescription" : "Replace #ifTrue: receiver with true",			"class" : "WAPharoEncoder",			"operatorClass" : "ReplaceIfTrueReceiverWithTrueOperator",			"mutationStart" : 528,			"method" : "greaseNext:putAllFast:startingAt:",			"mutationEnd" : 646		},		{			"operatorDescription" : "Replace #or: with #bXor:",			"class" : "WAPharoEncoder",			"operatorClass" : "ReplaceOrWithXorMutantOperator",			"mutationStart" : 214,			"method" : "greaseNext:putAllFast:startingAt:",			"mutationEnd" : 273		},		{			"operatorDescription" : "Replace #or: with #bXor:",			"class" : "WAPharoEncoder",			"operatorClass" : "ReplaceOrWithXorMutantOperator",			"mutationStart" : 867,			"method" : "greaseNext:putAllFast:startingAt:",			"mutationEnd" : 927		},		{			"operatorDescription" : "Replace #ifTrue:ifFalse: receiver with true",			"class" : "WAPharoEncoder",			"operatorClass" : "ReplaceIfTrueIfFalseReceiverWithTrueOperator",			"mutationStart" : 67,			"method" : "greaseNext:putAll:startingAt:",			"mutationEnd" : 267		},		{			"operatorDescription" : "Replace #ifTrue:ifFalse: receiver with false",			"class" : "WAPharoEncoder",			"operatorClass" : "ReplaceIfTrueIfFalseReceiverWithFalseOperator",			"mutationStart" : 22,			"method" : "nextPutAll:",			"mutationEnd" : 167		}	],	"mutationScoreAfter" : 79,	"mutationScoreBefore" : 73,	"testAmpLoc" : 39,	"amplifiedMethods" : [		"WAPharoEncoderTest5590>>#testGreaseNextPutAllStartingAt_amp_U1",		"WAPharoEncoderTest5590>>#testGreaseNextPutAllStartingAt_amp_L3",		"WAPharoEncoderTest5590>>#testGreaseNextPutAllStartingAt_amp_L4"	],	"testLoc" : "54",	"amplifiedClass" : "WAPharoEncoderTest5590",	"numberOfAllMutationsInOriginal" : 67,	"targetLoc" : 74,	"newCovered" : [		{			"operatorDescription" : "Remove ^",			"class" : "WAPharoEncoder",			"operatorClass" : "RemoveCaretOperator",			"mutationStart" : 421,			"method" : "greaseNext:putAllFast:startingAt:",			"mutationEnd" : 521		},		{			"operatorDescription" : "Replace #'>=' with #=",			"class" : "WAPharoEncoder",			"operatorClass" : "ReplaceGreaterOrEqualWithEqualMutantOperator",			"mutationStart" : 370,			"method" : "greaseNext:putAllFast:startingAt:",			"mutationEnd" : 406		},		{			"operatorDescription" : "Replace #- with #+",			"class" : "WAPharoEncoder",			"operatorClass" : "ReplaceMinusWithPlusMutantOperator",			"mutationStart" : 442,			"method" : "greaseNext:putAllFast:startingAt:",			"mutationEnd" : 475		},		{			"operatorDescription" : "Replace #ifTrue: receiver with false",			"class" : "WAPharoEncoder",			"operatorClass" : "ReplaceIfTrueReceiverWithFalseOperator",			"mutationStart" : 370,			"method" : "greaseNext:putAllFast:startingAt:",			"mutationEnd" : 523		}	],	"timeBudgetFinished" : false,	"notCoveredInOriginal" : [		{			"operatorDescription" : "Replace #- with #+",			"class" : "WAPharoEncoder",			"operatorClass" : "ReplaceMinusWithPlusMutantOperator",			"mutationStart" : 614,			"method" : "nextPutAllFast:",			"mutationEnd" : 641		},		{			"operatorDescription" : "Replace #ifTrue: receiver with true",			"class" : "WAPharoEncoder",			"operatorClass" : "ReplaceIfTrueReceiverWithTrueOperator",			"mutationStart" : 227,			"method" : "nextPutAllFast:",			"mutationEnd" : 345		},		{			"operatorDescription" : "Remove ^",			"class" : "WAPharoEncoder",			"operatorClass" : "RemoveCaretOperator",			"mutationStart" : 421,			"method" : "greaseNext:putAllFast:startingAt:",			"mutationEnd" : 521		},		{			"operatorDescription" : "Replace #'>=' with #=",			"class" : "WAPharoEncoder",			"operatorClass" : "ReplaceGreaterOrEqualWithEqualMutantOperator",			"mutationStart" : 370,			"method" : "greaseNext:putAllFast:startingAt:",			"mutationEnd" : 406		},		{			"operatorDescription" : "Replace #'>=' with #=",			"class" : "WAPharoEncoder",			"operatorClass" : "ReplaceGreaterOrEqualWithEqualMutantOperator",			"mutationStart" : 888,			"method" : "greaseNext:putAllFast:startingAt:",			"mutationEnd" : 924		},		{			"operatorDescription" : "Replace #'>=' with #=",			"class" : "WAPharoEncoder",			"operatorClass" : "ReplaceGreaterOrEqualWithEqualMutantOperator",			"mutationStart" : 944,			"method" : "greaseNext:putAllFast:startingAt:",			"mutationEnd" : 980		},		{			"operatorDescription" : "Replace #'>=' with #>",			"class" : "WAPharoEncoder",			"operatorClass" : "ReplaceGreaterOrEqualWithGreaterMutantOperator",			"mutationStart" : 370,			"method" : "greaseNext:putAllFast:startingAt:",			"mutationEnd" : 406		},		{			"operatorDescription" : "Replace #'>=' with #>",			"class" : "WAPharoEncoder",			"operatorClass" : "ReplaceGreaterOrEqualWithGreaterMutantOperator",			"mutationStart" : 944,			"method" : "greaseNext:putAllFast:startingAt:",			"mutationEnd" : 980		},		{			"operatorDescription" : "Replace #+ with #-",			"class" : "WAPharoEncoder",			"operatorClass" : "ReplacePlusWithMinusMutantOperator",			"mutationStart" : 442,			"method" : "greaseNext:putAllFast:startingAt:",			"mutationEnd" : 479		},		{			"operatorDescription" : "Replace #+ with #-",			"class" : "WAPharoEncoder",			"operatorClass" : "ReplacePlusWithMinusMutantOperator",			"mutationStart" : 442,			"method" : "greaseNext:putAllFast:startingAt:",			"mutationEnd" : 463		},		{			"operatorDescription" : "Replace #- with #+",			"class" : "WAPharoEncoder",			"operatorClass" : "ReplaceMinusWithPlusMutantOperator",			"mutationStart" : 442,			"method" : "greaseNext:putAllFast:startingAt:",			"mutationEnd" : 475		},		{			"operatorDescription" : "Replace #ifFalse: receiver with false",			"class" : "WAPharoEncoder",			"operatorClass" : "ReplaceIfFalseReceiverWithFalseOperator",			"mutationStart" : 944,			"method" : "greaseNext:putAllFast:startingAt:",			"mutationEnd" : 1091		},		{			"operatorDescription" : "Replace #ifTrue: receiver with false",			"class" : "WAPharoEncoder",			"operatorClass" : "ReplaceIfTrueReceiverWithFalseOperator",			"mutationStart" : 370,			"method" : "greaseNext:putAllFast:startingAt:",			"mutationEnd" : 523		},		{			"operatorDescription" : "Replace #ifTrue: receiver with true",			"class" : "WAPharoEncoder",			"operatorClass" : "ReplaceIfTrueReceiverWithTrueOperator",			"mutationStart" : 528,			"method" : "greaseNext:putAllFast:startingAt:",			"mutationEnd" : 646		},		{			"operatorDescription" : "Replace #or: with #bXor:",			"class" : "WAPharoEncoder",			"operatorClass" : "ReplaceOrWithXorMutantOperator",			"mutationStart" : 214,			"method" : "greaseNext:putAllFast:startingAt:",			"mutationEnd" : 273		},		{			"operatorDescription" : "Replace #or: with #bXor:",			"class" : "WAPharoEncoder",			"operatorClass" : "ReplaceOrWithXorMutantOperator",			"mutationStart" : 867,			"method" : "greaseNext:putAllFast:startingAt:",			"mutationEnd" : 927		},		{			"operatorDescription" : "Replace #ifTrue:ifFalse: receiver with true",			"class" : "WAPharoEncoder",			"operatorClass" : "ReplaceIfTrueIfFalseReceiverWithTrueOperator",			"mutationStart" : 67,			"method" : "greaseNext:putAll:startingAt:",			"mutationEnd" : 267		},		{			"operatorDescription" : "Replace #ifTrue:ifFalse: receiver with false",			"class" : "WAPharoEncoder",			"operatorClass" : "ReplaceIfTrueIfFalseReceiverWithFalseOperator",			"mutationStart" : 22,			"method" : "nextPutAll:",			"mutationEnd" : 167		}	],	"testCase" : "WAPharoEncoderTest",	"unixtime" : 1602530751,	"timeTotal" : 228}