{	"targetClasses" : [		"WARenderContext"	],	"testMethodsIgnored" : [ ],	"methodsNotProfiled" : [		"WARenderContext>>#actionBaseUrl:",		"WARenderContext>>#addHaloVisitor:",		"WARenderContext>>#urlForDocument:mimeType:fileName:",		"WARenderContext>>#document:during:",		"WARenderContext>>#urlForDocument:",		"WARenderContext>>#actionUrl:",		"WARenderContext>>#urlForDocument:mimeType:",		"WARenderContext>>#visitor:",		"WARenderContext>>#callbackAt:",		"WARenderContext>>#document:"	],	"numberOfOriginalTestMethods" : 2,	"timeDetail" : [		"init: % 42.67 (396 milliseconds)",		"assertionAmplification: % 12.50 (116 milliseconds)",		"selection: % 0.00 (0 seconds)",		"inputAmplification: % 0.00 (0 seconds)",		"finalize: % 44.83 (416 milliseconds)"	],	"notCoveredInAmplified" : [		{			"operatorDescription" : "Remove ^",			"class" : "WARenderContext",			"operatorClass" : "RemoveCaretOperator",			"mutationStart" : 174,			"method" : "urlForDocument:mimeType:fileName:",			"mutationEnd" : 220		},		{			"operatorDescription" : "Remove ^",			"class" : "WARenderContext",			"operatorClass" : "RemoveCaretOperator",			"mutationStart" : 17,			"method" : "defaultVisitor",			"mutationEnd" : 47		},		{			"operatorDescription" : "Remove ^",			"class" : "WARenderContext",			"operatorClass" : "RemoveCaretOperator",			"mutationStart" : 10,			"method" : "visitor",			"mutationEnd" : 60		},		{			"operatorDescription" : "Remove ^",			"class" : "WARenderContext",			"operatorClass" : "RemoveCaretOperator",			"mutationStart" : 46,			"method" : "properties",			"mutationEnd" : 105		},		{			"operatorDescription" : "Remove ^",			"class" : "WARenderContext",			"operatorClass" : "RemoveCaretOperator",			"mutationStart" : 27,			"method" : "urlForDocument:",			"mutationEnd" : 71		},		{			"operatorDescription" : "Remove ^",			"class" : "WARenderContext",			"operatorClass" : "RemoveCaretOperator",			"mutationStart" : 15,			"method" : "halosEnabled",			"mutationEnd" : 69		},		{			"operatorDescription" : "Remove at:ifAbsent:",			"class" : "WARenderContext",			"operatorClass" : "RemoveAtIfAbsentOperator",			"mutationStart" : 17,			"method" : "halosEnabled",			"mutationEnd" : 69		},		{			"operatorDescription" : "Remove ^",			"class" : "WARenderContext",			"operatorClass" : "RemoveCaretOperator",			"mutationStart" : 72,			"method" : "actionUrl",			"mutationEnd" : 82		},		{			"operatorDescription" : "Remove ^",			"class" : "WARenderContext",			"operatorClass" : "RemoveCaretOperator",			"mutationStart" : 48,			"method" : "urlForDocument:mimeType:",			"mutationEnd" : 113		},		{			"operatorDescription" : "Remove ^",			"class" : "WARenderContext",			"operatorClass" : "RemoveCaretOperator",			"mutationStart" : 82,			"method" : "actionBaseUrl",			"mutationEnd" : 96		},		{			"operatorDescription" : "Remove ^",			"class" : "WARenderContext",			"operatorClass" : "RemoveCaretOperator",			"mutationStart" : 122,			"method" : "callbackAt:",			"mutationEnd" : 158		},		{			"operatorDescription" : "Remove at:ifAbsent:",			"class" : "WARenderContext",			"operatorClass" : "RemoveAtIfAbsentOperator",			"mutationStart" : 124,			"method" : "callbackAt:",			"mutationEnd" : 158		},		{			"operatorDescription" : "Remove ^",			"class" : "WARenderContext",			"operatorClass" : "RemoveCaretOperator",			"mutationStart" : 44,			"method" : "document",			"mutationEnd" : 53		},		{			"operatorDescription" : "Remove ^",			"class" : "WARenderContext",			"operatorClass" : "RemoveCaretOperator",			"mutationStart" : 12,			"method" : "callbacks",			"mutationEnd" : 22		}	],	"mutationScoreAfter" : 53,	"mutationScoreBefore" : 53,	"testAmpLoc" : 0,	"amplifiedMethods" : [ ],	"testLoc" : "26",	"amplifiedClass" : "WARenderContextTest2184",	"numberOfAllMutationsInOriginal" : 30,	"targetLoc" : 79,	"newCovered" : [ ],	"timeBudgetFinished" : false,	"notCoveredInOriginal" : [		{			"operatorDescription" : "Remove ^",			"class" : "WARenderContext",			"operatorClass" : "RemoveCaretOperator",			"mutationStart" : 174,			"method" : "urlForDocument:mimeType:fileName:",			"mutationEnd" : 220		},		{			"operatorDescription" : "Remove ^",			"class" : "WARenderContext",			"operatorClass" : "RemoveCaretOperator",			"mutationStart" : 17,			"method" : "defaultVisitor",			"mutationEnd" : 47		},		{			"operatorDescription" : "Remove ^",			"class" : "WARenderContext",			"operatorClass" : "RemoveCaretOperator",			"mutationStart" : 10,			"method" : "visitor",			"mutationEnd" : 60		},		{			"operatorDescription" : "Remove ^",			"class" : "WARenderContext",			"operatorClass" : "RemoveCaretOperator",			"mutationStart" : 46,			"method" : "properties",			"mutationEnd" : 105		},		{			"operatorDescription" : "Remove ^",			"class" : "WARenderContext",			"operatorClass" : "RemoveCaretOperator",			"mutationStart" : 27,			"method" : "urlForDocument:",			"mutationEnd" : 71		},		{			"operatorDescription" : "Remove ^",			"class" : "WARenderContext",			"operatorClass" : "RemoveCaretOperator",			"mutationStart" : 15,			"method" : "halosEnabled",			"mutationEnd" : 69		},		{			"operatorDescription" : "Remove at:ifAbsent:",			"class" : "WARenderContext",			"operatorClass" : "RemoveAtIfAbsentOperator",			"mutationStart" : 17,			"method" : "halosEnabled",			"mutationEnd" : 69		},		{			"operatorDescription" : "Remove ^",			"class" : "WARenderContext",			"operatorClass" : "RemoveCaretOperator",			"mutationStart" : 72,			"method" : "actionUrl",			"mutationEnd" : 82		},		{			"operatorDescription" : "Remove ^",			"class" : "WARenderContext",			"operatorClass" : "RemoveCaretOperator",			"mutationStart" : 48,			"method" : "urlForDocument:mimeType:",			"mutationEnd" : 113		},		{			"operatorDescription" : "Remove ^",			"class" : "WARenderContext",			"operatorClass" : "RemoveCaretOperator",			"mutationStart" : 82,			"method" : "actionBaseUrl",			"mutationEnd" : 96		},		{			"operatorDescription" : "Remove ^",			"class" : "WARenderContext",			"operatorClass" : "RemoveCaretOperator",			"mutationStart" : 122,			"method" : "callbackAt:",			"mutationEnd" : 158		},		{			"operatorDescription" : "Remove at:ifAbsent:",			"class" : "WARenderContext",			"operatorClass" : "RemoveAtIfAbsentOperator",			"mutationStart" : 124,			"method" : "callbackAt:",			"mutationEnd" : 158		},		{			"operatorDescription" : "Remove ^",			"class" : "WARenderContext",			"operatorClass" : "RemoveCaretOperator",			"mutationStart" : 44,			"method" : "document",			"mutationEnd" : 53		},		{			"operatorDescription" : "Remove ^",			"class" : "WARenderContext",			"operatorClass" : "RemoveCaretOperator",			"mutationStart" : 12,			"method" : "callbacks",			"mutationEnd" : 22		}	],	"testCase" : "WARenderContextTest",	"unixtime" : 1602514477,	"timeTotal" : 0}