{	"targetClasses" : [		"WARequest"	],	"testMethodsIgnored" : [ ],	"methodsNotProfiled" : [		"WARequest>>#setSslSessionId:",		"WARequest>>#cookiesAt:",		"WARequest>>#cookieAt:",		"WARequest>>#includesKey:",		"WARequest>>#at:",		"WARequest>>#bodyDecodeUsing:",		"WARequest>>#setCookies:",		"WARequest>>#setRemoteAddress:",		"WARequest>>#at:ifAbsent:",		"WARequest>>#printOn:",		"WARequest>>#version:",		"WARequest>>#at:ifPresent:"	],	"numberOfOriginalTestMethods" : 8,	"timeDetail" : [		"init: % 1.21 (13 seconds 430 milliseconds)",		"assertionAmplification: % 71.12 (13 minutes 6 seconds 326 milliseconds)",		"selection: % 13.90 (2 minutes 33 seconds 718 milliseconds)",		"inputAmplification: % 11.23 (2 minutes 4 seconds 211 milliseconds)",		"finalize: % 2.52 (27 seconds 890 milliseconds)"	],	"notCoveredInAmplified" : [		{			"operatorDescription" : "Remove ^",			"class" : "WARequest",			"operatorClass" : "RemoveCaretOperator",			"mutationStart" : 316,			"method" : "bodyDecoded",			"mutationEnd" : 478		},		{			"operatorDescription" : "Replace #ifFalse: receiver with true",			"class" : "WARequest",			"operatorClass" : "ReplaceIfFalseReceiverWithTrueOperator",			"mutationStart" : 263,			"method" : "bodyDecoded",			"mutationEnd" : 312		},		{			"operatorDescription" : "Replace #ifTrue:ifFalse: receiver with true",			"class" : "WARequest",			"operatorClass" : "ReplaceIfTrueIfFalseReceiverWithTrueOperator",			"mutationStart" : 318,			"method" : "bodyDecoded",			"mutationEnd" : 478		},		{			"operatorDescription" : "Remove ^",			"class" : "WARequest",			"operatorClass" : "RemoveCaretOperator",			"mutationStart" : 66,			"method" : "cookiesAt:",			"mutationEnd" : 117		},		{			"operatorDescription" : "Replace #= with #'~='",			"class" : "WARequest",			"operatorClass" : "ReplaceEqualWithNotEqualOperator",			"mutationStart" : 101,			"method" : "cookiesAt:",			"mutationEnd" : 115		},		{			"operatorDescription" : "Replace #select: with #reject:",			"class" : "WARequest",			"operatorClass" : "ReplaceSelectWithRejectMutantOperator",			"mutationStart" : 68,			"method" : "cookiesAt:",			"mutationEnd" : 117		},		{			"operatorDescription" : "Replace Select block with [:each | false]",			"class" : "WARequest",			"operatorClass" : "ReplaceSelectBlockWithAlwaysFalseBlockOperator",			"mutationStart" : 68,			"method" : "cookiesAt:",			"mutationEnd" : 117		},		{			"operatorDescription" : "Replace Select block with [:each | true]",			"class" : "WARequest",			"operatorClass" : "ReplaceSelectBlockWithAlwaysTrueBlockOperator",			"mutationStart" : 68,			"method" : "cookiesAt:",			"mutationEnd" : 117		},		{			"operatorDescription" : "Remove ^",			"class" : "WARequest",			"operatorClass" : "RemoveCaretOperator",			"mutationStart" : 171,			"method" : "cookieAt:",			"mutationEnd" : 240		},		{			"operatorDescription" : "Replace #= with #'~='",			"class" : "WARequest",			"operatorClass" : "ReplaceEqualWithNotEqualOperator",			"mutationStart" : 206,			"method" : "cookieAt:",			"mutationEnd" : 220		},		{			"operatorDescription" : "Replace detect: block with [:each | false] when #detect:ifNone: ",			"class" : "WARequest",			"operatorClass" : "ReplaceDetectIfNoneFirstBlockWithAlwaysFalseBlockOperator",			"mutationStart" : 173,			"method" : "cookieAt:",			"mutationEnd" : 240		},		{			"operatorDescription" : "Replace detect: block with [:each | true] when #detect:ifNone: ",			"class" : "WARequest",			"operatorClass" : "ReplaceDetectIfNoneFirstBlockWithAlwaysTrueBlockOperator",			"mutationStart" : 173,			"method" : "cookieAt:",			"mutationEnd" : 240		},		{			"operatorDescription" : "Replace ifNone: block with [] when #detect:ifNone:",			"class" : "WARequest",			"operatorClass" : "ReplaceDetectIfNoneSecondBlockWithEmptyBlockOperator",			"mutationStart" : 173,			"method" : "cookieAt:",			"mutationEnd" : 240		},		{			"operatorDescription" : "Remove ^",			"class" : "WARequest",			"operatorClass" : "RemoveCaretOperator",			"mutationStart" : 19,			"method" : "includesKey:",			"mutationEnd" : 48		},		{			"operatorDescription" : "Replace #ifTrue:ifFalse: receiver with false",			"class" : "WARequest",			"operatorClass" : "ReplaceIfTrueIfFalseReceiverWithFalseOperator",			"mutationStart" : 130,			"method" : "decodeAuthorization:",			"mutationEnd" : 239		},		{			"operatorDescription" : "Remove ^",			"class" : "WARequest",			"operatorClass" : "RemoveCaretOperator",			"mutationStart" : 450,			"method" : "acceptCharset",			"mutationEnd" : 532		},		{			"operatorDescription" : "Remove ^",			"class" : "WARequest",			"operatorClass" : "RemoveCaretOperator",			"mutationStart" : 385,			"method" : "accept",			"mutationEnd" : 452		},		{			"operatorDescription" : "Remove ^",			"class" : "WARequest",			"operatorClass" : "RemoveCaretOperator",			"mutationStart" : 10,			"method" : "at:",			"mutationEnd" : 30		},		{			"operatorDescription" : "Remove ^",			"class" : "WARequest",			"operatorClass" : "RemoveCaretOperator",			"mutationStart" : 127,			"method" : "bodyDecodeUsing:",			"mutationEnd" : 200		},		{			"operatorDescription" : "Replace #ifFalse: receiver with false",			"class" : "WARequest",			"operatorClass" : "ReplaceIfFalseReceiverWithFalseOperator",			"mutationStart" : 129,			"method" : "bodyDecodeUsing:",			"mutationEnd" : 200		},		{			"operatorDescription" : "Replace #ifFalse: receiver with true",			"class" : "WARequest",			"operatorClass" : "ReplaceIfFalseReceiverWithTrueOperator",			"mutationStart" : 129,			"method" : "bodyDecodeUsing:",			"mutationEnd" : 200		},		{			"operatorDescription" : "Replace #ifFalse: with #ifTrue:",			"class" : "WARequest",			"operatorClass" : "ReplaceIfFalseWithIfTrueMutantOperator",			"mutationStart" : 129,			"method" : "bodyDecodeUsing:",			"mutationEnd" : 200		},		{			"operatorDescription" : "Remove ^",			"class" : "WARequest",			"operatorClass" : "RemoveCaretOperator",			"mutationStart" : 279,			"method" : "acceptLanguage",			"mutationEnd" : 363		},		{			"operatorDescription" : "Remove ^",			"class" : "WARequest",			"operatorClass" : "RemoveCaretOperator",			"mutationStart" : 27,			"method" : "at:ifAbsent:",			"mutationEnd" : 64		},		{			"operatorDescription" : "Remove at:ifAbsent:",			"class" : "WARequest",			"operatorClass" : "RemoveAtIfAbsentOperator",			"mutationStart" : 29,			"method" : "at:ifAbsent:",			"mutationEnd" : 64		},		{			"operatorDescription" : "Replace #ifTrue:ifFalse: receiver with true",			"class" : "WARequest",			"operatorClass" : "ReplaceIfTrueIfFalseReceiverWithTrueOperator",			"mutationStart" : 444,			"method" : "forwardedFor",			"mutationEnd" : 775		},		{			"operatorDescription" : "Remove ^",			"class" : "WARequest",			"operatorClass" : "RemoveCaretOperator",			"mutationStart" : 272,			"method" : "acceptEncoding",			"mutationEnd" : 356		},		{			"operatorDescription" : "Remove ^",			"class" : "WARequest",			"operatorClass" : "RemoveCaretOperator",			"mutationStart" : 28,			"method" : "at:ifPresent:",			"mutationEnd" : 66		},		{			"operatorDescription" : "Remove ^",			"class" : "WARequest class",			"operatorClass" : "RemoveCaretOperator",			"mutationStart" : 16,			"method" : "defaultMethod",			"mutationEnd" : 22		},		{			"operatorDescription" : "Remove ^",			"class" : "WARequest class",			"operatorClass" : "RemoveCaretOperator",			"mutationStart" : 13,			"method" : "defaultUri",			"mutationEnd" : 28		},		{			"operatorDescription" : "Remove ^",			"class" : "WARequest class",			"operatorClass" : "RemoveCaretOperator",			"mutationStart" : 6,			"method" : "new",			"mutationEnd" : 94		}	],	"mutationScoreAfter" : 70,	"mutationScoreBefore" : 44,	"testAmpLoc" : 468,	"amplifiedMethods" : [		"WARequestTest11349>>#test10_amp",		"WARequestTest11349>>#testPostFields_amp",		"WARequestTest11349>>#test10_amp_A0"	],	"testLoc" : "74",	"amplifiedClass" : "WARequestTest11349",	"numberOfAllMutationsInOriginal" : 104,	"targetLoc" : 212,	"newCovered" : [		{			"operatorDescription" : "Replace #ifFalse: receiver with false",			"class" : "WARequest",			"operatorClass" : "ReplaceIfFalseReceiverWithFalseOperator",			"mutationStart" : 263,			"method" : "bodyDecoded",			"mutationEnd" : 312		},		{			"operatorDescription" : "Replace #ifFalse: with #ifTrue:",			"class" : "WARequest",			"operatorClass" : "ReplaceIfFalseWithIfTrueMutantOperator",			"mutationStart" : 263,			"method" : "bodyDecoded",			"mutationEnd" : 312		},		{			"operatorDescription" : "Replace #ifTrue:ifFalse: receiver with false",			"class" : "WARequest",			"operatorClass" : "ReplaceIfTrueIfFalseReceiverWithFalseOperator",			"mutationStart" : 318,			"method" : "bodyDecoded",			"mutationEnd" : 478		},		{			"operatorDescription" : "Remove ^",			"class" : "WARequest",			"operatorClass" : "RemoveCaretOperator",			"mutationStart" : 158,			"method" : "sslSessionId",			"mutationEnd" : 171		},		{			"operatorDescription" : "Remove ^",			"class" : "WARequest",			"operatorClass" : "RemoveCaretOperator",			"mutationStart" : 131,			"method" : "rawBody",			"mutationEnd" : 136		},		{			"operatorDescription" : "Remove ^",			"class" : "WARequest",			"operatorClass" : "RemoveCaretOperator",			"mutationStart" : 6,			"method" : "url",			"mutationEnd" : 15		},		{			"operatorDescription" : "Replace #ifFalse: receiver with false",			"class" : "WARequest",			"operatorClass" : "ReplaceIfFalseReceiverWithFalseOperator",			"mutationStart" : 208,			"method" : "authorization",			"mutationEnd" : 279		},		{			"operatorDescription" : "Remove ^",			"class" : "WARequest",			"operatorClass" : "RemoveCaretOperator",			"mutationStart" : 525,			"method" : "acceptCharset",			"mutationEnd" : 529		},		{			"operatorDescription" : "Remove ^",			"class" : "WARequest",			"operatorClass" : "RemoveCaretOperator",			"mutationStart" : 445,			"method" : "accept",			"mutationEnd" : 449		},		{			"operatorDescription" : "Remove ^",			"class" : "WARequest",			"operatorClass" : "RemoveCaretOperator",			"mutationStart" : 12,			"method" : "userAgent",			"mutationEnd" : 40		},		{			"operatorDescription" : "Remove ^",			"class" : "WARequest",			"operatorClass" : "RemoveCaretOperator",			"mutationStart" : 10,			"method" : "referer",			"mutationEnd" : 35		},		{			"operatorDescription" : "Remove ^",			"class" : "WARequest",			"operatorClass" : "RemoveCaretOperator",			"mutationStart" : 9,			"method" : "isPost",			"mutationEnd" : 30		},		{			"operatorDescription" : "Replace #= with #'~='",			"class" : "WARequest",			"operatorClass" : "ReplaceEqualWithNotEqualOperator",			"mutationStart" : 11,			"method" : "isPost",			"mutationEnd" : 30		},		{			"operatorDescription" : "Remove ^",			"class" : "WARequest",			"operatorClass" : "RemoveCaretOperator",			"mutationStart" : 356,			"method" : "acceptLanguage",			"mutationEnd" : 360		},		{			"operatorDescription" : "Remove ^",			"class" : "WARequest",			"operatorClass" : "RemoveCaretOperator",			"mutationStart" : 7,			"method" : "host",			"mutationEnd" : 29		},		{			"operatorDescription" : "Remove ^",			"class" : "WARequest",			"operatorClass" : "RemoveCaretOperator",			"mutationStart" : 10,			"method" : "version",			"mutationEnd" : 18		},		{			"operatorDescription" : "Remove ^",			"class" : "WARequest",			"operatorClass" : "RemoveCaretOperator",			"mutationStart" : 64,			"method" : "remoteAddress",			"mutationEnd" : 78		},		{			"operatorDescription" : "Remove ^",			"class" : "WARequest",			"operatorClass" : "RemoveCaretOperator",			"mutationStart" : 19,			"method" : "isXmlHttpRequest",			"mutationEnd" : 74		},		{			"operatorDescription" : "Replace #= with #'~='",			"class" : "WARequest",			"operatorClass" : "ReplaceEqualWithNotEqualOperator",			"mutationStart" : 21,			"method" : "isXmlHttpRequest",			"mutationEnd" : 74		},		{			"operatorDescription" : "Remove ^",			"class" : "WARequest",			"operatorClass" : "RemoveCaretOperator",			"mutationStart" : 10,			"method" : "headers",			"mutationEnd" : 18		},		{			"operatorDescription" : "Remove ^",			"class" : "WARequest",			"operatorClass" : "RemoveCaretOperator",			"mutationStart" : 349,			"method" : "acceptEncoding",			"mutationEnd" : 353		},		{			"operatorDescription" : "Remove ^",			"class" : "WARequest",			"operatorClass" : "RemoveCaretOperator",			"mutationStart" : 10,			"method" : "cookies",			"mutationEnd" : 33		},		{			"operatorDescription" : "Remove ^",			"class" : "WARequest",			"operatorClass" : "RemoveCaretOperator",			"mutationStart" : 335,			"method" : "contentType",			"mutationEnd" : 401		},		{			"operatorDescription" : "Replace #ifFalse: receiver with false",			"class" : "WARequest",			"operatorClass" : "ReplaceIfFalseReceiverWithFalseOperator",			"mutationStart" : 337,			"method" : "contentType",			"mutationEnd" : 401		},		{			"operatorDescription" : "Replace #ifFalse: receiver with true",			"class" : "WARequest",			"operatorClass" : "ReplaceIfFalseReceiverWithTrueOperator",			"mutationStart" : 337,			"method" : "contentType",			"mutationEnd" : 401		},		{			"operatorDescription" : "Replace #ifFalse: with #ifTrue:",			"class" : "WARequest",			"operatorClass" : "ReplaceIfFalseWithIfTrueMutantOperator",			"mutationStart" : 337,			"method" : "contentType",			"mutationEnd" : 401		},		{			"operatorDescription" : "Remove ^",			"class" : "WARequest class",			"operatorClass" : "RemoveCaretOperator",			"mutationStart" : 17,			"method" : "defaultVersion",			"mutationEnd" : 38		}	],	"timeBudgetFinished" : false,	"notCoveredInOriginal" : [		{			"operatorDescription" : "Remove ^",			"class" : "WARequest",			"operatorClass" : "RemoveCaretOperator",			"mutationStart" : 316,			"method" : "bodyDecoded",			"mutationEnd" : 478		},		{			"operatorDescription" : "Replace #ifFalse: receiver with false",			"class" : "WARequest",			"operatorClass" : "ReplaceIfFalseReceiverWithFalseOperator",			"mutationStart" : 263,			"method" : "bodyDecoded",			"mutationEnd" : 312		},		{			"operatorDescription" : "Replace #ifFalse: receiver with true",			"class" : "WARequest",			"operatorClass" : "ReplaceIfFalseReceiverWithTrueOperator",			"mutationStart" : 263,			"method" : "bodyDecoded",			"mutationEnd" : 312		},		{			"operatorDescription" : "Replace #ifFalse: with #ifTrue:",			"class" : "WARequest",			"operatorClass" : "ReplaceIfFalseWithIfTrueMutantOperator",			"mutationStart" : 263,			"method" : "bodyDecoded",			"mutationEnd" : 312		},		{			"operatorDescription" : "Replace #ifTrue:ifFalse: receiver with false",			"class" : "WARequest",			"operatorClass" : "ReplaceIfTrueIfFalseReceiverWithFalseOperator",			"mutationStart" : 318,			"method" : "bodyDecoded",			"mutationEnd" : 478		},		{			"operatorDescription" : "Replace #ifTrue:ifFalse: receiver with true",			"class" : "WARequest",			"operatorClass" : "ReplaceIfTrueIfFalseReceiverWithTrueOperator",			"mutationStart" : 318,			"method" : "bodyDecoded",			"mutationEnd" : 478		},		{			"operatorDescription" : "Remove ^",			"class" : "WARequest",			"operatorClass" : "RemoveCaretOperator",			"mutationStart" : 158,			"method" : "sslSessionId",			"mutationEnd" : 171		},		{			"operatorDescription" : "Remove ^",			"class" : "WARequest",			"operatorClass" : "RemoveCaretOperator",			"mutationStart" : 131,			"method" : "rawBody",			"mutationEnd" : 136		},		{			"operatorDescription" : "Remove ^",			"class" : "WARequest",			"operatorClass" : "RemoveCaretOperator",			"mutationStart" : 66,			"method" : "cookiesAt:",			"mutationEnd" : 117		},		{			"operatorDescription" : "Replace #= with #'~='",			"class" : "WARequest",			"operatorClass" : "ReplaceEqualWithNotEqualOperator",			"mutationStart" : 101,			"method" : "cookiesAt:",			"mutationEnd" : 115		},		{			"operatorDescription" : "Replace #select: with #reject:",			"class" : "WARequest",			"operatorClass" : "ReplaceSelectWithRejectMutantOperator",			"mutationStart" : 68,			"method" : "cookiesAt:",			"mutationEnd" : 117		},		{			"operatorDescription" : "Replace Select block with [:each | false]",			"class" : "WARequest",			"operatorClass" : "ReplaceSelectBlockWithAlwaysFalseBlockOperator",			"mutationStart" : 68,			"method" : "cookiesAt:",			"mutationEnd" : 117		},		{			"operatorDescription" : "Replace Select block with [:each | true]",			"class" : "WARequest",			"operatorClass" : "ReplaceSelectBlockWithAlwaysTrueBlockOperator",			"mutationStart" : 68,			"method" : "cookiesAt:",			"mutationEnd" : 117		},		{			"operatorDescription" : "Remove ^",			"class" : "WARequest",			"operatorClass" : "RemoveCaretOperator",			"mutationStart" : 6,			"method" : "url",			"mutationEnd" : 15		},		{			"operatorDescription" : "Remove ^",			"class" : "WARequest",			"operatorClass" : "RemoveCaretOperator",			"mutationStart" : 171,			"method" : "cookieAt:",			"mutationEnd" : 240		},		{			"operatorDescription" : "Replace #= with #'~='",			"class" : "WARequest",			"operatorClass" : "ReplaceEqualWithNotEqualOperator",			"mutationStart" : 206,			"method" : "cookieAt:",			"mutationEnd" : 220		},		{			"operatorDescription" : "Replace detect: block with [:each | false] when #detect:ifNone: ",			"class" : "WARequest",			"operatorClass" : "ReplaceDetectIfNoneFirstBlockWithAlwaysFalseBlockOperator",			"mutationStart" : 173,			"method" : "cookieAt:",			"mutationEnd" : 240		},		{			"operatorDescription" : "Replace detect: block with [:each | true] when #detect:ifNone: ",			"class" : "WARequest",			"operatorClass" : "ReplaceDetectIfNoneFirstBlockWithAlwaysTrueBlockOperator",			"mutationStart" : 173,			"method" : "cookieAt:",			"mutationEnd" : 240		},		{			"operatorDescription" : "Replace ifNone: block with [] when #detect:ifNone:",			"class" : "WARequest",			"operatorClass" : "ReplaceDetectIfNoneSecondBlockWithEmptyBlockOperator",			"mutationStart" : 173,			"method" : "cookieAt:",			"mutationEnd" : 240		},		{			"operatorDescription" : "Replace #ifFalse: receiver with false",			"class" : "WARequest",			"operatorClass" : "ReplaceIfFalseReceiverWithFalseOperator",			"mutationStart" : 208,			"method" : "authorization",			"mutationEnd" : 279		},		{			"operatorDescription" : "Remove ^",			"class" : "WARequest",			"operatorClass" : "RemoveCaretOperator",			"mutationStart" : 19,			"method" : "includesKey:",			"mutationEnd" : 48		},		{			"operatorDescription" : "Replace #ifTrue:ifFalse: receiver with false",			"class" : "WARequest",			"operatorClass" : "ReplaceIfTrueIfFalseReceiverWithFalseOperator",			"mutationStart" : 130,			"method" : "decodeAuthorization:",			"mutationEnd" : 239		},		{			"operatorDescription" : "Remove ^",			"class" : "WARequest",			"operatorClass" : "RemoveCaretOperator",			"mutationStart" : 450,			"method" : "acceptCharset",			"mutationEnd" : 532		},		{			"operatorDescription" : "Remove ^",			"class" : "WARequest",			"operatorClass" : "RemoveCaretOperator",			"mutationStart" : 525,			"method" : "acceptCharset",			"mutationEnd" : 529		},		{			"operatorDescription" : "Remove ^",			"class" : "WARequest",			"operatorClass" : "RemoveCaretOperator",			"mutationStart" : 385,			"method" : "accept",			"mutationEnd" : 452		},		{			"operatorDescription" : "Remove ^",			"class" : "WARequest",			"operatorClass" : "RemoveCaretOperator",			"mutationStart" : 445,			"method" : "accept",			"mutationEnd" : 449		},		{			"operatorDescription" : "Remove ^",			"class" : "WARequest",			"operatorClass" : "RemoveCaretOperator",			"mutationStart" : 10,			"method" : "at:",			"mutationEnd" : 30		},		{			"operatorDescription" : "Remove ^",			"class" : "WARequest",			"operatorClass" : "RemoveCaretOperator",			"mutationStart" : 12,			"method" : "userAgent",			"mutationEnd" : 40		},		{			"operatorDescription" : "Remove ^",			"class" : "WARequest",			"operatorClass" : "RemoveCaretOperator",			"mutationStart" : 10,			"method" : "referer",			"mutationEnd" : 35		},		{			"operatorDescription" : "Remove ^",			"class" : "WARequest",			"operatorClass" : "RemoveCaretOperator",			"mutationStart" : 9,			"method" : "isPost",			"mutationEnd" : 30		},		{			"operatorDescription" : "Replace #= with #'~='",			"class" : "WARequest",			"operatorClass" : "ReplaceEqualWithNotEqualOperator",			"mutationStart" : 11,			"method" : "isPost",			"mutationEnd" : 30		},		{			"operatorDescription" : "Remove ^",			"class" : "WARequest",			"operatorClass" : "RemoveCaretOperator",			"mutationStart" : 127,			"method" : "bodyDecodeUsing:",			"mutationEnd" : 200		},		{			"operatorDescription" : "Replace #ifFalse: receiver with false",			"class" : "WARequest",			"operatorClass" : "ReplaceIfFalseReceiverWithFalseOperator",			"mutationStart" : 129,			"method" : "bodyDecodeUsing:",			"mutationEnd" : 200		},		{			"operatorDescription" : "Replace #ifFalse: receiver with true",			"class" : "WARequest",			"operatorClass" : "ReplaceIfFalseReceiverWithTrueOperator",			"mutationStart" : 129,			"method" : "bodyDecodeUsing:",			"mutationEnd" : 200		},		{			"operatorDescription" : "Replace #ifFalse: with #ifTrue:",			"class" : "WARequest",			"operatorClass" : "ReplaceIfFalseWithIfTrueMutantOperator",			"mutationStart" : 129,			"method" : "bodyDecodeUsing:",			"mutationEnd" : 200		},		{			"operatorDescription" : "Remove ^",			"class" : "WARequest",			"operatorClass" : "RemoveCaretOperator",			"mutationStart" : 279,			"method" : "acceptLanguage",			"mutationEnd" : 363		},		{			"operatorDescription" : "Remove ^",			"class" : "WARequest",			"operatorClass" : "RemoveCaretOperator",			"mutationStart" : 356,			"method" : "acceptLanguage",			"mutationEnd" : 360		},		{			"operatorDescription" : "Remove ^",			"class" : "WARequest",			"operatorClass" : "RemoveCaretOperator",			"mutationStart" : 7,			"method" : "host",			"mutationEnd" : 29		},		{			"operatorDescription" : "Remove ^",			"class" : "WARequest",			"operatorClass" : "RemoveCaretOperator",			"mutationStart" : 10,			"method" : "version",			"mutationEnd" : 18		},		{			"operatorDescription" : "Remove ^",			"class" : "WARequest",			"operatorClass" : "RemoveCaretOperator",			"mutationStart" : 64,			"method" : "remoteAddress",			"mutationEnd" : 78		},		{			"operatorDescription" : "Remove ^",			"class" : "WARequest",			"operatorClass" : "RemoveCaretOperator",			"mutationStart" : 19,			"method" : "isXmlHttpRequest",			"mutationEnd" : 74		},		{			"operatorDescription" : "Replace #= with #'~='",			"class" : "WARequest",			"operatorClass" : "ReplaceEqualWithNotEqualOperator",			"mutationStart" : 21,			"method" : "isXmlHttpRequest",			"mutationEnd" : 74		},		{			"operatorDescription" : "Remove ^",			"class" : "WARequest",			"operatorClass" : "RemoveCaretOperator",			"mutationStart" : 27,			"method" : "at:ifAbsent:",			"mutationEnd" : 64		},		{			"operatorDescription" : "Remove at:ifAbsent:",			"class" : "WARequest",			"operatorClass" : "RemoveAtIfAbsentOperator",			"mutationStart" : 29,			"method" : "at:ifAbsent:",			"mutationEnd" : 64		},		{			"operatorDescription" : "Remove ^",			"class" : "WARequest",			"operatorClass" : "RemoveCaretOperator",			"mutationStart" : 10,			"method" : "headers",			"mutationEnd" : 18		},		{			"operatorDescription" : "Replace #ifTrue:ifFalse: receiver with true",			"class" : "WARequest",			"operatorClass" : "ReplaceIfTrueIfFalseReceiverWithTrueOperator",			"mutationStart" : 444,			"method" : "forwardedFor",			"mutationEnd" : 775		},		{			"operatorDescription" : "Remove ^",			"class" : "WARequest",			"operatorClass" : "RemoveCaretOperator",			"mutationStart" : 272,			"method" : "acceptEncoding",			"mutationEnd" : 356		},		{			"operatorDescription" : "Remove ^",			"class" : "WARequest",			"operatorClass" : "RemoveCaretOperator",			"mutationStart" : 349,			"method" : "acceptEncoding",			"mutationEnd" : 353		},		{			"operatorDescription" : "Remove ^",			"class" : "WARequest",			"operatorClass" : "RemoveCaretOperator",			"mutationStart" : 10,			"method" : "cookies",			"mutationEnd" : 33		},		{			"operatorDescription" : "Remove ^",			"class" : "WARequest",			"operatorClass" : "RemoveCaretOperator",			"mutationStart" : 28,			"method" : "at:ifPresent:",			"mutationEnd" : 66		},		{			"operatorDescription" : "Remove ^",			"class" : "WARequest",			"operatorClass" : "RemoveCaretOperator",			"mutationStart" : 335,			"method" : "contentType",			"mutationEnd" : 401		},		{			"operatorDescription" : "Replace #ifFalse: receiver with false",			"class" : "WARequest",			"operatorClass" : "ReplaceIfFalseReceiverWithFalseOperator",			"mutationStart" : 337,			"method" : "contentType",			"mutationEnd" : 401		},		{			"operatorDescription" : "Replace #ifFalse: receiver with true",			"class" : "WARequest",			"operatorClass" : "ReplaceIfFalseReceiverWithTrueOperator",			"mutationStart" : 337,			"method" : "contentType",			"mutationEnd" : 401		},		{			"operatorDescription" : "Replace #ifFalse: with #ifTrue:",			"class" : "WARequest",			"operatorClass" : "ReplaceIfFalseWithIfTrueMutantOperator",			"mutationStart" : 337,			"method" : "contentType",			"mutationEnd" : 401		},		{			"operatorDescription" : "Remove ^",			"class" : "WARequest class",			"operatorClass" : "RemoveCaretOperator",			"mutationStart" : 16,			"method" : "defaultMethod",			"mutationEnd" : 22		},		{			"operatorDescription" : "Remove ^",			"class" : "WARequest class",			"operatorClass" : "RemoveCaretOperator",			"mutationStart" : 13,			"method" : "defaultUri",			"mutationEnd" : 28		},		{			"operatorDescription" : "Remove ^",			"class" : "WARequest class",			"operatorClass" : "RemoveCaretOperator",			"mutationStart" : 6,			"method" : "new",			"mutationEnd" : 94		},		{			"operatorDescription" : "Remove ^",			"class" : "WARequest class",			"operatorClass" : "RemoveCaretOperator",			"mutationStart" : 17,			"method" : "defaultVersion",			"mutationEnd" : 38		}	],	"testCase" : "WARequestTest",	"unixtime" : 1602533280,	"timeTotal" : 1105}