{	"targetClasses" : [		"WAServerManager"	],	"testMethodsIgnored" : [ ],	"methodsNotProfiled" : [		"WAServerManager>>#restart:",		"WAServerManager>>#start:"	],	"numberOfOriginalTestMethods" : 3,	"timeDetail" : [		"init: % 0.06 (499 milliseconds)",		"assertionAmplification: % 98.41 (14 minutes 6 seconds 629 milliseconds)",		"selection: % 0.71 (6 seconds 115 milliseconds)",		"inputAmplification: % 0.74 (6 seconds 407 milliseconds)",		"finalize: % 0.07 (635 milliseconds)"	],	"notCoveredInAmplified" : [ ],	"mutationScoreAfter" : 100,	"mutationScoreBefore" : 54,	"testAmpLoc" : 0,	"amplifiedMethods" : [ ],	"testLoc" : "53",	"amplifiedClass" : "WAServerManagerTest4643",	"numberOfAllMutationsInOriginal" : 42,	"targetLoc" : 74,	"newCovered" : [ ],	"timeBudgetFinished" : false,	"notCoveredInOriginal" : [		{			"operatorDescription" : "Replace do block with [:each |]",			"class" : "WAServerManager",			"operatorClass" : "ReplaceDoBlockWithEmptyBlockOperator",			"mutationStart" : 11,			"method" : "startAll",			"mutationEnd" : 45		},		{			"operatorDescription" : "Replace #and: receiver with true",			"class" : "WAServerManager",			"operatorClass" : "ReplaceAndReceiverWithTrueOperator",			"mutationStart" : 271,			"method" : "canStart:",			"mutationEnd" : 380		},		{			"operatorDescription" : "Replace #and: receiver with true",			"class" : "WAServerManager",			"operatorClass" : "ReplaceAndReceiverWithTrueOperator",			"mutationStart" : 309,			"method" : "canStart:",			"mutationEnd" : 378		},		{			"operatorDescription" : "Replace #and: with #bEqv:",			"class" : "WAServerManager",			"operatorClass" : "ReplaceAndWithEqvMutantOperator",			"mutationStart" : 309,			"method" : "canStart:",			"mutationEnd" : 378		},		{			"operatorDescription" : "Replace do block with [:each |]",			"class" : "WAServerManager",			"operatorClass" : "ReplaceDoBlockWithEmptyBlockOperator",			"mutationStart" : 10,			"method" : "stopAll",			"mutationEnd" : 43		},		{			"operatorDescription" : "Replace #ifTrue: receiver with false",			"class" : "WAServerManager",			"operatorClass" : "ReplaceIfTrueReceiverWithFalseOperator",			"mutationStart" : 23,			"method" : "stop:",			"mutationEnd" : 89		},		{			"operatorDescription" : "Replace #ifTrue: receiver with true",			"class" : "WAServerManager",			"operatorClass" : "ReplaceIfTrueReceiverWithTrueOperator",			"mutationStart" : 23,			"method" : "stop:",			"mutationEnd" : 89		},		{			"operatorDescription" : "Replace #ifTrue: with #ifFalse:",			"class" : "WAServerManager",			"operatorClass" : "ReplaceIfTrueWithIfFalseMutantOperator",			"mutationStart" : 23,			"method" : "stop:",			"mutationEnd" : 89		},		{			"operatorDescription" : "Remove ^",			"class" : "WAServerManager",			"operatorClass" : "RemoveCaretOperator",			"mutationStart" : 121,			"method" : "unregister:",			"mutationEnd" : 136		},		{			"operatorDescription" : "Replace #ifTrue: receiver with false",			"class" : "WAServerManager",			"operatorClass" : "ReplaceIfTrueReceiverWithFalseOperator",			"mutationStart" : 24,			"method" : "start:",			"mutationEnd" : 144		},		{			"operatorDescription" : "Replace #ifTrue: receiver with true",			"class" : "WAServerManager",			"operatorClass" : "ReplaceIfTrueReceiverWithTrueOperator",			"mutationStart" : 24,			"method" : "start:",			"mutationEnd" : 144		},		{			"operatorDescription" : "Replace #ifTrue: with #ifFalse:",			"class" : "WAServerManager",			"operatorClass" : "ReplaceIfTrueWithIfFalseMutantOperator",			"mutationStart" : 24,			"method" : "start:",			"mutationEnd" : 144		},		{			"operatorDescription" : "Replace do block with [:each |]",			"class" : "WAServerManager",			"operatorClass" : "ReplaceDoBlockWithEmptyBlockOperator",			"mutationStart" : 13,			"method" : "restartAll",			"mutationEnd" : 49		},		{			"operatorDescription" : "Replace do block with [:each |]",			"class" : "WAServerManager class",			"operatorClass" : "ReplaceDoBlockWithEmptyBlockOperator",			"mutationStart" : 11,			"method" : "shutDown",			"mutationEnd" : 61		},		{			"operatorDescription" : "Replace do block with [:each |]",			"class" : "WAServerManager class",			"operatorClass" : "ReplaceDoBlockWithEmptyBlockOperator",			"mutationStart" : 10,			"method" : "startUp",			"mutationEnd" : 59		},		{			"operatorDescription" : "Remove ^",			"class" : "WAServerManager class",			"operatorClass" : "RemoveCaretOperator",			"mutationStart" : 67,			"method" : "default",			"mutationEnd" : 84		},		{			"operatorDescription" : "Replace #ifTrue: receiver with false",			"class" : "WAServerManager class",			"operatorClass" : "ReplaceIfTrueReceiverWithFalseOperator",			"mutationStart" : 31,			"method" : "initializeDefaultValueHolder",			"mutationEnd" : 112		},		{			"operatorDescription" : "Replace #ifTrue: receiver with true",			"class" : "WAServerManager class",			"operatorClass" : "ReplaceIfTrueReceiverWithTrueOperator",			"mutationStart" : 31,			"method" : "initializeDefaultValueHolder",			"mutationEnd" : 112		},		{			"operatorDescription" : "Replace #ifTrue: with #ifFalse:",			"class" : "WAServerManager class",			"operatorClass" : "ReplaceIfTrueWithIfFalseMutantOperator",			"mutationStart" : 31,			"method" : "initializeDefaultValueHolder",			"mutationEnd" : 112		}	],	"testCase" : "WAServerManagerTest",	"unixtime" : 1602530518,	"timeTotal" : 860}