{	"targetClasses" : [		"WAStreamedResponse"	],	"testMethodsIgnored" : [ ],	"methodsNotProfiled" : [ ],	"numberOfOriginalTestMethods" : 34,	"timeDetail" : [		"init: % 2.08 (348 milliseconds)",		"assertionAmplification: % 47.34 (7 seconds 928 milliseconds)",		"selection: % 13.85 (2 seconds 320 milliseconds)",		"inputAmplification: % 34.16 (5 seconds 721 milliseconds)",		"finalize: % 2.57 (430 milliseconds)"	],	"notCoveredInAmplified" : [		{			"operatorDescription" : "Replace #and: with #bEqv:",			"class" : "WAStreamedResponse",			"operatorClass" : "ReplaceAndWithEqvMutantOperator",			"mutationStart" : 20,			"method" : "resetIfPossible",			"mutationEnd" : 233		},		{			"operatorDescription" : "Remove ^",			"class" : "WAStreamedResponse",			"operatorClass" : "RemoveCaretOperator",			"mutationStart" : 43,			"method" : "addCookie:",			"mutationEnd" : 68		},		{			"operatorDescription" : "Remove ^",			"class" : "WAStreamedResponse",			"operatorClass" : "RemoveCaretOperator",			"mutationStart" : 89,			"method" : "isStreamingResponse",			"mutationEnd" : 94		}	],	"mutationScoreAfter" : 86,	"mutationScoreBefore" : 86,	"testAmpLoc" : 355,	"amplifiedMethods" : [		"WAStreamedResponseTest9867>>#testAttachmentWithFileName_amp",		"WAStreamedResponseTest9867>>#testAttachmentWithFileName_amp_A7"	],	"testLoc" : "73",	"amplifiedClass" : "WAStreamedResponseTest9867",	"numberOfAllMutationsInOriginal" : 22,	"targetLoc" : 54,	"newCovered" : [ ],	"timeBudgetFinished" : false,	"notCoveredInOriginal" : [		{			"operatorDescription" : "Replace #and: with #bEqv:",			"class" : "WAStreamedResponse",			"operatorClass" : "ReplaceAndWithEqvMutantOperator",			"mutationStart" : 20,			"method" : "resetIfPossible",			"mutationEnd" : 233		},		{			"operatorDescription" : "Remove ^",			"class" : "WAStreamedResponse",			"operatorClass" : "RemoveCaretOperator",			"mutationStart" : 43,			"method" : "addCookie:",			"mutationEnd" : 68		},		{			"operatorDescription" : "Remove ^",			"class" : "WAStreamedResponse",			"operatorClass" : "RemoveCaretOperator",			"mutationStart" : 89,			"method" : "isStreamingResponse",			"mutationEnd" : 94		}	],	"testCase" : "WAStreamedResponseTest",	"unixtime" : 1602532043,	"timeTotal" : 16}