{	"targetClasses" : [		"WAUnidirectionalCache"	],	"testMethodsIgnored" : [ ],	"methodsNotProfiled" : [		"WAUnidirectionalCache>>#keyAtValue:ifAbsent:",		"WAUnidirectionalCache>>#remove:"	],	"numberOfOriginalTestMethods" : 5,	"timeDetail" : [		"init: % 0.15 (126 milliseconds)",		"assertionAmplification: % 47.54 (39 seconds 734 milliseconds)",		"selection: % 11.41 (9 seconds 535 milliseconds)",		"inputAmplification: % 40.77 (34 seconds 78 milliseconds)",		"finalize: % 0.14 (115 milliseconds)"	],	"notCoveredInAmplified" : [ ],	"mutationScoreAfter" : 100,	"mutationScoreBefore" : 80,	"testAmpLoc" : 7,	"amplifiedMethods" : [		"WAUnidirectionalCacheTest2182>>#testAtPut_amp_A6"	],	"testLoc" : "25",	"amplifiedClass" : "WAUnidirectionalCacheTest2182",	"numberOfAllMutationsInOriginal" : 5,	"targetLoc" : 31,	"newCovered" : [		{			"operatorDescription" : "Remove ^",			"class" : "WAUnidirectionalCache",			"operatorClass" : "RemoveCaretOperator",			"mutationStart" : 7,			"method" : "size",			"mutationEnd" : 23		}	],	"timeBudgetFinished" : false,	"notCoveredInOriginal" : [		{			"operatorDescription" : "Remove ^",			"class" : "WAUnidirectionalCache",			"operatorClass" : "RemoveCaretOperator",			"mutationStart" : 7,			"method" : "size",			"mutationEnd" : 23		}	],	"testCase" : "WAUnidirectionalCacheTest",	"unixtime" : 1602514475,	"timeTotal" : 83}