{	"targetClasses" : [		"WAUrl"	],	"testMethodsIgnored" : [ ],	"methodsNotProfiled" : [		"WAUrl>>#javascriptOn:",		"WAUrl>>#jsonOn:",		"WAUrl>>#isSeasideField:",		"WAUrl>>#decode:"	],	"numberOfOriginalTestMethods" : 56,	"timeDetail" : [		"init: % 13.22 (1 day 11 hours 53 minutes 30 seconds 83 milliseconds)",		"assertionAmplification: % 17.22 (1 day 22 hours 46 minutes 11 seconds 513 milliseconds)",		"selection: % 53.19 (6 days 26 minutes 17 seconds 278 milliseconds)",		"inputAmplification: % 3.06 (8 hours 17 minutes 51 seconds 123 milliseconds)",		"finalize: % 13.32 (1 day 12 hours 9 minutes 44 seconds 535 milliseconds)"	],	"notCoveredInAmplified" : [		{			"operatorDescription" : "Remove ^",			"class" : "WAUrl",			"operatorClass" : "RemoveCaretOperator",			"mutationStart" : 146,			"method" : "privatePathParameterMapAt:ifPresentDo:ifAbsent:",			"mutationEnd" : 171		},		{			"operatorDescription" : "Remove ^",			"class" : "WAUrl",			"operatorClass" : "RemoveCaretOperator",			"mutationStart" : 232,			"method" : "privatePathParameterMapAt:ifPresentDo:ifAbsent:",			"mutationEnd" : 257		},		{			"operatorDescription" : "Replace #ifTrue: receiver with false",			"class" : "WAUrl",			"operatorClass" : "ReplaceIfTrueReceiverWithFalseOperator",			"mutationStart" : 113,			"method" : "privatePathParameterMapAt:ifPresentDo:ifAbsent:",			"mutationEnd" : 173		},		{			"operatorDescription" : "Replace #- with #+",			"class" : "WAUrl",			"operatorClass" : "ReplaceMinusWithPlusMutantOperator",			"mutationStart" : 880,			"method" : "parsePath:absolute:from:to:",			"mutationEnd" : 888		},		{			"operatorDescription" : "Replace #and: argument with [true]",			"class" : "WAUrl",			"operatorClass" : "ReplaceAndArgumentWithTrueOperator",			"mutationStart" : 662,			"method" : "parsePath:absolute:from:to:",			"mutationEnd" : 719		},		{			"operatorDescription" : "Replace #and: argument with [true]",			"class" : "WAUrl",			"operatorClass" : "ReplaceAndArgumentWithTrueOperator",			"mutationStart" : 740,			"method" : "parsePath:absolute:from:to:",			"mutationEnd" : 843		},		{			"operatorDescription" : "Replace #and: argument with [true]",			"class" : "WAUrl",			"operatorClass" : "ReplaceAndArgumentWithTrueOperator",			"mutationStart" : 764,			"method" : "parsePath:absolute:from:to:",			"mutationEnd" : 840		},		{			"operatorDescription" : "Replace #and: receiver with true",			"class" : "WAUrl",			"operatorClass" : "ReplaceAndReceiverWithTrueOperator",			"mutationStart" : 328,			"method" : "parsePath:absolute:from:to:",			"mutationEnd" : 371		},		{			"operatorDescription" : "Replace #and: receiver with true",			"class" : "WAUrl",			"operatorClass" : "ReplaceAndReceiverWithTrueOperator",			"mutationStart" : 740,			"method" : "parsePath:absolute:from:to:",			"mutationEnd" : 843		},		{			"operatorDescription" : "Replace #and: receiver with true",			"class" : "WAUrl",			"operatorClass" : "ReplaceAndReceiverWithTrueOperator",			"mutationStart" : 764,			"method" : "parsePath:absolute:from:to:",			"mutationEnd" : 840		},		{			"operatorDescription" : "Replace #and: with #bEqv:",			"class" : "WAUrl",			"operatorClass" : "ReplaceAndWithEqvMutantOperator",			"mutationStart" : 328,			"method" : "parsePath:absolute:from:to:",			"mutationEnd" : 371		},		{			"operatorDescription" : "Replace #and: with #bEqv:",			"class" : "WAUrl",			"operatorClass" : "ReplaceAndWithEqvMutantOperator",			"mutationStart" : 485,			"method" : "parsePath:absolute:from:to:",			"mutationEnd" : 526		},		{			"operatorDescription" : "Replace #and: with #bEqv:",			"class" : "WAUrl",			"operatorClass" : "ReplaceAndWithEqvMutantOperator",			"mutationStart" : 764,			"method" : "parsePath:absolute:from:to:",			"mutationEnd" : 840		},		{			"operatorDescription" : "Replace #and: with #bEqv:",			"class" : "WAUrl",			"operatorClass" : "ReplaceAndWithEqvMutantOperator",			"mutationStart" : 1147,			"method" : "parsePath:absolute:from:to:",			"mutationEnd" : 1203		},		{			"operatorDescription" : "Replace #and: with #or:",			"class" : "WAUrl",			"operatorClass" : "ReplaceAndWithOrMutantOperator",			"mutationStart" : 740,			"method" : "parsePath:absolute:from:to:",			"mutationEnd" : 843		},		{			"operatorDescription" : "Replace #and: with #or:",			"class" : "WAUrl",			"operatorClass" : "ReplaceAndWithOrMutantOperator",			"mutationStart" : 764,			"method" : "parsePath:absolute:from:to:",			"mutationEnd" : 840		},		{			"operatorDescription" : "Replace #ifTrue: receiver with true",			"class" : "WAUrl",			"operatorClass" : "ReplaceIfTrueReceiverWithTrueOperator",			"mutationStart" : 609,			"method" : "parsePath:absolute:from:to:",			"mutationEnd" : 1526		},		{			"operatorDescription" : "Replace #ifTrue: receiver with true",			"class" : "WAUrl",			"operatorClass" : "ReplaceIfTrueReceiverWithTrueOperator",			"mutationStart" : 125,			"method" : "takeServerParametersFromRequest:",			"mutationEnd" : 183		},		{			"operatorDescription" : "Replace #ifTrue: receiver with true",			"class" : "WAUrl",			"operatorClass" : "ReplaceIfTrueReceiverWithTrueOperator",			"mutationStart" : 187,			"method" : "takeServerParametersFromRequest:",			"mutationEnd" : 317		},		{			"operatorDescription" : "Replace #ifTrue: receiver with true",			"class" : "WAUrl",			"operatorClass" : "ReplaceIfTrueReceiverWithTrueOperator",			"mutationStart" : 321,			"method" : "takeServerParametersFromRequest:",			"mutationEnd" : 418		},		{			"operatorDescription" : "Replace #and: receiver with true",			"class" : "WAUrl",			"operatorClass" : "ReplaceAndReceiverWithTrueOperator",			"mutationStart" : 105,			"method" : "parseQuery:from:to:",			"mutationEnd" : 157		},		{			"operatorDescription" : "Replace #and: with #bEqv:",			"class" : "WAUrl",			"operatorClass" : "ReplaceAndWithEqvMutantOperator",			"mutationStart" : 105,			"method" : "parseQuery:from:to:",			"mutationEnd" : 157		},		{			"operatorDescription" : "Replace #and: with #bEqv:",			"class" : "WAUrl",			"operatorClass" : "ReplaceAndWithEqvMutantOperator",			"mutationStart" : 433,			"method" : "parseQuery:from:to:",			"mutationEnd" : 477		},		{			"operatorDescription" : "Replace #ifFalse: receiver with false",			"class" : "WAUrl",			"operatorClass" : "ReplaceIfFalseReceiverWithFalseOperator",			"mutationStart" : 28,			"method" : "scheme:",			"mutationEnd" : 73		},		{			"operatorDescription" : "Replace #* with #/",			"class" : "WAUrl",			"operatorClass" : "ReplaceMultiplicationWithDivisionMutantOperator",			"mutationStart" : 78,			"method" : "pathStringEncodedWith:",			"mutationEnd" : 113		},		{			"operatorDescription" : "Replace #ifFalse: receiver with false",			"class" : "WAUrl",			"operatorClass" : "ReplaceIfFalseReceiverWithFalseOperator",			"mutationStart" : 160,			"method" : "encodePathOn:",			"mutationEnd" : 245		},		{			"operatorDescription" : "Replace #and: receiver with true",			"class" : "WAUrl",			"operatorClass" : "ReplaceAndReceiverWithTrueOperator",			"mutationStart" : 10,			"method" : "isSsl",			"mutationEnd" : 70		},		{			"operatorDescription" : "Replace #and: with #bEqv:",			"class" : "WAUrl",			"operatorClass" : "ReplaceAndWithEqvMutantOperator",			"mutationStart" : 10,			"method" : "isSsl",			"mutationEnd" : 70		},		{			"operatorDescription" : "Replace #and: argument with [true]",			"class" : "WAUrl",			"operatorClass" : "ReplaceAndArgumentWithTrueOperator",			"mutationStart" : 119,			"method" : "parseUserPassword:from:to:",			"mutationEnd" : 160		},		{			"operatorDescription" : "Replace #and: with #bEqv:",			"class" : "WAUrl",			"operatorClass" : "ReplaceAndWithEqvMutantOperator",			"mutationStart" : 119,			"method" : "parseUserPassword:from:to:",			"mutationEnd" : 160		},		{			"operatorDescription" : "Replace #and: argument with [true]",			"class" : "WAUrl",			"operatorClass" : "ReplaceAndArgumentWithTrueOperator",			"mutationStart" : 120,			"method" : "parseAuthority:from:to:",			"mutationEnd" : 155		},		{			"operatorDescription" : "Replace #and: with #bEqv:",			"class" : "WAUrl",			"operatorClass" : "ReplaceAndWithEqvMutantOperator",			"mutationStart" : 120,			"method" : "parseAuthority:from:to:",			"mutationEnd" : 155		},		{			"operatorDescription" : "Replace #and: receiver with true",			"class" : "WAUrl",			"operatorClass" : "ReplaceAndReceiverWithTrueOperator",			"mutationStart" : 111,			"method" : "parsePathParameters:at:from:to:",			"mutationEnd" : 158		},		{			"operatorDescription" : "Replace #and: receiver with true",			"class" : "WAUrl",			"operatorClass" : "ReplaceAndReceiverWithTrueOperator",			"mutationStart" : 424,			"method" : "parsePathParameters:at:from:to:",			"mutationEnd" : 459		},		{			"operatorDescription" : "Replace #and: receiver with true",			"class" : "WAUrl",			"operatorClass" : "ReplaceAndReceiverWithTrueOperator",			"mutationStart" : 633,			"method" : "parsePathParameters:at:from:to:",			"mutationEnd" : 681		},		{			"operatorDescription" : "Replace #and: with #bEqv:",			"class" : "WAUrl",			"operatorClass" : "ReplaceAndWithEqvMutantOperator",			"mutationStart" : 111,			"method" : "parsePathParameters:at:from:to:",			"mutationEnd" : 158		},		{			"operatorDescription" : "Replace #and: with #bEqv:",			"class" : "WAUrl",			"operatorClass" : "ReplaceAndWithEqvMutantOperator",			"mutationStart" : 424,			"method" : "parsePathParameters:at:from:to:",			"mutationEnd" : 459		},		{			"operatorDescription" : "Replace #and: with #bEqv:",			"class" : "WAUrl",			"operatorClass" : "ReplaceAndWithEqvMutantOperator",			"mutationStart" : 633,			"method" : "parsePathParameters:at:from:to:",			"mutationEnd" : 681		},		{			"operatorDescription" : "Remove ^",			"class" : "WAUrl",			"operatorClass" : "RemoveCaretOperator",			"mutationStart" : 26,			"method" : "isSeasideField:",			"mutationEnd" : 128		},		{			"operatorDescription" : "Replace #= with #'~='",			"class" : "WAUrl",			"operatorClass" : "ReplaceEqualWithNotEqualOperator",			"mutationStart" : 54,			"method" : "isSeasideField:",			"mutationEnd" : 71		},		{			"operatorDescription" : "Replace #and: argument with [true]",			"class" : "WAUrl",			"operatorClass" : "ReplaceAndArgumentWithTrueOperator",			"mutationStart" : 28,			"method" : "isSeasideField:",			"mutationEnd" : 128		},		{			"operatorDescription" : "Replace #and: receiver with true",			"class" : "WAUrl",			"operatorClass" : "ReplaceAndReceiverWithTrueOperator",			"mutationStart" : 28,			"method" : "isSeasideField:",			"mutationEnd" : 128		},		{			"operatorDescription" : "Replace #and: with #bEqv:",			"class" : "WAUrl",			"operatorClass" : "ReplaceAndWithEqvMutantOperator",			"mutationStart" : 28,			"method" : "isSeasideField:",			"mutationEnd" : 128		},		{			"operatorDescription" : "Replace #and: with #nand:",			"class" : "WAUrl",			"operatorClass" : "ReplaceAndWithNandMutantOperator",			"mutationStart" : 28,			"method" : "isSeasideField:",			"mutationEnd" : 128		},		{			"operatorDescription" : "Replace #and: with #or:",			"class" : "WAUrl",			"operatorClass" : "ReplaceAndWithOrMutantOperator",			"mutationStart" : 28,			"method" : "isSeasideField:",			"mutationEnd" : 128		},		{			"operatorDescription" : "Replace #and: with false",			"class" : "WAUrl",			"operatorClass" : "ReplaceAndWithFalseOperator",			"mutationStart" : 28,			"method" : "isSeasideField:",			"mutationEnd" : 128		},		{			"operatorDescription" : "Replace #or: argument with [false]",			"class" : "WAUrl",			"operatorClass" : "ReplaceOrArgumentWithFalseOperator",			"mutationStart" : 54,			"method" : "isSeasideField:",			"mutationEnd" : 126		},		{			"operatorDescription" : "Replace #or: receiver with false",			"class" : "WAUrl",			"operatorClass" : "ReplaceOrReceiverWithFalseOperator",			"mutationStart" : 54,			"method" : "isSeasideField:",			"mutationEnd" : 126		},		{			"operatorDescription" : "Replace #or: with #and:",			"class" : "WAUrl",			"operatorClass" : "ReplaceOrWithAndMutantOperator",			"mutationStart" : 54,			"method" : "isSeasideField:",			"mutationEnd" : 126		},		{			"operatorDescription" : "Replace #or: with #bXor:",			"class" : "WAUrl",			"operatorClass" : "ReplaceOrWithXorMutantOperator",			"mutationStart" : 54,			"method" : "isSeasideField:",			"mutationEnd" : 126		},		{			"operatorDescription" : "Replace #or: with true",			"class" : "WAUrl",			"operatorClass" : "ReplaceOrWithTrueOperator",			"mutationStart" : 54,			"method" : "isSeasideField:",			"mutationEnd" : 126		},		{			"operatorDescription" : "Replace #ifFalse: receiver with false",			"class" : "WAUrl",			"operatorClass" : "ReplaceIfFalseReceiverWithFalseOperator",			"mutationStart" : 341,			"method" : "decodedWith:",			"mutationEnd" : 411		},		{			"operatorDescription" : "Replace #ifFalse: receiver with false",			"class" : "WAUrl",			"operatorClass" : "ReplaceIfFalseReceiverWithFalseOperator",			"mutationStart" : 415,			"method" : "decodedWith:",			"mutationEnd" : 497		},		{			"operatorDescription" : "Replace #ifFalse: receiver with false",			"class" : "WAUrl",			"operatorClass" : "ReplaceIfFalseReceiverWithFalseOperator",			"mutationStart" : 503,			"method" : "decodedWith:",			"mutationEnd" : 601		},		{			"operatorDescription" : "Replace #ifFalse: receiver with false",			"class" : "WAUrl",			"operatorClass" : "ReplaceIfFalseReceiverWithFalseOperator",			"mutationStart" : 788,			"method" : "decodedWith:",			"mutationEnd" : 870		},		{			"operatorDescription" : "Replace #> with #<",			"class" : "WAUrl",			"operatorClass" : "ReplaceGreaterWithLessMutantOperator",			"mutationStart" : 1108,			"method" : "initializeFromString:",			"mutationEnd" : 1124		},		{			"operatorDescription" : "Replace #> with #<",			"class" : "WAUrl",			"operatorClass" : "ReplaceGreaterWithLessMutantOperator",			"mutationStart" : 1220,			"method" : "initializeFromString:",			"mutationEnd" : 1233		},		{			"operatorDescription" : "Replace #> with #<",			"class" : "WAUrl",			"operatorClass" : "ReplaceGreaterWithLessMutantOperator",			"mutationStart" : 1343,			"method" : "initializeFromString:",			"mutationEnd" : 1359		},		{			"operatorDescription" : "Replace #> with #<",			"class" : "WAUrl",			"operatorClass" : "ReplaceGreaterWithLessMutantOperator",			"mutationStart" : 1367,			"method" : "initializeFromString:",			"mutationEnd" : 1380		},		{			"operatorDescription" : "Replace #> with #<",			"class" : "WAUrl",			"operatorClass" : "ReplaceGreaterWithLessMutantOperator",			"mutationStart" : 1822,			"method" : "initializeFromString:",			"mutationEnd" : 1835		},		{			"operatorDescription" : "Replace #and: argument with [true]",			"class" : "WAUrl",			"operatorClass" : "ReplaceAndArgumentWithTrueOperator",			"mutationStart" : 359,			"method" : "initializeFromString:",			"mutationEnd" : 436		},		{			"operatorDescription" : "Replace #and: argument with [true]",			"class" : "WAUrl",			"operatorClass" : "ReplaceAndArgumentWithTrueOperator",			"mutationStart" : 643,			"method" : "initializeFromString:",			"mutationEnd" : 722		},		{			"operatorDescription" : "Replace #and: receiver with true",			"class" : "WAUrl",			"operatorClass" : "ReplaceAndReceiverWithTrueOperator",			"mutationStart" : 1821,			"method" : "initializeFromString:",			"mutationEnd" : 1866		},		{			"operatorDescription" : "Replace #and: with #bEqv:",			"class" : "WAUrl",			"operatorClass" : "ReplaceAndWithEqvMutantOperator",			"mutationStart" : 359,			"method" : "initializeFromString:",			"mutationEnd" : 436		},		{			"operatorDescription" : "Replace #and: with #bEqv:",			"class" : "WAUrl",			"operatorClass" : "ReplaceAndWithEqvMutantOperator",			"mutationStart" : 643,			"method" : "initializeFromString:",			"mutationEnd" : 722		},		{			"operatorDescription" : "Replace #and: with #bEqv:",			"class" : "WAUrl",			"operatorClass" : "ReplaceAndWithEqvMutantOperator",			"mutationStart" : 1074,			"method" : "initializeFromString:",			"mutationEnd" : 1127		},		{			"operatorDescription" : "Replace #and: with #bEqv:",			"class" : "WAUrl",			"operatorClass" : "ReplaceAndWithEqvMutantOperator",			"mutationStart" : 1189,			"method" : "initializeFromString:",			"mutationEnd" : 1236		},		{			"operatorDescription" : "Replace #and: with #bEqv:",			"class" : "WAUrl",			"operatorClass" : "ReplaceAndWithEqvMutantOperator",			"mutationStart" : 1673,			"method" : "initializeFromString:",			"mutationEnd" : 1750		},		{			"operatorDescription" : "Replace #and: with #bEqv:",			"class" : "WAUrl",			"operatorClass" : "ReplaceAndWithEqvMutantOperator",			"mutationStart" : 1821,			"method" : "initializeFromString:",			"mutationEnd" : 1866		},		{			"operatorDescription" : "Replace #and: with false",			"class" : "WAUrl",			"operatorClass" : "ReplaceAndWithFalseOperator",			"mutationStart" : 1074,			"method" : "initializeFromString:",			"mutationEnd" : 1127		},		{			"operatorDescription" : "Replace #and: with false",			"class" : "WAUrl",			"operatorClass" : "ReplaceAndWithFalseOperator",			"mutationStart" : 1189,			"method" : "initializeFromString:",			"mutationEnd" : 1236		},		{			"operatorDescription" : "Replace #and: with false",			"class" : "WAUrl",			"operatorClass" : "ReplaceAndWithFalseOperator",			"mutationStart" : 1821,			"method" : "initializeFromString:",			"mutationEnd" : 1866		},		{			"operatorDescription" : "Replace #ifTrue: receiver with false",			"class" : "WAUrl",			"operatorClass" : "ReplaceIfTrueReceiverWithFalseOperator",			"mutationStart" : 1074,			"method" : "initializeFromString:",			"mutationEnd" : 1183		},		{			"operatorDescription" : "Replace #ifTrue: receiver with false",			"class" : "WAUrl",			"operatorClass" : "ReplaceIfTrueReceiverWithFalseOperator",			"mutationStart" : 1189,			"method" : "initializeFromString:",			"mutationEnd" : 1292		},		{			"operatorDescription" : "Replace #ifTrue: receiver with false",			"class" : "WAUrl",			"operatorClass" : "ReplaceIfTrueReceiverWithFalseOperator",			"mutationStart" : 1342,			"method" : "initializeFromString:",			"mutationEnd" : 1439		},		{			"operatorDescription" : "Replace #ifTrue:ifFalse: receiver with false",			"class" : "WAUrl",			"operatorClass" : "ReplaceIfTrueIfFalseReceiverWithFalseOperator",			"mutationStart" : 1821,			"method" : "initializeFromString:",			"mutationEnd" : 2018		},		{			"operatorDescription" : "Replace #or: argument with [false]",			"class" : "WAUrl",			"operatorClass" : "ReplaceOrArgumentWithFalseOperator",			"mutationStart" : 1342,			"method" : "initializeFromString:",			"mutationEnd" : 1383		},		{			"operatorDescription" : "Replace #or: receiver with false",			"class" : "WAUrl",			"operatorClass" : "ReplaceOrReceiverWithFalseOperator",			"mutationStart" : 1342,			"method" : "initializeFromString:",			"mutationEnd" : 1383		},		{			"operatorDescription" : "Replace #or: with #and:",			"class" : "WAUrl",			"operatorClass" : "ReplaceOrWithAndMutantOperator",			"mutationStart" : 1342,			"method" : "initializeFromString:",			"mutationEnd" : 1383		},		{			"operatorDescription" : "Replace #or: with #bXor:",			"class" : "WAUrl",			"operatorClass" : "ReplaceOrWithXorMutantOperator",			"mutationStart" : 382,			"method" : "initializeFromString:",			"mutationEnd" : 433		},		{			"operatorDescription" : "Replace #or: with #bXor:",			"class" : "WAUrl",			"operatorClass" : "ReplaceOrWithXorMutantOperator",			"mutationStart" : 667,			"method" : "initializeFromString:",			"mutationEnd" : 719		},		{			"operatorDescription" : "Replace #or: with #bXor:",			"class" : "WAUrl",			"operatorClass" : "ReplaceOrWithXorMutantOperator",			"mutationStart" : 1342,			"method" : "initializeFromString:",			"mutationEnd" : 1383		},		{			"operatorDescription" : "Replace #or: with #bXor:",			"class" : "WAUrl",			"operatorClass" : "ReplaceOrWithXorMutantOperator",			"mutationStart" : 1696,			"method" : "initializeFromString:",			"mutationEnd" : 1747		},		{			"operatorDescription" : "Replace #or: with true",			"class" : "WAUrl",			"operatorClass" : "ReplaceOrWithTrueOperator",			"mutationStart" : 382,			"method" : "initializeFromString:",			"mutationEnd" : 433		},		{			"operatorDescription" : "Replace #or: with true",			"class" : "WAUrl",			"operatorClass" : "ReplaceOrWithTrueOperator",			"mutationStart" : 667,			"method" : "initializeFromString:",			"mutationEnd" : 719		},		{			"operatorDescription" : "Remove ^",			"class" : "WAUrl",			"operatorClass" : "RemoveCaretOperator",			"mutationStart" : 7,			"method" : "hash",			"mutationEnd" : 45		},		{			"operatorDescription" : "Replace #'>=' with #=",			"class" : "WAUrl",			"operatorClass" : "ReplaceGreaterOrEqualWithEqualMutantOperator",			"mutationStart" : 132,			"method" : "privatePathParameterMapAt:",			"mutationEnd" : 161		},		{			"operatorDescription" : "Replace #and: argument with [true]",			"class" : "WAUrl",			"operatorClass" : "ReplaceAndArgumentWithTrueOperator",			"mutationStart" : 204,			"method" : "relativeTo:",			"mutationEnd" : 302		},		{			"operatorDescription" : "Replace #and: argument with [true]",			"class" : "WAUrl",			"operatorClass" : "ReplaceAndArgumentWithTrueOperator",			"mutationStart" : 232,			"method" : "relativeTo:",			"mutationEnd" : 300		},		{			"operatorDescription" : "Replace #and: receiver with true",			"class" : "WAUrl",			"operatorClass" : "ReplaceAndReceiverWithTrueOperator",			"mutationStart" : 232,			"method" : "relativeTo:",			"mutationEnd" : 300		},		{			"operatorDescription" : "Replace #and: with #bEqv:",			"class" : "WAUrl",			"operatorClass" : "ReplaceAndWithEqvMutantOperator",			"mutationStart" : 232,			"method" : "relativeTo:",			"mutationEnd" : 300		},		{			"operatorDescription" : "Replace #and: with #or:",			"class" : "WAUrl",			"operatorClass" : "ReplaceAndWithOrMutantOperator",			"mutationStart" : 232,			"method" : "relativeTo:",			"mutationEnd" : 300		},		{			"operatorDescription" : "Replace #or: receiver with false",			"class" : "WAUrl",			"operatorClass" : "ReplaceOrReceiverWithFalseOperator",			"mutationStart" : 151,			"method" : "pathStringUnencodedSize",			"mutationEnd" : 176		},		{			"operatorDescription" : "Replace #or: with #bXor:",			"class" : "WAUrl",			"operatorClass" : "ReplaceOrWithXorMutantOperator",			"mutationStart" : 151,			"method" : "pathStringUnencodedSize",			"mutationEnd" : 176		},		{			"operatorDescription" : "Replace #and: argument with [true]",			"class" : "WAUrl",			"operatorClass" : "ReplaceAndArgumentWithTrueOperator",			"mutationStart" : 115,			"method" : "parseHostPort:from:to:",			"mutationEnd" : 156		},		{			"operatorDescription" : "Replace #and: with #bEqv:",			"class" : "WAUrl",			"operatorClass" : "ReplaceAndWithEqvMutantOperator",			"mutationStart" : 115,			"method" : "parseHostPort:from:to:",			"mutationEnd" : 156		},		{			"operatorDescription" : "Replace #ifTrue: receiver with true",			"class" : "WAUrl",			"operatorClass" : "ReplaceIfTrueReceiverWithTrueOperator",			"mutationStart" : 173,			"method" : "parseHostPort:from:to:",			"mutationEnd" : 312		},		{			"operatorDescription" : "Remove ^",			"class" : "WAUrl",			"operatorClass" : "RemoveCaretOperator",			"mutationStart" : 275,			"method" : "pathStringUnencoded",			"mutationEnd" : 304		},		{			"operatorDescription" : "Replace #ifTrue: receiver with false",			"class" : "WAUrl",			"operatorClass" : "ReplaceIfTrueReceiverWithFalseOperator",			"mutationStart" : 238,			"method" : "pathStringUnencoded",			"mutationEnd" : 306		},		{			"operatorDescription" : "Replace #ifTrue: receiver with true",			"class" : "WAUrl",			"operatorClass" : "ReplaceIfTrueReceiverWithTrueOperator",			"mutationStart" : 238,			"method" : "pathStringUnencoded",			"mutationEnd" : 306		},		{			"operatorDescription" : "Replace #ifTrue: with #ifFalse:",			"class" : "WAUrl",			"operatorClass" : "ReplaceIfTrueWithIfFalseMutantOperator",			"mutationStart" : 238,			"method" : "pathStringUnencoded",			"mutationEnd" : 306		},		{			"operatorDescription" : "Replace #and: receiver with true",			"class" : "WAUrl",			"operatorClass" : "ReplaceAndReceiverWithTrueOperator",			"mutationStart" : 11,			"method" : "=",			"mutationEnd" : 78		},		{			"operatorDescription" : "Remove ^",			"class" : "WAUrl",			"operatorClass" : "RemoveCaretOperator",			"mutationStart" : 738,			"method" : "detectCommonPathElementClass",			"mutationEnd" : 742		},		{			"operatorDescription" : "Replace #'~=' with #=",			"class" : "WAUrl",			"operatorClass" : "ReplaceNotEqualWithEqualOperator",			"mutationStart" : 684,			"method" : "detectCommonPathElementClass",			"mutationEnd" : 723		},		{			"operatorDescription" : "Replace #ifTrue: receiver with false",			"class" : "WAUrl",			"operatorClass" : "ReplaceIfTrueReceiverWithFalseOperator",			"mutationStart" : 684,			"method" : "detectCommonPathElementClass",			"mutationEnd" : 744		},		{			"operatorDescription" : "Replace #ifTrue: receiver with true",			"class" : "WAUrl",			"operatorClass" : "ReplaceIfTrueReceiverWithTrueOperator",			"mutationStart" : 565,			"method" : "detectCommonPathElementClass",			"mutationEnd" : 608		},		{			"operatorDescription" : "Replace #ifTrue: receiver with true",			"class" : "WAUrl",			"operatorClass" : "ReplaceIfTrueReceiverWithTrueOperator",			"mutationStart" : 684,			"method" : "detectCommonPathElementClass",			"mutationEnd" : 744		},		{			"operatorDescription" : "Replace #ifTrue: with #ifFalse:",			"class" : "WAUrl",			"operatorClass" : "ReplaceIfTrueWithIfFalseMutantOperator",			"mutationStart" : 684,			"method" : "detectCommonPathElementClass",			"mutationEnd" : 744		},		{			"operatorDescription" : "Replace #ifFalse: receiver with false",			"class" : "WAUrl",			"operatorClass" : "ReplaceIfFalseReceiverWithFalseOperator",			"mutationStart" : 24,			"method" : "host:",			"mutationEnd" : 84		},		{			"operatorDescription" : "Remove ^",			"class" : "WAUrl",			"operatorClass" : "RemoveCaretOperator",			"mutationStart" : 55,			"method" : "decode:",			"mutationEnd" : 89		},		{			"operatorDescription" : "Replace #or: receiver with false",			"class" : "WAUrl",			"operatorClass" : "ReplaceOrReceiverWithFalseOperator",			"mutationStart" : 136,			"method" : "parsePort:from:to:",			"mutationEnd" : 164		},		{			"operatorDescription" : "Replace #or: with #bXor:",			"class" : "WAUrl",			"operatorClass" : "ReplaceOrWithXorMutantOperator",			"mutationStart" : 136,			"method" : "parsePort:from:to:",			"mutationEnd" : 164		},		{			"operatorDescription" : "Replace #ifTrue: receiver with true",			"class" : "WAUrl",			"operatorClass" : "ReplaceIfTrueReceiverWithTrueOperator",			"mutationStart" : 206,			"method" : "pathUnencodedOn:",			"mutationEnd" : 286		},		{			"operatorDescription" : "Replace #isEmpty with #notEmpty",			"class" : "WAUrl",			"operatorClass" : "ReplaceIsEmptyWithNotEmptyMutantOperator",			"mutationStart" : 224,			"method" : "pathUnencodedOn:",			"mutationEnd" : 235		},		{			"operatorDescription" : "Replace #or: receiver with false",			"class" : "WAUrl",			"operatorClass" : "ReplaceOrReceiverWithFalseOperator",			"mutationStart" : 224,			"method" : "pathUnencodedOn:",			"mutationEnd" : 249		},		{			"operatorDescription" : "Replace #or: with #bXor:",			"class" : "WAUrl",			"operatorClass" : "ReplaceOrWithXorMutantOperator",			"mutationStart" : 224,			"method" : "pathUnencodedOn:",			"mutationEnd" : 249		},		{			"operatorDescription" : "Replace #or: with true",			"class" : "WAUrl",			"operatorClass" : "ReplaceOrWithTrueOperator",			"mutationStart" : 206,			"method" : "pathUnencodedOn:",			"mutationEnd" : 252		},		{			"operatorDescription" : "Replace #or: with true",			"class" : "WAUrl",			"operatorClass" : "ReplaceOrWithTrueOperator",			"mutationStart" : 224,			"method" : "pathUnencodedOn:",			"mutationEnd" : 249		},		{			"operatorDescription" : "Remove Exception Handler Operator",			"class" : "WAUrl",			"operatorClass" : "RemoveExceptionHandlerOperator",			"mutationStart" : 49,			"method" : "printOn:",			"mutationEnd" : 140		},		{			"operatorDescription" : "Replace #or: with #bXor:",			"class" : "WAUrl",			"operatorClass" : "ReplaceOrWithXorMutantOperator",			"mutationStart" : 377,			"method" : "encodeSchemeAndAuthorityOn:",			"mutationEnd" : 472		},		{			"operatorDescription" : "Replace #ifTrue:ifFalse: receiver with false",			"class" : "WAUrl",			"operatorClass" : "ReplaceIfTrueIfFalseReceiverWithFalseOperator",			"mutationStart" : 149,			"method" : "parsePath:",			"mutationEnd" : 187		},		{			"operatorDescription" : "Replace #and: receiver with true",			"class" : "WAUrl",			"operatorClass" : "ReplaceAndReceiverWithTrueOperator",			"mutationStart" : 245,			"method" : "encodePathParametersAt:on:",			"mutationEnd" : 289		},		{			"operatorDescription" : "Remove ^",			"class" : "WAUrl",			"operatorClass" : "RemoveCaretOperator",			"mutationStart" : 292,			"method" : "pathStringSafeUnencoded",			"mutationEnd" : 308		},		{			"operatorDescription" : "Remove ^",			"class" : "WAUrl class",			"operatorClass" : "RemoveCaretOperator",			"mutationStart" : 575,			"method" : "decodePercent:",			"mutationEnd" : 591		},		{			"operatorDescription" : "Replace #* with #/",			"class" : "WAUrl class",			"operatorClass" : "ReplaceMultiplicationWithDivisionMutantOperator",			"mutationStart" : 515,			"method" : "decodePercent:",			"mutationEnd" : 528		},		{			"operatorDescription" : "Replace #+ with #-",			"class" : "WAUrl class",			"operatorClass" : "ReplacePlusWithMinusMutantOperator",			"mutationStart" : 515,			"method" : "decodePercent:",			"mutationEnd" : 541		},		{			"operatorDescription" : "Replace #ifTrue:ifFalse: receiver with false",			"class" : "WAUrl class",			"operatorClass" : "ReplaceIfTrueIfFalseReceiverWithFalseOperator",			"mutationStart" : 239,			"method" : "decodePercent:",			"mutationEnd" : 569		},		{			"operatorDescription" : "Replace #ifTrue:ifFalse: receiver with true",			"class" : "WAUrl class",			"operatorClass" : "ReplaceIfTrueIfFalseReceiverWithTrueOperator",			"mutationStart" : 299,			"method" : "decodePercent:",			"mutationEnd" : 566		},		{			"operatorDescription" : "Remove ^",			"class" : "WAUrl class",			"operatorClass" : "RemoveCaretOperator",			"mutationStart" : 414,			"method" : "decodePercentAndPlus:from:to:",			"mutationEnd" : 450		},		{			"operatorDescription" : "Replace #'>=' with #=",			"class" : "WAUrl class",			"operatorClass" : "ReplaceGreaterOrEqualWithEqualMutantOperator",			"mutationStart" : 229,			"method" : "decodePercentAndPlus:from:to:",			"mutationEnd" : 247		},		{			"operatorDescription" : "Replace #'>=' with #=",			"class" : "WAUrl class",			"operatorClass" : "ReplaceGreaterOrEqualWithEqualMutantOperator",			"mutationStart" : 381,			"method" : "decodePercentAndPlus:from:to:",			"mutationEnd" : 396		},		{			"operatorDescription" : "Replace #'>=' with #>",			"class" : "WAUrl class",			"operatorClass" : "ReplaceGreaterOrEqualWithGreaterMutantOperator",			"mutationStart" : 229,			"method" : "decodePercentAndPlus:from:to:",			"mutationEnd" : 247		},		{			"operatorDescription" : "Replace #'>=' with #>",			"class" : "WAUrl class",			"operatorClass" : "ReplaceGreaterOrEqualWithGreaterMutantOperator",			"mutationStart" : 381,			"method" : "decodePercentAndPlus:from:to:",			"mutationEnd" : 396		},		{			"operatorDescription" : "Replace #and: argument with [true]",			"class" : "WAUrl class",			"operatorClass" : "ReplaceAndArgumentWithTrueOperator",			"mutationStart" : 647,			"method" : "decodePercentAndPlus:from:to:",			"mutationEnd" : 679		},		{			"operatorDescription" : "Replace #ifTrue: receiver with false",			"class" : "WAUrl class",			"operatorClass" : "ReplaceIfTrueReceiverWithFalseOperator",			"mutationStart" : 205,			"method" : "decodePercentAndPlus:from:to:",			"mutationEnd" : 454		},		{			"operatorDescription" : "Replace #ifTrue: receiver with false",			"class" : "WAUrl class",			"operatorClass" : "ReplaceIfTrueReceiverWithFalseOperator",			"mutationStart" : 360,			"method" : "decodePercentAndPlus:from:to:",			"mutationEnd" : 452		},		{			"operatorDescription" : "Replace #ifTrue:ifFalse: receiver with false",			"class" : "WAUrl class",			"operatorClass" : "ReplaceIfTrueIfFalseReceiverWithFalseOperator",			"mutationStart" : 909,			"method" : "decodePercentAndPlus:from:to:",			"mutationEnd" : 1018		},		{			"operatorDescription" : "Replace #ifTrue:ifFalse: receiver with false",			"class" : "WAUrl class",			"operatorClass" : "ReplaceIfTrueIfFalseReceiverWithFalseOperator",			"mutationStart" : 1042,			"method" : "decodePercentAndPlus:from:to:",			"mutationEnd" : 1151		},		{			"operatorDescription" : "Replace #or: argument with [false]",			"class" : "WAUrl class",			"operatorClass" : "ReplaceOrArgumentWithFalseOperator",			"mutationStart" : 205,			"method" : "decodePercentAndPlus:from:to:",			"mutationEnd" : 250		},		{			"operatorDescription" : "Replace #or: argument with [false]",			"class" : "WAUrl class",			"operatorClass" : "ReplaceOrArgumentWithFalseOperator",			"mutationStart" : 360,			"method" : "decodePercentAndPlus:from:to:",			"mutationEnd" : 399		},		{			"operatorDescription" : "Replace #or: receiver with false",			"class" : "WAUrl class",			"operatorClass" : "ReplaceOrReceiverWithFalseOperator",			"mutationStart" : 205,			"method" : "decodePercentAndPlus:from:to:",			"mutationEnd" : 250		},		{			"operatorDescription" : "Replace #or: receiver with false",			"class" : "WAUrl class",			"operatorClass" : "ReplaceOrReceiverWithFalseOperator",			"mutationStart" : 360,			"method" : "decodePercentAndPlus:from:to:",			"mutationEnd" : 399		},		{			"operatorDescription" : "Replace #or: with #and:",			"class" : "WAUrl class",			"operatorClass" : "ReplaceOrWithAndMutantOperator",			"mutationStart" : 205,			"method" : "decodePercentAndPlus:from:to:",			"mutationEnd" : 250		},		{			"operatorDescription" : "Replace #or: with #and:",			"class" : "WAUrl class",			"operatorClass" : "ReplaceOrWithAndMutantOperator",			"mutationStart" : 360,			"method" : "decodePercentAndPlus:from:to:",			"mutationEnd" : 399		},		{			"operatorDescription" : "Replace #or: with #bXor:",			"class" : "WAUrl class",			"operatorClass" : "ReplaceOrWithXorMutantOperator",			"mutationStart" : 205,			"method" : "decodePercentAndPlus:from:to:",			"mutationEnd" : 250		},		{			"operatorDescription" : "Replace #or: with #bXor:",			"class" : "WAUrl class",			"operatorClass" : "ReplaceOrWithXorMutantOperator",			"mutationStart" : 360,			"method" : "decodePercentAndPlus:from:to:",			"mutationEnd" : 399		},		{			"operatorDescription" : "Remove ^",			"class" : "WAUrl class",			"operatorClass" : "RemoveCaretOperator",			"mutationStart" : 318,			"method" : "readHexFrom:errorDetail:",			"mutationEnd" : 337		},		{			"operatorDescription" : "Replace #ifFalse: receiver with false",			"class" : "WAUrl class",			"operatorClass" : "ReplaceIfFalseReceiverWithFalseOperator",			"mutationStart" : 153,			"method" : "readHexFrom:errorDetail:",			"mutationEnd" : 314		},		{			"operatorDescription" : "Replace #ifTrue: receiver with true",			"class" : "WAUrl class",			"operatorClass" : "ReplaceIfTrueReceiverWithTrueOperator",			"mutationStart" : 57,			"method" : "readHexFrom:errorDetail:",			"mutationEnd" : 123		},		{			"operatorDescription" : "Replace #or: argument with [false]",			"class" : "WAUrl class",			"operatorClass" : "ReplaceOrArgumentWithFalseOperator",			"mutationStart" : 153,			"method" : "readHexFrom:errorDetail:",			"mutationEnd" : 261		},		{			"operatorDescription" : "Replace #or: argument with [false]",			"class" : "WAUrl class",			"operatorClass" : "ReplaceOrArgumentWithFalseOperator",			"mutationStart" : 192,			"method" : "readHexFrom:errorDetail:",			"mutationEnd" : 258		},		{			"operatorDescription" : "Replace #or: receiver with false",			"class" : "WAUrl class",			"operatorClass" : "ReplaceOrReceiverWithFalseOperator",			"mutationStart" : 153,			"method" : "readHexFrom:errorDetail:",			"mutationEnd" : 261		},		{			"operatorDescription" : "Replace #or: receiver with false",			"class" : "WAUrl class",			"operatorClass" : "ReplaceOrReceiverWithFalseOperator",			"mutationStart" : 192,			"method" : "readHexFrom:errorDetail:",			"mutationEnd" : 258		},		{			"operatorDescription" : "Replace #or: with #and:",			"class" : "WAUrl class",			"operatorClass" : "ReplaceOrWithAndMutantOperator",			"mutationStart" : 153,			"method" : "readHexFrom:errorDetail:",			"mutationEnd" : 261		},		{			"operatorDescription" : "Replace #or: with #and:",			"class" : "WAUrl class",			"operatorClass" : "ReplaceOrWithAndMutantOperator",			"mutationStart" : 192,			"method" : "readHexFrom:errorDetail:",			"mutationEnd" : 258		},		{			"operatorDescription" : "Replace #or: with #bXor:",			"class" : "WAUrl class",			"operatorClass" : "ReplaceOrWithXorMutantOperator",			"mutationStart" : 153,			"method" : "readHexFrom:errorDetail:",			"mutationEnd" : 261		},		{			"operatorDescription" : "Replace #or: with #bXor:",			"class" : "WAUrl class",			"operatorClass" : "ReplaceOrWithXorMutantOperator",			"mutationStart" : 192,			"method" : "readHexFrom:errorDetail:",			"mutationEnd" : 258		},		{			"operatorDescription" : "Remove ^",			"class" : "WAUrl class",			"operatorClass" : "RemoveCaretOperator",			"mutationStart" : 226,			"method" : "decodePercent:from:to:",			"mutationEnd" : 262		},		{			"operatorDescription" : "Replace #'>=' with #=",			"class" : "WAUrl class",			"operatorClass" : "ReplaceGreaterOrEqualWithEqualMutantOperator",			"mutationStart" : 198,			"method" : "decodePercent:from:to:",			"mutationEnd" : 209		},		{			"operatorDescription" : "Replace #'>=' with #>",			"class" : "WAUrl class",			"operatorClass" : "ReplaceGreaterOrEqualWithGreaterMutantOperator",			"mutationStart" : 198,			"method" : "decodePercent:from:to:",			"mutationEnd" : 209		},		{			"operatorDescription" : "Replace #and: argument with [true]",			"class" : "WAUrl class",			"operatorClass" : "ReplaceAndArgumentWithTrueOperator",			"mutationStart" : 427,			"method" : "decodePercent:from:to:",			"mutationEnd" : 459		},		{			"operatorDescription" : "Replace #ifTrue:ifFalse: receiver with false",			"class" : "WAUrl class",			"operatorClass" : "ReplaceIfTrueIfFalseReceiverWithFalseOperator",			"mutationStart" : 598,			"method" : "decodePercent:from:to:",			"mutationEnd" : 707		},		{			"operatorDescription" : "Replace #ifTrue:ifFalse: receiver with false",			"class" : "WAUrl class",			"operatorClass" : "ReplaceIfTrueIfFalseReceiverWithFalseOperator",			"mutationStart" : 729,			"method" : "decodePercent:from:to:",			"mutationEnd" : 838		},		{			"operatorDescription" : "Replace #or: argument with [false]",			"class" : "WAUrl class",			"operatorClass" : "ReplaceOrArgumentWithFalseOperator",			"mutationStart" : 181,			"method" : "decodePercent:from:to:",			"mutationEnd" : 212		},		{			"operatorDescription" : "Replace #or: with #bXor:",			"class" : "WAUrl class",			"operatorClass" : "ReplaceOrWithXorMutantOperator",			"mutationStart" : 181,			"method" : "decodePercent:from:to:",			"mutationEnd" : 212		}	],	"mutationScoreAfter" : 78,	"mutationScoreBefore" : 77,	"testAmpLoc" : 13,	"amplifiedMethods" : [		"WAUrlTest12330>>#testInvalidSyntax_amp_T4_A8_A29"	],	"testLoc" : "624",	"amplifiedClass" : "WAUrlTest12330",	"numberOfAllMutationsInOriginal" : 757,	"targetLoc" : 758,	"newCovered" : [		{			"operatorDescription" : "Replace #ifTrue: receiver with false",			"class" : "WAUrl class",			"operatorClass" : "ReplaceIfTrueReceiverWithFalseOperator",			"mutationStart" : 181,			"method" : "decodePercent:from:to:",			"mutationEnd" : 264		},		{			"operatorDescription" : "Replace #or: receiver with false",			"class" : "WAUrl class",			"operatorClass" : "ReplaceOrReceiverWithFalseOperator",			"mutationStart" : 181,			"method" : "decodePercent:from:to:",			"mutationEnd" : 212		},		{			"operatorDescription" : "Replace #or: with #and:",			"class" : "WAUrl class",			"operatorClass" : "ReplaceOrWithAndMutantOperator",			"mutationStart" : 181,			"method" : "decodePercent:from:to:",			"mutationEnd" : 212		}	],	"timeBudgetFinished" : false,	"notCoveredInOriginal" : [		{			"operatorDescription" : "Remove ^",			"class" : "WAUrl",			"operatorClass" : "RemoveCaretOperator",			"mutationStart" : 146,			"method" : "privatePathParameterMapAt:ifPresentDo:ifAbsent:",			"mutationEnd" : 171		},		{			"operatorDescription" : "Remove ^",			"class" : "WAUrl",			"operatorClass" : "RemoveCaretOperator",			"mutationStart" : 232,			"method" : "privatePathParameterMapAt:ifPresentDo:ifAbsent:",			"mutationEnd" : 257		},		{			"operatorDescription" : "Replace #ifTrue: receiver with false",			"class" : "WAUrl",			"operatorClass" : "ReplaceIfTrueReceiverWithFalseOperator",			"mutationStart" : 113,			"method" : "privatePathParameterMapAt:ifPresentDo:ifAbsent:",			"mutationEnd" : 173		},		{			"operatorDescription" : "Replace #- with #+",			"class" : "WAUrl",			"operatorClass" : "ReplaceMinusWithPlusMutantOperator",			"mutationStart" : 880,			"method" : "parsePath:absolute:from:to:",			"mutationEnd" : 888		},		{			"operatorDescription" : "Replace #and: argument with [true]",			"class" : "WAUrl",			"operatorClass" : "ReplaceAndArgumentWithTrueOperator",			"mutationStart" : 662,			"method" : "parsePath:absolute:from:to:",			"mutationEnd" : 719		},		{			"operatorDescription" : "Replace #and: argument with [true]",			"class" : "WAUrl",			"operatorClass" : "ReplaceAndArgumentWithTrueOperator",			"mutationStart" : 740,			"method" : "parsePath:absolute:from:to:",			"mutationEnd" : 843		},		{			"operatorDescription" : "Replace #and: argument with [true]",			"class" : "WAUrl",			"operatorClass" : "ReplaceAndArgumentWithTrueOperator",			"mutationStart" : 764,			"method" : "parsePath:absolute:from:to:",			"mutationEnd" : 840		},		{			"operatorDescription" : "Replace #and: receiver with true",			"class" : "WAUrl",			"operatorClass" : "ReplaceAndReceiverWithTrueOperator",			"mutationStart" : 328,			"method" : "parsePath:absolute:from:to:",			"mutationEnd" : 371		},		{			"operatorDescription" : "Replace #and: receiver with true",			"class" : "WAUrl",			"operatorClass" : "ReplaceAndReceiverWithTrueOperator",			"mutationStart" : 740,			"method" : "parsePath:absolute:from:to:",			"mutationEnd" : 843		},		{			"operatorDescription" : "Replace #and: receiver with true",			"class" : "WAUrl",			"operatorClass" : "ReplaceAndReceiverWithTrueOperator",			"mutationStart" : 764,			"method" : "parsePath:absolute:from:to:",			"mutationEnd" : 840		},		{			"operatorDescription" : "Replace #and: with #bEqv:",			"class" : "WAUrl",			"operatorClass" : "ReplaceAndWithEqvMutantOperator",			"mutationStart" : 328,			"method" : "parsePath:absolute:from:to:",			"mutationEnd" : 371		},		{			"operatorDescription" : "Replace #and: with #bEqv:",			"class" : "WAUrl",			"operatorClass" : "ReplaceAndWithEqvMutantOperator",			"mutationStart" : 485,			"method" : "parsePath:absolute:from:to:",			"mutationEnd" : 526		},		{			"operatorDescription" : "Replace #and: with #bEqv:",			"class" : "WAUrl",			"operatorClass" : "ReplaceAndWithEqvMutantOperator",			"mutationStart" : 764,			"method" : "parsePath:absolute:from:to:",			"mutationEnd" : 840		},		{			"operatorDescription" : "Replace #and: with #bEqv:",			"class" : "WAUrl",			"operatorClass" : "ReplaceAndWithEqvMutantOperator",			"mutationStart" : 1147,			"method" : "parsePath:absolute:from:to:",			"mutationEnd" : 1203		},		{			"operatorDescription" : "Replace #and: with #or:",			"class" : "WAUrl",			"operatorClass" : "ReplaceAndWithOrMutantOperator",			"mutationStart" : 740,			"method" : "parsePath:absolute:from:to:",			"mutationEnd" : 843		},		{			"operatorDescription" : "Replace #and: with #or:",			"class" : "WAUrl",			"operatorClass" : "ReplaceAndWithOrMutantOperator",			"mutationStart" : 764,			"method" : "parsePath:absolute:from:to:",			"mutationEnd" : 840		},		{			"operatorDescription" : "Replace #ifTrue: receiver with true",			"class" : "WAUrl",			"operatorClass" : "ReplaceIfTrueReceiverWithTrueOperator",			"mutationStart" : 609,			"method" : "parsePath:absolute:from:to:",			"mutationEnd" : 1526		},		{			"operatorDescription" : "Replace #ifTrue: receiver with true",			"class" : "WAUrl",			"operatorClass" : "ReplaceIfTrueReceiverWithTrueOperator",			"mutationStart" : 125,			"method" : "takeServerParametersFromRequest:",			"mutationEnd" : 183		},		{			"operatorDescription" : "Replace #ifTrue: receiver with true",			"class" : "WAUrl",			"operatorClass" : "ReplaceIfTrueReceiverWithTrueOperator",			"mutationStart" : 187,			"method" : "takeServerParametersFromRequest:",			"mutationEnd" : 317		},		{			"operatorDescription" : "Replace #ifTrue: receiver with true",			"class" : "WAUrl",			"operatorClass" : "ReplaceIfTrueReceiverWithTrueOperator",			"mutationStart" : 321,			"method" : "takeServerParametersFromRequest:",			"mutationEnd" : 418		},		{			"operatorDescription" : "Replace #and: receiver with true",			"class" : "WAUrl",			"operatorClass" : "ReplaceAndReceiverWithTrueOperator",			"mutationStart" : 105,			"method" : "parseQuery:from:to:",			"mutationEnd" : 157		},		{			"operatorDescription" : "Replace #and: with #bEqv:",			"class" : "WAUrl",			"operatorClass" : "ReplaceAndWithEqvMutantOperator",			"mutationStart" : 105,			"method" : "parseQuery:from:to:",			"mutationEnd" : 157		},		{			"operatorDescription" : "Replace #and: with #bEqv:",			"class" : "WAUrl",			"operatorClass" : "ReplaceAndWithEqvMutantOperator",			"mutationStart" : 433,			"method" : "parseQuery:from:to:",			"mutationEnd" : 477		},		{			"operatorDescription" : "Replace #ifFalse: receiver with false",			"class" : "WAUrl",			"operatorClass" : "ReplaceIfFalseReceiverWithFalseOperator",			"mutationStart" : 28,			"method" : "scheme:",			"mutationEnd" : 73		},		{			"operatorDescription" : "Replace #* with #/",			"class" : "WAUrl",			"operatorClass" : "ReplaceMultiplicationWithDivisionMutantOperator",			"mutationStart" : 78,			"method" : "pathStringEncodedWith:",			"mutationEnd" : 113		},		{			"operatorDescription" : "Replace #ifFalse: receiver with false",			"class" : "WAUrl",			"operatorClass" : "ReplaceIfFalseReceiverWithFalseOperator",			"mutationStart" : 160,			"method" : "encodePathOn:",			"mutationEnd" : 245		},		{			"operatorDescription" : "Replace #and: receiver with true",			"class" : "WAUrl",			"operatorClass" : "ReplaceAndReceiverWithTrueOperator",			"mutationStart" : 10,			"method" : "isSsl",			"mutationEnd" : 70		},		{			"operatorDescription" : "Replace #and: with #bEqv:",			"class" : "WAUrl",			"operatorClass" : "ReplaceAndWithEqvMutantOperator",			"mutationStart" : 10,			"method" : "isSsl",			"mutationEnd" : 70		},		{			"operatorDescription" : "Replace #and: argument with [true]",			"class" : "WAUrl",			"operatorClass" : "ReplaceAndArgumentWithTrueOperator",			"mutationStart" : 119,			"method" : "parseUserPassword:from:to:",			"mutationEnd" : 160		},		{			"operatorDescription" : "Replace #and: with #bEqv:",			"class" : "WAUrl",			"operatorClass" : "ReplaceAndWithEqvMutantOperator",			"mutationStart" : 119,			"method" : "parseUserPassword:from:to:",			"mutationEnd" : 160		},		{			"operatorDescription" : "Replace #and: argument with [true]",			"class" : "WAUrl",			"operatorClass" : "ReplaceAndArgumentWithTrueOperator",			"mutationStart" : 120,			"method" : "parseAuthority:from:to:",			"mutationEnd" : 155		},		{			"operatorDescription" : "Replace #and: with #bEqv:",			"class" : "WAUrl",			"operatorClass" : "ReplaceAndWithEqvMutantOperator",			"mutationStart" : 120,			"method" : "parseAuthority:from:to:",			"mutationEnd" : 155		},		{			"operatorDescription" : "Replace #and: receiver with true",			"class" : "WAUrl",			"operatorClass" : "ReplaceAndReceiverWithTrueOperator",			"mutationStart" : 111,			"method" : "parsePathParameters:at:from:to:",			"mutationEnd" : 158		},		{			"operatorDescription" : "Replace #and: receiver with true",			"class" : "WAUrl",			"operatorClass" : "ReplaceAndReceiverWithTrueOperator",			"mutationStart" : 424,			"method" : "parsePathParameters:at:from:to:",			"mutationEnd" : 459		},		{			"operatorDescription" : "Replace #and: receiver with true",			"class" : "WAUrl",			"operatorClass" : "ReplaceAndReceiverWithTrueOperator",			"mutationStart" : 633,			"method" : "parsePathParameters:at:from:to:",			"mutationEnd" : 681		},		{			"operatorDescription" : "Replace #and: with #bEqv:",			"class" : "WAUrl",			"operatorClass" : "ReplaceAndWithEqvMutantOperator",			"mutationStart" : 111,			"method" : "parsePathParameters:at:from:to:",			"mutationEnd" : 158		},		{			"operatorDescription" : "Replace #and: with #bEqv:",			"class" : "WAUrl",			"operatorClass" : "ReplaceAndWithEqvMutantOperator",			"mutationStart" : 424,			"method" : "parsePathParameters:at:from:to:",			"mutationEnd" : 459		},		{			"operatorDescription" : "Replace #and: with #bEqv:",			"class" : "WAUrl",			"operatorClass" : "ReplaceAndWithEqvMutantOperator",			"mutationStart" : 633,			"method" : "parsePathParameters:at:from:to:",			"mutationEnd" : 681		},		{			"operatorDescription" : "Remove ^",			"class" : "WAUrl",			"operatorClass" : "RemoveCaretOperator",			"mutationStart" : 26,			"method" : "isSeasideField:",			"mutationEnd" : 128		},		{			"operatorDescription" : "Replace #= with #'~='",			"class" : "WAUrl",			"operatorClass" : "ReplaceEqualWithNotEqualOperator",			"mutationStart" : 54,			"method" : "isSeasideField:",			"mutationEnd" : 71		},		{			"operatorDescription" : "Replace #and: argument with [true]",			"class" : "WAUrl",			"operatorClass" : "ReplaceAndArgumentWithTrueOperator",			"mutationStart" : 28,			"method" : "isSeasideField:",			"mutationEnd" : 128		},		{			"operatorDescription" : "Replace #and: receiver with true",			"class" : "WAUrl",			"operatorClass" : "ReplaceAndReceiverWithTrueOperator",			"mutationStart" : 28,			"method" : "isSeasideField:",			"mutationEnd" : 128		},		{			"operatorDescription" : "Replace #and: with #bEqv:",			"class" : "WAUrl",			"operatorClass" : "ReplaceAndWithEqvMutantOperator",			"mutationStart" : 28,			"method" : "isSeasideField:",			"mutationEnd" : 128		},		{			"operatorDescription" : "Replace #and: with #nand:",			"class" : "WAUrl",			"operatorClass" : "ReplaceAndWithNandMutantOperator",			"mutationStart" : 28,			"method" : "isSeasideField:",			"mutationEnd" : 128		},		{			"operatorDescription" : "Replace #and: with #or:",			"class" : "WAUrl",			"operatorClass" : "ReplaceAndWithOrMutantOperator",			"mutationStart" : 28,			"method" : "isSeasideField:",			"mutationEnd" : 128		},		{			"operatorDescription" : "Replace #and: with false",			"class" : "WAUrl",			"operatorClass" : "ReplaceAndWithFalseOperator",			"mutationStart" : 28,			"method" : "isSeasideField:",			"mutationEnd" : 128		},		{			"operatorDescription" : "Replace #or: argument with [false]",			"class" : "WAUrl",			"operatorClass" : "ReplaceOrArgumentWithFalseOperator",			"mutationStart" : 54,			"method" : "isSeasideField:",			"mutationEnd" : 126		},		{			"operatorDescription" : "Replace #or: receiver with false",			"class" : "WAUrl",			"operatorClass" : "ReplaceOrReceiverWithFalseOperator",			"mutationStart" : 54,			"method" : "isSeasideField:",			"mutationEnd" : 126		},		{			"operatorDescription" : "Replace #or: with #and:",			"class" : "WAUrl",			"operatorClass" : "ReplaceOrWithAndMutantOperator",			"mutationStart" : 54,			"method" : "isSeasideField:",			"mutationEnd" : 126		},		{			"operatorDescription" : "Replace #or: with #bXor:",			"class" : "WAUrl",			"operatorClass" : "ReplaceOrWithXorMutantOperator",			"mutationStart" : 54,			"method" : "isSeasideField:",			"mutationEnd" : 126		},		{			"operatorDescription" : "Replace #or: with true",			"class" : "WAUrl",			"operatorClass" : "ReplaceOrWithTrueOperator",			"mutationStart" : 54,			"method" : "isSeasideField:",			"mutationEnd" : 126		},		{			"operatorDescription" : "Replace #ifFalse: receiver with false",			"class" : "WAUrl",			"operatorClass" : "ReplaceIfFalseReceiverWithFalseOperator",			"mutationStart" : 341,			"method" : "decodedWith:",			"mutationEnd" : 411		},		{			"operatorDescription" : "Replace #ifFalse: receiver with false",			"class" : "WAUrl",			"operatorClass" : "ReplaceIfFalseReceiverWithFalseOperator",			"mutationStart" : 415,			"method" : "decodedWith:",			"mutationEnd" : 497		},		{			"operatorDescription" : "Replace #ifFalse: receiver with false",			"class" : "WAUrl",			"operatorClass" : "ReplaceIfFalseReceiverWithFalseOperator",			"mutationStart" : 503,			"method" : "decodedWith:",			"mutationEnd" : 601		},		{			"operatorDescription" : "Replace #ifFalse: receiver with false",			"class" : "WAUrl",			"operatorClass" : "ReplaceIfFalseReceiverWithFalseOperator",			"mutationStart" : 788,			"method" : "decodedWith:",			"mutationEnd" : 870		},		{			"operatorDescription" : "Replace #> with #<",			"class" : "WAUrl",			"operatorClass" : "ReplaceGreaterWithLessMutantOperator",			"mutationStart" : 1108,			"method" : "initializeFromString:",			"mutationEnd" : 1124		},		{			"operatorDescription" : "Replace #> with #<",			"class" : "WAUrl",			"operatorClass" : "ReplaceGreaterWithLessMutantOperator",			"mutationStart" : 1220,			"method" : "initializeFromString:",			"mutationEnd" : 1233		},		{			"operatorDescription" : "Replace #> with #<",			"class" : "WAUrl",			"operatorClass" : "ReplaceGreaterWithLessMutantOperator",			"mutationStart" : 1343,			"method" : "initializeFromString:",			"mutationEnd" : 1359		},		{			"operatorDescription" : "Replace #> with #<",			"class" : "WAUrl",			"operatorClass" : "ReplaceGreaterWithLessMutantOperator",			"mutationStart" : 1367,			"method" : "initializeFromString:",			"mutationEnd" : 1380		},		{			"operatorDescription" : "Replace #> with #<",			"class" : "WAUrl",			"operatorClass" : "ReplaceGreaterWithLessMutantOperator",			"mutationStart" : 1822,			"method" : "initializeFromString:",			"mutationEnd" : 1835		},		{			"operatorDescription" : "Replace #and: argument with [true]",			"class" : "WAUrl",			"operatorClass" : "ReplaceAndArgumentWithTrueOperator",			"mutationStart" : 359,			"method" : "initializeFromString:",			"mutationEnd" : 436		},		{			"operatorDescription" : "Replace #and: argument with [true]",			"class" : "WAUrl",			"operatorClass" : "ReplaceAndArgumentWithTrueOperator",			"mutationStart" : 643,			"method" : "initializeFromString:",			"mutationEnd" : 722		},		{			"operatorDescription" : "Replace #and: receiver with true",			"class" : "WAUrl",			"operatorClass" : "ReplaceAndReceiverWithTrueOperator",			"mutationStart" : 1821,			"method" : "initializeFromString:",			"mutationEnd" : 1866		},		{			"operatorDescription" : "Replace #and: with #bEqv:",			"class" : "WAUrl",			"operatorClass" : "ReplaceAndWithEqvMutantOperator",			"mutationStart" : 359,			"method" : "initializeFromString:",			"mutationEnd" : 436		},		{			"operatorDescription" : "Replace #and: with #bEqv:",			"class" : "WAUrl",			"operatorClass" : "ReplaceAndWithEqvMutantOperator",			"mutationStart" : 643,			"method" : "initializeFromString:",			"mutationEnd" : 722		},		{			"operatorDescription" : "Replace #and: with #bEqv:",			"class" : "WAUrl",			"operatorClass" : "ReplaceAndWithEqvMutantOperator",			"mutationStart" : 1074,			"method" : "initializeFromString:",			"mutationEnd" : 1127		},		{			"operatorDescription" : "Replace #and: with #bEqv:",			"class" : "WAUrl",			"operatorClass" : "ReplaceAndWithEqvMutantOperator",			"mutationStart" : 1189,			"method" : "initializeFromString:",			"mutationEnd" : 1236		},		{			"operatorDescription" : "Replace #and: with #bEqv:",			"class" : "WAUrl",			"operatorClass" : "ReplaceAndWithEqvMutantOperator",			"mutationStart" : 1673,			"method" : "initializeFromString:",			"mutationEnd" : 1750		},		{			"operatorDescription" : "Replace #and: with #bEqv:",			"class" : "WAUrl",			"operatorClass" : "ReplaceAndWithEqvMutantOperator",			"mutationStart" : 1821,			"method" : "initializeFromString:",			"mutationEnd" : 1866		},		{			"operatorDescription" : "Replace #and: with false",			"class" : "WAUrl",			"operatorClass" : "ReplaceAndWithFalseOperator",			"mutationStart" : 1074,			"method" : "initializeFromString:",			"mutationEnd" : 1127		},		{			"operatorDescription" : "Replace #and: with false",			"class" : "WAUrl",			"operatorClass" : "ReplaceAndWithFalseOperator",			"mutationStart" : 1189,			"method" : "initializeFromString:",			"mutationEnd" : 1236		},		{			"operatorDescription" : "Replace #and: with false",			"class" : "WAUrl",			"operatorClass" : "ReplaceAndWithFalseOperator",			"mutationStart" : 1821,			"method" : "initializeFromString:",			"mutationEnd" : 1866		},		{			"operatorDescription" : "Replace #ifTrue: receiver with false",			"class" : "WAUrl",			"operatorClass" : "ReplaceIfTrueReceiverWithFalseOperator",			"mutationStart" : 1074,			"method" : "initializeFromString:",			"mutationEnd" : 1183		},		{			"operatorDescription" : "Replace #ifTrue: receiver with false",			"class" : "WAUrl",			"operatorClass" : "ReplaceIfTrueReceiverWithFalseOperator",			"mutationStart" : 1189,			"method" : "initializeFromString:",			"mutationEnd" : 1292		},		{			"operatorDescription" : "Replace #ifTrue: receiver with false",			"class" : "WAUrl",			"operatorClass" : "ReplaceIfTrueReceiverWithFalseOperator",			"mutationStart" : 1342,			"method" : "initializeFromString:",			"mutationEnd" : 1439		},		{			"operatorDescription" : "Replace #ifTrue:ifFalse: receiver with false",			"class" : "WAUrl",			"operatorClass" : "ReplaceIfTrueIfFalseReceiverWithFalseOperator",			"mutationStart" : 1821,			"method" : "initializeFromString:",			"mutationEnd" : 2018		},		{			"operatorDescription" : "Replace #or: argument with [false]",			"class" : "WAUrl",			"operatorClass" : "ReplaceOrArgumentWithFalseOperator",			"mutationStart" : 1342,			"method" : "initializeFromString:",			"mutationEnd" : 1383		},		{			"operatorDescription" : "Replace #or: receiver with false",			"class" : "WAUrl",			"operatorClass" : "ReplaceOrReceiverWithFalseOperator",			"mutationStart" : 1342,			"method" : "initializeFromString:",			"mutationEnd" : 1383		},		{			"operatorDescription" : "Replace #or: with #and:",			"class" : "WAUrl",			"operatorClass" : "ReplaceOrWithAndMutantOperator",			"mutationStart" : 1342,			"method" : "initializeFromString:",			"mutationEnd" : 1383		},		{			"operatorDescription" : "Replace #or: with #bXor:",			"class" : "WAUrl",			"operatorClass" : "ReplaceOrWithXorMutantOperator",			"mutationStart" : 382,			"method" : "initializeFromString:",			"mutationEnd" : 433		},		{			"operatorDescription" : "Replace #or: with #bXor:",			"class" : "WAUrl",			"operatorClass" : "ReplaceOrWithXorMutantOperator",			"mutationStart" : 667,			"method" : "initializeFromString:",			"mutationEnd" : 719		},		{			"operatorDescription" : "Replace #or: with #bXor:",			"class" : "WAUrl",			"operatorClass" : "ReplaceOrWithXorMutantOperator",			"mutationStart" : 1342,			"method" : "initializeFromString:",			"mutationEnd" : 1383		},		{			"operatorDescription" : "Replace #or: with #bXor:",			"class" : "WAUrl",			"operatorClass" : "ReplaceOrWithXorMutantOperator",			"mutationStart" : 1696,			"method" : "initializeFromString:",			"mutationEnd" : 1747		},		{			"operatorDescription" : "Replace #or: with true",			"class" : "WAUrl",			"operatorClass" : "ReplaceOrWithTrueOperator",			"mutationStart" : 382,			"method" : "initializeFromString:",			"mutationEnd" : 433		},		{			"operatorDescription" : "Replace #or: with true",			"class" : "WAUrl",			"operatorClass" : "ReplaceOrWithTrueOperator",			"mutationStart" : 667,			"method" : "initializeFromString:",			"mutationEnd" : 719		},		{			"operatorDescription" : "Remove ^",			"class" : "WAUrl",			"operatorClass" : "RemoveCaretOperator",			"mutationStart" : 7,			"method" : "hash",			"mutationEnd" : 45		},		{			"operatorDescription" : "Replace #'>=' with #=",			"class" : "WAUrl",			"operatorClass" : "ReplaceGreaterOrEqualWithEqualMutantOperator",			"mutationStart" : 132,			"method" : "privatePathParameterMapAt:",			"mutationEnd" : 161		},		{			"operatorDescription" : "Replace #and: argument with [true]",			"class" : "WAUrl",			"operatorClass" : "ReplaceAndArgumentWithTrueOperator",			"mutationStart" : 204,			"method" : "relativeTo:",			"mutationEnd" : 302		},		{			"operatorDescription" : "Replace #and: argument with [true]",			"class" : "WAUrl",			"operatorClass" : "ReplaceAndArgumentWithTrueOperator",			"mutationStart" : 232,			"method" : "relativeTo:",			"mutationEnd" : 300		},		{			"operatorDescription" : "Replace #and: receiver with true",			"class" : "WAUrl",			"operatorClass" : "ReplaceAndReceiverWithTrueOperator",			"mutationStart" : 232,			"method" : "relativeTo:",			"mutationEnd" : 300		},		{			"operatorDescription" : "Replace #and: with #bEqv:",			"class" : "WAUrl",			"operatorClass" : "ReplaceAndWithEqvMutantOperator",			"mutationStart" : 232,			"method" : "relativeTo:",			"mutationEnd" : 300		},		{			"operatorDescription" : "Replace #and: with #or:",			"class" : "WAUrl",			"operatorClass" : "ReplaceAndWithOrMutantOperator",			"mutationStart" : 232,			"method" : "relativeTo:",			"mutationEnd" : 300		},		{			"operatorDescription" : "Replace #or: receiver with false",			"class" : "WAUrl",			"operatorClass" : "ReplaceOrReceiverWithFalseOperator",			"mutationStart" : 151,			"method" : "pathStringUnencodedSize",			"mutationEnd" : 176		},		{			"operatorDescription" : "Replace #or: with #bXor:",			"class" : "WAUrl",			"operatorClass" : "ReplaceOrWithXorMutantOperator",			"mutationStart" : 151,			"method" : "pathStringUnencodedSize",			"mutationEnd" : 176		},		{			"operatorDescription" : "Replace #and: argument with [true]",			"class" : "WAUrl",			"operatorClass" : "ReplaceAndArgumentWithTrueOperator",			"mutationStart" : 115,			"method" : "parseHostPort:from:to:",			"mutationEnd" : 156		},		{			"operatorDescription" : "Replace #and: with #bEqv:",			"class" : "WAUrl",			"operatorClass" : "ReplaceAndWithEqvMutantOperator",			"mutationStart" : 115,			"method" : "parseHostPort:from:to:",			"mutationEnd" : 156		},		{			"operatorDescription" : "Replace #ifTrue: receiver with true",			"class" : "WAUrl",			"operatorClass" : "ReplaceIfTrueReceiverWithTrueOperator",			"mutationStart" : 173,			"method" : "parseHostPort:from:to:",			"mutationEnd" : 312		},		{			"operatorDescription" : "Remove ^",			"class" : "WAUrl",			"operatorClass" : "RemoveCaretOperator",			"mutationStart" : 275,			"method" : "pathStringUnencoded",			"mutationEnd" : 304		},		{			"operatorDescription" : "Replace #ifTrue: receiver with false",			"class" : "WAUrl",			"operatorClass" : "ReplaceIfTrueReceiverWithFalseOperator",			"mutationStart" : 238,			"method" : "pathStringUnencoded",			"mutationEnd" : 306		},		{			"operatorDescription" : "Replace #ifTrue: receiver with true",			"class" : "WAUrl",			"operatorClass" : "ReplaceIfTrueReceiverWithTrueOperator",			"mutationStart" : 238,			"method" : "pathStringUnencoded",			"mutationEnd" : 306		},		{			"operatorDescription" : "Replace #ifTrue: with #ifFalse:",			"class" : "WAUrl",			"operatorClass" : "ReplaceIfTrueWithIfFalseMutantOperator",			"mutationStart" : 238,			"method" : "pathStringUnencoded",			"mutationEnd" : 306		},		{			"operatorDescription" : "Replace #and: receiver with true",			"class" : "WAUrl",			"operatorClass" : "ReplaceAndReceiverWithTrueOperator",			"mutationStart" : 11,			"method" : "=",			"mutationEnd" : 78		},		{			"operatorDescription" : "Remove ^",			"class" : "WAUrl",			"operatorClass" : "RemoveCaretOperator",			"mutationStart" : 738,			"method" : "detectCommonPathElementClass",			"mutationEnd" : 742		},		{			"operatorDescription" : "Replace #'~=' with #=",			"class" : "WAUrl",			"operatorClass" : "ReplaceNotEqualWithEqualOperator",			"mutationStart" : 684,			"method" : "detectCommonPathElementClass",			"mutationEnd" : 723		},		{			"operatorDescription" : "Replace #ifTrue: receiver with false",			"class" : "WAUrl",			"operatorClass" : "ReplaceIfTrueReceiverWithFalseOperator",			"mutationStart" : 684,			"method" : "detectCommonPathElementClass",			"mutationEnd" : 744		},		{			"operatorDescription" : "Replace #ifTrue: receiver with true",			"class" : "WAUrl",			"operatorClass" : "ReplaceIfTrueReceiverWithTrueOperator",			"mutationStart" : 565,			"method" : "detectCommonPathElementClass",			"mutationEnd" : 608		},		{			"operatorDescription" : "Replace #ifTrue: receiver with true",			"class" : "WAUrl",			"operatorClass" : "ReplaceIfTrueReceiverWithTrueOperator",			"mutationStart" : 684,			"method" : "detectCommonPathElementClass",			"mutationEnd" : 744		},		{			"operatorDescription" : "Replace #ifTrue: with #ifFalse:",			"class" : "WAUrl",			"operatorClass" : "ReplaceIfTrueWithIfFalseMutantOperator",			"mutationStart" : 684,			"method" : "detectCommonPathElementClass",			"mutationEnd" : 744		},		{			"operatorDescription" : "Replace #ifFalse: receiver with false",			"class" : "WAUrl",			"operatorClass" : "ReplaceIfFalseReceiverWithFalseOperator",			"mutationStart" : 24,			"method" : "host:",			"mutationEnd" : 84		},		{			"operatorDescription" : "Remove ^",			"class" : "WAUrl",			"operatorClass" : "RemoveCaretOperator",			"mutationStart" : 55,			"method" : "decode:",			"mutationEnd" : 89		},		{			"operatorDescription" : "Replace #or: receiver with false",			"class" : "WAUrl",			"operatorClass" : "ReplaceOrReceiverWithFalseOperator",			"mutationStart" : 136,			"method" : "parsePort:from:to:",			"mutationEnd" : 164		},		{			"operatorDescription" : "Replace #or: with #bXor:",			"class" : "WAUrl",			"operatorClass" : "ReplaceOrWithXorMutantOperator",			"mutationStart" : 136,			"method" : "parsePort:from:to:",			"mutationEnd" : 164		},		{			"operatorDescription" : "Replace #ifTrue: receiver with true",			"class" : "WAUrl",			"operatorClass" : "ReplaceIfTrueReceiverWithTrueOperator",			"mutationStart" : 206,			"method" : "pathUnencodedOn:",			"mutationEnd" : 286		},		{			"operatorDescription" : "Replace #isEmpty with #notEmpty",			"class" : "WAUrl",			"operatorClass" : "ReplaceIsEmptyWithNotEmptyMutantOperator",			"mutationStart" : 224,			"method" : "pathUnencodedOn:",			"mutationEnd" : 235		},		{			"operatorDescription" : "Replace #or: receiver with false",			"class" : "WAUrl",			"operatorClass" : "ReplaceOrReceiverWithFalseOperator",			"mutationStart" : 224,			"method" : "pathUnencodedOn:",			"mutationEnd" : 249		},		{			"operatorDescription" : "Replace #or: with #bXor:",			"class" : "WAUrl",			"operatorClass" : "ReplaceOrWithXorMutantOperator",			"mutationStart" : 224,			"method" : "pathUnencodedOn:",			"mutationEnd" : 249		},		{			"operatorDescription" : "Replace #or: with true",			"class" : "WAUrl",			"operatorClass" : "ReplaceOrWithTrueOperator",			"mutationStart" : 206,			"method" : "pathUnencodedOn:",			"mutationEnd" : 252		},		{			"operatorDescription" : "Replace #or: with true",			"class" : "WAUrl",			"operatorClass" : "ReplaceOrWithTrueOperator",			"mutationStart" : 224,			"method" : "pathUnencodedOn:",			"mutationEnd" : 249		},		{			"operatorDescription" : "Remove Exception Handler Operator",			"class" : "WAUrl",			"operatorClass" : "RemoveExceptionHandlerOperator",			"mutationStart" : 49,			"method" : "printOn:",			"mutationEnd" : 140		},		{			"operatorDescription" : "Replace #or: with #bXor:",			"class" : "WAUrl",			"operatorClass" : "ReplaceOrWithXorMutantOperator",			"mutationStart" : 377,			"method" : "encodeSchemeAndAuthorityOn:",			"mutationEnd" : 472		},		{			"operatorDescription" : "Replace #ifTrue:ifFalse: receiver with false",			"class" : "WAUrl",			"operatorClass" : "ReplaceIfTrueIfFalseReceiverWithFalseOperator",			"mutationStart" : 149,			"method" : "parsePath:",			"mutationEnd" : 187		},		{			"operatorDescription" : "Replace #and: receiver with true",			"class" : "WAUrl",			"operatorClass" : "ReplaceAndReceiverWithTrueOperator",			"mutationStart" : 245,			"method" : "encodePathParametersAt:on:",			"mutationEnd" : 289		},		{			"operatorDescription" : "Remove ^",			"class" : "WAUrl",			"operatorClass" : "RemoveCaretOperator",			"mutationStart" : 292,			"method" : "pathStringSafeUnencoded",			"mutationEnd" : 308		},		{			"operatorDescription" : "Remove ^",			"class" : "WAUrl class",			"operatorClass" : "RemoveCaretOperator",			"mutationStart" : 575,			"method" : "decodePercent:",			"mutationEnd" : 591		},		{			"operatorDescription" : "Replace #* with #/",			"class" : "WAUrl class",			"operatorClass" : "ReplaceMultiplicationWithDivisionMutantOperator",			"mutationStart" : 515,			"method" : "decodePercent:",			"mutationEnd" : 528		},		{			"operatorDescription" : "Replace #+ with #-",			"class" : "WAUrl class",			"operatorClass" : "ReplacePlusWithMinusMutantOperator",			"mutationStart" : 515,			"method" : "decodePercent:",			"mutationEnd" : 541		},		{			"operatorDescription" : "Replace #ifTrue:ifFalse: receiver with false",			"class" : "WAUrl class",			"operatorClass" : "ReplaceIfTrueIfFalseReceiverWithFalseOperator",			"mutationStart" : 239,			"method" : "decodePercent:",			"mutationEnd" : 569		},		{			"operatorDescription" : "Replace #ifTrue:ifFalse: receiver with true",			"class" : "WAUrl class",			"operatorClass" : "ReplaceIfTrueIfFalseReceiverWithTrueOperator",			"mutationStart" : 299,			"method" : "decodePercent:",			"mutationEnd" : 566		},		{			"operatorDescription" : "Remove ^",			"class" : "WAUrl class",			"operatorClass" : "RemoveCaretOperator",			"mutationStart" : 414,			"method" : "decodePercentAndPlus:from:to:",			"mutationEnd" : 450		},		{			"operatorDescription" : "Replace #'>=' with #=",			"class" : "WAUrl class",			"operatorClass" : "ReplaceGreaterOrEqualWithEqualMutantOperator",			"mutationStart" : 229,			"method" : "decodePercentAndPlus:from:to:",			"mutationEnd" : 247		},		{			"operatorDescription" : "Replace #'>=' with #=",			"class" : "WAUrl class",			"operatorClass" : "ReplaceGreaterOrEqualWithEqualMutantOperator",			"mutationStart" : 381,			"method" : "decodePercentAndPlus:from:to:",			"mutationEnd" : 396		},		{			"operatorDescription" : "Replace #'>=' with #>",			"class" : "WAUrl class",			"operatorClass" : "ReplaceGreaterOrEqualWithGreaterMutantOperator",			"mutationStart" : 229,			"method" : "decodePercentAndPlus:from:to:",			"mutationEnd" : 247		},		{			"operatorDescription" : "Replace #'>=' with #>",			"class" : "WAUrl class",			"operatorClass" : "ReplaceGreaterOrEqualWithGreaterMutantOperator",			"mutationStart" : 381,			"method" : "decodePercentAndPlus:from:to:",			"mutationEnd" : 396		},		{			"operatorDescription" : "Replace #and: argument with [true]",			"class" : "WAUrl class",			"operatorClass" : "ReplaceAndArgumentWithTrueOperator",			"mutationStart" : 647,			"method" : "decodePercentAndPlus:from:to:",			"mutationEnd" : 679		},		{			"operatorDescription" : "Replace #ifTrue: receiver with false",			"class" : "WAUrl class",			"operatorClass" : "ReplaceIfTrueReceiverWithFalseOperator",			"mutationStart" : 205,			"method" : "decodePercentAndPlus:from:to:",			"mutationEnd" : 454		},		{			"operatorDescription" : "Replace #ifTrue: receiver with false",			"class" : "WAUrl class",			"operatorClass" : "ReplaceIfTrueReceiverWithFalseOperator",			"mutationStart" : 360,			"method" : "decodePercentAndPlus:from:to:",			"mutationEnd" : 452		},		{			"operatorDescription" : "Replace #ifTrue:ifFalse: receiver with false",			"class" : "WAUrl class",			"operatorClass" : "ReplaceIfTrueIfFalseReceiverWithFalseOperator",			"mutationStart" : 909,			"method" : "decodePercentAndPlus:from:to:",			"mutationEnd" : 1018		},		{			"operatorDescription" : "Replace #ifTrue:ifFalse: receiver with false",			"class" : "WAUrl class",			"operatorClass" : "ReplaceIfTrueIfFalseReceiverWithFalseOperator",			"mutationStart" : 1042,			"method" : "decodePercentAndPlus:from:to:",			"mutationEnd" : 1151		},		{			"operatorDescription" : "Replace #or: argument with [false]",			"class" : "WAUrl class",			"operatorClass" : "ReplaceOrArgumentWithFalseOperator",			"mutationStart" : 205,			"method" : "decodePercentAndPlus:from:to:",			"mutationEnd" : 250		},		{			"operatorDescription" : "Replace #or: argument with [false]",			"class" : "WAUrl class",			"operatorClass" : "ReplaceOrArgumentWithFalseOperator",			"mutationStart" : 360,			"method" : "decodePercentAndPlus:from:to:",			"mutationEnd" : 399		},		{			"operatorDescription" : "Replace #or: receiver with false",			"class" : "WAUrl class",			"operatorClass" : "ReplaceOrReceiverWithFalseOperator",			"mutationStart" : 205,			"method" : "decodePercentAndPlus:from:to:",			"mutationEnd" : 250		},		{			"operatorDescription" : "Replace #or: receiver with false",			"class" : "WAUrl class",			"operatorClass" : "ReplaceOrReceiverWithFalseOperator",			"mutationStart" : 360,			"method" : "decodePercentAndPlus:from:to:",			"mutationEnd" : 399		},		{			"operatorDescription" : "Replace #or: with #and:",			"class" : "WAUrl class",			"operatorClass" : "ReplaceOrWithAndMutantOperator",			"mutationStart" : 205,			"method" : "decodePercentAndPlus:from:to:",			"mutationEnd" : 250		},		{			"operatorDescription" : "Replace #or: with #and:",			"class" : "WAUrl class",			"operatorClass" : "ReplaceOrWithAndMutantOperator",			"mutationStart" : 360,			"method" : "decodePercentAndPlus:from:to:",			"mutationEnd" : 399		},		{			"operatorDescription" : "Replace #or: with #bXor:",			"class" : "WAUrl class",			"operatorClass" : "ReplaceOrWithXorMutantOperator",			"mutationStart" : 205,			"method" : "decodePercentAndPlus:from:to:",			"mutationEnd" : 250		},		{			"operatorDescription" : "Replace #or: with #bXor:",			"class" : "WAUrl class",			"operatorClass" : "ReplaceOrWithXorMutantOperator",			"mutationStart" : 360,			"method" : "decodePercentAndPlus:from:to:",			"mutationEnd" : 399		},		{			"operatorDescription" : "Remove ^",			"class" : "WAUrl class",			"operatorClass" : "RemoveCaretOperator",			"mutationStart" : 318,			"method" : "readHexFrom:errorDetail:",			"mutationEnd" : 337		},		{			"operatorDescription" : "Replace #ifFalse: receiver with false",			"class" : "WAUrl class",			"operatorClass" : "ReplaceIfFalseReceiverWithFalseOperator",			"mutationStart" : 153,			"method" : "readHexFrom:errorDetail:",			"mutationEnd" : 314		},		{			"operatorDescription" : "Replace #ifTrue: receiver with true",			"class" : "WAUrl class",			"operatorClass" : "ReplaceIfTrueReceiverWithTrueOperator",			"mutationStart" : 57,			"method" : "readHexFrom:errorDetail:",			"mutationEnd" : 123		},		{			"operatorDescription" : "Replace #or: argument with [false]",			"class" : "WAUrl class",			"operatorClass" : "ReplaceOrArgumentWithFalseOperator",			"mutationStart" : 153,			"method" : "readHexFrom:errorDetail:",			"mutationEnd" : 261		},		{			"operatorDescription" : "Replace #or: argument with [false]",			"class" : "WAUrl class",			"operatorClass" : "ReplaceOrArgumentWithFalseOperator",			"mutationStart" : 192,			"method" : "readHexFrom:errorDetail:",			"mutationEnd" : 258		},		{			"operatorDescription" : "Replace #or: receiver with false",			"class" : "WAUrl class",			"operatorClass" : "ReplaceOrReceiverWithFalseOperator",			"mutationStart" : 153,			"method" : "readHexFrom:errorDetail:",			"mutationEnd" : 261		},		{			"operatorDescription" : "Replace #or: receiver with false",			"class" : "WAUrl class",			"operatorClass" : "ReplaceOrReceiverWithFalseOperator",			"mutationStart" : 192,			"method" : "readHexFrom:errorDetail:",			"mutationEnd" : 258		},		{			"operatorDescription" : "Replace #or: with #and:",			"class" : "WAUrl class",			"operatorClass" : "ReplaceOrWithAndMutantOperator",			"mutationStart" : 153,			"method" : "readHexFrom:errorDetail:",			"mutationEnd" : 261		},		{			"operatorDescription" : "Replace #or: with #and:",			"class" : "WAUrl class",			"operatorClass" : "ReplaceOrWithAndMutantOperator",			"mutationStart" : 192,			"method" : "readHexFrom:errorDetail:",			"mutationEnd" : 258		},		{			"operatorDescription" : "Replace #or: with #bXor:",			"class" : "WAUrl class",			"operatorClass" : "ReplaceOrWithXorMutantOperator",			"mutationStart" : 153,			"method" : "readHexFrom:errorDetail:",			"mutationEnd" : 261		},		{			"operatorDescription" : "Replace #or: with #bXor:",			"class" : "WAUrl class",			"operatorClass" : "ReplaceOrWithXorMutantOperator",			"mutationStart" : 192,			"method" : "readHexFrom:errorDetail:",			"mutationEnd" : 258		},		{			"operatorDescription" : "Remove ^",			"class" : "WAUrl class",			"operatorClass" : "RemoveCaretOperator",			"mutationStart" : 226,			"method" : "decodePercent:from:to:",			"mutationEnd" : 262		},		{			"operatorDescription" : "Replace #'>=' with #=",			"class" : "WAUrl class",			"operatorClass" : "ReplaceGreaterOrEqualWithEqualMutantOperator",			"mutationStart" : 198,			"method" : "decodePercent:from:to:",			"mutationEnd" : 209		},		{			"operatorDescription" : "Replace #'>=' with #>",			"class" : "WAUrl class",			"operatorClass" : "ReplaceGreaterOrEqualWithGreaterMutantOperator",			"mutationStart" : 198,			"method" : "decodePercent:from:to:",			"mutationEnd" : 209		},		{			"operatorDescription" : "Replace #and: argument with [true]",			"class" : "WAUrl class",			"operatorClass" : "ReplaceAndArgumentWithTrueOperator",			"mutationStart" : 427,			"method" : "decodePercent:from:to:",			"mutationEnd" : 459		},		{			"operatorDescription" : "Replace #ifTrue: receiver with false",			"class" : "WAUrl class",			"operatorClass" : "ReplaceIfTrueReceiverWithFalseOperator",			"mutationStart" : 181,			"method" : "decodePercent:from:to:",			"mutationEnd" : 264		},		{			"operatorDescription" : "Replace #ifTrue:ifFalse: receiver with false",			"class" : "WAUrl class",			"operatorClass" : "ReplaceIfTrueIfFalseReceiverWithFalseOperator",			"mutationStart" : 598,			"method" : "decodePercent:from:to:",			"mutationEnd" : 707		},		{			"operatorDescription" : "Replace #ifTrue:ifFalse: receiver with false",			"class" : "WAUrl class",			"operatorClass" : "ReplaceIfTrueIfFalseReceiverWithFalseOperator",			"mutationStart" : 729,			"method" : "decodePercent:from:to:",			"mutationEnd" : 838		},		{			"operatorDescription" : "Replace #or: argument with [false]",			"class" : "WAUrl class",			"operatorClass" : "ReplaceOrArgumentWithFalseOperator",			"mutationStart" : 181,			"method" : "decodePercent:from:to:",			"mutationEnd" : 212		},		{			"operatorDescription" : "Replace #or: receiver with false",			"class" : "WAUrl class",			"operatorClass" : "ReplaceOrReceiverWithFalseOperator",			"mutationStart" : 181,			"method" : "decodePercent:from:to:",			"mutationEnd" : 212		},		{			"operatorDescription" : "Replace #or: with #and:",			"class" : "WAUrl class",			"operatorClass" : "ReplaceOrWithAndMutantOperator",			"mutationStart" : 181,			"method" : "decodePercent:from:to:",			"mutationEnd" : 212		},		{			"operatorDescription" : "Replace #or: with #bXor:",			"class" : "WAUrl class",			"operatorClass" : "ReplaceOrWithXorMutantOperator",			"mutationStart" : 181,			"method" : "decodePercent:from:to:",			"mutationEnd" : 212		}	],	"testCase" : "WAUrlTest",	"unixtime" : 1604299674,	"timeTotal" : 977614}